att_current,att_avg_4w,att_total_drop,att_slope,ia_latest,ia_avg,has_ia_data,backlog_current,backlog_growing,fee_outstanding,weeks_tracked,Family_Income,HighSchool_Grade,Home_Location,Dropout
74.23,79.1,11.12,-2.347,24.47,28.49,1,1,0,1,5,30000,43.2,Rural,1
73.63,72.71,-3.96,1.242,31.43,30.05,1,0,0,0,4,18000,53.7,Rural,0
65.68,64.02,-23.54,1.8,28.27,24.24,1,0,0,1,16,10000,87.0,Urban,0
57.04,58.99,5.79,-1.029,17.1,18.8,1,2,1,1,6,18000,76.8,Urban,1
79.66,79.46,3.83,-1.332,12.67,11.24,1,0,0,0,6,50000,96.1,Rural,0
25.78,32.25,57.3,-3.851,20.0,18.67,1,0,0,1,15,18000,77.8,Urban,1
71.09,76.59,23.03,-4.274,25.98,28.73,1,0,0,1,7,10000,52.9,Urban,1
75.77,73.09,-14.51,1.161,24.38,19.88,1,0,0,0,12,30000,55.6,Semi-Urban,0
69.53,66.44,-17.26,1.867,26.8,22.44,1,0,0,1,12,30000,86.1,Semi-Urban,0
20.0,20.0,28.14,-2.006,33.8,28.8,1,0,0,1,16,10000,64.9,Semi-Urban,1
73.71,70.93,-5.55,5.551,0.0,0.0,0,2,0,0,2,18000,93.1,Urban,0
39.9,51.48,33.21,-3.315,28.41,26.45,1,1,0,1,9,75000,41.7,Rural,1
98.9,96.72,-12.03,1.278,32.13,38.16,1,0,0,1,10,18000,48.8,Rural,0
76.61,74.38,-17.07,2.817,30.25,28.01,1,0,0,1,7,10000,44.4,Urban,0
56.64,52.78,-8.67,2.638,40.0,40.0,1,1,0,0,4,18000,62.5,Urban,0
43.0,37.67,-11.33,4.284,28.11,23.61,1,1,0,1,4,5000,80.7,Urban,1
44.52,44.63,-5.09,0.63,27.36,28.82,1,0,0,1,8,50000,93.0,Rural,0
24.12,26.61,24.84,-1.958,14.35,15.21,1,0,0,1,16,30000,64.9,Rural,1
58.91,56.08,4.06,-1.542,15.07,15.64,1,2,0,0,6,5000,94.1,Urban,1
46.64,42.68,-4.34,1.0,29.73,29.26,1,1,0,0,4,75000,81.1,Urban,0
67.84,67.25,-11.47,1.108,33.0,37.4,1,3,0,1,13,18000,45.9,Semi-Urban,0
73.63,71.15,-15.39,2.706,29.61,27.36,1,0,0,0,8,30000,40.0,Rural,0
93.25,88.94,-8.62,8.624,0.0,0.0,0,2,0,1,2,30000,45.4,Semi-Urban,0
88.71,87.5,5.73,-0.878,21.65,23.01,1,0,0,0,6,30000,62.2,Semi-Urban,0
59.19,61.39,35.19,-3.288,20.74,21.69,1,0,0,0,13,50000,43.4,Urban,1
47.92,50.99,22.84,-1.355,18.69,18.86,1,0,0,1,15,10000,95.2,Rural,1
30.49,36.1,15.53,-2.892,23.26,21.46,1,2,0,0,6,10000,87.7,Urban,1
34.43,34.93,0.37,-0.675,28.03,29.96,1,2,0,0,4,30000,61.2,Semi-Urban,0
37.12,41.57,8.09,-4.043,5.81,13.76,1,0,0,0,3,5000,85.8,Rural,1
28.03,32.9,15.35,-3.285,21.85,19.96,1,1,0,0,5,10000,79.9,Rural,1
72.37,76.06,2.92,-0.287,20.26,22.48,1,0,0,0,6,75000,94.1,Rural,0
100.0,98.37,-17.79,2.199,33.7,33.89,1,1,0,1,9,10000,62.3,Rural,0
59.7,55.99,-5.73,2.865,28.24,23.34,1,0,0,0,3,50000,81.6,Urban,0
61.89,58.15,-9.87,1.328,25.52,26.44,1,0,0,1,11,5000,86.6,Rural,0
46.54,51.89,9.76,-2.731,26.65,23.8,1,0,0,0,4,30000,54.6,Rural,0
100.0,99.99,-9.36,0.649,37.54,35.62,1,1,0,1,16,30000,53.9,Semi-Urban,0
50.97,51.53,8.16,-2.008,19.62,19.17,1,2,0,1,6,18000,69.7,Urban,1
94.68,93.2,-11.06,0.786,23.39,29.2,1,0,0,0,15,5000,46.6,Rural,0
85.09,81.47,-8.04,4.02,32.95,28.92,1,2,0,1,3,30000,44.7,Rural,0
83.94,77.0,-13.32,2.93,26.19,23.0,1,4,0,0,5,18000,68.6,Semi-Urban,0
47.8,45.14,-3.03,1.0,16.66,16.19,1,0,0,0,4,30000,56.8,Urban,0
31.54,33.72,5.8,-2.9,26.02,31.7,1,0,0,0,3,18000,55.5,Urban,1
46.96,46.81,-10.79,1.246,28.11,26.8,1,0,0,1,9,30000,73.5,Rural,0
51.34,48.79,-4.86,1.059,25.64,29.65,1,1,0,0,7,50000,73.2,Urban,0
73.9,72.48,-3.41,1.707,32.53,34.15,1,0,0,0,3,10000,42.4,Semi-Urban,0
100.0,98.63,-11.45,1.74,34.19,32.36,1,2,0,0,8,50000,61.7,Semi-Urban,0
83.11,79.9,-11.45,2.57,29.13,28.06,1,3,0,0,6,10000,43.6,Rural,0
100.0,100.0,-20.13,1.386,24.03,20.91,1,1,0,0,16,5000,70.6,Urban,0
38.62,38.44,33.32,-4.222,27.34,29.24,1,0,0,1,10,10000,96.8,Rural,1
45.12,45.31,22.19,-1.996,12.04,12.19,1,4,0,0,15,30000,56.1,Urban,1
100.0,100.0,-10.7,0.664,20.73,24.85,1,0,0,1,14,10000,63.1,Rural,0
72.2,65.33,-16.97,3.287,29.01,28.35,1,0,0,1,6,50000,84.4,Rural,0
51.27,59.84,46.61,-2.668,16.84,21.15,1,1,1,0,16,18000,94.1,Rural,1
59.64,56.02,-9.85,1.35,22.58,25.87,1,0,0,1,8,30000,87.6,Semi-Urban,0
20.0,20.0,10.55,-0.902,29.86,20.34,1,0,0,0,15,18000,91.2,Rural,0
45.86,47.33,10.05,-1.142,19.05,13.01,1,0,0,0,11,30000,45.1,Semi-Urban,0
61.78,63.54,2.73,-1.367,21.79,22.79,1,0,0,0,3,18000,47.0,Urban,0
57.85,57.82,-7.1,1.065,21.65,24.53,1,0,0,1,9,10000,56.1,Rural,1
67.93,69.76,22.91,-2.825,16.69,11.66,1,1,0,0,10,30000,68.8,Rural,1
61.03,57.2,-9.06,1.739,23.49,23.92,1,1,0,0,6,75000,87.4,Urban,0
81.16,77.62,-33.88,2.747,22.3,27.68,1,2,0,0,13,50000,86.2,Rural,0
59.19,56.59,-7.07,0.781,25.75,30.78,1,0,0,1,11,18000,75.2,Rural,0
94.94,91.39,-20.61,1.521,18.45,19.91,1,1,0,0,15,30000,58.6,Semi-Urban,0
82.17,81.31,-3.56,0.399,31.48,28.65,1,1,0,1,7,30000,86.3,Rural,0
99.14,94.95,-41.19,2.925,24.35,27.47,1,3,0,0,14,5000,85.3,Rural,0
27.19,28.67,8.13,-1.213,25.25,16.44,1,0,0,1,9,30000,61.3,Rural,1
76.74,73.16,-16.96,2.192,24.33,28.92,1,0,0,0,9,10000,77.7,Rural,0
72.13,77.08,20.3,-4.524,16.23,19.5,1,0,0,1,5,18000,94.7,Semi-Urban,1
62.19,60.47,-13.51,1.742,27.51,29.81,1,0,0,0,10,75000,43.5,Rural,0
71.02,68.32,-8.75,1.519,30.68,34.2,1,0,0,0,8,75000,94.8,Rural,0
95.7,91.86,-16.47,1.781,29.66,28.67,1,0,0,1,11,30000,88.9,Urban,0
32.75,36.92,32.4,-3.305,26.3,26.7,1,0,0,0,11,18000,60.9,Rural,1
83.21,82.04,-7.84,1.604,21.8,22.48,1,0,0,1,6,18000,51.1,Rural,0
77.77,75.48,-2.39,1.194,18.33,24.72,1,0,0,0,3,30000,52.4,Semi-Urban,0
91.15,88.14,-3.92,0.692,21.57,24.74,1,0,0,1,5,30000,90.8,Rural,0
82.91,77.88,-7.65,3.825,20.28,22.95,1,3,0,0,3,50000,97.0,Urban,0
72.71,69.19,-8.47,4.236,34.88,34.55,1,0,0,1,3,10000,63.0,Urban,0
68.42,65.88,-13.32,1.504,33.1,33.55,1,0,0,1,10,50000,82.2,Urban,0
49.2,46.08,-13.06,2.45,38.35,38.71,1,1,0,0,6,30000,84.6,Semi-Urban,0
53.57,49.99,-8.59,1.57,24.98,28.62,1,0,0,0,5,75000,46.9,Semi-Urban,0
88.67,84.15,-39.54,2.976,36.51,37.79,1,0,0,0,14,18000,90.4,Semi-Urban,0
30.5,36.33,42.41,-3.541,20.85,22.0,1,0,0,0,13,75000,83.6,Semi-Urban,1
45.31,50.4,10.35,-2.659,26.27,30.02,1,0,0,1,5,10000,73.3,Semi-Urban,1
68.7,76.71,12.39,-6.194,24.05,28.96,1,0,0,1,3,50000,48.3,Urban,1
91.97,94.85,4.03,-2.016,38.7,39.23,1,0,0,1,3,10000,62.6,Urban,0
49.97,50.24,-10.17,0.842,30.13,19.92,1,0,0,1,12,30000,85.8,Urban,0
90.79,91.17,-4.73,0.574,18.8,21.22,1,1,0,0,11,50000,41.3,Urban,0
62.94,56.55,-19.49,2.305,40.0,40.0,1,1,0,0,9,18000,79.5,Urban,0
100.0,100.0,-17.25,1.545,31.35,33.67,1,0,0,0,14,18000,87.3,Rural,0
65.61,70.08,9.05,-4.524,14.01,11.66,1,4,1,0,3,5000,55.3,Urban,1
79.49,77.7,-16.32,1.233,30.08,25.59,1,1,0,0,14,18000,95.4,Urban,0
25.43,31.66,12.52,-3.815,28.41,26.92,1,0,0,0,4,18000,56.7,Urban,1
65.88,67.53,1.75,-0.923,18.33,17.49,1,0,0,1,4,18000,93.6,Rural,0
86.98,84.16,-5.65,5.651,0.0,0.0,0,0,0,0,2,75000,49.5,Urban,0
53.72,55.36,-1.64,0.524,22.55,20.55,1,0,0,0,7,5000,97.8,Semi-Urban,0
26.88,30.72,27.19,-2.013,19.71,11.65,1,4,1,1,13,50000,61.7,Urban,1
20.0,20.07,26.13,-2.125,14.66,14.05,1,1,1,1,13,10000,64.4,Urban,1
59.84,65.08,18.15,-2.429,24.56,25.12,1,0,0,1,8,10000,49.1,Rural,1
28.82,31.78,14.18,-1.336,17.96,15.99,1,1,0,0,13,30000,81.1,Semi-Urban,1
20.0,21.36,37.73,-2.791,18.15,12.67,1,1,1,0,16,18000,59.6,Rural,1
46.69,46.63,-7.75,1.691,31.69,35.67,1,2,0,1,7,18000,55.5,Urban,1
73.07,76.87,2.98,-1.488,24.74,27.48,1,1,1,0,3,75000,92.2,Urban,0
78.15,73.02,-23.33,2.911,33.61,33.1,1,0,0,1,9,10000,98.6,Urban,0
71.2,72.58,-4.19,0.67,19.49,17.65,1,0,0,0,8,30000,93.4,Urban,0
40.78,41.2,-1.72,0.479,21.5,20.6,1,1,0,0,8,50000,84.6,Semi-Urban,0
87.68,79.26,-34.55,2.605,40.0,39.44,1,1,0,0,12,50000,87.0,Semi-Urban,0
71.92,68.44,-3.92,1.961,32.47,31.77,1,0,0,1,3,10000,40.4,Rural,0
75.23,70.48,-17.95,1.024,26.31,24.62,1,0,0,1,14,30000,68.5,Rural,0
71.09,68.68,-2.9,0.436,20.99,23.31,1,3,0,0,8,30000,69.7,Urban,0
88.86,89.57,1.42,-1.419,0.0,0.0,0,0,0,0,2,10000,47.9,Semi-Urban,0
55.61,57.02,-1.94,0.783,31.54,29.17,1,0,0,1,6,10000,56.2,Semi-Urban,0
48.62,49.26,-9.14,1.788,35.08,35.4,1,0,0,1,8,18000,73.2,Semi-Urban,0
47.53,52.8,39.99,-2.605,11.73,13.94,1,0,0,0,16,30000,89.1,Rural,1
59.11,54.46,-22.64,3.229,23.1,21.93,1,1,0,1,8,18000,59.0,Rural,0
51.0,52.45,3.58,-1.789,8.46,11.2,1,0,0,0,3,5000,71.5,Rural,1
49.68,44.72,-7.8,3.902,37.59,37.8,1,1,0,1,3,10000,76.5,Rural,1
91.65,89.78,-16.68,1.196,38.22,35.77,1,1,0,0,14,10000,64.6,Semi-Urban,0
97.65,92.39,-10.31,0.789,21.88,24.28,1,2,0,0,9,50000,80.3,Rural,0
20.0,20.0,21.4,-1.629,28.01,25.41,1,2,1,1,14,50000,52.1,Rural,1
100.0,100.0,-9.27,0.767,29.46,25.01,1,0,0,1,11,18000,81.1,Semi-Urban,0
77.34,77.07,-18.76,1.639,24.99,21.13,1,1,0,1,13,5000,88.6,Rural,0
20.6,25.43,20.11,-2.999,21.08,24.34,1,0,0,1,8,75000,79.4,Rural,1
91.98,92.11,-0.32,0.158,34.73,38.95,1,2,0,1,3,75000,58.1,Rural,0
32.29,35.75,28.88,-2.764,18.49,19.65,1,2,1,0,13,18000,56.4,Semi-Urban,1
63.7,66.94,21.27,-1.285,34.31,28.92,1,0,0,1,15,30000,52.0,Semi-Urban,0
43.51,43.47,3.95,-1.761,15.48,17.45,1,1,1,1,4,5000,61.8,Semi-Urban,1
71.68,69.94,-9.8,1.107,21.54,23.82,1,1,0,1,9,75000,49.3,Semi-Urban,0
77.04,72.7,-9.3,4.651,32.21,34.16,1,0,0,0,3,30000,70.3,Semi-Urban,0
88.63,89.14,5.39,-1.982,24.44,27.63,1,1,0,0,4,50000,93.0,Semi-Urban,0
64.57,64.62,0.49,-0.246,30.55,27.74,1,0,0,0,3,18000,53.0,Semi-Urban,0
40.94,42.52,3.17,-3.172,0.0,0.0,0,0,0,1,2,5000,43.0,Urban,1
49.47,51.19,18.87,-1.752,21.66,24.56,1,1,0,0,13,5000,82.8,Rural,1
41.12,46.94,29.65,-3.917,15.71,10.79,1,0,0,1,10,10000,56.5,Rural,1
20.0,21.46,14.62,-2.79,21.43,27.4,1,3,0,0,7,10000,83.1,Semi-Urban,1
100.0,100.0,-4.72,0.722,33.77,34.3,1,0,0,0,10,5000,97.2,Rural,0
20.0,23.43,41.55,-3.514,12.91,16.47,1,3,1,1,13,10000,72.3,Rural,1
73.62,73.01,-5.95,1.63,32.51,28.74,1,3,0,0,6,50000,57.0,Rural,0
85.49,81.98,-10.34,1.797,30.96,33.4,1,1,0,0,7,30000,49.2,Urban,0
37.59,34.92,5.22,-1.714,20.22,20.38,1,1,1,1,5,50000,50.8,Rural,1
75.02,71.75,-8.75,2.419,21.62,24.57,1,0,0,0,5,5000,54.9,Rural,0
24.64,26.66,13.6,-1.21,24.25,20.51,1,0,0,0,16,10000,82.2,Urban,0
74.46,76.02,6.64,-1.624,31.58,25.83,1,2,1,1,6,30000,54.5,Semi-Urban,1
56.48,56.18,30.78,-2.533,31.78,31.52,1,0,0,0,15,5000,42.0,Rural,1
44.92,42.96,-8.64,1.129,32.92,32.03,1,3,0,0,8,10000,77.1,Semi-Urban,1
32.07,38.53,16.92,-1.068,27.92,30.26,1,2,1,1,15,10000,88.4,Urban,1
50.06,54.31,11.97,-1.842,20.99,24.78,1,0,0,1,6,10000,46.7,Urban,1
93.22,92.41,-12.13,1.805,40.0,38.51,1,0,0,0,8,30000,68.4,Semi-Urban,0
40.0,42.89,15.44,-2.129,14.49,17.59,1,1,1,0,7,5000,49.6,Rural,1
98.01,91.9,-26.35,2.696,33.29,33.01,1,3,0,0,10,50000,40.4,Rural,0
97.68,97.89,-4.38,1.008,38.55,37.24,1,3,0,0,8,18000,64.7,Rural,0
55.66,56.09,7.43,-1.385,25.08,23.68,1,0,0,0,7,10000,74.1,Semi-Urban,0
26.47,33.18,16.9,-1.118,15.56,17.9,1,1,1,1,11,30000,60.9,Urban,1
68.65,67.98,-4.06,0.791,27.21,30.4,1,3,0,0,5,50000,43.6,Semi-Urban,0
48.22,51.23,35.79,-2.576,30.2,25.68,1,1,0,1,15,5000,42.5,Rural,1
22.75,31.08,41.05,-3.71,22.71,27.69,1,0,0,0,12,18000,94.4,Urban,0
35.24,42.55,32.49,-3.298,14.29,14.91,1,3,1,0,10,5000,40.2,Rural,1
57.85,58.16,24.14,-2.458,27.09,28.14,1,0,0,0,13,18000,65.4,Rural,1
66.41,68.17,24.08,-2.329,24.31,17.1,1,0,0,0,12,30000,49.1,Urban,0
77.8,78.88,5.95,-1.957,21.69,21.32,1,0,0,1,4,10000,61.9,Semi-Urban,0
100.0,100.0,-12.08,1.163,30.01,31.43,1,0,0,1,11,50000,73.0,Semi-Urban,0
80.58,79.34,-18.43,1.175,38.13,33.03,1,0,0,0,16,75000,54.0,Rural,0
65.58,64.13,-9.27,0.986,30.78,30.88,1,0,0,1,12,5000,81.3,Urban,0
88.12,86.65,-10.86,0.886,30.33,33.04,1,0,0,1,13,30000,60.5,Urban,0
79.72,75.0,-27.65,2.506,32.52,27.38,1,0,0,0,11,50000,64.3,Semi-Urban,0
47.26,52.11,9.47,-0.906,14.5,15.63,1,1,0,0,12,10000,86.9,Semi-Urban,1
58.29,67.12,23.11,-3.763,18.11,20.32,1,1,1,0,7,10000,91.6,Rural,1
58.79,54.51,-7.09,3.544,22.63,24.23,1,0,0,1,3,18000,51.8,Semi-Urban,0
91.35,87.63,-17.07,2.017,23.07,31.4,1,0,0,0,9,75000,88.8,Urban,0
62.67,62.72,20.79,-2.229,17.68,20.04,1,2,0,0,12,50000,46.0,Semi-Urban,1
70.3,66.78,-18.01,1.91,28.74,34.72,1,1,0,0,9,50000,63.0,Semi-Urban,0
100.0,99.78,-4.6,0.671,36.66,37.47,1,0,0,0,16,50000,82.4,Urban,0
100.0,98.8,-16.21,1.801,40.0,35.61,1,0,0,1,11,10000,73.3,Semi-Urban,0
85.45,85.7,-7.8,0.539,32.06,28.23,1,0,0,0,14,10000,88.6,Semi-Urban,0
76.47,76.82,-1.08,0.54,21.8,19.11,1,0,0,1,3,18000,89.4,Urban,0
95.58,93.17,-10.91,2.63,20.38,22.36,1,2,0,0,5,18000,62.8,Semi-Urban,0
93.46,92.31,-8.78,0.613,32.58,32.07,1,2,0,1,16,5000,42.4,Rural,0
60.04,65.4,7.59,-3.795,15.85,15.68,1,1,1,1,3,5000,52.9,Urban,1
50.84,49.04,-1.82,0.911,16.61,23.01,1,0,0,0,3,30000,77.6,Semi-Urban,0
100.0,100.0,-8.77,0.917,40.0,33.24,1,3,0,0,9,18000,43.7,Urban,0
26.1,28.76,11.73,-1.913,31.67,28.12,1,0,0,0,8,10000,76.2,Rural,0
66.76,66.79,-17.62,1.606,31.34,31.3,1,0,0,1,15,30000,50.5,Semi-Urban,0
64.2,60.85,-10.14,1.6,38.17,38.71,1,0,0,0,7,30000,58.2,Semi-Urban,0
74.77,76.74,2.85,-0.761,26.47,28.75,1,0,0,1,6,10000,75.6,Urban,0
61.62,58.15,-7.11,0.702,29.51,30.82,1,2,0,1,8,5000,73.1,Urban,0
71.77,68.94,-21.63,2.336,38.83,40.0,1,0,0,0,10,30000,94.6,Semi-Urban,0
52.1,52.83,8.3,-1.391,31.1,25.65,1,0,0,1,6,30000,45.3,Urban,0
90.74,84.91,-18.81,2.224,37.09,35.09,1,1,0,0,9,50000,78.3,Urban,0
28.46,32.45,30.23,-2.433,26.5,28.45,1,1,0,0,13,10000,80.3,Urban,1
50.05,48.63,-1.49,-0.183,36.56,37.59,1,1,0,1,6,10000,58.1,Urban,1
91.61,87.91,-18.1,2.59,35.5,31.22,1,0,0,1,7,10000,91.0,Rural,0
39.87,38.83,-0.1,0.173,35.25,36.91,1,1,0,1,6,30000,46.8,Rural,1
58.86,57.11,1.79,-0.367,10.47,12.54,1,1,0,0,5,30000,86.9,Urban,0
57.26,55.83,-23.75,1.484,28.14,24.98,1,0,0,1,16,5000,45.9,Rural,0
100.0,98.02,-4.52,0.996,30.16,29.84,1,2,0,0,7,5000,75.2,Urban,0
51.85,54.24,17.18,-2.924,26.02,27.94,1,4,0,1,7,30000,85.3,Semi-Urban,1
39.07,39.08,0.87,-0.597,13.01,12.93,1,0,0,1,6,10000,63.2,Rural,1
100.0,100.0,-4.83,0.182,21.58,22.24,1,1,0,0,15,5000,55.9,Urban,0
100.0,100.0,-4.94,0.466,28.49,28.18,1,2,0,1,12,5000,94.9,Semi-Urban,0
45.93,45.51,-11.72,0.715,33.17,32.15,1,0,0,0,16,30000,72.1,Rural,0
37.31,39.35,8.53,-2.59,20.24,22.2,1,0,0,1,5,30000,68.3,Urban,1
53.63,52.74,-5.54,0.417,29.16,29.35,1,0,0,1,9,30000,52.3,Rural,0
20.0,20.17,21.51,-1.695,24.76,24.56,1,1,1,0,15,10000,89.8,Rural,1
65.01,68.83,8.37,-2.151,20.57,17.73,1,0,0,1,4,5000,47.3,Semi-Urban,1
55.49,55.04,3.0,-0.582,36.59,34.89,1,2,0,1,4,18000,65.4,Rural,1
92.62,88.06,-15.0,2.582,19.89,16.93,1,1,0,0,7,50000,49.3,Semi-Urban,0
37.25,38.6,51.16,-3.766,12.24,14.13,1,1,1,0,14,5000,92.5,Rural,1
52.65,51.09,-10.01,1.134,31.84,30.48,1,1,0,1,9,10000,49.6,Urban,0
72.37,70.38,12.81,-1.251,15.88,17.81,1,0,0,0,16,30000,74.3,Rural,0
54.31,48.17,-15.0,3.324,29.95,32.9,1,0,0,1,5,10000,63.5,Rural,0
80.31,79.07,-7.65,1.332,40.0,33.94,1,0,0,1,8,50000,81.7,Rural,0
69.62,70.86,5.82,-1.159,21.55,21.72,1,3,1,0,5,18000,79.0,Semi-Urban,1
72.04,77.68,9.92,-4.958,29.24,25.37,1,0,0,0,3,10000,67.5,Rural,1
52.68,54.33,27.1,-3.222,10.23,11.6,1,0,0,1,10,10000,98.1,Rural,1
66.76,67.93,13.94,-1.311,25.18,25.12,1,0,0,1,9,10000,74.0,Rural,0
20.0,24.01,45.48,-3.919,9.67,7.74,1,0,0,0,13,50000,49.0,Urban,1
44.49,41.28,-6.42,6.418,0.0,0.0,0,0,0,1,2,18000,60.5,Urban,0
24.47,29.6,24.02,-2.38,17.62,20.56,1,0,0,0,10,18000,66.7,Semi-Urban,1
34.46,37.9,20.71,-2.701,24.73,28.74,1,0,0,1,9,50000,84.8,Rural,1
61.05,65.48,31.94,-3.056,27.85,23.75,1,1,1,1,12,30000,69.7,Urban,1
72.09,70.34,-18.42,1.383,31.21,24.99,1,3,0,1,14,50000,53.7,Rural,1
74.51,75.46,1.91,-1.909,0.0,0.0,0,0,0,0,2,75000,77.8,Semi-Urban,0
65.98,61.6,-24.95,2.526,22.87,23.04,1,0,0,1,11,30000,72.2,Semi-Urban,0
100.0,99.34,-9.17,1.695,25.74,32.01,1,0,0,0,6,30000,89.3,Urban,0
82.13,79.31,-4.23,2.113,38.72,38.17,1,3,0,1,3,30000,62.4,Urban,0
72.97,69.85,-21.26,2.239,34.91,36.38,1,0,0,0,10,10000,81.4,Urban,0
28.62,31.49,10.82,-2.334,34.63,28.28,1,1,0,1,6,75000,71.0,Urban,1
86.84,84.82,-9.48,1.637,27.99,27.69,1,0,0,1,6,10000,90.6,Rural,0
43.86,42.39,-2.94,2.943,0.0,0.0,0,0,0,0,2,10000,69.6,Rural,0
59.51,59.87,-1.34,0.668,32.07,28.75,1,0,0,0,3,18000,42.0,Urban,0
76.43,70.86,-17.41,3.964,35.63,34.47,1,0,0,1,5,18000,70.6,Urban,0
61.05,61.49,3.52,-1.115,10.16,15.01,1,0,0,1,4,30000,51.1,Semi-Urban,0
73.56,72.52,-17.37,2.521,21.25,21.74,1,0,0,1,9,30000,75.0,Semi-Urban,0
78.14,76.27,-10.15,2.481,21.04,21.43,1,4,0,0,5,75000,63.7,Urban,0
74.34,79.82,11.27,-3.974,10.92,13.22,1,0,0,0,4,30000,69.9,Rural,1
45.31,49.02,11.11,-2.496,23.35,26.8,1,1,1,1,6,18000,76.2,Urban,1
100.0,99.54,-14.13,1.231,33.07,25.48,1,0,0,0,13,18000,59.8,Semi-Urban,0
60.8,67.73,33.38,-3.602,26.76,27.53,1,3,1,1,10,30000,80.6,Semi-Urban,1
57.26,61.09,5.06,-1.716,21.31,20.25,1,0,0,1,4,5000,80.7,Semi-Urban,1
88.61,88.5,-4.48,0.895,24.44,26.29,1,0,0,1,10,50000,91.7,Semi-Urban,0
20.0,22.02,34.58,-2.969,24.5,18.16,1,0,0,0,13,10000,47.5,Rural,1
52.24,55.11,19.3,-1.503,22.22,21.33,1,0,0,1,15,18000,85.0,Urban,0
58.99,58.24,-0.89,0.292,23.87,25.11,1,2,0,1,7,30000,41.5,Semi-Urban,0
85.0,82.91,-10.05,1.626,23.22,21.82,1,3,0,1,9,50000,40.7,Semi-Urban,0
67.12,68.6,-1.58,0.792,27.87,28.17,1,0,0,0,3,50000,72.6,Rural,0
71.04,68.01,-11.22,1.998,28.28,30.98,1,0,0,1,7,18000,91.1,Semi-Urban,0
87.97,86.92,-13.3,1.239,28.09,30.58,1,3,0,0,11,5000,69.3,Semi-Urban,0
65.98,61.32,-11.81,2.258,23.29,21.76,1,1,0,0,7,30000,42.1,Rural,0
64.64,58.47,-12.39,2.274,37.63,32.81,1,1,0,0,6,30000,58.1,Urban,0
99.83,97.82,-3.29,0.527,26.38,25.35,1,1,0,1,10,18000,44.1,Urban,0
55.9,54.57,-20.88,2.787,37.6,36.77,1,3,0,1,9,50000,43.8,Urban,0
20.0,20.0,20.49,-1.327,25.49,25.86,1,3,1,0,14,50000,65.2,Semi-Urban,1
83.81,82.17,-8.5,1.717,35.23,31.6,1,1,0,1,5,10000,53.2,Semi-Urban,0
50.5,47.67,-6.92,1.825,40.0,37.14,1,0,0,1,5,5000,42.4,Rural,1
73.28,69.89,-16.83,2.667,28.1,26.07,1,1,0,0,8,50000,41.4,Rural,0
87.75,88.24,-6.48,1.613,38.94,35.92,1,0,0,0,6,10000,57.8,Urban,0
20.0,20.0,12.77,-0.845,29.71,22.43,1,2,1,0,14,5000,76.0,Semi-Urban,1
47.92,51.62,28.99,-3.629,30.99,31.75,1,0,0,1,11,30000,72.3,Semi-Urban,1
76.83,73.1,-12.39,1.766,18.91,20.98,1,1,0,0,8,50000,76.7,Rural,0
80.23,80.76,-11.47,1.913,37.09,37.56,1,0,0,0,9,50000,58.4,Semi-Urban,0
20.0,20.0,16.56,-2.028,13.11,8.76,1,2,0,0,11,10000,43.3,Semi-Urban,1
32.52,36.65,31.48,-3.367,12.33,11.07,1,0,0,1,11,10000,77.3,Urban,1
58.46,58.99,23.98,-2.346,22.62,21.59,1,0,0,0,12,10000,41.1,Rural,1
20.28,25.34,18.87,-2.988,15.81,20.58,1,3,0,0,6,75000,52.3,Rural,1
22.97,27.58,22.82,-1.841,13.56,12.05,1,0,0,1,13,30000,82.5,Urban,1
65.91,70.0,11.53,-1.384,20.18,19.4,1,2,1,1,10,30000,83.5,Rural,1
47.49,54.93,36.73,-2.829,17.23,13.24,1,0,0,1,13,18000,74.6,Semi-Urban,1
83.89,79.7,-13.79,2.145,31.01,29.62,1,0,0,1,7,5000,71.3,Urban,0
62.55,68.26,17.56,-3.093,10.48,13.33,1,0,0,1,6,30000,93.9,Urban,1
60.02,56.38,-25.24,2.525,26.75,22.21,1,0,0,1,11,5000,43.1,Rural,0
100.0,98.62,-19.15,2.03,25.71,27.24,1,0,0,1,10,10000,41.0,Rural,0
68.47,63.96,-9.38,4.691,26.94,29.36,1,3,0,0,3,5000,73.0,Semi-Urban,0
41.71,40.9,-1.62,1.625,0.0,0.0,0,4,0,1,2,18000,69.7,Semi-Urban,1
74.92,71.48,-6.83,3.413,9.65,14.12,1,3,1,1,3,50000,42.3,Semi-Urban,1
40.16,44.44,32.84,-3.281,22.47,19.62,1,0,0,0,11,5000,71.3,Rural,1
36.46,36.02,-0.88,0.88,0.0,0.0,0,0,0,1,2,18000,61.3,Rural,0
74.48,75.67,6.99,-3.497,20.0,21.68,1,0,0,1,3,10000,96.8,Rural,1
84.36,80.27,-27.91,2.935,40.0,39.05,1,4,0,0,11,10000,97.4,Rural,0
61.96,62.19,3.52,-1.422,23.14,23.31,1,4,1,1,4,5000,48.9,Urban,1
58.17,60.75,3.25,-1.448,27.84,26.12,1,0,0,0,5,75000,73.3,Semi-Urban,0
43.02,43.32,0.28,-0.138,32.24,39.05,1,0,0,1,3,5000,58.6,Urban,1
87.73,84.38,-13.23,1.827,28.51,30.64,1,0,0,0,9,10000,45.0,Urban,0
59.96,65.7,14.18,-4.526,19.09,13.41,1,1,1,0,4,30000,45.9,Rural,1
100.0,97.61,-6.52,1.886,23.31,23.99,1,0,0,1,5,50000,76.9,Rural,0
100.0,100.0,-8.6,1.315,24.15,26.42,1,2,0,0,7,18000,78.4,Urban,0
92.87,90.75,-11.55,1.007,29.18,35.45,1,3,0,0,11,18000,40.7,Rural,0
82.85,88.55,12.11,-6.057,19.18,12.86,1,1,1,0,3,75000,86.2,Urban,1
51.85,57.53,37.06,-4.111,25.14,28.66,1,1,0,1,10,50000,89.7,Semi-Urban,1
69.63,67.14,-19.94,1.954,19.71,26.23,1,0,0,0,13,18000,70.9,Semi-Urban,0
39.31,39.52,17.46,-1.801,17.46,14.06,1,0,0,1,12,50000,59.5,Urban,1
30.32,29.83,20.38,-1.637,9.67,12.06,1,0,0,0,15,75000,76.9,Rural,1
55.88,52.89,-10.71,0.742,19.1,21.51,1,1,0,1,14,18000,79.3,Rural,1
37.4,45.77,36.2,-1.956,26.5,26.42,1,0,0,0,16,10000,46.1,Rural,1
55.15,53.38,-2.38,1.062,26.5,24.56,1,0,0,0,5,10000,72.1,Semi-Urban,0
20.0,20.0,29.8,-2.845,20.9,21.1,1,1,1,1,13,30000,77.1,Semi-Urban,1
73.01,82.0,20.67,-4.896,14.62,15.14,1,1,1,1,5,10000,51.8,Urban,1
79.03,75.88,-18.22,1.944,24.48,28.37,1,0,0,0,10,10000,75.5,Rural,0
65.55,60.87,-10.57,3.395,27.96,25.01,1,0,0,0,4,50000,86.0,Rural,0
100.0,100.0,-14.43,1.395,28.47,30.12,1,1,0,0,10,10000,64.9,Semi-Urban,0
61.77,69.89,14.42,-7.212,24.13,22.72,1,1,0,1,3,10000,71.8,Semi-Urban,1
32.1,33.02,4.17,-0.807,21.05,16.7,1,1,1,0,8,75000,54.5,Urban,1
78.74,78.96,7.61,-2.544,14.11,13.15,1,4,0,0,6,30000,75.3,Rural,1
32.36,37.15,9.59,-9.585,0.0,0.0,0,0,0,0,2,5000,64.6,Urban,1
84.15,81.75,-14.48,2.349,22.92,20.77,1,0,0,1,7,10000,95.5,Urban,0
62.57,58.65,-2.61,1.207,29.69,28.47,1,0,0,0,4,30000,97.2,Semi-Urban,0
57.6,64.27,22.51,-2.41,13.39,12.24,1,1,1,0,10,50000,46.0,Rural,1
44.03,48.32,36.5,-3.523,21.22,21.58,1,0,0,1,12,30000,70.3,Semi-Urban,1
44.49,48.55,12.5,-2.504,12.9,8.54,1,0,0,0,7,18000,96.1,Semi-Urban,1
66.19,72.48,27.41,-2.886,22.16,26.19,1,0,0,0,10,18000,81.7,Rural,0
61.04,55.88,-8.3,2.107,26.39,26.44,1,0,0,0,5,10000,55.0,Rural,0
100.0,100.0,-29.62,1.88,36.47,35.56,1,4,0,1,16,30000,74.6,Urban,0
57.2,53.1,-22.07,2.339,37.06,37.98,1,1,0,1,10,10000,47.2,Semi-Urban,0
98.87,94.68,-7.73,2.819,20.92,23.8,1,1,0,1,4,18000,48.1,Semi-Urban,0
20.0,21.97,39.96,-3.301,28.41,21.86,1,0,0,0,15,10000,46.1,Rural,1
43.03,49.84,19.31,-1.51,11.71,12.09,1,0,0,0,11,30000,89.4,Urban,0
71.6,70.9,-9.6,1.819,30.47,29.07,1,0,0,0,7,10000,68.4,Semi-Urban,0
99.61,95.05,-21.27,2.908,26.98,20.46,1,1,0,1,8,18000,66.1,Semi-Urban,0
85.31,86.01,8.4,-2.436,24.35,28.46,1,0,0,1,4,18000,80.7,Urban,0
73.81,73.46,-1.42,0.462,40.0,33.94,1,0,0,0,4,75000,91.0,Rural,0
87.18,81.65,-29.21,2.757,35.56,32.93,1,0,0,0,11,50000,79.6,Rural,0
47.68,44.92,-3.77,0.419,40.0,34.83,1,2,0,1,8,5000,72.7,Rural,1
56.11,57.78,1.92,-0.921,14.09,12.12,1,0,0,1,4,10000,55.3,Rural,1
70.66,67.43,-29.53,2.659,36.85,35.86,1,2,0,1,13,30000,65.0,Urban,0
38.65,39.88,5.63,-0.97,30.76,26.97,1,2,0,1,10,75000,64.2,Semi-Urban,1
36.83,37.89,2.11,-2.109,0.0,0.0,0,1,0,0,2,5000,56.6,Rural,1
61.18,60.28,-10.76,1.915,24.82,22.89,1,1,0,0,7,30000,42.4,Urban,0
53.77,54.19,0.84,-0.845,0.0,0.0,0,0,0,1,2,5000,70.7,Rural,1
96.07,93.61,-13.59,1.854,26.7,22.07,1,1,0,1,8,5000,88.4,Rural,0
23.62,30.61,24.95,-3.312,34.07,32.42,1,0,0,1,7,5000,40.3,Rural,1
56.15,59.01,16.14,-1.47,27.86,27.55,1,0,0,0,13,10000,49.1,Urban,0
85.97,80.27,-20.99,2.614,35.3,38.7,1,2,0,0,8,30000,80.5,Rural,0
100.0,99.26,-26.55,1.958,35.19,29.94,1,2,0,0,15,30000,98.4,Urban,0
80.86,75.07,-20.36,2.411,31.22,34.44,1,0,0,0,8,50000,52.6,Urban,0
81.44,78.93,-13.78,1.906,37.85,30.28,1,3,0,0,8,18000,56.8,Rural,0
91.95,88.97,-16.14,1.361,24.89,19.13,1,3,0,0,11,18000,66.1,Rural,0
55.88,56.57,18.02,-1.917,15.84,15.46,1,0,0,1,13,18000,80.6,Rural,1
74.62,72.48,-11.12,1.221,29.39,26.86,1,0,0,0,14,10000,90.0,Semi-Urban,0
20.0,20.25,35.53,-2.37,13.41,16.43,1,0,0,0,16,30000,85.9,Rural,1
100.0,97.25,-24.84,2.878,25.3,26.69,1,0,0,1,10,5000,51.7,Urban,0
77.72,77.66,-1.53,0.393,23.24,27.78,1,0,0,1,13,18000,40.5,Rural,0
50.16,45.28,-13.38,2.633,37.49,27.73,1,2,0,0,6,18000,79.3,Urban,0
89.71,85.67,-38.78,2.598,40.0,40.0,1,0,0,1,16,5000,52.3,Semi-Urban,0
67.52,64.53,-4.83,0.487,21.9,21.85,1,1,0,0,9,50000,45.4,Semi-Urban,0
83.62,87.62,4.66,-2.33,13.8,15.42,1,3,1,1,3,18000,60.0,Semi-Urban,1
78.33,76.51,-3.03,1.513,31.36,32.55,1,0,0,0,3,10000,52.2,Rural,0
55.5,57.13,23.69,-3.427,19.71,17.7,1,1,1,0,8,10000,91.5,Urban,1
49.85,47.88,-3.95,3.952,0.0,0.0,0,0,0,0,2,75000,92.0,Rural,0
71.65,73.84,8.13,-1.956,17.99,9.15,1,2,0,1,6,10000,81.6,Rural,1
27.0,26.77,22.32,-1.897,27.64,28.48,1,0,0,1,15,5000,91.4,Rural,1
32.77,38.84,44.72,-2.6,24.46,19.79,1,0,0,1,15,30000,55.5,Semi-Urban,1
90.51,84.81,-26.18,2.239,35.18,37.47,1,0,0,0,11,10000,66.4,Rural,0
77.54,76.41,-3.53,1.764,22.28,24.95,1,0,0,0,3,50000,77.0,Urban,0
65.46,60.64,-19.06,2.173,30.7,31.29,1,0,0,0,9,30000,77.4,Semi-Urban,0
73.06,69.06,-5.72,2.159,24.86,27.94,1,1,0,0,4,30000,57.8,Semi-Urban,0
33.18,37.95,13.17,-2.705,17.51,15.89,1,1,1,0,7,18000,82.0,Urban,1
39.33,43.26,22.11,-2.437,14.45,18.83,1,1,1,1,12,30000,67.1,Rural,1
78.17,80.35,8.48,-1.787,25.92,28.18,1,1,0,1,6,18000,45.9,Rural,0
100.0,97.29,-29.44,2.085,36.31,31.29,1,0,0,1,15,18000,62.4,Rural,0
20.0,20.0,20.34,-1.765,27.19,31.14,1,1,0,1,12,30000,98.7,Semi-Urban,1
100.0,96.98,-9.87,1.793,26.98,26.67,1,0,0,1,7,10000,75.4,Urban,0
73.4,72.68,-19.9,2.319,27.84,30.56,1,4,0,0,11,10000,78.7,Rural,0
90.48,87.45,-23.44,2.09,25.29,30.21,1,3,0,0,11,30000,49.4,Semi-Urban,0
60.55,58.1,-15.84,1.945,34.4,32.28,1,1,0,1,10,10000,69.7,Semi-Urban,0
20.0,20.0,46.94,-3.476,14.87,23.7,1,2,1,0,16,10000,52.9,Urban,1
100.0,98.22,-21.94,2.887,28.23,31.28,1,0,0,0,9,5000,97.8,Urban,0
22.61,31.49,10.73,-3.213,27.79,26.12,1,1,0,1,4,5000,72.9,Semi-Urban,1
100.0,97.57,-10.09,0.874,28.76,26.32,1,0,0,0,13,18000,66.1,Rural,0
100.0,99.98,-0.95,0.448,20.28,22.78,1,0,0,0,12,75000,63.1,Rural,0
66.61,65.3,-2.61,2.615,0.0,0.0,0,0,0,1,2,18000,89.2,Rural,0
74.48,72.94,-6.64,1.08,26.09,26.98,1,4,0,1,7,10000,62.2,Urban,1
63.85,67.57,7.45,-7.454,0.0,0.0,0,4,1,1,2,5000,70.7,Urban,1
69.05,73.22,13.18,-3.407,20.62,27.34,1,0,0,0,5,18000,82.5,Rural,0
54.51,50.99,-18.46,2.428,17.56,20.11,1,2,0,0,8,50000,47.7,Semi-Urban,0
75.04,74.97,-8.69,0.948,25.38,21.4,1,1,0,1,10,18000,65.2,Semi-Urban,0
89.11,81.0,-31.31,2.478,18.52,19.97,1,0,0,0,12,18000,59.2,Rural,0
25.83,30.32,45.33,-3.192,16.65,15.86,1,0,0,1,15,30000,75.0,Rural,1
33.81,41.29,46.5,-3.154,13.17,17.71,1,4,0,1,14,5000,63.2,Rural,1
85.57,84.96,-4.92,1.437,30.03,31.14,1,0,0,1,5,5000,93.5,Urban,0
44.87,44.19,-3.06,0.651,29.02,33.06,1,0,0,1,7,30000,94.4,Urban,0
56.02,55.75,-0.55,0.553,0.0,0.0,0,1,0,1,2,5000,93.2,Urban,0
44.82,49.74,12.35,-3.078,9.4,12.91,1,2,1,0,5,5000,83.0,Urban,1
62.08,59.09,-21.03,1.933,24.29,20.22,1,0,0,0,12,5000,74.9,Rural,0
84.62,82.43,-31.7,2.712,25.31,24.1,1,2,0,0,13,5000,71.9,Rural,0
22.51,30.79,44.3,-3.229,31.66,27.86,1,0,0,0,13,10000,48.4,Semi-Urban,1
67.47,64.24,-22.2,1.715,21.15,23.23,1,0,0,0,13,30000,92.9,Urban,0
76.17,71.02,-33.82,3.059,32.6,26.68,1,1,0,1,12,18000,61.4,Semi-Urban,0
90.6,91.15,0.7,0.344,30.97,30.42,1,1,0,0,5,10000,91.4,Semi-Urban,0
46.98,47.32,4.3,-1.469,21.02,20.11,1,0,0,1,4,10000,53.9,Rural,1
41.91,41.28,0.01,-0.399,25.97,29.11,1,2,0,0,4,5000,84.8,Rural,1
24.53,29.82,37.27,-3.417,30.52,28.34,1,0,0,1,11,5000,70.0,Rural,1
20.0,27.73,46.71,-3.284,22.08,16.93,1,0,0,0,15,5000,62.9,Semi-Urban,1
94.13,90.41,-7.94,3.972,23.76,23.58,1,0,0,1,3,10000,89.8,Rural,0
55.92,56.16,-1.7,0.848,22.27,23.52,1,1,0,1,3,10000,76.3,Urban,0
87.94,89.25,2.62,-2.62,0.0,0.0,0,1,0,1,2,18000,92.5,Rural,0
93.87,88.3,-12.27,2.976,27.8,30.96,1,0,0,0,5,50000,92.9,Rural,0
42.26,45.12,47.79,-3.494,25.98,29.17,1,0,0,0,16,50000,44.1,Urban,1
77.73,81.05,16.22,-3.29,17.77,18.49,1,0,0,1,6,5000,72.1,Semi-Urban,1
32.94,38.47,28.19,-3.736,25.1,21.63,1,0,0,1,8,10000,64.9,Semi-Urban,1
76.03,71.73,-14.15,2.726,40.0,37.02,1,0,0,0,6,30000,74.0,Rural,0
69.48,69.78,25.39,-1.695,25.38,25.18,1,0,0,0,16,50000,47.9,Urban,0
75.62,74.66,-19.4,1.778,20.06,20.09,1,3,0,0,12,30000,83.2,Urban,0
24.69,27.21,32.84,-2.447,28.56,26.87,1,0,0,0,14,30000,61.6,Rural,1
49.75,46.68,-7.29,3.645,34.26,35.71,1,0,0,0,3,30000,85.4,Semi-Urban,0
49.38,48.69,-7.4,0.601,23.59,22.62,1,2,0,1,11,30000,73.3,Semi-Urban,1
58.75,55.77,-15.1,2.766,34.67,32.12,1,1,0,0,7,50000,43.5,Semi-Urban,0
88.68,84.22,-22.04,2.214,34.9,37.82,1,4,0,1,10,10000,90.0,Semi-Urban,1
68.1,69.67,1.17,-0.774,29.61,29.63,1,0,0,1,4,30000,52.4,Urban,0
51.11,51.72,-0.77,0.767,22.84,21.69,1,1,0,1,4,18000,65.8,Rural,0
76.25,69.23,-30.8,2.238,28.4,26.83,1,1,0,1,13,10000,44.5,Urban,0
59.78,58.86,-8.86,1.169,28.04,29.23,1,0,0,0,8,50000,41.9,Semi-Urban,0
83.1,77.06,-12.94,2.639,36.17,39.0,1,1,0,1,6,5000,41.8,Urban,0
48.78,49.66,22.71,-1.783,15.19,13.97,1,2,1,1,16,10000,65.7,Rural,1
28.91,39.64,30.9,-3.362,25.91,25.08,1,0,0,1,9,18000,95.9,Rural,1
68.67,69.65,4.33,-0.526,9.26,11.0,1,0,0,1,6,30000,47.7,Urban,0
59.28,54.98,-12.87,3.406,36.56,34.35,1,4,0,0,5,18000,93.8,Urban,0
100.0,100.0,-18.41,1.466,40.0,36.17,1,0,0,1,14,10000,79.9,Rural,0
99.0,92.2,-32.37,2.267,30.0,32.02,1,0,0,1,14,10000,55.4,Rural,0
100.0,100.0,-6.59,0.564,28.73,28.34,1,1,0,1,11,50000,49.5,Rural,0
20.0,22.1,33.39,-2.521,7.69,10.83,1,0,0,0,15,30000,94.9,Rural,1
92.77,84.34,-11.11,2.417,21.23,23.41,1,0,0,1,6,18000,95.7,Semi-Urban,0
70.52,71.81,15.61,-1.472,10.58,11.81,1,0,0,0,10,30000,67.3,Urban,0
94.57,92.3,-4.55,4.549,0.0,0.0,0,0,0,0,2,75000,75.0,Urban,0
73.43,69.9,-24.6,2.47,33.36,22.78,1,0,0,0,11,18000,79.7,Urban,0
43.59,52.79,29.02,-2.764,20.61,22.23,1,0,0,0,11,30000,75.0,Urban,1
97.73,91.2,-30.3,1.95,34.57,30.73,1,1,0,0,16,10000,44.5,Semi-Urban,0
88.22,82.78,-14.52,3.463,38.92,40.0,1,3,0,0,5,75000,87.9,Semi-Urban,0
68.38,68.05,-0.65,0.652,0.0,0.0,0,3,0,1,2,10000,98.4,Semi-Urban,0
21.15,28.93,41.61,-3.171,12.28,11.16,1,2,0,1,12,50000,44.3,Semi-Urban,1
35.96,45.21,50.71,-3.432,30.55,29.81,1,0,0,1,15,5000,47.7,Semi-Urban,1
44.72,50.59,26.23,-3.442,16.88,12.08,1,1,1,0,8,75000,59.8,Urban,1
88.14,82.6,-19.83,2.639,31.35,28.18,1,0,0,0,8,50000,47.7,Rural,0
60.83,62.13,-2.1,0.557,36.14,39.76,1,2,0,1,6,30000,86.9,Urban,0
86.13,81.16,-19.74,2.729,27.38,37.22,1,0,0,1,8,50000,95.9,Semi-Urban,0
83.73,79.18,-10.74,2.605,25.55,24.54,1,1,0,1,5,18000,55.5,Semi-Urban,0
59.89,58.67,-2.44,2.439,0.0,0.0,0,1,0,1,2,5000,58.8,Rural,1
59.8,63.42,18.97,-1.862,20.65,18.08,1,0,0,0,11,30000,59.0,Rural,1
60.34,58.74,-11.26,0.949,32.55,32.36,1,3,0,0,14,75000,45.4,Urban,0
54.76,57.22,32.25,-2.524,13.04,13.62,1,0,0,0,16,30000,67.4,Rural,1
82.1,79.86,-15.18,1.022,37.43,38.45,1,1,0,0,13,75000,73.0,Urban,0
100.0,94.91,-39.76,3.1,32.14,35.98,1,4,0,1,14,5000,96.1,Urban,0
60.34,58.71,2.24,0.047,10.99,17.76,1,1,1,1,6,5000,63.6,Semi-Urban,1
28.42,29.84,5.36,-1.334,26.55,22.83,1,1,1,1,7,10000,77.7,Urban,1
62.05,57.41,-19.68,2.659,30.13,32.67,1,0,0,0,7,30000,56.9,Semi-Urban,0
99.12,95.97,-10.33,0.747,23.56,23.87,1,1,0,0,16,18000,58.6,Urban,0
98.62,97.31,-8.66,1.192,34.58,35.99,1,0,0,1,9,30000,89.8,Urban,0
28.77,32.89,26.39,-1.961,12.21,14.65,1,2,1,1,13,30000,78.9,Urban,1
31.82,33.84,27.97,-3.521,20.53,19.61,1,0,0,1,10,10000,61.0,Urban,1
45.13,50.96,41.16,-3.173,28.85,28.41,1,0,0,0,14,18000,53.2,Semi-Urban,1
84.04,78.73,-25.65,2.248,31.5,32.88,1,3,0,1,12,10000,90.2,Rural,0
72.81,71.47,-2.54,0.758,35.62,32.85,1,0,0,0,4,30000,97.4,Rural,0
44.17,47.06,7.0,-3.498,24.44,27.25,1,0,0,1,3,75000,42.9,Rural,1
32.45,38.46,33.91,-2.67,15.9,27.9,1,0,0,0,13,18000,76.4,Semi-Urban,1
92.3,88.02,-12.28,1.249,35.34,38.23,1,2,0,0,8,30000,81.6,Urban,0
63.2,62.37,-19.16,1.338,24.39,22.75,1,0,0,0,16,50000,92.3,Rural,0
91.36,86.49,-7.88,1.371,31.6,31.3,1,0,0,0,6,10000,88.5,Urban,0
30.35,37.63,30.64,-2.354,15.03,11.34,1,1,1,0,13,5000,64.1,Rural,1
53.81,53.96,19.14,-1.768,18.69,15.52,1,4,1,0,11,30000,98.3,Urban,1
20.0,20.0,16.92,-1.416,19.83,20.04,1,1,1,0,13,10000,44.7,Rural,1
86.24,86.03,9.51,-1.061,14.88,16.98,1,0,0,0,8,75000,55.8,Rural,0
62.3,61.49,-0.81,0.407,22.37,20.74,1,1,1,0,3,10000,75.5,Urban,0
20.0,20.0,19.47,-1.417,8.73,13.1,1,0,0,0,16,18000,94.5,Rural,1
84.76,83.09,-3.8,1.898,21.44,27.63,1,0,0,0,3,10000,65.1,Urban,0
63.13,58.76,-6.47,1.772,33.65,33.89,1,0,0,1,4,5000,44.1,Rural,0
47.16,48.0,-1.99,1.108,29.56,28.13,1,3,0,0,4,5000,90.4,Urban,1
77.57,79.72,4.29,-4.295,0.0,0.0,0,0,0,0,2,10000,56.8,Semi-Urban,0
20.0,20.0,13.95,-1.796,34.46,24.9,1,3,0,0,11,30000,70.2,Rural,1
100.0,100.0,-8.54,0.955,36.02,35.86,1,0,0,0,14,5000,42.0,Urban,0
100.0,97.34,-11.79,1.869,30.49,30.83,1,1,0,1,7,18000,71.6,Semi-Urban,0
74.51,69.6,-34.72,2.814,17.64,18.92,1,2,0,0,14,50000,64.1,Rural,0
24.39,27.11,33.02,-3.559,18.99,21.28,1,2,0,0,11,30000,66.0,Urban,1
32.95,39.46,16.3,-2.411,17.0,15.37,1,0,0,1,8,50000,93.9,Rural,1
83.03,82.04,-14.02,1.071,26.62,24.66,1,0,0,0,15,10000,50.9,Rural,0
42.49,46.89,6.02,-3.01,22.97,21.45,1,0,0,1,3,5000,64.4,Semi-Urban,1
35.38,37.73,35.33,-3.741,13.45,20.57,1,1,1,1,11,50000,93.6,Rural,1
100.0,100.0,-14.66,1.032,34.23,33.9,1,0,0,1,14,10000,53.2,Semi-Urban,0
59.0,54.86,-5.97,2.983,33.3,30.74,1,0,0,0,3,75000,88.1,Rural,0
100.0,100.0,-17.04,2.299,23.94,28.3,1,0,0,1,11,30000,77.0,Semi-Urban,0
66.68,67.07,23.97,-2.691,18.49,18.6,1,1,0,1,11,50000,96.1,Rural,1
60.18,55.73,-11.72,2.522,39.79,32.74,1,1,0,1,6,18000,40.9,Semi-Urban,0
20.0,23.64,21.69,-2.885,17.7,16.55,1,0,0,1,9,30000,57.5,Semi-Urban,1
32.59,36.0,13.12,-1.681,15.41,13.51,1,1,0,1,8,50000,91.5,Urban,1
20.0,21.82,20.58,-2.864,19.8,16.49,1,0,0,1,9,10000,45.5,Semi-Urban,1
44.69,53.38,29.68,-3.954,16.63,17.49,1,3,1,0,8,50000,76.3,Rural,1
100.0,99.12,-9.26,1.632,36.21,30.77,1,3,0,1,7,18000,86.3,Rural,0
26.18,30.71,34.89,-3.794,5.89,9.1,1,0,0,1,11,10000,87.1,Semi-Urban,1
100.0,100.0,-21.92,1.518,27.54,24.62,1,1,0,1,16,5000,86.0,Urban,0
100.0,100.0,-3.85,0.337,20.22,25.23,1,3,0,0,11,18000,43.9,Urban,0
67.12,71.19,10.06,-5.032,20.92,22.49,1,1,1,1,3,30000,44.6,Semi-Urban,1
85.99,82.72,-13.55,1.179,40.0,39.56,1,1,0,1,10,18000,43.7,Rural,0
93.02,93.04,-5.2,1.296,40.0,39.46,1,3,0,0,6,18000,94.7,Urban,0
100.0,100.0,-3.72,0.286,30.17,27.9,1,1,0,0,15,5000,43.6,Urban,0
68.32,62.09,-17.31,3.041,22.59,23.18,1,0,0,1,6,50000,62.5,Semi-Urban,0
62.82,62.91,-16.15,1.571,22.21,27.76,1,2,0,1,12,50000,47.9,Semi-Urban,0
88.99,88.82,-0.33,0.334,0.0,0.0,0,0,0,0,2,18000,69.7,Rural,0
85.85,80.55,-16.69,4.053,30.68,33.15,1,1,0,1,5,18000,55.5,Urban,0
74.45,81.43,13.38,-6.692,13.69,12.98,1,0,0,0,3,50000,78.8,Urban,1
49.72,47.28,-4.62,1.822,34.97,28.94,1,0,0,0,4,50000,85.2,Urban,0
90.38,88.99,-9.67,1.44,29.32,28.79,1,0,0,0,7,18000,52.1,Semi-Urban,0
52.0,47.35,-18.1,3.099,36.96,30.78,1,0,0,1,7,30000,97.3,Rural,0
79.81,77.73,-7.93,3.964,29.28,27.18,1,0,0,1,3,18000,83.6,Urban,0
20.0,20.4,20.96,-2.552,22.07,22.7,1,0,0,0,10,5000,91.9,Rural,1
72.85,68.68,-25.6,2.412,26.03,31.44,1,0,0,0,11,18000,51.6,Urban,0
100.0,100.0,-9.46,0.429,22.19,19.94,1,1,0,1,16,10000,43.1,Rural,0
100.0,99.79,-27.22,2.705,21.81,21.99,1,1,0,1,12,30000,68.8,Urban,0
53.19,55.89,24.99,-2.036,20.15,15.61,1,0,0,1,13,30000,47.6,Urban,1
65.02,60.41,-11.97,2.429,26.56,27.71,1,1,0,0,6,75000,51.0,Urban,0
100.0,97.06,-24.75,1.613,40.0,40.0,1,3,0,0,16,18000,44.3,Semi-Urban,0
51.0,55.83,8.81,-2.213,22.01,20.81,1,1,0,0,4,18000,70.8,Urban,0
85.62,83.98,-1.35,0.69,25.98,30.73,1,0,0,1,6,50000,75.5,Urban,0
45.97,41.25,-8.48,2.385,28.63,24.02,1,0,0,1,4,30000,98.5,Rural,0
47.21,45.45,-3.52,3.517,0.0,0.0,0,0,0,0,2,50000,57.0,Urban,0
70.95,70.57,-0.75,0.75,0.0,0.0,0,0,0,0,2,10000,64.1,Rural,0
80.83,78.04,-19.3,1.699,34.68,34.56,1,0,0,1,14,5000,50.6,Rural,0
66.31,61.33,-27.34,2.027,32.55,35.45,1,0,0,1,13,30000,58.0,Urban,0
47.32,46.63,-1.37,1.372,0.0,0.0,0,0,0,0,2,75000,48.2,Rural,0
70.44,65.3,-7.97,1.654,22.21,19.42,1,0,0,0,5,30000,64.3,Rural,0
100.0,100.0,-3.1,0.196,35.86,36.97,1,2,0,1,14,10000,56.4,Semi-Urban,0
24.93,26.57,10.64,-1.38,23.53,22.6,1,2,1,0,12,30000,95.6,Urban,1
42.29,41.09,-2.89,0.514,32.88,37.72,1,1,0,0,5,30000,74.8,Semi-Urban,0
83.75,78.91,-14.23,2.307,28.24,29.73,1,1,0,1,7,18000,74.3,Urban,0
71.73,70.62,-3.6,1.143,27.67,25.46,1,1,0,1,5,75000,94.7,Rural,0
65.64,62.78,-12.06,2.341,26.75,28.04,1,0,0,1,6,18000,64.4,Urban,0
62.47,60.8,-10.63,0.915,28.82,25.49,1,0,0,0,14,5000,44.9,Urban,0
70.69,75.92,9.39,-4.696,9.46,12.0,1,2,0,0,3,50000,90.7,Rural,1
20.0,21.54,34.62,-2.709,16.38,11.74,1,0,0,0,14,75000,98.4,Semi-Urban,1
20.0,22.13,20.49,-1.972,13.23,16.98,1,0,0,0,11,10000,41.7,Rural,1
20.0,22.04,29.06,-3.109,27.37,28.86,1,0,0,0,10,75000,53.2,Rural,1
67.5,64.0,-26.37,2.312,22.7,26.15,1,0,0,1,14,5000,96.5,Urban,0
76.84,76.6,-19.03,1.803,17.86,19.09,1,3,0,1,14,10000,64.5,Urban,1
84.57,79.15,-32.24,2.659,29.44,30.9,1,4,0,0,12,10000,78.1,Semi-Urban,0
30.46,35.87,8.48,-2.504,17.08,28.96,1,2,0,0,4,75000,93.0,Urban,1
81.59,86.1,8.05,-3.049,18.9,16.83,1,0,0,1,4,10000,87.6,Semi-Urban,1
39.63,37.65,-2.07,0.829,35.05,36.94,1,2,0,1,4,10000,79.9,Urban,1
73.37,71.65,-8.22,0.784,36.06,30.45,1,1,0,1,10,5000,58.4,Semi-Urban,0
100.0,100.0,-14.08,0.689,26.52,29.58,1,0,0,0,15,10000,58.1,Semi-Urban,0
100.0,100.0,-16.87,1.605,28.14,29.04,1,0,0,1,13,5000,40.8,Urban,0
35.16,34.18,21.55,-1.842,15.72,8.78,1,0,0,0,12,50000,78.2,Urban,1
20.0,28.33,35.5,-2.806,11.3,12.47,1,1,1,1,14,18000,67.9,Semi-Urban,1
93.27,92.24,-2.81,1.406,26.5,31.65,1,4,0,0,3,30000,67.4,Rural,0
91.2,92.63,-7.39,1.107,18.65,19.05,1,0,0,0,10,18000,74.6,Semi-Urban,0
45.7,48.16,29.69,-2.244,29.14,26.05,1,2,1,0,13,75000,78.0,Semi-Urban,1
45.24,48.01,27.19,-1.756,18.9,20.95,1,2,1,0,16,5000,64.4,Rural,1
75.22,73.2,-1.98,0.823,29.72,34.43,1,1,0,0,4,10000,78.0,Rural,0
78.16,73.49,-43.57,2.859,36.59,36.91,1,0,0,0,16,30000,82.1,Semi-Urban,0
72.02,68.79,-4.33,1.128,26.94,22.43,1,0,0,1,5,10000,70.7,Semi-Urban,0
54.46,54.33,-5.81,1.686,28.78,30.89,1,1,0,0,5,5000,60.7,Urban,0
78.34,78.59,-5.22,0.98,39.47,36.38,1,3,0,1,7,10000,46.5,Semi-Urban,0
35.44,41.3,50.44,-3.808,17.86,25.41,1,4,1,0,14,75000,50.6,Urban,1
69.01,69.65,-8.08,1.412,38.18,36.28,1,2,0,1,10,18000,91.2,Semi-Urban,0
80.47,76.62,-5.87,2.935,37.3,40.0,1,0,0,0,3,10000,93.6,Rural,0
54.63,51.29,-15.85,1.679,31.45,32.65,1,1,0,1,10,10000,72.6,Rural,0
21.28,26.17,17.79,-2.241,12.7,11.4,1,2,1,1,8,50000,90.5,Urban,1
100.0,100.0,-16.23,1.064,37.56,39.74,1,2,0,1,13,30000,52.8,Rural,0
70.88,76.78,23.72,-3.3,6.25,13.92,1,0,0,0,8,30000,44.1,Urban,1
96.05,97.53,-0.51,0.512,21.9,21.39,1,1,0,1,12,18000,87.9,Semi-Urban,0
100.0,99.4,-14.33,1.518,31.52,33.95,1,0,0,1,12,18000,96.5,Urban,0
81.34,82.44,2.21,-2.211,0.0,0.0,0,1,0,0,2,5000,50.5,Semi-Urban,0
42.4,45.29,5.75,-1.876,26.91,22.5,1,2,1,0,4,10000,63.4,Rural,1
100.0,100.0,-16.03,1.82,26.52,25.95,1,1,0,0,11,30000,87.2,Rural,0
60.0,54.1,-9.98,3.454,21.67,22.53,1,0,0,0,4,30000,52.6,Urban,0
20.0,22.71,21.63,-3.011,23.32,27.4,1,0,0,0,9,30000,95.1,Semi-Urban,1
20.0,20.0,31.72,-3.086,28.12,31.37,1,0,0,0,11,75000,77.9,Urban,0
85.32,82.71,-8.42,0.95,23.75,27.83,1,2,0,1,10,5000,45.0,Rural,0
79.79,77.67,-12.81,1.724,36.6,36.58,1,2,0,1,7,30000,66.4,Urban,0
100.0,99.85,-8.33,1.32,23.66,17.45,1,1,0,1,7,5000,65.3,Urban,0
85.69,86.8,2.22,-2.223,0.0,0.0,0,0,0,1,2,30000,48.7,Rural,0
51.52,56.59,40.66,-4.215,17.24,11.3,1,0,0,0,11,30000,88.8,Rural,1
65.16,63.66,-15.87,1.095,34.81,31.53,1,1,0,1,13,5000,48.2,Semi-Urban,0
52.04,57.95,18.67,-5.348,26.88,24.91,1,1,0,1,5,50000,55.6,Urban,1
88.32,83.2,-33.01,2.243,22.78,19.65,1,0,0,1,16,5000,47.8,Urban,0
20.0,20.0,22.21,-1.721,25.98,22.73,1,0,0,0,15,75000,96.8,Urban,0
69.25,63.53,-28.78,1.861,29.9,26.39,1,1,0,1,14,30000,84.2,Semi-Urban,0
99.59,95.7,-34.8,2.845,26.62,24.2,1,3,0,1,13,10000,98.3,Rural,1
100.0,100.0,-13.18,1.025,40.0,35.62,1,1,0,0,14,50000,84.0,Urban,0
41.77,43.1,4.46,-2.229,13.18,17.68,1,0,0,0,3,5000,50.2,Semi-Urban,1
48.23,53.96,9.25,-4.625,19.99,20.0,1,1,0,0,3,50000,89.2,Rural,1
100.0,100.0,-14.12,0.899,37.14,34.35,1,0,0,0,16,5000,64.3,Urban,0
20.4,25.54,22.13,-1.277,21.68,20.11,1,0,0,0,16,10000,47.4,Semi-Urban,1
31.37,33.26,25.39,-1.755,21.82,23.29,1,1,0,0,16,75000,46.8,Urban,1
59.4,55.82,-23.52,2.562,34.11,29.27,1,4,0,0,10,5000,61.2,Rural,1
100.0,100.0,-9.07,0.551,31.14,30.65,1,1,0,1,14,18000,50.4,Semi-Urban,0
91.82,88.99,-25.5,1.491,27.33,29.66,1,0,0,0,16,5000,51.1,Urban,0
77.18,75.54,-24.75,1.607,34.99,35.36,1,1,0,0,16,30000,95.9,Semi-Urban,0
61.67,57.13,-14.82,1.118,26.99,30.04,1,2,0,0,14,75000,95.9,Rural,0
85.26,82.61,-8.91,0.699,32.46,31.27,1,0,0,1,12,5000,71.5,Rural,0
59.03,60.84,12.8,-2.096,23.93,24.75,1,0,0,0,6,10000,51.3,Urban,1
27.09,27.37,36.09,-2.803,27.57,29.57,1,0,0,1,15,18000,85.1,Urban,1
64.95,61.85,-18.99,1.358,34.57,36.04,1,3,0,1,15,75000,57.2,Rural,0
100.0,100.0,-12.16,0.835,24.4,22.13,1,1,0,1,12,5000,66.4,Rural,0
22.65,21.1,42.69,-3.564,29.85,26.64,1,1,1,1,14,30000,64.5,Urban,1
68.67,67.38,-6.89,1.321,34.86,34.77,1,3,0,0,6,10000,91.8,Rural,0
79.74,77.18,-8.93,1.529,35.95,34.05,1,0,0,1,8,30000,56.1,Rural,0
52.94,48.06,-13.72,2.919,27.57,27.29,1,0,0,1,5,5000,72.7,Semi-Urban,0
99.92,97.38,-20.35,2.067,29.44,28.58,1,0,0,0,11,18000,86.6,Urban,0
62.59,61.12,-6.16,3.078,24.23,20.21,1,0,0,1,3,18000,44.6,Rural,0
73.74,69.15,-28.93,1.915,35.15,29.58,1,0,0,1,15,10000,54.6,Rural,0
76.48,72.67,-21.67,1.245,24.06,23.89,1,0,0,1,16,30000,93.0,Semi-Urban,0
48.09,47.52,-8.75,0.554,34.61,35.74,1,0,0,1,16,50000,69.5,Urban,0
39.85,45.26,11.11,-5.553,16.33,19.39,1,2,1,0,3,75000,73.7,Semi-Urban,1
34.54,40.37,41.24,-3.328,13.85,16.39,1,0,0,0,13,75000,80.4,Semi-Urban,1
20.0,20.68,26.33,-2.458,17.1,19.52,1,0,0,1,13,18000,70.2,Semi-Urban,1
89.06,91.45,5.47,-2.737,24.79,29.53,1,0,0,1,3,10000,78.5,Semi-Urban,0
20.0,20.33,41.12,-3.072,24.56,26.76,1,0,0,1,16,5000,70.8,Urban,1
100.0,100.0,-6.27,0.493,31.68,30.39,1,4,0,1,14,18000,83.4,Urban,0
70.71,75.41,12.56,-2.958,20.26,20.48,1,2,1,1,5,30000,85.0,Semi-Urban,1
67.91,67.26,-0.79,0.419,26.22,24.22,1,1,0,0,6,5000,90.2,Rural,0
89.0,84.64,-8.2,2.529,20.5,23.79,1,4,0,0,4,10000,44.7,Rural,1
97.47,95.32,-22.21,1.715,25.87,21.17,1,0,0,1,15,5000,52.9,Semi-Urban,0
59.75,61.19,-5.02,0.652,40.0,37.98,1,1,0,0,9,30000,92.7,Rural,0
85.19,83.6,-19.61,2.047,20.53,23.93,1,3,0,0,11,10000,80.9,Semi-Urban,0
74.66,82.64,9.25,-4.627,20.33,12.8,1,0,0,0,3,50000,54.4,Urban,0
73.34,70.56,-3.0,1.498,40.0,40.0,1,2,0,1,3,30000,88.6,Rural,0
20.0,20.0,23.85,-2.221,16.58,15.88,1,2,1,0,12,30000,75.0,Semi-Urban,1
20.0,22.47,42.58,-3.86,13.0,12.6,1,0,0,1,13,5000,84.2,Rural,1
53.31,55.58,-6.05,0.761,40.0,40.0,1,1,0,1,13,5000,49.2,Rural,1
90.49,86.27,-12.0,2.705,34.76,34.9,1,0,0,0,5,50000,79.6,Urban,0
73.63,70.85,-16.49,1.931,26.38,26.19,1,0,0,0,9,5000,50.4,Rural,0
39.2,41.51,22.93,-1.633,30.8,28.05,1,0,0,1,14,5000,49.8,Rural,1
100.0,98.72,-28.94,2.216,24.42,21.83,1,2,0,1,15,75000,42.6,Semi-Urban,0
86.78,86.54,-10.61,0.865,24.85,25.88,1,0,0,1,15,10000,51.7,Rural,0
100.0,99.8,-7.55,0.565,34.13,31.32,1,0,0,1,12,30000,55.8,Rural,0
20.0,22.88,27.5,-2.688,8.12,10.94,1,0,0,1,10,5000,41.2,Rural,1
64.96,59.86,-24.8,1.821,22.21,28.36,1,2,0,0,13,50000,43.1,Rural,0
82.6,76.32,-22.59,2.798,30.22,29.53,1,1,0,1,8,5000,48.5,Semi-Urban,0
53.4,56.14,5.56,-2.782,14.66,11.88,1,0,0,0,3,10000,79.8,Urban,1
57.25,57.02,7.12,-1.24,22.94,22.22,1,3,1,0,10,50000,60.8,Rural,1
44.35,46.53,13.22,-2.544,10.91,13.71,1,1,1,0,7,10000,55.3,Semi-Urban,1
20.0,20.24,39.21,-3.277,15.75,12.97,1,0,0,0,15,50000,96.1,Urban,1
55.65,51.17,-18.92,2.823,24.32,19.96,1,0,0,1,8,5000,63.9,Urban,0
50.26,46.11,-7.5,2.124,23.95,26.8,1,2,0,0,4,18000,52.6,Urban,0
21.23,24.16,12.61,-1.504,25.89,28.7,1,3,1,1,11,5000,86.3,Semi-Urban,1
71.23,73.93,12.35,-2.999,25.58,26.46,1,1,0,1,5,50000,58.3,Urban,1
36.87,38.18,2.63,-2.628,0.0,0.0,0,0,0,0,2,10000,78.4,Urban,0
48.64,51.32,9.62,-0.61,23.84,22.18,1,4,0,1,9,10000,58.4,Semi-Urban,1
60.5,64.16,7.32,-7.32,0.0,0.0,0,1,1,1,2,5000,67.4,Urban,1
60.17,57.31,-6.36,2.177,24.74,26.69,1,0,0,0,4,10000,73.0,Urban,0
92.59,88.3,-8.39,4.197,27.48,29.99,1,4,0,0,3,75000,90.3,Semi-Urban,0
80.49,80.49,-5.86,0.707,30.21,33.65,1,0,0,0,10,10000,50.3,Rural,0
83.43,79.08,-7.88,1.595,24.1,24.56,1,3,0,1,6,10000,91.7,Urban,0
76.6,78.11,-11.16,1.026,34.81,28.07,1,0,0,1,15,75000,58.5,Semi-Urban,0
92.02,89.78,-11.94,1.001,40.0,38.28,1,1,0,1,12,10000,44.5,Rural,0
96.09,96.84,-9.27,0.97,34.63,37.07,1,0,0,1,14,30000,43.3,Urban,0
62.13,58.01,-20.57,2.658,14.39,21.49,1,0,0,1,8,18000,98.1,Urban,0
62.65,59.76,-24.33,2.616,40.0,40.0,1,1,0,1,11,18000,76.2,Urban,0
34.06,32.47,-0.6,-0.364,26.12,30.6,1,0,0,1,8,5000,53.6,Urban,1
71.56,77.35,18.06,-2.356,33.46,27.7,1,1,1,1,8,5000,98.1,Rural,1
75.42,81.29,7.14,-1.917,25.46,22.35,1,0,0,1,5,10000,76.7,Semi-Urban,0
32.97,34.98,26.93,-2.596,10.12,15.57,1,0,0,1,12,30000,70.7,Urban,1
63.15,67.96,13.29,-4.221,7.18,9.86,1,0,0,1,4,18000,97.2,Semi-Urban,1
52.58,47.89,-8.36,0.724,35.88,34.24,1,1,0,0,10,18000,54.4,Semi-Urban,0
91.47,87.21,-9.76,1.714,26.93,22.77,1,0,0,0,7,5000,63.9,Rural,0
100.0,100.0,-14.74,1.014,33.63,31.13,1,0,0,0,16,5000,76.8,Rural,0
71.09,74.24,21.81,-1.648,33.0,28.38,1,0,0,0,14,10000,98.7,Semi-Urban,0
46.92,45.34,-5.41,0.858,29.97,34.71,1,2,0,0,8,5000,41.6,Urban,1
79.49,78.76,-33.17,2.298,28.85,29.64,1,1,0,1,16,18000,87.4,Urban,0
20.0,20.0,26.88,-1.652,12.71,11.85,1,1,0,0,16,30000,47.6,Urban,1
46.44,49.66,16.88,-2.597,19.15,19.69,1,3,0,1,7,10000,96.9,Rural,1
76.53,71.66,-30.03,1.713,36.91,37.59,1,1,0,0,16,30000,54.3,Rural,0
100.0,95.67,-28.73,2.684,26.97,24.73,1,4,0,1,12,18000,78.6,Semi-Urban,0
45.06,50.69,12.39,-4.724,23.82,23.62,1,0,0,1,4,5000,98.4,Rural,1
90.8,85.22,-29.46,2.641,28.08,25.22,1,0,0,1,11,10000,42.0,Rural,0
42.73,44.27,-3.09,0.794,35.58,38.08,1,0,0,1,8,5000,48.3,Semi-Urban,0
59.72,57.34,-4.77,4.774,0.0,0.0,0,3,0,0,2,18000,71.5,Urban,0
23.06,32.67,36.44,-2.961,18.64,15.71,1,0,0,0,12,10000,95.3,Semi-Urban,1
36.26,35.14,0.5,0.159,22.75,18.97,1,1,1,1,4,5000,70.2,Urban,1
81.4,73.99,-37.03,2.859,36.19,37.8,1,1,0,0,13,50000,65.5,Urban,0
20.0,22.38,36.89,-2.93,19.2,18.26,1,0,0,0,14,50000,65.2,Rural,1
80.67,80.3,-3.88,1.942,20.77,22.33,1,0,0,0,3,10000,86.1,Rural,0
53.5,51.27,-14.75,1.015,26.37,22.27,1,1,0,0,13,50000,90.7,Urban,0
28.05,32.15,33.33,-3.445,8.37,11.01,1,4,0,1,11,5000,68.1,Rural,1
100.0,96.43,-24.54,3.117,26.07,24.51,1,0,0,1,10,18000,88.5,Rural,0
48.32,54.46,23.79,-3.85,23.0,23.33,1,0,0,1,6,50000,49.4,Semi-Urban,1
100.0,100.0,-10.93,1.236,23.09,26.42,1,1,0,0,10,5000,75.7,Semi-Urban,0
62.27,67.09,11.26,-3.676,30.32,27.75,1,0,0,1,4,18000,71.2,Semi-Urban,0
58.19,57.05,-5.43,0.59,29.15,31.34,1,0,0,1,12,30000,72.0,Rural,0
74.96,77.09,12.35,-2.66,11.22,10.83,1,4,1,1,6,18000,81.3,Semi-Urban,1
77.85,78.63,-4.06,0.471,30.24,28.66,1,0,0,1,5,18000,88.1,Semi-Urban,0
43.2,47.08,44.44,-3.388,31.92,30.84,1,0,0,1,14,18000,80.1,Urban,1
92.91,87.47,-12.64,2.195,28.27,34.19,1,0,0,0,6,75000,77.4,Semi-Urban,0
27.53,34.79,20.22,-3.127,28.23,28.29,1,2,1,1,7,75000,95.3,Urban,1
53.03,51.17,-3.51,0.532,24.47,27.83,1,1,1,0,6,18000,40.1,Rural,0
52.53,49.41,-6.24,6.244,0.0,0.0,0,0,0,1,2,10000,59.9,Rural,0
100.0,100.0,-11.0,0.73,40.0,36.92,1,0,0,0,13,75000,90.0,Urban,0
63.25,57.9,-22.7,2.101,29.83,31.03,1,0,0,0,11,30000,81.7,Semi-Urban,0
20.0,20.0,30.11,-2.691,20.17,19.25,1,0,0,1,13,10000,97.3,Rural,1
70.76,68.58,-16.56,1.293,27.95,28.36,1,4,0,0,15,30000,68.5,Rural,0
68.84,74.06,11.29,-2.61,24.97,18.14,1,0,0,0,5,18000,83.2,Semi-Urban,0
48.27,51.77,13.59,-1.048,32.26,28.26,1,1,0,0,16,50000,53.0,Semi-Urban,1
93.32,91.65,-5.52,0.86,32.68,30.54,1,0,0,0,9,10000,64.3,Semi-Urban,0
83.61,82.13,-8.66,1.653,37.46,30.3,1,0,0,0,7,75000,60.3,Urban,0
78.93,83.18,12.1,-0.799,12.23,7.69,1,1,1,0,11,10000,94.0,Rural,1
73.89,70.51,-9.62,1.82,24.44,23.15,1,0,0,0,7,75000,90.2,Semi-Urban,0
60.74,56.32,-17.05,2.819,27.85,25.39,1,0,0,0,7,75000,90.3,Urban,0
100.0,100.0,-23.51,1.621,34.87,36.71,1,0,0,0,14,30000,80.8,Semi-Urban,0
100.0,100.0,-26.9,2.445,24.44,28.33,1,0,0,1,13,30000,81.3,Urban,0
24.53,27.86,14.33,-2.351,23.93,24.31,1,0,0,0,7,18000,91.7,Semi-Urban,1
48.41,47.46,-8.89,1.699,27.11,33.41,1,3,0,0,8,18000,41.2,Rural,1
26.89,29.67,29.09,-2.787,18.27,12.57,1,0,0,1,12,5000,79.0,Urban,1
31.79,38.16,40.62,-3.531,13.12,11.4,1,0,0,1,13,18000,76.6,Urban,1
76.41,76.04,-5.15,0.592,32.95,31.45,1,1,0,0,10,50000,68.9,Rural,0
45.23,50.03,28.84,-3.996,28.75,21.22,1,3,1,0,9,10000,41.1,Urban,1
78.37,72.75,-25.39,2.521,40.0,40.0,1,0,0,0,10,10000,72.0,Rural,0
75.41,69.52,-28.82,2.438,17.17,21.76,1,4,0,0,11,18000,95.7,Urban,0
79.7,79.77,-4.99,1.149,34.97,40.0,1,1,0,0,7,10000,45.1,Semi-Urban,0
100.0,100.0,-4.0,0.44,27.81,29.18,1,0,0,1,12,10000,69.2,Urban,0
61.36,59.1,-8.97,1.753,37.81,38.45,1,0,0,0,6,30000,46.4,Semi-Urban,0
64.4,73.0,18.77,-2.39,16.67,13.61,1,2,1,0,8,75000,82.0,Semi-Urban,1
100.0,98.17,-8.38,1.982,25.81,22.27,1,0,0,1,6,10000,58.5,Urban,0
44.88,48.11,20.09,-2.999,21.41,21.56,1,1,1,1,9,18000,73.3,Semi-Urban,1
77.54,74.78,-5.95,2.976,26.15,22.83,1,0,0,0,3,75000,87.4,Urban,0
20.0,22.25,20.74,-3.807,25.1,22.87,1,3,1,0,7,75000,43.0,Urban,1
33.42,35.28,3.73,-3.726,0.0,0.0,0,0,0,1,2,10000,62.1,Rural,1
100.0,96.35,-7.29,7.293,0.0,0.0,0,1,0,1,2,5000,86.7,Urban,0
41.82,48.95,2.44,-0.37,26.87,27.0,1,0,0,0,5,5000,75.7,Urban,0
45.05,47.18,9.88,-1.351,16.5,8.89,1,0,0,0,8,18000,72.5,Rural,0
51.56,55.34,35.09,-3.256,17.25,18.17,1,0,0,0,13,50000,90.3,Rural,1
42.91,49.2,23.48,-4.682,22.22,24.35,1,2,1,1,6,5000,68.6,Rural,1
45.59,52.82,23.57,-2.536,16.85,19.14,1,0,0,1,9,10000,65.6,Rural,1
82.94,80.83,-19.45,1.914,27.08,29.19,1,1,0,0,11,10000,87.5,Rural,0
55.65,54.36,-2.58,2.576,0.0,0.0,0,1,0,0,2,5000,66.9,Urban,0
47.23,47.98,0.25,-0.123,17.34,13.53,1,2,1,0,3,18000,51.8,Rural,1
89.48,87.49,-13.57,1.537,29.16,29.28,1,2,0,0,9,50000,89.2,Semi-Urban,0
29.8,33.75,31.43,-3.496,8.4,11.82,1,0,0,1,10,10000,48.4,Semi-Urban,1
20.0,20.5,17.57,-1.406,25.16,22.25,1,1,1,1,14,50000,64.0,Urban,1
73.16,74.41,16.48,-1.243,7.93,9.42,1,2,1,0,15,50000,90.8,Urban,0
45.18,47.87,10.16,-1.772,25.63,27.37,1,0,0,0,5,30000,92.4,Semi-Urban,0
70.82,68.0,-14.9,2.496,40.0,40.0,1,2,0,1,7,18000,91.5,Semi-Urban,0
63.91,71.34,19.99,-3.186,18.89,18.31,1,0,0,0,7,75000,97.7,Rural,0
49.51,44.02,-13.52,3.091,38.66,32.74,1,2,0,1,5,30000,53.5,Semi-Urban,0
82.8,80.07,-38.56,2.621,34.11,38.96,1,0,0,1,16,10000,94.1,Urban,0
58.14,54.24,-23.35,1.523,23.97,23.3,1,4,0,0,14,5000,53.6,Semi-Urban,1
100.0,100.0,-5.99,0.348,37.89,36.3,1,0,0,0,16,18000,87.5,Rural,0
76.04,71.48,-7.38,1.538,31.53,28.33,1,1,0,0,6,30000,86.0,Urban,0
88.04,89.07,-13.03,1.533,38.19,36.75,1,0,0,0,11,30000,84.6,Semi-Urban,0
100.0,95.09,-32.61,3.423,20.59,21.21,1,1,0,1,10,5000,87.0,Semi-Urban,0
100.0,100.0,-23.69,1.951,26.12,26.63,1,0,0,0,15,75000,46.0,Rural,0
34.65,42.04,12.56,-4.363,8.05,17.52,1,3,1,0,4,30000,73.4,Rural,1
43.92,48.93,14.05,-2.585,14.31,8.95,1,2,0,1,6,10000,80.7,Semi-Urban,1
81.73,76.68,-8.92,3.157,32.63,36.26,1,3,0,1,4,5000,47.8,Urban,1
100.0,100.0,-13.2,0.813,14.08,20.51,1,3,0,0,16,30000,41.6,Urban,0
49.55,58.62,38.11,-3.153,18.55,16.33,1,2,1,1,11,18000,55.4,Semi-Urban,1
51.6,52.76,13.98,-1.692,20.49,18.44,1,0,0,0,11,5000,50.1,Rural,1
83.37,83.96,1.62,-0.811,14.83,14.53,1,4,0,1,3,5000,43.2,Rural,1
20.0,21.56,23.64,-2.588,17.51,16.51,1,0,0,0,9,10000,63.8,Rural,1
78.36,76.4,-2.09,0.488,31.24,31.12,1,0,0,0,7,75000,84.4,Urban,0
34.68,42.73,45.18,-3.758,25.62,26.34,1,0,0,0,13,18000,90.4,Semi-Urban,1
54.64,54.43,24.07,-2.107,17.49,19.54,1,1,1,0,15,50000,57.1,Urban,1
100.0,100.0,-4.38,0.535,23.85,25.09,1,1,0,0,13,50000,58.2,Semi-Urban,0
58.91,60.06,3.96,-1.979,14.48,12.26,1,3,0,0,3,30000,77.1,Semi-Urban,1
62.91,64.76,31.0,-2.181,25.97,22.41,1,0,0,0,15,10000,84.4,Semi-Urban,0
94.12,90.29,-24.14,2.13,29.01,32.55,1,2,0,0,13,18000,51.4,Rural,0
20.0,20.0,16.0,-1.409,21.49,15.87,1,4,1,0,14,75000,40.3,Rural,1
49.05,47.01,-4.69,1.26,39.28,36.17,1,1,0,0,5,30000,52.3,Urban,0
100.0,100.0,-26.58,2.437,34.85,33.13,1,0,0,1,13,10000,42.0,Urban,0
20.0,20.0,32.02,-2.226,9.52,16.56,1,0,0,1,16,10000,57.4,Urban,1
100.0,100.0,-16.31,1.033,22.09,21.58,1,0,0,1,16,10000,86.6,Rural,0
20.0,20.0,37.8,-3.176,25.29,24.31,1,0,0,0,15,75000,45.0,Urban,1
49.64,45.39,-13.73,2.652,36.26,35.99,1,0,0,0,6,50000,47.6,Semi-Urban,0
20.0,20.0,15.21,-0.978,19.6,22.3,1,0,0,1,16,18000,80.7,Rural,1
100.0,100.0,-24.74,1.993,34.76,38.82,1,4,0,1,15,10000,81.7,Rural,1
28.37,31.47,35.17,-3.072,16.22,16.84,1,4,0,0,13,10000,80.4,Rural,1
66.68,64.07,-5.98,2.114,23.78,23.08,1,0,0,0,4,50000,70.6,Rural,0
50.71,56.99,18.37,-3.244,17.53,17.82,1,0,0,0,6,10000,89.8,Rural,1
73.16,71.07,-15.19,1.349,25.2,23.21,1,0,0,1,13,10000,85.7,Semi-Urban,0
67.75,74.31,10.36,-5.178,11.6,14.52,1,0,0,0,3,18000,93.4,Rural,1
20.0,20.0,34.0,-2.26,12.44,19.64,1,1,1,0,16,50000,53.7,Urban,1
20.0,30.16,47.59,-3.619,7.48,9.38,1,0,0,1,13,18000,45.1,Semi-Urban,1
100.0,95.55,-15.45,2.421,36.36,35.24,1,0,0,1,7,10000,78.3,Rural,0
74.19,72.81,-16.7,1.13,34.7,36.93,1,2,0,1,15,10000,67.2,Rural,0
63.92,61.38,9.47,-1.042,30.4,26.44,1,0,0,1,14,50000,55.4,Rural,0
57.1,55.11,-12.5,2.461,17.83,22.18,1,0,0,0,7,10000,75.9,Semi-Urban,0
98.93,91.59,-38.98,2.917,27.68,29.68,1,0,0,0,14,75000,95.2,Semi-Urban,0
68.96,70.76,21.23,-1.582,24.49,29.6,1,0,0,1,16,10000,87.9,Semi-Urban,1
81.83,78.03,-36.05,2.516,27.54,30.37,1,1,0,1,15,30000,89.4,Rural,0
92.89,90.41,-9.94,0.979,26.57,34.43,1,0,0,0,11,30000,82.2,Semi-Urban,0
80.09,77.85,11.35,-1.425,25.42,21.27,1,3,1,1,13,50000,76.6,Semi-Urban,0
74.27,71.53,-5.47,5.468,0.0,0.0,0,0,0,1,2,18000,84.3,Urban,0
100.0,99.71,-23.38,2.398,26.31,30.5,1,2,0,0,11,30000,82.7,Rural,0
97.53,96.37,-2.34,0.28,28.93,29.22,1,0,0,0,7,5000,46.9,Rural,0
100.0,99.46,-7.3,0.992,26.61,24.51,1,0,0,0,11,75000,49.2,Urban,0
41.46,46.02,12.97,-4.296,17.04,14.8,1,0,0,1,4,18000,83.3,Semi-Urban,1
100.0,100.0,-11.14,1.493,22.17,22.25,1,0,0,1,12,18000,49.9,Urban,0
100.0,98.8,-14.14,1.796,26.1,23.22,1,1,0,0,9,50000,57.6,Rural,0
46.17,46.94,11.81,-1.203,22.32,15.54,1,1,1,0,10,18000,49.0,Urban,1
60.42,61.47,3.97,-2.218,12.46,20.17,1,0,0,0,5,50000,69.8,Rural,0
45.44,45.57,29.34,-2.492,16.03,16.06,1,0,0,0,15,10000,44.7,Semi-Urban,1
40.57,39.38,-0.19,0.049,35.9,36.48,1,0,0,1,8,75000,43.8,Urban,0
61.08,65.84,15.45,-1.978,16.37,16.04,1,2,0,1,8,5000,56.0,Urban,1
100.0,100.0,-9.8,0.554,31.71,30.59,1,0,0,0,15,75000,78.1,Rural,0
80.57,80.27,-1.74,0.871,31.62,32.81,1,0,0,1,3,18000,82.9,Semi-Urban,0
73.58,70.24,-26.93,2.483,26.59,27.4,1,0,0,0,12,75000,81.8,Rural,0
57.66,56.37,-4.31,0.358,11.44,8.26,1,4,1,1,6,5000,72.3,Urban,1
73.04,71.88,-5.75,1.252,24.02,24.65,1,0,0,1,7,5000,73.6,Rural,0
77.99,75.12,-9.83,1.722,36.41,38.08,1,0,0,1,8,50000,75.3,Rural,0
27.96,31.96,14.28,-1.137,15.98,13.48,1,1,1,0,12,75000,61.9,Rural,1
96.31,94.37,-18.44,2.332,34.15,30.23,1,4,0,1,10,10000,62.1,Rural,1
79.75,74.55,-34.56,2.084,23.21,26.11,1,1,0,0,16,10000,77.0,Semi-Urban,0
60.89,64.16,27.51,-1.868,26.21,22.78,1,3,1,1,16,5000,96.6,Rural,1
49.05,44.23,-13.76,3.203,24.99,23.7,1,3,0,1,5,30000,52.9,Urban,1
31.74,36.87,41.96,-3.583,14.54,20.97,1,1,0,0,12,18000,51.2,Rural,1
77.23,76.59,-1.28,1.276,0.0,0.0,0,0,0,0,2,5000,69.5,Rural,0
63.79,64.62,9.19,-1.304,22.68,21.96,1,0,0,0,10,18000,63.8,Semi-Urban,0
88.96,84.49,-27.19,2.617,34.29,38.85,1,0,0,0,12,30000,63.6,Urban,0
24.18,22.34,15.75,-2.138,20.32,16.04,1,0,0,1,13,18000,71.3,Semi-Urban,1
67.93,64.79,-13.26,2.948,36.15,30.47,1,1,0,1,5,10000,41.3,Rural,0
41.9,40.77,-9.4,1.4,36.63,37.72,1,3,0,0,7,5000,97.3,Semi-Urban,1
63.24,61.89,-26.09,2.327,19.48,23.62,1,1,0,0,13,50000,46.5,Semi-Urban,0
90.12,86.53,-8.85,2.854,33.38,31.3,1,0,0,0,4,30000,80.7,Semi-Urban,0
86.52,83.94,-23.88,2.005,34.23,33.39,1,0,0,0,12,75000,47.4,Rural,0
63.12,65.27,31.71,-2.71,15.86,14.53,1,3,0,0,12,50000,70.7,Urban,1
84.76,79.08,-43.92,2.816,20.53,22.7,1,0,0,0,16,10000,94.5,Semi-Urban,0
20.0,20.0,17.48,-1.512,18.08,20.7,1,0,0,1,15,10000,77.2,Semi-Urban,1
86.56,86.18,-10.46,0.949,27.62,24.22,1,0,0,1,13,18000,46.8,Urban,0
26.11,29.63,32.39,-2.713,19.08,20.4,1,2,1,1,12,5000,88.6,Urban,1
98.33,96.07,-34.26,2.118,34.67,38.87,1,3,0,1,16,5000,73.1,Urban,0
82.02,79.5,-9.22,1.402,23.6,20.21,1,1,0,0,8,30000,88.5,Urban,0
70.11,67.58,-20.47,1.166,28.52,22.41,1,0,0,0,16,75000,74.4,Rural,0
70.68,64.91,-27.99,2.473,20.79,25.13,1,2,0,0,12,75000,71.8,Rural,0
67.96,67.25,-2.42,1.07,27.0,22.11,1,4,0,1,4,5000,78.4,Rural,1
71.97,67.5,-13.29,2.913,34.32,31.83,1,0,0,0,6,75000,69.8,Rural,0
34.33,37.38,28.55,-2.351,25.67,27.11,1,1,0,1,12,5000,42.2,Semi-Urban,1
20.0,23.34,27.41,-2.884,11.04,13.06,1,0,0,1,12,5000,74.8,Urban,1
68.13,73.23,21.21,-2.44,26.29,25.5,1,0,0,1,9,30000,93.8,Urban,0
100.0,100.0,-8.0,0.828,30.83,32.97,1,0,0,1,10,30000,69.4,Semi-Urban,0
74.9,73.08,-4.27,0.21,29.66,38.32,1,0,0,0,7,75000,82.0,Rural,0
38.32,45.67,12.81,-2.609,14.01,14.33,1,0,0,1,5,50000,76.6,Urban,1
59.39,65.66,27.66,-3.583,13.6,15.49,1,0,0,1,9,18000,72.2,Semi-Urban,1
50.96,50.79,-4.8,0.987,18.18,22.18,1,0,0,0,7,75000,69.0,Rural,0
20.0,22.19,27.24,-2.101,16.9,15.8,1,1,1,1,14,5000,40.3,Rural,1
100.0,100.0,-9.2,0.605,24.25,19.53,1,0,0,0,14,10000,49.4,Rural,0
76.8,71.69,-32.77,3.126,35.37,36.03,1,0,0,0,11,10000,62.0,Rural,0
51.72,50.16,-14.8,1.43,28.41,31.4,1,3,0,1,11,50000,44.5,Urban,1
99.99,98.26,-5.99,1.878,37.8,34.48,1,2,0,0,4,50000,70.4,Urban,0
49.24,56.9,20.41,-2.53,28.28,31.47,1,4,0,0,8,75000,50.2,Semi-Urban,1
51.8,50.98,-14.69,1.393,24.1,25.97,1,0,0,0,11,10000,91.2,Semi-Urban,0
76.82,78.89,9.36,-2.336,27.95,30.18,1,1,1,0,5,75000,77.6,Rural,0
100.0,100.0,-13.43,0.862,29.4,29.29,1,0,0,1,16,18000,83.1,Rural,0
69.12,68.75,-2.74,0.475,26.46,23.77,1,3,0,0,7,50000,75.5,Urban,0
66.81,69.82,12.75,-2.655,30.92,24.08,1,3,1,1,6,5000,84.1,Semi-Urban,1
66.66,68.91,24.1,-2.102,21.36,21.13,1,1,0,0,13,30000,95.8,Semi-Urban,0
41.78,48.51,22.89,-1.393,23.36,20.99,1,0,0,1,16,5000,62.9,Urban,1
30.49,32.37,30.2,-3.882,24.05,25.15,1,0,0,1,10,18000,84.7,Urban,1
28.48,26.28,14.24,-1.9,28.36,28.65,1,1,0,1,11,18000,55.7,Rural,1
49.23,48.07,-1.03,0.516,23.85,27.85,1,0,0,1,3,18000,53.9,Rural,0
32.42,35.94,21.49,-2.593,22.06,17.85,1,2,1,0,10,75000,54.6,Rural,1
27.88,33.68,13.56,-4.582,13.46,11.79,1,4,0,1,4,5000,68.9,Semi-Urban,1
27.59,33.58,22.75,-4.182,30.16,26.68,1,1,0,0,6,10000,53.9,Rural,1
95.3,94.87,-12.78,1.946,34.76,36.47,1,0,0,1,10,30000,98.4,Urban,0
97.06,96.21,-1.45,0.371,30.3,33.41,1,2,0,0,7,30000,92.6,Rural,0
56.33,53.78,-4.89,2.446,26.83,25.27,1,1,0,1,3,30000,50.7,Semi-Urban,0
51.08,54.39,12.75,-1.419,28.85,27.88,1,2,0,0,9,18000,47.2,Semi-Urban,0
44.49,42.2,-3.32,1.66,28.57,21.06,1,0,0,0,3,50000,41.8,Rural,0
42.75,40.79,-3.93,3.926,0.0,0.0,0,0,0,0,2,10000,72.8,Urban,0
67.63,65.14,-26.61,2.574,40.0,37.29,1,0,0,0,12,50000,56.9,Rural,0
30.26,38.7,22.5,-1.238,26.68,22.91,1,0,0,1,13,30000,97.1,Rural,1
97.94,92.56,-14.24,2.674,30.01,29.86,1,0,0,1,6,5000,96.1,Semi-Urban,0
56.2,63.27,22.77,-3.08,26.79,24.83,1,0,0,0,8,75000,60.3,Urban,0
100.0,98.1,-8.33,1.07,28.24,24.54,1,0,0,1,7,5000,93.7,Rural,0
89.81,86.37,-9.84,0.92,34.55,38.29,1,1,0,0,12,18000,53.4,Urban,0
76.73,73.27,-28.7,2.093,28.0,27.32,1,0,0,1,15,75000,76.1,Semi-Urban,0
100.0,99.98,-16.83,1.604,23.77,27.08,1,0,0,1,12,5000,69.3,Semi-Urban,0
21.65,31.59,27.64,-4.061,16.02,15.6,1,0,0,1,7,18000,93.5,Urban,1
20.3,21.59,13.71,-1.955,26.77,24.22,1,3,1,0,9,18000,88.6,Semi-Urban,1
20.0,21.25,25.1,-1.916,12.14,14.65,1,0,0,1,15,10000,54.1,Rural,1
64.48,63.97,-14.43,0.998,37.98,36.11,1,0,0,0,15,18000,49.8,Rural,0
91.2,84.37,-31.97,2.197,37.92,37.18,1,0,0,1,14,10000,74.1,Urban,0
38.27,40.91,12.65,-2.232,31.78,28.53,1,2,0,1,7,30000,68.0,Rural,1
89.88,83.87,-17.5,2.787,21.28,22.53,1,1,0,0,7,30000,41.5,Rural,0
63.66,66.58,17.73,-2.248,22.12,20.84,1,4,1,0,8,5000,68.4,Rural,1
89.18,90.0,1.65,-1.65,0.0,0.0,0,0,0,0,2,18000,96.5,Urban,0
20.0,20.11,19.77,-1.446,11.5,9.2,1,0,0,0,15,18000,91.3,Semi-Urban,1
51.39,51.82,-16.06,1.579,31.3,38.51,1,0,0,1,13,30000,54.3,Rural,0
84.72,84.1,-0.47,0.235,33.86,30.96,1,0,0,0,3,50000,61.1,Rural,0
85.28,86.89,-2.9,0.15,36.71,29.6,1,1,0,0,8,30000,60.9,Semi-Urban,0
25.21,30.04,16.83,-3.428,16.26,17.77,1,2,0,0,6,50000,53.8,Urban,1
67.37,66.05,-17.75,1.173,31.66,37.21,1,0,0,0,16,30000,91.6,Rural,0
100.0,100.0,-10.58,1.095,32.83,29.96,1,1,0,1,12,18000,86.3,Rural,0
66.35,64.67,-3.95,0.325,31.14,26.56,1,0,0,0,10,18000,69.9,Urban,0
97.52,95.6,-8.29,0.8,21.96,25.46,1,3,0,0,12,75000,53.2,Semi-Urban,0
26.58,32.44,40.33,-2.623,28.07,26.58,1,3,0,1,16,30000,77.1,Rural,1
99.73,94.49,-16.65,3.249,35.35,33.86,1,1,0,0,6,5000,88.6,Semi-Urban,0
48.86,48.54,4.19,-0.52,18.39,21.15,1,0,0,0,6,50000,93.9,Rural,0
100.0,100.0,-22.2,1.499,26.37,29.59,1,4,0,0,16,75000,80.8,Semi-Urban,0
38.99,46.15,35.86,-2.877,15.66,13.72,1,3,0,1,13,10000,46.2,Urban,1
60.82,57.06,-7.14,2.481,21.72,21.37,1,0,0,1,4,10000,70.0,Urban,0
43.36,49.73,16.15,-3.235,15.95,20.11,1,0,0,0,7,30000,89.7,Rural,1
56.49,55.43,-8.29,1.965,20.79,21.8,1,0,0,0,5,75000,63.5,Rural,0
61.75,69.99,12.27,-3.842,23.94,24.87,1,0,0,1,4,10000,94.5,Semi-Urban,1
99.87,95.41,-15.3,2.013,29.94,26.69,1,2,0,0,8,18000,79.1,Urban,0
87.66,88.16,-2.63,0.486,32.96,32.03,1,0,0,0,6,75000,44.9,Rural,0
75.94,79.49,8.26,-4.132,17.2,20.01,1,2,1,0,3,50000,40.6,Urban,1
58.91,59.03,16.75,-3.205,11.6,13.28,1,0,0,0,6,50000,48.6,Urban,1
52.57,53.99,32.55,-2.775,23.05,20.61,1,4,0,1,13,30000,45.0,Rural,1
73.73,79.14,21.38,-2.147,14.08,17.69,1,0,0,1,10,5000,41.9,Rural,1
58.88,61.05,17.33,-0.921,6.66,9.65,1,0,0,0,16,10000,74.6,Rural,1
62.27,58.89,-13.57,1.025,29.4,31.59,1,0,0,1,15,30000,79.8,Semi-Urban,0
74.99,69.44,-15.28,3.068,26.44,23.36,1,0,0,0,6,30000,92.0,Urban,0
100.0,100.0,-10.67,0.669,33.86,36.98,1,0,0,1,14,18000,76.7,Rural,0
85.98,91.93,13.8,-4.585,19.6,16.6,1,2,1,1,4,10000,44.6,Semi-Urban,1
43.71,48.55,30.03,-3.147,19.29,21.43,1,0,0,1,10,5000,65.1,Urban,1
55.39,64.11,35.48,-2.268,22.93,24.9,1,1,0,0,15,75000,92.8,Urban,1
78.0,73.11,-30.23,2.588,35.2,34.23,1,3,0,0,12,75000,72.3,Rural,0
100.0,100.0,-5.37,0.405,38.72,32.31,1,0,0,0,10,30000,74.2,Semi-Urban,0
75.71,75.09,-4.17,1.067,29.11,31.49,1,1,0,1,7,30000,81.2,Rural,0
78.45,78.07,-6.37,1.091,37.67,36.79,1,1,0,0,6,50000,66.1,Rural,0
69.52,68.88,-15.39,1.197,37.03,31.66,1,0,0,1,14,30000,84.6,Urban,0
88.32,87.72,-8.82,1.001,40.0,40.0,1,1,0,0,12,50000,45.8,Semi-Urban,0
53.1,50.08,-5.88,2.941,28.33,30.19,1,0,0,1,3,10000,48.3,Semi-Urban,0
46.87,53.02,17.05,-2.925,22.01,22.52,1,2,1,1,6,10000,61.5,Rural,1
21.62,25.82,39.78,-3.246,12.77,13.33,1,1,1,0,16,50000,51.1,Rural,1
100.0,99.5,-6.82,0.641,31.54,34.94,1,3,0,0,14,75000,86.3,Semi-Urban,0
93.3,89.3,-32.21,2.81,29.1,35.61,1,1,0,0,12,30000,97.0,Urban,0
88.02,88.84,3.43,-1.148,14.84,13.19,1,2,1,0,4,10000,49.6,Rural,1
87.73,80.75,-32.64,3.01,33.98,39.14,1,0,0,0,11,30000,70.6,Rural,0
94.41,89.36,-6.54,2.133,32.15,35.67,1,0,0,1,4,30000,91.3,Urban,0
20.0,20.0,19.01,-1.999,14.05,10.27,1,0,0,0,12,10000,78.4,Rural,1
78.17,77.02,-6.5,1.319,32.67,34.57,1,4,0,0,9,10000,84.4,Rural,0
84.17,79.34,-30.25,2.319,28.72,30.58,1,0,0,1,14,5000,98.5,Semi-Urban,0
23.77,34.61,44.83,-3.082,27.68,28.48,1,1,0,1,13,5000,98.3,Semi-Urban,1
20.0,20.0,29.19,-2.259,13.08,15.6,1,1,1,0,15,30000,45.2,Urban,1
44.8,44.01,-0.67,0.337,9.99,11.73,1,0,0,1,3,5000,95.1,Semi-Urban,1
100.0,100.0,-22.97,1.99,35.65,28.06,1,0,0,0,14,18000,56.2,Semi-Urban,0
85.52,81.26,-19.28,1.748,23.01,25.96,1,0,0,0,12,75000,61.0,Urban,0
100.0,100.0,-11.11,1.347,30.06,31.1,1,0,0,0,8,75000,71.2,Urban,0
100.0,100.0,-10.15,0.688,24.23,26.68,1,0,0,1,15,30000,86.6,Semi-Urban,0
55.87,61.08,9.77,-4.884,12.52,14.24,1,2,1,1,3,10000,56.2,Urban,1
100.0,100.0,-15.38,1.144,32.2,39.76,1,0,0,1,14,30000,87.5,Semi-Urban,0
71.27,72.58,-19.11,1.4,30.37,34.44,1,2,0,0,15,10000,45.5,Semi-Urban,0
99.67,95.76,-26.63,2.49,30.85,27.32,1,2,0,0,12,10000,72.8,Urban,0
61.33,57.38,-14.27,3.618,26.98,25.02,1,1,0,0,5,18000,47.3,Rural,0
54.33,50.46,-10.96,2.873,21.49,18.49,1,0,0,1,5,30000,93.1,Semi-Urban,0
100.0,100.0,-7.09,0.845,21.25,22.12,1,0,0,1,9,5000,98.1,Urban,0
100.0,98.7,-24.84,1.682,37.68,33.96,1,0,0,1,16,5000,65.9,Urban,0
20.0,21.37,24.0,-2.191,22.67,20.55,1,1,0,0,11,50000,93.6,Urban,1
31.03,31.71,8.72,-1.165,17.38,14.68,1,0,0,1,11,30000,64.1,Semi-Urban,0
100.0,99.14,-13.17,1.778,20.86,20.93,1,1,0,1,9,10000,98.3,Semi-Urban,0
23.96,28.25,28.7,-2.655,22.72,22.25,1,0,0,1,10,50000,44.6,Rural,1
27.34,29.86,11.78,-2.195,19.46,19.75,1,0,0,0,7,75000,65.7,Semi-Urban,1
89.79,89.68,0.22,0.056,33.82,40.0,1,4,0,1,4,5000,69.5,Semi-Urban,1
25.54,26.88,12.39,-2.131,23.2,26.96,1,0,0,0,8,50000,89.0,Rural,0
77.03,77.21,-8.99,1.1,25.54,28.18,1,0,0,1,9,75000,50.4,Urban,0
69.4,64.98,-27.11,2.389,25.1,28.34,1,2,0,1,11,10000,47.4,Semi-Urban,1
88.66,84.31,-24.37,2.421,32.82,40.0,1,0,0,0,11,50000,74.1,Rural,0
44.99,44.19,-4.65,1.659,15.27,22.16,1,1,0,1,5,5000,96.8,Urban,1
52.68,50.15,25.06,-1.822,21.57,23.27,1,0,0,1,14,50000,74.9,Semi-Urban,1
55.09,51.24,-5.01,1.7,26.04,26.84,1,0,0,1,5,5000,49.0,Urban,0
80.33,77.15,-11.45,0.98,22.48,17.39,1,0,0,1,10,30000,75.2,Urban,0
35.17,37.95,5.56,-5.561,0.0,0.0,0,1,0,0,2,10000,88.6,Rural,1
35.96,38.92,18.1,-2.167,22.39,22.83,1,2,1,0,9,18000,42.7,Rural,1
70.84,75.18,21.53,-2.826,30.36,30.65,1,0,0,0,9,50000,68.8,Rural,0
56.15,55.0,-16.11,1.346,34.27,33.94,1,0,0,1,13,75000,76.7,Rural,0
98.29,98.05,-8.06,1.47,21.28,22.8,1,0,0,0,9,75000,55.2,Semi-Urban,0
43.92,40.64,-6.16,3.082,21.91,24.03,1,0,0,1,3,50000,73.3,Urban,0
43.88,40.71,-5.38,2.689,35.67,30.74,1,1,0,1,3,5000,84.2,Semi-Urban,1
47.39,48.1,20.31,-2.284,12.06,22.02,1,0,0,1,12,18000,50.5,Semi-Urban,1
90.95,88.62,-4.66,4.658,0.0,0.0,0,0,0,1,2,75000,97.5,Urban,0
56.77,51.57,-8.89,2.025,34.88,31.6,1,0,0,0,5,10000,75.5,Rural,0
75.43,80.62,13.79,-1.907,17.68,16.6,1,1,1,0,7,30000,92.2,Urban,0
87.08,85.6,-8.96,0.869,25.11,22.31,1,0,0,1,11,10000,45.6,Urban,0
92.99,89.35,-30.17,3.075,25.31,25.44,1,0,0,1,11,18000,84.0,Urban,0
81.52,80.82,-1.54,0.769,30.22,28.71,1,0,0,1,3,18000,66.3,Urban,0
20.0,20.0,12.76,-1.293,18.32,17.68,1,0,0,0,13,18000,60.5,Semi-Urban,1
100.0,98.7,-30.66,2.592,34.62,38.25,1,0,0,1,15,75000,98.6,Rural,0
55.77,53.04,-17.53,3.046,28.4,23.95,1,0,0,0,7,50000,94.1,Urban,0
26.51,31.6,23.61,-3.387,22.9,18.37,1,0,0,0,8,18000,72.0,Semi-Urban,1
100.0,98.58,-17.13,1.216,22.9,22.16,1,2,0,0,15,75000,94.0,Rural,0
45.13,43.52,1.13,-0.563,18.87,18.13,1,0,0,0,3,30000,66.1,Rural,0
71.2,71.43,-3.51,0.547,28.88,30.09,1,3,0,1,7,30000,81.6,Rural,0
71.34,78.49,12.43,-6.213,23.08,24.33,1,0,0,1,3,30000,70.7,Semi-Urban,1
20.0,22.62,32.25,-3.231,12.49,9.27,1,0,0,1,11,10000,69.2,Urban,1
96.84,93.63,-5.83,0.541,37.54,39.34,1,1,0,0,13,10000,41.9,Urban,0
60.04,65.6,11.65,-3.193,27.81,27.13,1,2,1,0,4,18000,97.4,Rural,1
55.4,52.4,-4.2,1.295,40.0,39.96,1,1,0,1,4,10000,59.4,Rural,1
49.69,50.53,1.69,-1.686,0.0,0.0,0,2,1,1,2,75000,71.9,Semi-Urban,1
64.93,64.29,-14.88,1.055,31.86,29.56,1,2,0,0,14,30000,66.8,Urban,0
27.34,31.09,15.28,-2.742,26.71,25.57,1,0,0,1,7,10000,41.1,Rural,1
78.05,77.61,-0.88,0.879,0.0,0.0,0,3,1,1,2,5000,46.9,Rural,1
84.18,82.47,-32.15,2.564,23.54,24.9,1,0,0,0,14,30000,53.1,Rural,0
76.79,74.97,-18.05,1.699,32.61,35.91,1,0,0,1,13,10000,50.5,Urban,0
93.76,91.48,-43.4,2.838,34.26,36.25,1,4,0,1,16,5000,92.1,Semi-Urban,1
64.95,70.27,15.98,-1.402,30.06,27.37,1,1,0,1,9,10000,42.6,Semi-Urban,1
78.06,81.6,-6.67,0.822,19.78,24.61,1,0,0,1,14,50000,63.8,Semi-Urban,0
44.1,43.75,2.14,-1.261,11.75,13.81,1,0,0,1,4,5000,56.7,Semi-Urban,1
99.25,95.11,-22.84,1.551,33.74,34.27,1,0,0,0,14,75000,48.4,Semi-Urban,0
26.81,30.48,31.66,-3.629,7.72,12.72,1,0,0,1,11,50000,40.0,Urban,1
36.1,37.96,1.73,-0.864,31.74,27.61,1,0,0,1,3,5000,98.2,Urban,1
37.84,35.86,-3.96,3.955,0.0,0.0,0,0,0,1,2,50000,50.7,Urban,0
81.32,80.0,-4.97,1.204,27.96,31.63,1,0,0,0,5,18000,41.5,Semi-Urban,0
49.03,57.07,27.59,-2.313,19.09,23.79,1,2,1,1,9,10000,69.0,Rural,1
60.19,60.4,1.12,-0.559,30.46,33.4,1,1,0,0,3,50000,70.9,Urban,0
63.25,56.66,-28.38,1.76,24.81,21.1,1,1,0,0,14,50000,62.2,Rural,0
36.26,38.0,-0.18,0.09,20.35,13.84,1,4,0,1,3,18000,83.3,Rural,1
59.1,65.13,27.25,-3.013,28.07,25.75,1,0,0,1,11,10000,98.1,Rural,1
69.26,64.88,-25.56,2.75,34.66,34.02,1,1,0,0,10,50000,43.9,Urban,0
29.94,34.36,24.44,-2.831,28.28,22.1,1,0,0,0,9,50000,88.1,Urban,0
66.15,66.94,1.59,-1.585,0.0,0.0,0,1,0,1,2,10000,44.8,Rural,0
23.24,28.51,30.5,-2.799,18.27,17.24,1,0,0,0,12,50000,65.5,Urban,1
24.64,28.09,32.29,-1.941,28.36,23.88,1,1,1,0,15,5000,88.1,Semi-Urban,1
20.0,20.0,25.36,-1.713,30.76,25.74,1,1,1,0,15,75000,75.5,Urban,1
59.45,52.51,-17.13,2.883,21.14,24.04,1,0,0,0,6,10000,94.0,Rural,0
100.0,100.0,-7.17,0.744,34.22,39.72,1,1,0,0,14,30000,44.2,Rural,0
35.83,45.11,18.99,-3.401,12.02,12.38,1,0,0,1,6,10000,46.4,Semi-Urban,1
54.29,53.1,-10.45,1.941,40.0,38.22,1,0,0,1,7,10000,81.1,Rural,1
49.17,50.11,-12.07,1.541,35.06,32.16,1,0,0,0,11,5000,78.9,Rural,0
71.7,75.73,9.72,-0.889,11.86,10.94,1,2,0,1,8,18000,42.5,Semi-Urban,1
24.72,29.9,41.88,-3.137,14.15,16.95,1,0,0,0,14,18000,66.8,Semi-Urban,1
37.13,37.3,-2.18,1.088,30.48,24.59,1,0,0,0,3,30000,78.1,Semi-Urban,0
100.0,98.84,-21.2,2.536,33.94,37.83,1,0,0,1,11,5000,55.3,Semi-Urban,0
86.31,86.25,-0.11,0.108,0.0,0.0,0,0,0,0,2,18000,86.7,Rural,0
39.54,41.35,14.72,-1.984,12.2,13.27,1,0,0,1,8,18000,53.5,Rural,1
20.0,21.34,32.01,-2.461,27.46,26.83,1,0,0,1,15,18000,57.7,Rural,1
97.86,89.39,-42.81,2.681,27.15,27.69,1,0,0,1,16,18000,49.4,Urban,0
81.24,77.03,-5.37,2.683,37.86,31.59,1,0,0,1,3,18000,57.2,Semi-Urban,0
80.42,81.94,-14.76,2.05,40.0,35.07,1,1,0,1,10,5000,48.9,Rural,0
43.74,42.32,-6.0,3.001,39.51,37.88,1,0,0,1,3,30000,86.1,Semi-Urban,0
92.91,91.02,-7.48,0.941,20.61,19.66,1,0,0,0,9,30000,80.7,Urban,0
100.0,100.0,-8.81,0.803,23.79,25.23,1,0,0,0,13,10000,45.3,Urban,0
20.0,22.93,25.95,-1.435,11.2,11.15,1,0,0,0,16,18000,79.0,Rural,1
21.13,21.56,24.42,-2.645,25.21,16.93,1,0,0,0,12,10000,79.9,Semi-Urban,1
88.18,87.04,-12.39,0.79,27.14,22.95,1,0,0,0,15,30000,94.6,Urban,0
84.13,82.67,-3.6,1.801,36.5,35.76,1,3,0,0,3,18000,45.9,Rural,0
81.42,87.91,14.67,-3.531,21.02,20.67,1,1,1,0,5,18000,55.6,Rural,1
69.2,65.58,-16.68,2.152,20.27,30.67,1,1,0,0,8,10000,93.2,Urban,0
88.77,85.39,-20.55,2.412,26.7,25.58,1,1,0,0,9,30000,66.3,Rural,0
64.59,65.48,33.19,-2.399,17.96,17.72,1,1,0,0,13,30000,98.5,Rural,1
20.0,20.0,36.85,-2.909,15.48,25.1,1,0,0,0,15,30000,96.5,Semi-Urban,1
47.27,47.05,-0.95,0.448,24.94,24.15,1,4,0,0,10,10000,54.6,Rural,1
44.96,43.8,-2.33,2.327,0.0,0.0,0,0,0,0,2,10000,59.1,Semi-Urban,0
37.72,40.5,-6.3,1.265,37.36,36.14,1,2,0,1,5,18000,71.8,Rural,1
41.05,49.99,28.5,-4.083,12.89,14.35,1,0,0,0,7,30000,56.4,Semi-Urban,1
50.36,54.84,37.61,-2.925,26.31,34.49,1,0,0,1,13,5000,46.3,Semi-Urban,1
54.89,52.82,-8.39,0.435,19.84,20.79,1,0,0,0,16,10000,85.5,Rural,0
95.04,91.82,-14.56,1.87,22.07,26.45,1,0,0,1,9,10000,62.8,Rural,0
92.97,89.14,-26.86,2.998,34.1,37.99,1,1,0,0,10,10000,54.4,Rural,0
68.26,67.56,2.08,-0.708,27.6,30.02,1,1,1,1,5,30000,54.2,Rural,0
60.18,57.82,-2.04,1.02,39.94,33.09,1,0,0,0,3,5000,81.6,Rural,0
92.42,86.05,-28.68,3.167,22.6,27.31,1,0,0,1,10,18000,80.6,Urban,0
56.11,51.48,-6.77,2.576,14.24,21.88,1,0,0,0,4,30000,67.5,Semi-Urban,0
44.81,47.53,28.78,-2.429,21.98,22.04,1,3,0,1,15,5000,88.0,Urban,1
78.94,74.85,-16.45,2.382,37.21,39.53,1,0,0,1,8,18000,53.3,Urban,0
57.04,63.57,11.44,-1.569,17.39,18.1,1,0,0,1,8,5000,50.9,Urban,1
100.0,100.0,-10.77,1.107,19.46,21.6,1,4,0,0,10,50000,47.7,Rural,0
53.64,53.28,3.9,-0.914,16.67,12.86,1,3,1,1,5,30000,45.0,Urban,1
84.15,81.9,-34.2,2.607,40.0,39.04,1,2,0,0,15,10000,96.5,Semi-Urban,0
72.2,70.56,-11.78,0.681,19.15,17.74,1,1,0,1,16,10000,74.3,Urban,0
69.74,71.68,11.27,-2.655,22.69,18.07,1,0,0,0,6,10000,44.6,Rural,0
70.21,66.72,-8.42,1.241,26.17,21.76,1,0,0,0,7,18000,73.4,Urban,0
25.88,26.34,37.34,-3.331,22.55,21.05,1,0,0,0,14,10000,60.2,Semi-Urban,1
40.88,44.88,17.04,-1.928,30.14,28.87,1,2,0,1,10,10000,55.1,Rural,1
79.27,80.3,13.0,-1.714,23.55,22.5,1,0,0,1,10,30000,75.8,Rural,0
67.28,74.09,15.42,-3.29,14.07,20.16,1,0,0,0,5,30000,60.5,Rural,1
48.16,51.43,30.33,-2.36,3.58,11.19,1,0,0,0,14,18000,63.3,Semi-Urban,1
20.0,20.0,26.68,-1.272,10.75,8.12,1,4,1,0,16,5000,54.0,Rural,1
20.0,20.0,29.72,-2.438,13.57,16.08,1,2,0,0,14,10000,57.7,Rural,1
68.99,63.35,-21.51,1.518,33.89,33.31,1,0,0,1,14,10000,88.8,Urban,0
78.17,75.64,-17.78,1.431,31.01,34.21,1,0,0,0,14,50000,79.3,Semi-Urban,0
89.82,84.13,-8.26,2.678,30.52,35.62,1,0,0,0,4,30000,90.9,Rural,0
81.61,81.36,-0.51,0.507,0.0,0.0,0,2,0,1,2,30000,81.6,Urban,0
34.87,37.15,36.05,-3.212,20.94,23.87,1,2,0,1,14,30000,74.3,Semi-Urban,1
42.29,41.91,7.68,-1.928,10.78,13.03,1,0,0,1,5,50000,43.8,Semi-Urban,1
20.0,27.56,23.45,-4.17,22.86,24.08,1,0,0,1,7,5000,41.5,Rural,1
54.07,54.12,-15.17,2.122,25.7,27.28,1,1,0,0,9,50000,85.4,Semi-Urban,0
20.0,24.21,17.92,-3.139,17.25,18.0,1,1,0,0,7,10000,45.0,Rural,1
31.52,30.63,19.34,-2.066,24.65,24.22,1,1,0,0,11,30000,43.4,Semi-Urban,1
53.01,50.12,-19.0,1.754,22.91,23.53,1,0,0,0,11,10000,78.1,Rural,0
67.94,74.29,23.81,-2.355,23.91,25.47,1,0,0,0,10,18000,68.3,Rural,0
66.06,62.48,-8.67,0.951,34.65,40.0,1,3,0,1,10,5000,59.5,Urban,1
73.12,67.21,-30.79,2.37,38.77,36.27,1,1,0,0,13,18000,74.5,Rural,0
27.29,28.81,15.88,-1.32,23.09,19.32,1,1,0,0,14,5000,88.8,Urban,1
76.95,75.25,-7.07,0.958,28.32,25.83,1,0,0,0,10,50000,81.6,Urban,0
41.53,41.57,0.08,-0.082,0.0,0.0,0,0,0,0,2,10000,67.7,Semi-Urban,0
57.26,54.25,-8.18,1.901,26.7,27.81,1,0,0,0,5,18000,54.2,Rural,0
62.75,56.83,-17.91,2.552,23.52,27.0,1,2,0,1,8,30000,88.8,Rural,0
58.77,58.65,2.14,-1.072,21.83,27.58,1,3,1,0,3,30000,96.4,Rural,1
100.0,100.0,-8.91,0.627,27.8,22.27,1,1,0,0,10,30000,73.4,Rural,0
23.71,28.72,45.15,-3.131,19.9,24.18,1,2,0,0,15,50000,73.6,Rural,1
68.53,73.67,14.3,-1.359,24.7,26.03,1,0,0,0,9,5000,79.5,Rural,0
63.71,62.06,-23.37,1.84,25.67,27.33,1,1,0,1,15,50000,96.2,Rural,0
62.98,62.67,-0.87,0.437,20.35,28.92,1,4,0,0,3,75000,50.5,Rural,0
73.51,68.5,-25.17,2.665,27.43,33.87,1,2,0,0,10,5000,46.2,Urban,0
88.59,87.71,-14.03,1.107,22.95,25.84,1,3,0,1,14,5000,53.1,Urban,1
59.63,60.64,14.9,-1.63,24.45,25.03,1,0,0,1,11,18000,43.8,Rural,1
21.53,24.61,41.62,-2.83,21.81,23.24,1,0,0,1,16,30000,82.5,Urban,1
41.77,41.85,0.07,-0.034,14.07,16.43,1,1,0,0,3,75000,93.5,Urban,1
100.0,100.0,-16.02,0.839,24.52,30.66,1,0,0,0,16,10000,56.2,Rural,0
73.36,70.64,-10.99,1.3,34.92,33.58,1,4,0,0,10,10000,81.5,Rural,0
48.22,55.03,46.34,-2.867,17.81,16.07,1,0,0,0,16,30000,98.2,Semi-Urban,1
84.14,83.53,-1.81,0.172,19.16,22.65,1,0,0,0,5,18000,43.6,Rural,0
80.28,85.64,17.61,-3.67,11.77,9.29,1,2,0,1,5,5000,96.3,Rural,1
64.71,67.0,20.24,-2.595,17.78,17.39,1,0,0,1,9,50000,92.1,Semi-Urban,1
85.1,82.02,-25.09,2.327,33.82,36.14,1,0,0,0,13,75000,71.9,Semi-Urban,0
92.93,91.57,-28.05,2.193,18.07,23.81,1,0,0,1,15,30000,55.2,Rural,0
79.87,75.23,-16.11,2.362,37.19,36.54,1,0,0,1,7,30000,82.6,Rural,0
44.45,42.71,-5.77,0.931,18.24,18.34,1,0,0,1,6,30000,79.7,Semi-Urban,0
68.14,65.83,8.71,-1.219,20.01,18.26,1,0,0,1,11,5000,81.5,Urban,0
25.3,29.68,18.41,-2.07,17.88,14.57,1,0,0,0,9,10000,58.7,Urban,1
71.41,78.71,15.09,-3.772,18.83,24.05,1,0,0,0,6,50000,92.4,Urban,0
85.74,80.58,-37.24,2.189,28.71,32.31,1,0,0,0,16,30000,73.7,Semi-Urban,0
29.28,31.09,14.9,-1.618,23.88,24.2,1,1,1,0,11,50000,77.9,Semi-Urban,1
79.24,77.71,12.41,-1.349,11.23,18.13,1,0,0,0,12,30000,66.7,Semi-Urban,0
20.0,20.0,19.76,-1.583,14.7,11.91,1,2,1,1,14,10000,77.7,Urban,1
72.45,72.26,-0.76,0.382,22.1,21.69,1,1,0,0,3,30000,56.2,Rural,0
45.27,42.42,-9.4,2.231,31.58,33.84,1,0,0,0,5,75000,79.0,Urban,0
99.32,96.64,-5.14,1.955,22.0,25.3,1,1,0,1,4,10000,58.7,Semi-Urban,0
68.5,70.29,7.99,-1.263,28.04,23.44,1,3,0,1,8,10000,62.7,Urban,0
60.24,58.61,8.29,-1.051,32.27,28.32,1,1,1,0,12,10000,90.6,Semi-Urban,0
57.52,62.72,28.0,-3.135,24.47,25.9,1,0,0,0,10,50000,80.5,Urban,0
33.25,40.2,16.48,-4.89,23.3,29.27,1,1,1,1,5,18000,93.3,Rural,1
68.92,71.85,5.85,-5.854,0.0,0.0,0,0,0,1,2,75000,94.6,Rural,1
78.42,74.13,-20.0,2.577,37.26,40.0,1,3,0,0,8,5000,66.7,Semi-Urban,0
61.02,57.68,-12.5,1.871,16.68,20.68,1,1,0,1,8,18000,76.6,Rural,0
100.0,99.28,-21.75,1.632,38.02,39.55,1,1,0,0,14,5000,47.0,Urban,0
20.0,20.0,28.99,-2.899,23.6,24.56,1,0,0,1,12,10000,98.3,Semi-Urban,1
40.6,46.73,28.09,-2.488,8.94,7.66,1,0,0,1,10,5000,69.8,Urban,1
47.09,50.78,-2.7,0.846,38.6,35.61,1,0,0,0,9,5000,64.9,Rural,0
94.15,92.24,-11.94,1.13,31.84,31.86,1,3,0,0,13,18000,63.6,Semi-Urban,0
38.79,37.22,-0.61,0.246,28.84,26.35,1,3,0,0,4,50000,89.9,Semi-Urban,0
22.48,27.65,25.55,-1.568,22.05,22.86,1,1,0,0,15,18000,55.0,Semi-Urban,1
37.56,41.83,18.31,-1.626,17.09,18.22,1,0,0,0,10,30000,44.9,Urban,1
88.37,87.21,-10.56,0.888,30.74,30.65,1,0,0,0,16,10000,61.3,Semi-Urban,0
58.28,58.06,26.27,-1.916,18.02,23.0,1,0,0,0,16,5000,62.2,Rural,1
58.47,59.02,5.3,-0.96,20.09,14.28,1,3,1,0,10,18000,64.5,Semi-Urban,1
37.72,37.48,0.87,-0.602,26.64,27.01,1,0,0,0,7,50000,93.8,Urban,0
86.98,83.64,-5.97,0.984,28.39,30.39,1,3,0,1,5,75000,67.2,Semi-Urban,0
69.17,74.33,18.63,-3.154,21.47,22.89,1,0,0,0,8,75000,74.8,Rural,0
47.99,49.51,23.22,-2.081,33.53,24.86,1,0,0,1,11,10000,80.4,Rural,1
50.1,56.07,9.51,-2.529,27.7,27.39,1,0,0,0,5,50000,57.0,Semi-Urban,0
56.92,49.56,-15.36,2.003,35.53,34.42,1,0,0,1,7,30000,68.1,Rural,0
67.73,75.34,14.34,-4.27,15.13,26.83,1,2,0,0,4,50000,54.7,Urban,1
36.24,40.51,8.56,-2.837,18.79,14.67,1,0,0,0,4,30000,71.1,Rural,1
63.62,57.79,-10.46,1.899,34.82,34.45,1,0,0,1,5,18000,63.0,Semi-Urban,0
83.25,76.05,-16.74,2.506,28.98,29.06,1,0,0,1,7,30000,60.0,Rural,0
77.31,74.72,-5.18,5.182,0.0,0.0,0,0,0,1,2,75000,47.0,Urban,0
58.66,61.15,-2.09,0.586,23.84,27.32,1,0,0,0,5,75000,59.1,Semi-Urban,0
62.94,60.34,-3.9,1.202,33.9,39.85,1,1,0,1,5,18000,94.4,Urban,0
46.12,42.12,-13.98,1.268,37.93,34.56,1,2,0,0,9,75000,48.8,Rural,1
100.0,100.0,-22.25,1.705,36.47,32.28,1,1,0,0,14,10000,68.6,Rural,0
49.41,55.34,12.98,-4.657,18.27,20.82,1,1,0,1,4,10000,69.5,Urban,1
39.03,48.0,26.94,-2.734,15.44,18.01,1,2,0,1,10,30000,47.0,Rural,1
83.95,84.98,0.93,0.053,14.1,11.23,1,1,0,0,4,5000,82.8,Semi-Urban,0
43.42,50.76,11.56,-3.982,28.0,21.92,1,0,0,0,4,18000,65.2,Rural,1
83.77,84.78,-8.65,1.384,31.38,29.68,1,1,0,0,7,30000,44.3,Rural,0
87.1,82.51,-38.41,2.659,28.99,31.98,1,1,0,1,14,18000,52.5,Urban,0
92.34,93.55,-6.94,0.7,18.84,22.19,1,1,0,1,16,18000,81.7,Rural,0
41.67,47.1,11.11,-5.557,22.12,22.9,1,0,0,0,3,18000,53.4,Rural,1
50.76,49.47,-2.59,2.586,0.0,0.0,0,0,0,1,2,30000,83.1,Urban,0
45.9,54.66,23.42,-2.115,13.77,17.76,1,0,0,0,11,50000,46.1,Urban,1
67.99,63.69,-7.17,2.543,23.25,28.26,1,2,0,0,4,18000,82.3,Semi-Urban,0
43.31,40.13,-7.17,1.894,31.67,30.57,1,3,0,1,4,5000,86.5,Urban,1
86.76,83.19,-10.18,1.671,28.85,33.26,1,1,0,1,7,10000,86.2,Urban,0
20.0,20.0,25.23,-2.171,13.6,13.03,1,0,0,1,13,30000,72.5,Urban,1
59.71,57.01,-5.94,0.786,33.28,35.34,1,0,0,0,11,75000,41.5,Urban,0
91.25,85.78,-24.36,2.888,31.99,27.98,1,0,0,0,9,10000,64.3,Semi-Urban,0
57.3,55.03,-11.18,2.441,33.94,28.28,1,1,0,0,7,10000,71.2,Rural,0
77.43,84.43,15.12,-2.033,26.68,23.82,1,4,0,1,7,30000,57.4,Rural,1
75.49,78.95,8.66,-4.329,31.38,28.54,1,2,1,1,3,18000,79.5,Semi-Urban,1
93.09,88.41,-10.94,3.873,25.29,24.24,1,0,0,0,4,30000,65.4,Semi-Urban,0
77.1,77.98,-1.29,0.869,25.56,29.59,1,4,0,1,5,10000,54.8,Semi-Urban,1
37.5,37.05,37.25,-3.321,22.7,23.4,1,0,0,0,16,50000,75.9,Rural,1
26.47,31.17,49.01,-3.427,17.34,16.41,1,1,1,0,15,50000,89.5,Rural,1
37.03,37.38,16.96,-1.496,15.65,19.23,1,0,0,0,13,75000,89.9,Urban,0
35.66,37.58,34.71,-2.6,28.13,24.05,1,0,0,0,15,18000,85.9,Rural,1
84.69,85.25,-2.37,0.724,39.66,36.94,1,1,0,0,13,10000,49.1,Semi-Urban,0
91.41,89.98,-3.04,1.522,20.66,28.23,1,0,0,1,3,30000,46.2,Semi-Urban,0
80.63,83.54,11.64,-2.296,21.16,22.85,1,0,0,1,7,5000,55.5,Urban,1
48.6,52.82,12.49,-1.569,11.76,14.46,1,3,0,0,8,75000,67.3,Semi-Urban,1
37.69,40.92,43.51,-3.017,8.42,10.14,1,0,0,0,16,5000,80.1,Urban,1
69.93,70.1,18.35,-1.41,25.32,22.55,1,4,1,0,16,18000,63.4,Rural,1
66.04,61.33,-32.68,2.492,36.91,30.53,1,0,0,1,14,18000,93.8,Rural,0
22.37,26.04,34.52,-3.308,26.26,21.73,1,4,0,1,11,18000,44.4,Urban,1
77.56,72.92,-9.28,9.282,0.0,0.0,0,0,0,0,2,30000,76.8,Rural,0
76.98,73.48,-3.22,1.61,21.3,19.96,1,0,0,0,3,30000,74.2,Rural,0
62.9,58.54,-16.63,1.93,38.4,38.46,1,0,0,1,10,10000,62.8,Rural,0
20.43,28.43,29.82,-3.394,32.14,27.8,1,2,1,1,10,30000,51.8,Urban,1
100.0,100.0,-19.45,1.744,20.79,21.09,1,1,0,0,13,10000,51.2,Urban,0
81.97,76.08,-24.66,3.091,34.81,36.21,1,4,0,0,9,30000,56.7,Urban,0
100.0,100.0,-10.22,0.776,35.76,39.27,1,0,0,0,13,5000,63.0,Urban,0
20.0,20.0,38.4,-2.913,20.86,27.13,1,0,0,1,15,10000,60.4,Semi-Urban,1
58.92,61.57,11.9,-1.402,14.55,12.73,1,2,0,1,9,18000,81.4,Rural,1
92.35,91.57,-8.16,0.699,25.0,21.09,1,2,0,1,11,5000,79.3,Semi-Urban,0
60.89,60.95,0.11,-0.112,0.0,0.0,0,0,0,0,2,5000,81.5,Rural,0
97.49,93.94,-12.52,0.825,40.0,36.5,1,0,0,0,14,10000,52.7,Rural,0
78.14,77.96,-6.12,0.561,27.7,20.61,1,0,0,1,14,18000,89.8,Rural,0
21.32,27.85,24.4,-2.426,16.25,10.15,1,0,0,0,11,18000,42.2,Urban,1
92.33,91.61,-16.81,1.986,19.08,19.24,1,0,0,1,11,50000,93.2,Semi-Urban,0
20.0,21.38,43.48,-3.156,9.34,12.33,1,0,0,1,15,30000,96.3,Urban,1
50.4,46.98,-6.33,1.977,30.84,30.19,1,2,0,1,4,10000,57.4,Urban,0
98.06,95.73,-6.13,1.126,34.42,38.26,1,0,0,0,5,75000,75.0,Rural,0
74.93,70.28,-10.2,1.144,29.85,28.12,1,2,0,0,10,18000,71.2,Urban,0
46.53,47.22,30.56,-3.367,19.93,22.32,1,0,0,0,12,10000,73.1,Semi-Urban,1
42.39,42.46,3.5,-0.87,15.33,20.87,1,0,0,1,11,10000,50.0,Urban,1
40.32,45.78,40.09,-3.392,25.07,23.83,1,1,1,1,13,30000,57.3,Rural,1
75.7,71.13,-22.75,2.95,29.06,30.41,1,0,0,0,9,75000,61.5,Urban,0
56.73,53.26,-7.07,3.536,29.32,24.04,1,2,0,0,3,10000,79.7,Rural,0
62.29,60.93,-2.71,2.708,0.0,0.0,0,1,0,0,2,18000,58.2,Semi-Urban,0
55.57,64.72,39.0,-3.639,17.21,14.75,1,1,1,0,10,30000,54.3,Urban,1
72.34,72.99,2.06,-1.029,17.68,18.23,1,3,0,0,3,30000,49.1,Rural,1
94.92,92.74,-9.63,1.093,33.5,30.94,1,0,0,1,7,18000,82.9,Rural,0
84.94,83.39,-26.36,1.862,33.87,35.05,1,2,0,1,13,5000,64.6,Urban,0
87.25,88.5,-5.67,0.727,28.86,27.61,1,0,0,0,15,75000,55.4,Rural,0
37.72,47.62,37.38,-3.752,20.68,25.64,1,3,1,0,10,75000,51.4,Urban,1
92.12,92.82,-10.37,1.766,27.64,34.68,1,0,0,0,8,75000,55.1,Semi-Urban,0
20.0,20.51,35.0,-2.428,16.24,9.24,1,0,0,0,16,10000,98.4,Urban,1
38.82,45.62,11.98,-2.577,20.19,22.26,1,0,0,0,5,10000,44.4,Semi-Urban,1
21.89,27.36,15.71,-2.165,15.3,9.01,1,1,1,0,7,75000,95.3,Rural,1
38.45,36.78,-3.57,0.251,28.77,32.48,1,0,0,1,7,50000,79.1,Rural,0
41.22,40.38,-0.25,0.155,32.11,34.18,1,0,0,1,8,18000,56.2,Urban,0
100.0,100.0,-8.05,0.431,38.7,37.43,1,0,0,0,14,30000,75.6,Semi-Urban,0
87.38,84.43,-20.8,1.978,32.95,28.02,1,0,0,1,11,30000,46.6,Urban,0
53.43,55.01,12.96,-1.276,10.22,12.55,1,0,0,1,11,18000,49.7,Rural,1
79.52,77.65,-17.52,1.725,27.9,32.11,1,0,0,1,11,75000,43.4,Urban,0
20.0,21.18,18.52,-1.915,30.95,27.06,1,0,0,0,10,30000,92.8,Semi-Urban,0
100.0,100.0,-16.72,1.051,23.63,27.59,1,4,0,0,15,50000,73.0,Urban,0
82.4,80.33,-8.84,1.325,22.99,23.39,1,0,0,0,11,50000,75.1,Rural,0
41.43,48.72,12.71,-6.356,27.54,25.84,1,1,0,0,3,50000,44.7,Urban,1
39.03,37.86,-3.14,0.478,27.67,27.87,1,0,0,0,5,5000,59.5,Semi-Urban,0
58.27,58.3,16.93,-2.843,23.45,22.33,1,0,0,1,7,18000,83.7,Urban,1
74.24,77.84,8.41,-2.832,16.13,21.1,1,4,1,0,4,75000,63.4,Urban,1
20.0,25.12,44.64,-3.56,16.96,21.31,1,1,1,1,14,50000,81.2,Urban,1
58.42,58.77,-14.53,1.444,38.85,37.33,1,0,0,0,13,10000,86.3,Rural,0
100.0,100.0,-19.25,2.145,36.02,35.0,1,0,0,0,11,50000,65.2,Rural,0
70.16,71.19,18.17,-1.496,9.52,8.86,1,0,0,0,13,30000,91.6,Rural,0
70.28,69.97,-25.94,2.162,29.31,30.25,1,0,0,0,12,75000,78.2,Semi-Urban,0
47.35,52.43,5.93,-2.393,29.64,26.03,1,0,0,1,4,30000,96.6,Semi-Urban,1
100.0,100.0,-30.03,2.173,33.45,37.31,1,4,0,1,16,10000,48.2,Rural,1
58.92,59.11,2.14,-1.43,22.7,19.47,1,0,0,0,5,30000,97.9,Rural,0
39.97,41.79,3.64,-3.641,0.0,0.0,0,0,0,0,2,5000,49.2,Rural,1
22.81,29.08,53.33,-3.736,18.85,20.4,1,0,0,0,16,30000,90.7,Rural,1
20.0,20.0,26.09,-2.565,25.1,24.42,1,0,0,0,13,5000,75.2,Semi-Urban,1
66.18,61.71,-13.62,1.364,20.52,25.73,1,4,0,1,9,18000,95.4,Semi-Urban,1
22.48,27.29,43.77,-2.679,24.07,24.24,1,0,0,1,16,10000,94.6,Semi-Urban,1
53.76,63.11,15.85,-1.661,20.38,24.92,1,1,1,1,7,18000,97.4,Urban,1
49.29,60.6,30.46,-3.251,26.29,27.07,1,0,0,0,10,50000,94.8,Rural,1
60.96,57.95,8.42,-1.339,10.32,8.0,1,3,1,0,12,18000,61.5,Rural,1
52.65,51.81,-8.53,0.699,21.8,23.45,1,2,0,0,11,50000,53.0,Rural,0
100.0,100.0,-23.75,2.182,28.19,33.43,1,1,0,1,12,10000,67.4,Rural,0
65.58,72.33,6.86,-2.114,19.28,14.24,1,3,0,0,5,5000,60.8,Semi-Urban,1
20.0,21.11,32.56,-2.575,26.09,30.18,1,1,1,1,15,10000,65.6,Rural,1
60.26,61.21,2.31,-0.674,21.49,19.0,1,4,1,0,4,30000,87.0,Semi-Urban,1
100.0,100.0,-12.19,0.752,28.82,28.61,1,0,0,0,16,5000,70.5,Semi-Urban,0
53.99,57.39,9.29,-1.557,23.02,23.9,1,3,0,0,7,30000,64.6,Rural,1
38.79,43.84,28.4,-1.867,16.04,17.72,1,1,1,0,14,75000,65.0,Semi-Urban,1
74.64,79.82,16.57,-2.917,24.24,28.45,1,0,0,0,6,18000,89.3,Semi-Urban,0
79.54,73.94,-39.94,2.652,22.18,22.53,1,1,0,1,15,5000,47.7,Semi-Urban,0
70.53,65.38,-16.01,3.004,21.57,19.83,1,0,0,1,6,18000,95.2,Urban,0
45.45,46.32,1.22,-0.612,32.06,32.64,1,2,0,1,3,10000,46.7,Semi-Urban,1
24.12,28.54,8.23,-0.897,28.45,25.77,1,1,1,0,12,30000,52.3,Rural,1
51.28,54.22,30.15,-2.485,19.6,18.39,1,1,1,1,13,5000,72.5,Urban,1
83.1,85.3,4.39,-4.388,0.0,0.0,0,0,0,0,2,18000,57.3,Rural,0
63.09,73.37,15.92,-3.22,20.71,19.01,1,0,0,0,5,10000,71.3,Rural,1
100.0,94.53,-19.78,2.467,37.88,34.86,1,0,0,0,9,30000,55.4,Rural,0
39.44,38.43,-2.02,2.021,0.0,0.0,0,0,0,0,2,5000,94.2,Rural,0
72.21,70.77,-2.89,2.888,0.0,0.0,0,1,0,0,2,30000,92.4,Urban,0
20.0,26.71,33.74,-3.416,31.57,26.18,1,0,0,1,10,10000,59.4,Urban,1
93.64,92.81,-2.91,0.785,36.74,28.49,1,3,0,1,7,30000,69.8,Semi-Urban,0
28.2,29.47,36.31,-2.915,18.14,18.17,1,2,1,1,14,18000,89.2,Urban,1
100.0,99.31,-3.9,0.768,36.14,30.35,1,2,0,0,7,5000,55.4,Rural,0
75.94,79.46,14.16,-2.367,19.54,22.84,1,0,0,1,7,10000,92.9,Rural,1
45.94,48.68,19.62,-3.364,24.37,26.82,1,0,0,0,7,10000,56.8,Rural,1
43.48,47.21,18.38,-2.891,25.78,29.24,1,0,0,0,8,50000,85.9,Urban,0
95.35,92.24,-31.45,2.533,36.96,35.93,1,0,0,1,13,10000,69.3,Rural,0
77.65,82.47,17.65,-3.283,8.87,14.42,1,0,0,0,6,30000,92.8,Rural,1
63.05,65.57,22.92,-2.089,18.12,15.09,1,0,0,1,11,30000,80.1,Urban,1
38.72,47.42,18.79,-2.298,29.53,24.46,1,1,1,0,7,10000,62.1,Rural,1
73.19,73.17,-5.97,0.943,28.39,28.09,1,1,0,1,11,10000,79.5,Urban,0
33.85,37.12,19.66,-1.631,29.76,25.71,1,0,0,1,13,30000,68.9,Semi-Urban,1
20.0,20.0,26.5,-2.124,23.14,21.87,1,2,1,0,14,5000,57.8,Semi-Urban,1
20.0,20.0,30.41,-2.882,8.12,13.24,1,2,1,0,12,30000,49.9,Semi-Urban,1
88.6,89.07,-10.74,0.839,39.6,31.13,1,0,0,0,14,50000,63.8,Semi-Urban,0
56.15,55.09,-9.14,1.912,33.03,33.93,1,1,0,1,8,30000,87.0,Semi-Urban,0
83.24,84.22,-11.24,1.149,32.45,31.37,1,2,0,0,12,50000,61.9,Urban,0
72.11,71.74,-3.47,0.731,40.0,31.72,1,0,0,1,7,50000,42.3,Rural,0
21.17,20.99,17.32,-1.726,12.56,13.14,1,0,0,1,12,75000,54.0,Rural,1
50.48,51.83,15.55,-1.727,25.5,22.61,1,1,0,0,12,30000,42.9,Urban,0
75.93,79.34,16.96,-2.558,24.69,25.86,1,0,0,0,8,5000,53.1,Rural,0
57.23,56.33,-5.94,0.937,37.36,36.38,1,0,0,1,8,18000,66.7,Semi-Urban,0
58.97,59.32,0.69,-0.694,0.0,0.0,0,1,0,1,2,10000,90.6,Rural,1
94.23,89.59,-29.03,2.935,28.47,28.97,1,0,0,0,10,5000,77.3,Rural,0
90.6,88.03,-5.15,5.15,0.0,0.0,0,0,0,0,2,5000,84.2,Semi-Urban,0
81.96,79.62,-6.68,1.444,25.34,27.44,1,0,0,1,6,50000,44.4,Rural,0
20.2,30.12,18.62,-3.281,24.53,23.95,1,2,1,0,6,30000,89.5,Rural,1
65.69,62.91,-7.51,0.983,26.15,30.18,1,0,0,0,9,30000,82.2,Rural,0
99.43,98.92,-9.13,0.94,36.91,38.67,1,0,0,0,11,5000,42.1,Urban,0
100.0,100.0,-12.25,0.955,24.61,24.98,1,0,0,1,13,18000,92.0,Rural,0
34.51,36.59,18.52,-4.344,27.75,27.6,1,1,1,0,5,18000,62.3,Urban,1
72.44,71.42,20.12,-2.799,27.82,24.88,1,2,1,1,9,10000,51.3,Semi-Urban,1
67.84,65.87,-4.42,2.209,18.17,24.49,1,0,0,1,3,10000,55.6,Semi-Urban,0
72.46,76.17,23.28,-2.306,16.02,17.15,1,0,0,0,11,50000,73.9,Urban,0
70.59,64.95,-21.74,2.396,34.83,37.14,1,0,0,1,8,18000,42.1,Semi-Urban,0
20.0,27.69,38.4,-2.511,10.96,13.08,1,0,0,0,15,5000,94.6,Rural,1
100.0,99.09,-6.52,0.468,37.45,38.73,1,0,0,0,11,5000,91.7,Rural,0
100.0,100.0,-11.39,0.676,29.62,29.31,1,3,0,0,15,10000,41.6,Semi-Urban,0
20.0,21.22,16.76,-2.674,20.29,20.86,1,0,0,0,8,5000,50.8,Urban,1
77.17,74.53,-4.5,1.038,32.85,32.37,1,0,0,0,5,18000,53.0,Urban,0
59.11,54.73,-11.3,4.14,40.0,34.83,1,3,0,0,4,18000,93.5,Rural,0
80.1,75.63,-13.2,1.98,25.14,27.98,1,0,0,1,7,5000,85.2,Semi-Urban,0
57.66,58.9,11.29,-2.813,28.53,25.4,1,3,1,1,5,50000,77.0,Urban,1
100.0,100.0,-12.34,0.773,34.21,35.55,1,2,0,1,16,5000,71.0,Rural,0
98.21,97.59,-10.2,0.575,25.29,27.62,1,0,0,0,14,30000,62.8,Semi-Urban,0
85.17,85.35,-0.96,0.416,40.0,37.17,1,1,0,1,5,10000,44.6,Rural,0
21.21,20.55,16.94,-1.688,11.45,15.99,1,0,0,0,11,18000,51.7,Semi-Urban,1
49.88,50.18,17.01,-1.511,14.96,15.71,1,4,1,0,13,30000,89.2,Semi-Urban,1
20.0,20.0,19.67,-1.702,29.08,31.47,1,1,1,1,12,5000,87.3,Semi-Urban,1
57.71,67.79,34.56,-3.702,22.4,16.52,1,0,0,0,9,75000,46.0,Urban,0
69.48,78.7,20.54,-2.493,22.49,24.09,1,0,0,0,7,75000,58.9,Rural,1
81.31,78.06,-14.01,1.399,32.77,35.18,1,1,0,0,12,10000,75.2,Rural,0
48.25,49.85,4.0,-1.032,34.26,27.22,1,1,1,1,4,5000,55.3,Semi-Urban,1
95.83,92.54,-6.6,6.597,0.0,0.0,0,2,0,0,2,30000,47.5,Rural,0
100.0,98.17,-2.76,0.705,36.06,40.0,1,0,0,0,9,50000,50.8,Urban,0
43.41,43.52,-9.4,1.702,31.04,33.68,1,1,0,1,6,30000,74.6,Urban,0
94.92,90.37,-23.13,1.703,22.82,22.37,1,0,0,1,13,50000,79.5,Semi-Urban,0
93.97,87.67,-35.7,2.88,25.21,23.74,1,0,0,1,13,50000,63.0,Rural,0
35.48,35.85,0.75,-0.746,0.0,0.0,0,0,0,1,2,30000,97.6,Semi-Urban,0
79.3,78.97,-0.67,0.67,0.0,0.0,0,0,0,0,2,10000,82.1,Rural,0
98.4,94.14,-18.5,2.078,20.57,28.59,1,0,0,1,10,10000,95.2,Semi-Urban,0
55.91,55.05,18.86,-2.055,24.0,24.57,1,0,0,0,13,5000,54.2,Urban,1
31.35,35.37,11.48,-2.509,28.96,22.22,1,2,0,0,5,75000,42.2,Rural,1
62.73,61.13,-3.19,3.194,0.0,0.0,0,1,0,0,2,18000,44.6,Semi-Urban,0
78.64,77.89,-4.32,1.051,29.8,38.0,1,2,0,1,5,10000,71.9,Urban,0
59.98,56.31,-24.97,2.397,30.51,30.4,1,4,0,0,11,30000,69.2,Urban,0
57.08,62.55,40.99,-4.015,26.18,19.6,1,0,0,1,11,30000,49.0,Urban,1
75.16,71.7,-11.44,1.25,34.05,35.45,1,0,0,0,10,75000,67.1,Urban,0
67.45,64.88,-23.35,2.39,32.02,28.12,1,2,0,1,12,5000,76.0,Urban,0
50.93,59.0,24.9,-2.419,19.65,20.22,1,0,0,1,10,18000,45.6,Semi-Urban,1
20.0,21.51,26.95,-3.36,9.64,11.64,1,0,0,1,10,10000,75.0,Rural,1
26.88,27.11,9.65,-1.231,15.65,19.85,1,0,0,1,13,75000,69.3,Semi-Urban,1
20.0,20.0,21.34,-1.498,12.34,12.02,1,0,0,0,16,5000,67.2,Semi-Urban,1
100.0,99.5,-9.37,0.84,33.8,31.83,1,1,0,1,13,75000,53.0,Semi-Urban,0
20.0,30.2,21.78,-4.02,18.92,18.85,1,0,0,1,5,50000,49.0,Rural,1
66.95,62.25,-18.12,1.251,16.54,19.68,1,0,0,0,13,18000,93.5,Rural,0
55.38,48.44,-8.26,0.848,34.25,31.07,1,0,0,0,6,18000,51.0,Rural,0
45.47,52.02,18.25,-3.046,11.38,10.41,1,0,0,0,7,18000,71.9,Urban,1
97.39,94.02,-7.19,2.624,31.01,32.34,1,2,0,0,4,75000,96.9,Urban,0
97.19,93.72,-20.37,1.761,19.79,19.48,1,0,0,1,11,30000,55.6,Rural,0
50.8,46.83,-16.05,2.664,36.96,37.52,1,2,0,0,7,18000,88.5,Urban,0
39.42,38.52,-1.79,1.793,0.0,0.0,0,0,0,0,2,5000,96.4,Urban,0
91.6,88.15,-20.1,2.093,21.25,22.5,1,0,0,1,11,18000,82.9,Rural,0
97.99,92.26,-9.68,3.631,24.43,26.22,1,0,0,1,4,75000,62.4,Rural,0
37.21,36.85,-0.71,0.708,0.0,0.0,0,2,0,1,2,50000,94.8,Rural,0
96.3,95.4,-4.7,1.595,24.12,21.65,1,0,0,0,4,18000,74.0,Urban,0
100.0,99.17,-29.93,2.054,24.13,22.5,1,1,0,1,15,10000,70.9,Rural,0
67.92,75.81,10.03,-5.014,18.21,19.45,1,2,1,0,3,50000,90.4,Rural,1
63.88,69.74,13.58,-1.987,14.7,10.72,1,0,0,0,6,30000,51.8,Semi-Urban,0
87.48,85.95,-22.71,2.331,29.13,29.65,1,1,0,0,12,50000,94.8,Urban,0
76.97,73.75,-30.16,2.112,27.08,30.75,1,1,0,0,14,10000,94.2,Urban,0
100.0,98.83,-10.38,1.354,25.65,27.77,1,0,0,0,9,18000,57.8,Urban,0
51.17,52.27,-0.4,0.2,13.32,17.47,1,0,0,1,3,5000,60.6,Urban,0
55.21,58.58,20.46,-2.576,28.47,29.16,1,0,0,0,10,5000,40.8,Semi-Urban,1
85.37,84.93,-29.75,2.134,22.68,22.98,1,2,0,1,16,50000,52.9,Semi-Urban,0
39.44,43.06,11.54,-3.114,28.17,28.57,1,2,1,1,5,50000,61.2,Urban,1
99.45,97.17,-6.62,1.073,19.72,21.7,1,4,0,1,6,18000,89.3,Semi-Urban,1
65.89,70.85,26.71,-2.901,30.71,29.26,1,3,1,1,11,10000,45.3,Rural,1
71.72,71.59,15.68,-1.65,21.27,23.07,1,1,0,0,11,50000,60.9,Rural,0
46.9,52.99,7.44,-3.719,23.55,24.07,1,4,0,0,3,18000,41.9,Rural,1
67.0,63.56,-12.82,0.667,28.14,28.41,1,0,0,0,16,75000,42.5,Urban,0
56.19,54.39,11.6,-1.213,10.26,10.01,1,4,0,1,13,30000,69.6,Rural,1
51.55,53.26,-4.56,0.575,34.82,33.89,1,0,0,1,8,75000,83.8,Rural,0
57.93,53.12,-10.8,1.169,21.57,26.16,1,0,0,1,9,10000,98.1,Semi-Urban,0
20.0,20.18,29.45,-2.367,35.59,29.36,1,1,0,1,15,10000,85.0,Rural,1
73.85,72.08,-3.54,3.539,0.0,0.0,0,1,0,1,2,10000,83.1,Rural,0
30.52,40.13,45.88,-3.475,28.65,30.32,1,3,1,1,13,10000,77.9,Semi-Urban,1
43.71,40.46,-4.62,1.473,40.0,37.32,1,1,0,1,5,5000,94.3,Rural,1
84.49,85.71,4.76,-0.962,20.63,22.57,1,0,0,0,8,18000,83.9,Rural,0
26.32,24.57,46.72,-3.2,15.63,13.87,1,4,0,1,16,50000,73.1,Semi-Urban,1
86.59,83.56,-10.0,1.459,25.51,30.05,1,1,0,1,8,50000,92.9,Urban,0
56.6,54.41,-4.9,1.542,19.89,22.97,1,0,0,1,5,10000,79.2,Semi-Urban,0
75.78,68.84,-13.62,3.196,21.71,22.0,1,0,0,1,5,5000,73.5,Semi-Urban,0
83.32,80.76,-19.51,1.354,35.06,36.46,1,3,0,1,15,10000,88.6,Rural,0
79.0,74.71,-22.25,2.219,27.32,28.37,1,1,0,0,11,75000,92.9,Rural,0
79.77,76.91,-7.28,0.712,40.0,40.0,1,4,0,0,10,10000,91.9,Urban,0
55.13,60.46,40.19,-2.849,20.6,22.9,1,0,0,1,14,18000,72.1,Semi-Urban,1
95.98,98.42,-7.7,0.766,16.96,18.35,1,3,0,0,10,75000,92.2,Rural,0
31.37,32.65,4.96,-2.478,26.17,27.7,1,4,1,1,3,50000,65.4,Urban,1
81.32,81.5,0.35,-0.347,0.0,0.0,0,3,0,1,2,5000,54.4,Urban,0
93.47,89.81,-12.77,1.141,22.72,23.37,1,3,0,1,11,50000,93.7,Rural,0
36.8,44.44,29.15,-1.7,26.63,25.61,1,0,0,0,15,30000,72.1,Urban,0
48.21,47.3,-4.01,0.564,28.24,27.24,1,2,0,0,8,5000,55.8,Urban,1
67.79,68.78,1.98,-1.981,0.0,0.0,0,1,1,1,2,5000,94.7,Semi-Urban,0
74.15,72.02,-1.36,0.191,16.44,20.74,1,0,0,0,9,50000,58.6,Rural,0
100.0,100.0,-13.33,0.658,33.23,21.61,1,0,0,1,15,75000,57.8,Rural,0
100.0,100.0,-13.31,1.062,20.91,25.09,1,1,0,0,13,75000,94.9,Urban,0
50.82,47.82,-9.3,0.627,40.0,39.27,1,0,0,0,9,30000,45.5,Rural,0
72.43,70.3,17.15,-1.745,23.24,17.59,1,0,0,1,14,30000,93.3,Semi-Urban,0
100.0,98.55,-27.6,2.894,38.04,33.17,1,1,0,0,11,50000,61.1,Urban,0
20.0,20.23,29.72,-2.031,29.86,29.64,1,0,0,0,16,50000,78.2,Urban,1
92.25,93.3,0.9,-0.452,21.31,25.5,1,2,0,1,3,75000,47.8,Rural,1
44.88,49.19,8.49,-1.869,15.12,13.4,1,1,1,1,6,10000,61.1,Urban,1
84.99,82.75,-14.51,1.529,25.3,27.89,1,2,0,0,11,30000,66.5,Rural,0
82.64,80.05,-15.76,2.438,36.91,40.0,1,3,0,1,9,30000,43.1,Urban,0
100.0,98.13,-20.46,1.818,26.74,27.43,1,0,0,0,13,75000,41.0,Urban,0
57.88,63.45,9.81,-2.863,12.6,10.85,1,1,1,0,4,75000,76.2,Rural,1
20.0,20.0,17.69,-1.536,19.54,16.56,1,1,1,1,13,30000,82.5,Rural,1
40.72,51.27,16.41,-5.195,12.49,15.76,1,0,0,0,4,30000,61.5,Urban,1
50.36,45.63,-9.46,9.458,0.0,0.0,0,3,0,1,2,10000,45.5,Semi-Urban,1
92.71,90.48,-5.3,1.121,31.03,37.34,1,1,0,0,6,50000,92.0,Semi-Urban,0
60.42,61.42,16.76,-1.848,20.44,22.56,1,0,0,1,9,5000,43.3,Rural,1
37.32,40.63,57.47,-3.939,11.27,11.5,1,0,0,0,16,10000,97.1,Urban,1
35.03,39.16,49.25,-3.249,27.79,25.87,1,1,1,0,16,18000,82.3,Urban,1
91.04,91.81,-8.81,0.646,40.0,39.24,1,1,0,1,16,50000,99.0,Semi-Urban,0
97.27,93.9,-19.47,1.337,29.93,27.36,1,0,0,0,16,50000,54.8,Semi-Urban,0
67.47,70.68,11.99,-2.99,10.68,12.73,1,0,0,1,6,50000,80.6,Urban,1
20.0,20.0,24.46,-1.754,21.28,21.86,1,3,1,0,14,18000,78.3,Semi-Urban,1
35.52,41.15,42.58,-3.107,24.36,29.64,1,0,0,0,15,50000,53.4,Semi-Urban,1
20.0,20.62,31.82,-2.819,20.29,21.22,1,0,0,0,13,5000,84.5,Rural,1
100.0,98.87,-10.83,1.466,29.37,31.22,1,0,0,1,9,5000,80.9,Rural,0
54.72,63.98,18.35,-4.657,11.04,13.61,1,0,0,1,5,50000,68.8,Semi-Urban,1
100.0,100.0,-5.96,0.366,24.11,22.97,1,0,0,1,10,10000,82.8,Urban,0
79.14,78.6,-4.81,0.859,36.41,36.57,1,0,0,0,7,50000,49.8,Rural,0
38.71,41.53,36.8,-2.605,27.77,26.27,1,0,0,1,15,10000,97.9,Rural,1
51.78,49.31,-13.36,1.846,39.73,35.23,1,1,0,0,8,30000,92.1,Rural,0
92.18,88.6,-7.16,7.162,0.0,0.0,0,0,0,0,2,75000,82.0,Rural,0
20.0,20.4,27.35,-2.084,30.04,25.87,1,0,0,0,15,10000,50.1,Rural,1
87.84,84.18,-7.84,1.509,19.29,20.67,1,0,0,1,6,30000,63.0,Rural,0
26.21,30.03,36.5,-2.129,27.85,24.85,1,0,0,1,15,30000,63.9,Semi-Urban,1
100.0,100.0,-7.07,0.878,27.79,28.54,1,0,0,0,12,18000,79.7,Rural,0
20.0,21.31,21.89,-3.273,31.43,33.27,1,1,0,1,10,10000,51.2,Rural,1
77.47,69.95,-22.18,2.422,30.97,33.5,1,2,0,0,9,30000,51.2,Rural,0
47.48,47.5,0.47,-0.625,20.06,24.4,1,1,0,0,5,18000,82.0,Urban,0
58.19,54.8,-11.91,1.921,33.73,37.9,1,0,0,0,7,50000,89.6,Semi-Urban,0
50.11,52.77,5.33,-5.329,0.0,0.0,0,0,0,1,2,10000,67.1,Urban,1
69.82,75.08,21.54,-2.038,22.22,23.91,1,0,0,0,10,5000,51.2,Urban,1
72.85,72.1,-12.1,0.745,21.43,25.03,1,3,0,0,16,10000,49.1,Semi-Urban,0
20.0,23.19,22.76,-2.783,25.2,21.6,1,0,0,0,10,18000,53.7,Semi-Urban,1
20.0,21.11,17.5,-1.428,28.32,30.56,1,0,0,0,14,30000,80.0,Semi-Urban,0
35.1,39.97,7.53,-2.208,20.08,19.44,1,0,0,1,4,10000,73.7,Rural,1
51.27,57.74,12.42,-4.573,27.67,22.79,1,1,1,1,4,18000,94.4,Rural,1
56.51,60.06,12.0,-2.686,6.98,9.44,1,4,1,0,5,75000,89.4,Rural,1
87.37,90.65,6.56,-6.563,0.0,0.0,0,1,0,1,2,50000,74.4,Urban,1
100.0,100.0,-12.66,1.442,20.6,20.09,1,0,0,0,11,75000,69.2,Urban,0
100.0,98.64,-9.74,1.18,31.23,27.52,1,3,0,0,9,50000,95.0,Semi-Urban,0
74.57,72.87,-3.4,3.404,0.0,0.0,0,1,0,1,2,50000,55.8,Rural,0
29.01,29.99,17.33,-1.493,9.44,12.84,1,0,0,1,13,5000,50.0,Semi-Urban,1
52.48,48.62,-9.76,3.086,27.7,33.6,1,0,0,0,5,50000,45.1,Urban,0
52.09,49.67,-18.13,2.044,40.0,40.0,1,2,0,1,10,18000,93.1,Semi-Urban,0
85.4,82.67,-4.7,1.384,15.98,18.98,1,0,0,0,4,50000,82.0,Semi-Urban,0
56.33,59.67,14.94,-2.223,16.84,24.79,1,1,1,1,7,10000,84.3,Semi-Urban,1
100.0,100.0,-10.24,0.573,32.99,32.55,1,0,0,1,15,50000,88.1,Semi-Urban,0
45.98,46.72,15.15,-1.757,27.92,23.4,1,2,1,0,10,18000,52.4,Semi-Urban,1
20.21,27.1,48.6,-3.494,20.88,17.93,1,3,1,0,14,10000,57.0,Semi-Urban,1
81.59,77.94,-24.21,2.318,36.33,33.27,1,1,0,0,12,10000,95.3,Semi-Urban,0
62.97,60.98,-11.13,1.544,35.79,38.25,1,2,0,0,8,50000,63.0,Rural,0
52.43,55.0,20.71,-1.615,15.1,10.44,1,0,0,0,12,18000,89.3,Urban,0
48.64,45.99,-9.11,1.098,31.76,32.89,1,0,0,1,10,10000,75.9,Rural,1
100.0,99.87,-19.99,1.858,25.15,24.34,1,0,0,0,12,30000,73.4,Urban,0
84.84,85.71,-16.43,1.735,30.23,32.25,1,1,0,1,12,10000,73.9,Urban,0
72.99,75.87,7.52,-3.759,6.85,14.69,1,2,1,0,3,5000,72.4,Semi-Urban,1
72.3,67.94,-18.04,1.007,34.59,27.94,1,0,0,0,15,18000,66.8,Rural,0
97.1,94.81,-13.01,1.862,40.0,36.0,1,0,0,0,8,5000,65.1,Rural,0
93.25,88.99,-32.86,2.822,34.94,38.87,1,2,0,1,14,5000,90.5,Semi-Urban,0
91.21,89.13,-8.82,0.453,24.67,26.33,1,0,0,0,14,18000,64.1,Rural,0
51.32,46.15,-16.27,3.195,39.59,37.85,1,0,0,0,6,75000,75.8,Semi-Urban,0
88.54,86.06,-4.17,1.467,36.56,38.47,1,0,0,0,4,75000,94.2,Urban,0
36.95,41.67,13.52,-3.255,27.98,20.11,1,0,0,0,5,18000,96.9,Rural,1
40.2,44.55,20.88,-2.715,19.39,20.71,1,0,0,1,9,75000,83.4,Rural,1
20.0,20.0,30.98,-2.124,10.87,14.52,1,1,1,1,16,10000,98.3,Rural,1
66.99,63.92,-6.6,3.3,34.99,33.83,1,3,0,1,3,18000,48.2,Semi-Urban,1
63.12,69.99,9.4,-3.686,28.69,26.24,1,1,1,1,4,18000,83.3,Semi-Urban,1
62.67,62.93,-1.65,0.825,27.6,29.69,1,0,0,1,3,10000,56.8,Semi-Urban,0
98.43,96.83,-31.63,2.398,26.63,29.16,1,0,0,0,14,30000,40.4,Semi-Urban,0
41.54,39.35,11.13,-0.996,9.37,17.24,1,0,0,1,13,50000,81.2,Semi-Urban,1
100.0,100.0,-12.38,1.221,28.69,29.67,1,0,0,0,13,30000,65.5,Urban,0
100.0,97.84,-23.38,3.259,27.13,27.52,1,1,0,0,9,50000,55.1,Urban,0
83.0,81.32,-3.37,3.374,0.0,0.0,0,1,0,0,2,50000,45.5,Semi-Urban,0
69.65,67.99,-12.76,2.543,35.36,26.9,1,0,0,1,6,30000,51.3,Semi-Urban,0
42.64,45.2,27.0,-3.738,14.65,19.39,1,0,0,1,8,5000,91.2,Rural,1
89.05,86.35,-31.69,2.58,36.58,36.14,1,0,0,1,14,30000,79.5,Urban,0
20.0,23.66,17.01,-1.381,6.95,13.39,1,0,0,0,14,18000,72.8,Urban,1
100.0,100.0,-4.35,0.253,20.06,23.21,1,0,0,1,13,5000,74.7,Semi-Urban,0
93.62,92.98,-8.64,0.595,35.53,30.54,1,1,0,0,16,75000,67.7,Rural,0
41.94,41.46,-6.16,0.569,37.55,33.6,1,3,0,0,12,10000,54.9,Rural,1
94.92,91.55,-21.2,2.807,26.1,21.48,1,1,0,1,9,5000,80.6,Rural,0
88.52,84.7,-13.5,2.111,37.95,37.53,1,1,0,1,7,18000,80.2,Rural,0
21.1,25.56,16.97,-1.15,23.29,24.78,1,2,1,1,15,10000,48.5,Rural,1
100.0,98.65,-11.31,1.398,22.39,24.34,1,2,0,0,11,18000,84.0,Rural,0
61.92,62.15,0.45,-0.45,0.0,0.0,0,0,0,0,2,10000,94.1,Semi-Urban,0
93.39,91.02,-7.62,2.776,37.95,38.34,1,0,0,1,4,5000,82.9,Semi-Urban,0
54.55,50.11,-10.73,2.843,25.84,24.08,1,0,0,1,5,5000,47.1,Urban,0
91.12,87.64,-27.76,2.366,36.11,36.68,1,0,0,0,13,30000,73.2,Rural,0
53.61,49.56,-9.58,1.41,33.65,32.87,1,0,0,1,8,5000,42.9,Urban,0
20.0,23.04,24.69,-2.431,10.34,12.7,1,2,1,1,12,10000,78.1,Semi-Urban,1
62.86,65.62,-8.47,0.856,31.11,35.59,1,0,0,1,16,10000,87.6,Urban,0
61.97,60.57,-8.56,2.313,34.08,39.38,1,1,0,0,6,5000,70.9,Rural,0
75.85,73.06,-5.68,1.902,26.86,28.51,1,4,0,1,4,30000,82.0,Rural,1
29.4,39.7,11.39,-2.158,16.61,11.5,1,1,0,0,6,30000,57.0,Semi-Urban,1
100.0,99.66,-21.65,2.011,40.0,33.84,1,3,0,0,11,5000,63.3,Urban,0
100.0,97.87,-16.27,1.706,18.52,22.72,1,3,0,1,11,18000,51.3,Rural,1
67.98,69.96,13.16,-1.518,19.27,13.24,1,0,0,1,9,18000,49.8,Urban,1
51.64,50.81,-2.45,0.887,27.49,30.09,1,1,0,1,4,18000,70.5,Urban,0
43.77,44.26,5.18,-2.589,23.04,18.77,1,1,1,0,3,5000,60.0,Urban,1
48.35,48.29,-1.78,1.036,28.45,27.24,1,0,0,1,4,50000,82.4,Rural,0
74.66,72.31,-6.38,3.189,22.0,21.52,1,3,0,0,3,5000,57.4,Rural,1
39.61,39.15,-0.92,0.922,0.0,0.0,0,1,0,0,2,75000,94.4,Rural,0
100.0,100.0,-14.92,1.17,31.65,29.52,1,0,0,0,13,50000,68.1,Rural,0
65.23,62.63,-29.19,2.586,37.45,33.39,1,0,0,0,13,18000,86.3,Semi-Urban,0
59.69,58.86,-16.5,1.378,24.72,19.14,1,0,0,1,15,5000,79.4,Urban,0
52.92,55.85,26.86,-2.546,9.67,12.03,1,3,1,1,13,18000,66.3,Semi-Urban,1
40.26,43.0,11.4,-2.318,29.87,28.59,1,1,1,1,6,5000,79.1,Semi-Urban,1
66.53,62.17,-25.88,2.349,25.71,26.99,1,0,0,1,13,50000,66.6,Semi-Urban,0
96.66,93.15,-13.21,2.554,23.06,26.91,1,0,0,0,7,75000,80.0,Semi-Urban,0
22.27,24.19,12.81,-1.92,23.76,22.09,1,4,1,1,9,30000,77.4,Rural,1
33.02,36.5,6.97,-6.966,0.0,0.0,0,0,0,0,2,50000,44.9,Rural,1
20.0,20.0,30.59,-2.27,29.15,21.65,1,0,0,1,16,5000,80.9,Semi-Urban,1
43.46,45.84,6.62,-2.176,14.99,21.42,1,0,0,0,4,18000,76.7,Semi-Urban,1
20.0,21.17,43.01,-2.837,18.41,18.22,1,2,0,0,16,10000,60.7,Urban,1
57.61,64.59,33.38,-3.182,14.6,14.74,1,0,0,0,10,75000,61.3,Urban,1
94.82,93.9,-12.55,1.668,28.71,29.82,1,1,0,0,8,75000,71.8,Rural,0
70.33,68.58,-5.04,0.513,40.0,40.0,1,2,0,0,9,30000,71.4,Rural,0
65.79,62.85,-6.77,0.576,23.08,21.3,1,2,0,1,14,18000,93.2,Rural,0
73.67,78.57,8.79,-1.848,18.05,18.23,1,0,0,0,7,18000,87.2,Urban,0
100.0,100.0,-7.42,0.282,27.43,24.46,1,1,0,1,15,10000,42.0,Semi-Urban,0
26.64,34.37,13.93,-4.024,24.14,19.24,1,0,0,0,4,50000,93.5,Semi-Urban,1
78.76,75.79,-9.92,0.892,22.74,25.39,1,0,0,0,8,75000,97.4,Urban,0
48.33,46.76,-3.14,3.143,0.0,0.0,0,0,0,1,2,50000,42.7,Semi-Urban,0
37.21,36.74,23.2,-2.646,21.29,18.43,1,0,0,1,12,10000,77.4,Rural,1
57.26,55.9,-5.49,1.743,26.07,30.68,1,0,0,0,4,50000,80.8,Rural,0
65.95,62.82,-21.97,1.864,20.04,22.42,1,0,0,0,13,10000,81.4,Semi-Urban,0
38.9,43.08,42.96,-2.853,21.84,17.41,1,2,1,1,15,5000,89.9,Urban,1
96.08,95.23,-27.88,1.667,40.0,40.0,1,0,0,0,16,5000,42.8,Rural,0
26.86,30.88,29.73,-2.359,21.14,27.78,1,3,1,1,14,10000,95.0,Semi-Urban,1
52.08,47.55,-10.55,2.022,31.34,24.16,1,0,0,1,5,75000,61.6,Rural,0
82.56,77.84,-8.07,4.033,39.17,36.74,1,0,0,1,3,10000,56.9,Urban,0
80.81,78.99,-3.65,3.648,0.0,0.0,0,0,0,0,2,50000,92.8,Rural,0
89.48,90.0,-5.8,1.675,34.31,37.69,1,1,0,0,7,18000,54.9,Urban,0
78.38,75.99,-15.14,1.758,24.94,26.19,1,0,0,1,11,30000,91.8,Urban,0
100.0,100.0,-17.91,2.038,24.77,27.6,1,1,0,0,11,5000,44.3,Semi-Urban,0
93.65,90.49,-10.79,1.11,30.23,26.52,1,1,0,0,10,10000,76.7,Rural,0
42.08,42.4,-5.22,0.516,36.29,40.0,1,0,0,1,13,10000,46.0,Rural,1
100.0,94.6,-31.93,2.429,19.73,21.61,1,2,0,1,13,30000,54.1,Semi-Urban,0
20.0,23.47,18.72,-3.732,29.17,23.61,1,1,1,1,6,18000,82.0,Rural,1
100.0,99.58,-10.39,1.206,25.25,29.95,1,0,0,1,10,10000,58.6,Rural,0
45.95,43.04,-7.79,1.958,28.03,28.43,1,4,0,1,5,18000,45.9,Rural,1
81.69,76.04,-38.65,2.438,34.56,36.01,1,3,0,1,16,10000,85.6,Rural,0
100.0,100.0,-13.62,1.173,28.67,27.93,1,0,0,0,16,75000,74.4,Semi-Urban,0
59.03,58.07,-4.56,1.472,23.0,22.46,1,0,0,1,4,18000,78.4,Rural,0
100.0,99.06,-29.29,2.548,34.72,36.99,1,0,0,1,13,10000,74.9,Semi-Urban,0
65.87,65.33,0.44,-0.218,28.29,24.53,1,0,0,0,3,50000,62.3,Semi-Urban,0
83.94,84.19,0.64,-0.321,31.34,35.45,1,0,0,1,3,5000,40.9,Urban,0
40.45,38.54,-3.97,0.413,33.18,38.67,1,0,0,1,6,5000,54.7,Semi-Urban,1
100.0,100.0,-14.39,0.948,27.23,23.85,1,0,0,0,13,75000,83.4,Semi-Urban,0
67.07,66.42,-16.47,1.093,29.68,32.69,1,0,0,0,16,18000,57.4,Urban,0
42.32,44.14,7.17,-2.275,16.23,17.89,1,0,0,0,4,75000,89.9,Urban,1
100.0,98.55,-33.6,2.588,20.64,22.42,1,3,0,1,15,30000,75.8,Rural,0
89.68,84.46,-12.19,2.577,23.34,32.17,1,2,0,1,5,18000,58.3,Urban,0
58.8,63.2,19.53,-3.271,28.12,27.64,1,1,0,0,6,10000,54.3,Semi-Urban,1
100.0,100.0,-21.54,1.726,38.44,38.29,1,0,0,1,15,5000,91.1,Semi-Urban,0
37.62,42.69,3.87,-1.036,10.3,13.46,1,0,0,1,5,10000,68.2,Rural,1
55.3,58.04,34.3,-2.494,11.19,13.52,1,1,1,1,15,5000,68.4,Semi-Urban,1
50.92,50.32,-1.21,1.208,0.0,0.0,0,0,0,1,2,10000,56.9,Rural,0
100.0,100.0,-12.73,1.496,31.47,30.32,1,0,0,1,10,18000,57.0,Urban,0
81.75,79.79,-20.15,1.423,34.94,38.85,1,0,0,1,16,75000,51.9,Rural,0
67.37,64.0,-13.67,1.213,37.73,40.0,1,0,0,0,11,30000,56.7,Rural,0
20.0,22.21,24.52,-2.631,30.75,26.99,1,3,0,1,11,50000,85.9,Rural,1
74.47,74.96,10.38,-1.68,14.78,16.42,1,1,1,1,11,18000,65.5,Rural,1
58.08,58.5,0.84,-0.842,0.0,0.0,0,0,0,0,2,5000,58.3,Urban,0
44.53,42.46,-1.03,0.464,28.75,29.0,1,0,0,0,8,10000,72.6,Urban,0
70.88,69.58,-9.86,0.824,32.68,37.96,1,0,0,0,15,18000,40.6,Semi-Urban,0
48.18,46.14,14.22,-1.532,19.32,18.87,1,0,0,0,10,30000,70.7,Rural,1
59.7,56.92,-21.75,2.432,26.55,26.65,1,1,0,1,11,50000,76.1,Rural,0
69.19,71.4,8.96,-1.316,13.76,14.38,1,1,0,1,9,50000,92.1,Semi-Urban,0
95.36,94.7,-1.3,1.302,0.0,0.0,0,3,1,1,2,5000,80.3,Urban,0
45.71,48.46,5.09,-2.545,32.33,32.95,1,0,0,1,3,30000,90.1,Urban,1
100.0,98.05,-12.42,0.927,28.46,33.23,1,0,0,0,16,50000,52.5,Rural,0
93.46,92.7,-3.18,1.366,39.48,39.92,1,0,0,0,4,10000,54.8,Urban,0
33.22,38.48,49.69,-3.772,31.94,25.55,1,4,1,1,15,18000,51.2,Semi-Urban,1
53.3,50.39,-9.64,0.625,35.2,30.93,1,2,0,1,12,30000,63.5,Semi-Urban,0
69.79,66.35,-34.04,2.757,31.23,31.83,1,0,0,0,13,50000,69.2,Urban,0
78.92,76.29,-3.97,1.087,17.29,20.02,1,0,0,0,5,30000,54.4,Semi-Urban,0
42.62,40.29,-7.33,1.566,27.0,27.03,1,1,0,1,6,75000,88.3,Semi-Urban,0
50.35,47.77,-4.24,2.121,27.45,33.03,1,0,0,0,3,50000,88.8,Semi-Urban,0
34.63,37.47,16.19,-1.388,22.71,21.89,1,3,0,1,10,10000,78.6,Urban,1
89.14,92.14,4.78,-2.39,24.5,21.08,1,1,0,0,3,30000,58.1,Rural,0
77.03,78.72,15.28,-2.404,10.51,10.21,1,0,0,0,7,50000,64.8,Semi-Urban,0
96.08,96.23,-16.16,2.099,21.1,22.14,1,0,0,1,9,18000,95.2,Urban,0
58.09,55.0,-13.93,1.983,20.88,23.21,1,1,0,1,8,50000,40.4,Urban,0
60.51,59.08,0.46,-0.428,21.96,28.63,1,0,0,0,7,75000,78.6,Rural,0
80.57,78.69,-2.45,1.157,34.66,37.68,1,0,0,1,4,30000,69.6,Urban,0
31.38,33.9,1.57,-0.981,24.59,23.78,1,4,1,0,5,18000,78.3,Semi-Urban,1
100.0,97.17,-15.86,1.442,37.93,38.32,1,0,0,0,11,75000,83.0,Rural,0
20.0,20.0,31.23,-2.004,20.93,18.93,1,0,0,1,14,18000,98.4,Rural,1
45.93,48.69,18.9,-2.613,11.87,8.95,1,0,0,1,8,18000,82.4,Rural,1
20.95,21.12,25.2,-2.706,19.43,23.39,1,0,0,1,12,50000,49.4,Urban,1
76.32,79.88,6.83,-1.611,17.57,24.32,1,0,0,0,6,10000,88.4,Semi-Urban,0
66.33,69.7,-0.33,-0.683,12.94,13.78,1,0,0,1,4,50000,82.7,Rural,1
96.35,91.65,-18.43,1.793,28.46,27.37,1,0,0,1,11,30000,42.5,Semi-Urban,0
86.3,85.83,-9.91,0.803,26.79,25.53,1,0,0,0,11,50000,69.2,Rural,0
35.03,38.19,21.11,-1.463,18.52,12.92,1,1,1,1,16,30000,44.1,Semi-Urban,1
70.57,73.43,6.38,-2.301,29.1,27.82,1,0,0,1,4,5000,70.2,Rural,1
86.8,84.3,-9.28,1.754,28.41,34.06,1,0,0,1,6,30000,78.7,Rural,0
30.88,37.58,51.73,-3.647,18.84,15.08,1,0,0,1,16,50000,94.0,Semi-Urban,1
57.56,60.72,17.0,-1.296,15.66,16.72,1,0,0,0,15,75000,58.5,Semi-Urban,0
79.93,80.23,2.87,-1.435,30.54,27.2,1,3,1,0,3,10000,83.2,Semi-Urban,1
89.03,92.3,6.53,-6.529,0.0,0.0,0,0,0,1,2,5000,41.9,Semi-Urban,1
88.77,86.67,-4.19,4.193,0.0,0.0,0,3,0,0,2,5000,98.9,Rural,0
20.0,23.48,29.97,-3.645,23.83,23.81,1,3,0,0,9,30000,53.8,Rural,1
66.03,66.91,-8.74,0.722,13.76,18.48,1,2,0,0,16,10000,98.7,Rural,0
100.0,98.89,-6.27,1.563,34.27,36.06,1,0,0,0,5,10000,45.4,Rural,0
86.74,89.69,5.91,-5.906,0.0,0.0,0,0,0,0,2,75000,58.8,Urban,0
94.64,94.12,-1.04,1.04,0.0,0.0,0,1,0,0,2,10000,52.4,Semi-Urban,0
46.66,48.44,3.55,-3.552,0.0,0.0,0,2,1,1,2,5000,59.6,Urban,1
84.93,83.74,-11.9,1.32,22.67,20.83,1,1,0,0,13,10000,51.4,Semi-Urban,0
20.0,23.3,24.47,-1.817,16.45,19.82,1,1,1,1,12,50000,84.4,Semi-Urban,1
86.93,84.75,-25.22,1.899,28.82,31.13,1,0,0,1,13,30000,71.5,Urban,0
20.0,20.0,15.59,-1.897,14.32,20.39,1,1,0,1,10,30000,97.7,Urban,1
72.43,70.49,-8.76,0.85,28.47,28.49,1,0,0,0,9,30000,85.5,Rural,0
84.25,82.5,-8.2,1.591,27.94,36.3,1,0,0,0,7,5000,95.0,Urban,0
72.59,69.75,-34.58,2.397,36.6,38.28,1,3,0,0,16,50000,42.6,Semi-Urban,0
87.32,81.88,-17.51,1.666,23.15,21.85,1,3,0,0,11,10000,54.1,Rural,0
76.96,80.05,18.55,-2.996,29.05,29.46,1,1,0,0,6,18000,51.7,Rural,0
32.13,34.24,14.75,-2.729,9.89,11.65,1,0,0,1,7,18000,74.9,Urban,1
62.44,63.39,-10.72,1.271,31.04,28.81,1,0,0,0,13,50000,92.0,Urban,0
84.21,86.11,2.74,-1.372,27.16,27.17,1,2,1,0,3,75000,67.0,Rural,0
39.96,39.49,-0.95,0.948,0.0,0.0,0,0,0,0,2,30000,53.6,Urban,0
20.0,24.33,21.94,-2.716,6.44,13.06,1,0,0,0,9,50000,61.2,Rural,1
23.96,28.11,30.24,-2.627,26.13,23.69,1,1,0,0,13,30000,46.4,Semi-Urban,1
89.27,89.61,0.69,-0.692,0.0,0.0,0,1,1,1,2,30000,98.6,Urban,0
62.54,58.8,-8.04,2.215,34.12,38.68,1,0,0,0,5,50000,94.5,Semi-Urban,0
60.7,61.35,21.64,-1.33,19.84,17.29,1,0,0,0,16,18000,97.3,Rural,0
54.39,54.66,34.18,-2.616,23.34,21.43,1,1,1,1,15,5000,54.5,Rural,1
70.47,65.68,-34.1,2.687,38.22,32.47,1,0,0,0,13,5000,53.7,Rural,0
64.34,67.13,32.37,-3.993,26.67,22.84,1,0,0,1,9,18000,54.8,Urban,1
51.93,46.19,-12.39,6.194,28.29,24.24,1,0,0,0,3,10000,52.7,Urban,0
62.06,59.68,-9.14,1.258,29.5,20.22,1,0,0,1,9,30000,64.6,Semi-Urban,0
52.5,46.83,-9.81,3.456,35.92,36.19,1,2,0,0,4,50000,43.6,Urban,0
34.71,37.48,28.93,-2.448,26.61,29.27,1,2,0,0,13,75000,90.6,Rural,1
56.18,60.88,17.01,-1.196,13.08,11.87,1,0,0,0,14,30000,56.2,Rural,1
43.99,51.82,34.14,-1.989,19.6,21.52,1,1,0,0,16,10000,42.4,Urban,1
83.67,81.97,8.77,-1.84,24.94,24.94,1,0,0,1,8,75000,86.4,Rural,0
100.0,96.29,-5.86,1.537,33.74,30.01,1,0,0,1,6,10000,90.9,Urban,0
34.95,39.89,28.27,-3.357,9.67,13.35,1,0,0,0,8,18000,50.5,Urban,1
95.7,91.1,-18.06,2.822,22.17,27.02,1,0,0,0,8,75000,40.2,Rural,0
73.74,70.39,-17.91,1.327,21.53,21.14,1,0,0,0,12,50000,64.9,Urban,0
50.76,54.62,15.47,-1.741,14.87,16.21,1,2,0,1,11,50000,41.7,Urban,1
58.73,62.09,6.71,-6.707,0.0,0.0,0,0,0,1,2,5000,51.0,Urban,1
39.55,38.99,-0.65,0.231,25.66,24.86,1,0,0,0,8,30000,79.0,Rural,0
47.46,53.15,15.32,-4.352,21.16,26.03,1,1,0,1,5,75000,94.0,Rural,1
73.86,75.04,2.77,-0.521,14.99,20.67,1,2,0,0,5,50000,49.9,Rural,0
74.11,75.5,-2.98,0.654,25.6,28.19,1,0,0,0,7,10000,46.5,Urban,0
100.0,98.64,-4.59,0.554,27.01,27.98,1,0,0,0,10,50000,93.6,Urban,0
48.7,46.0,-7.41,1.803,31.07,24.56,1,0,0,0,5,30000,94.6,Semi-Urban,0
73.2,71.58,-28.37,2.606,37.52,37.45,1,0,0,0,12,75000,87.7,Urban,0
21.49,24.52,46.44,-3.188,16.06,18.19,1,1,1,1,16,18000,52.6,Urban,1
88.69,91.97,6.57,-6.573,0.0,0.0,0,0,0,1,2,10000,44.6,Semi-Urban,1
42.34,46.23,14.52,-1.886,26.76,24.32,1,2,1,1,10,10000,49.8,Rural,1
100.0,100.0,-19.9,1.58,38.84,36.55,1,0,0,1,14,10000,60.9,Semi-Urban,0
48.95,53.02,20.84,-1.301,31.38,25.83,1,0,0,0,15,30000,46.5,Rural,1
29.54,34.23,17.01,-3.764,27.06,29.62,1,1,1,1,5,18000,72.4,Urban,1
74.25,69.26,-13.98,2.292,30.33,30.57,1,0,0,1,7,5000,84.7,Rural,0
79.91,77.44,-38.76,3.032,36.68,35.8,1,4,0,0,14,5000,42.5,Semi-Urban,0
44.98,50.6,27.67,-2.842,35.36,32.17,1,1,0,0,11,18000,48.4,Semi-Urban,1
100.0,98.31,-32.57,2.654,27.2,23.66,1,1,0,0,13,75000,74.6,Semi-Urban,0
96.62,93.34,-18.53,3.128,35.92,34.69,1,1,0,0,7,75000,73.0,Rural,0
75.72,75.02,-14.99,2.449,29.64,33.88,1,0,0,1,9,30000,52.8,Semi-Urban,0
22.39,24.73,29.32,-2.455,12.93,13.06,1,4,0,1,13,10000,75.9,Semi-Urban,1
77.31,74.31,-5.78,2.891,25.56,20.94,1,0,0,1,3,50000,78.2,Rural,0
50.43,52.01,24.68,-3.056,15.09,19.54,1,4,1,0,10,10000,58.2,Rural,1
92.69,88.92,-25.21,2.484,32.59,32.79,1,0,0,0,12,18000,85.6,Semi-Urban,0
25.99,28.32,28.66,-2.484,16.86,12.35,1,0,0,1,12,75000,54.8,Semi-Urban,1
49.18,48.91,-5.61,1.069,39.04,33.89,1,0,0,0,9,30000,49.0,Semi-Urban,0
39.85,39.7,9.6,-1.2,25.68,26.92,1,0,0,0,10,30000,40.5,Urban,1
34.7,36.62,3.84,-3.84,0.0,0.0,0,2,0,0,2,75000,60.5,Urban,1
39.09,50.01,32.72,-3.155,16.93,18.56,1,1,0,0,11,18000,71.5,Rural,1
74.46,78.86,18.74,-1.894,28.47,28.4,1,0,0,0,9,75000,82.8,Rural,0
31.58,40.07,23.33,-1.222,15.73,19.14,1,2,0,0,13,5000,66.6,Semi-Urban,1
71.8,65.5,-17.9,2.59,27.58,31.88,1,1,0,1,7,18000,89.2,Rural,0
50.43,49.28,-11.26,0.903,20.47,21.93,1,1,0,0,12,30000,60.3,Semi-Urban,0
80.28,78.82,-2.82,1.412,30.75,30.97,1,0,0,1,3,18000,95.4,Rural,0
46.95,48.64,11.5,-2.963,16.43,15.57,1,2,1,1,6,30000,87.8,Semi-Urban,1
30.76,30.35,10.84,-2.881,9.76,9.97,1,0,0,1,6,5000,50.1,Urban,1
66.05,68.15,4.42,-1.523,12.66,17.24,1,1,0,0,4,75000,81.1,Rural,0
42.92,43.35,-3.96,1.132,28.35,27.36,1,0,0,1,8,50000,62.4,Semi-Urban,0
63.89,65.27,2.76,-2.758,0.0,0.0,0,0,0,0,2,18000,72.2,Rural,0
37.46,37.83,14.8,-1.361,14.18,17.18,1,0,0,0,13,30000,41.5,Urban,1
48.05,48.08,0.06,-0.059,0.0,0.0,0,0,0,0,2,75000,51.4,Rural,0
65.54,61.43,-16.75,1.452,18.72,23.19,1,1,0,0,11,30000,76.4,Rural,0
72.1,70.51,-7.39,0.785,38.05,36.4,1,0,0,1,9,10000,46.7,Rural,0
100.0,100.0,-9.33,0.697,35.81,33.34,1,0,0,1,12,18000,47.6,Urban,0
40.48,42.08,-1.53,0.535,27.14,33.23,1,0,0,0,4,50000,55.5,Rural,0
100.0,98.73,-32.33,2.328,27.9,25.02,1,3,0,0,16,75000,54.6,Rural,0
77.58,74.7,-9.55,1.388,30.41,33.4,1,0,0,0,8,75000,59.7,Urban,0
36.75,38.12,36.06,-3.069,34.97,26.89,1,3,0,1,14,50000,97.5,Rural,1
51.02,53.52,-1.44,0.595,35.48,31.95,1,0,0,0,13,10000,56.0,Urban,0
100.0,100.0,-18.75,1.238,23.48,24.06,1,3,0,1,16,5000,51.2,Semi-Urban,0
47.36,44.66,-5.82,1.204,37.29,38.65,1,0,0,0,6,30000,73.1,Semi-Urban,0
100.0,100.0,-3.54,0.524,24.94,23.76,1,1,0,1,9,50000,50.3,Semi-Urban,0
20.0,21.46,29.97,-2.562,12.27,11.77,1,2,0,1,16,10000,60.6,Semi-Urban,1
46.28,50.24,15.54,-2.755,31.9,27.06,1,2,0,0,7,75000,43.8,Rural,1
52.89,48.64,-10.09,3.397,20.16,24.5,1,4,0,1,4,5000,45.4,Rural,1
54.41,56.87,4.92,-4.917,0.0,0.0,0,1,1,1,2,5000,56.9,Semi-Urban,1
80.74,83.43,6.88,-2.212,25.97,16.08,1,0,0,1,4,10000,64.6,Semi-Urban,0
31.55,33.56,25.34,-2.605,24.23,19.75,1,1,1,1,10,30000,93.7,Semi-Urban,1
83.07,82.2,-7.96,0.863,40.0,39.68,1,0,0,0,12,30000,42.0,Semi-Urban,0
75.25,80.87,10.54,-2.491,21.33,20.46,1,0,0,0,5,30000,57.4,Semi-Urban,0
80.48,84.15,6.38,-2.366,18.32,16.92,1,0,0,1,4,18000,65.0,Urban,0
100.0,98.77,-4.7,1.052,36.26,32.71,1,0,0,1,6,18000,84.1,Urban,0
80.38,76.6,-10.2,2.293,16.63,24.36,1,0,0,0,6,50000,67.8,Urban,0
50.17,57.19,29.72,-5.776,21.58,23.09,1,1,1,0,6,50000,62.1,Rural,1
70.85,72.58,-22.42,2.057,28.91,33.36,1,0,0,0,14,50000,85.4,Rural,0
20.0,20.0,10.49,-1.829,19.61,18.65,1,3,0,0,9,50000,64.6,Semi-Urban,1
84.03,87.52,7.05,-3.526,22.71,23.72,1,0,0,0,3,50000,51.9,Urban,0
66.37,66.42,9.74,-1.653,17.12,22.37,1,1,0,0,8,10000,44.2,Urban,0
100.0,100.0,-18.16,1.931,33.26,34.35,1,1,0,0,13,30000,44.6,Rural,0
93.97,92.21,-7.14,1.76,27.11,27.58,1,3,0,1,5,18000,63.5,Urban,0
42.42,42.2,0.29,-0.147,29.39,26.81,1,3,0,0,3,10000,98.9,Semi-Urban,1
87.85,86.17,-13.92,1.381,37.59,39.34,1,1,0,1,9,30000,61.0,Semi-Urban,0
69.87,69.24,3.35,-1.674,9.98,11.93,1,4,1,0,3,5000,54.6,Semi-Urban,1
80.73,80.81,-8.6,1.022,32.96,29.24,1,1,0,0,13,50000,51.4,Rural,0
43.49,47.18,14.67,-1.404,27.32,17.8,1,0,0,1,8,18000,73.1,Semi-Urban,1
96.48,91.85,-17.45,2.703,28.53,28.0,1,1,0,1,8,10000,81.7,Urban,0
41.8,47.48,52.24,-3.341,20.17,18.87,1,0,0,1,16,18000,48.9,Rural,1
81.08,77.86,-6.86,2.191,22.7,22.07,1,1,0,0,4,10000,54.8,Urban,0
73.07,74.06,20.22,-1.682,23.56,20.67,1,0,0,1,15,30000,61.7,Rural,0
94.82,90.49,-14.77,1.665,29.16,25.89,1,1,0,0,7,50000,50.7,Rural,0
69.14,69.1,-1.77,0.427,40.0,37.99,1,0,0,0,5,18000,97.1,Rural,0
68.32,72.98,0.67,-0.099,12.13,18.46,1,3,0,0,4,30000,62.7,Urban,1
29.34,35.45,9.22,-4.611,20.07,19.11,1,0,0,0,3,50000,60.8,Urban,1
83.02,77.72,-26.69,2.252,31.22,35.95,1,2,0,0,12,10000,77.8,Urban,0
54.28,53.78,-8.6,0.991,20.4,25.27,1,0,0,0,9,30000,98.9,Rural,0
20.0,20.0,26.25,-2.993,31.86,27.17,1,0,0,0,10,75000,97.0,Rural,1
20.0,23.47,22.35,-2.452,17.26,23.87,1,0,0,0,10,18000,50.2,Semi-Urban,1
81.2,79.79,-6.88,0.445,21.47,23.5,1,0,0,0,15,50000,87.7,Rural,0
88.99,86.39,-6.05,1.546,26.54,31.72,1,1,0,1,5,10000,59.9,Semi-Urban,0
72.37,66.61,-30.43,2.801,23.54,20.63,1,0,0,1,10,30000,81.1,Urban,0
93.27,93.0,-14.6,1.196,31.19,35.47,1,3,0,0,12,50000,48.4,Urban,0
20.0,25.95,37.75,-3.805,5.49,14.02,1,0,0,0,12,50000,68.9,Urban,1
63.19,61.6,-8.68,1.206,24.56,29.39,1,0,0,1,7,10000,79.5,Urban,0
47.67,44.82,-9.89,0.837,27.12,28.15,1,1,0,0,8,75000,69.3,Urban,0
49.19,50.61,3.29,-0.837,28.87,26.33,1,1,1,0,5,5000,85.6,Urban,1
46.65,43.2,-7.0,3.499,33.71,28.48,1,3,0,1,3,50000,78.0,Rural,1
100.0,97.21,-7.12,2.388,34.24,30.76,1,2,0,1,4,30000,97.3,Rural,0
49.85,48.79,-4.28,1.669,26.5,28.65,1,0,0,1,5,30000,79.8,Urban,0
25.94,29.08,17.48,-1.982,16.56,19.33,1,1,0,0,9,30000,56.9,Urban,1
96.64,94.34,-12.42,1.384,35.15,36.26,1,0,0,0,10,30000,65.9,Urban,0
72.68,71.33,-11.78,1.64,28.16,30.47,1,2,0,0,9,30000,53.0,Urban,0
90.3,82.78,-23.23,3.033,29.7,31.75,1,0,0,0,8,18000,98.8,Urban,0
64.68,67.96,27.72,-3.233,13.19,19.35,1,0,0,0,10,5000,54.0,Rural,1
74.8,73.74,-10.44,0.757,26.91,26.45,1,3,0,1,13,5000,41.7,Rural,1
41.59,41.87,0.57,-0.571,0.0,0.0,0,3,0,0,2,10000,73.6,Rural,1
57.54,53.43,-11.89,1.914,27.69,27.77,1,4,0,1,7,18000,58.1,Semi-Urban,1
22.03,25.18,18.03,-1.363,9.26,8.63,1,0,0,1,12,18000,52.4,Urban,1
65.83,65.7,2.92,-1.213,28.05,27.93,1,3,0,1,5,10000,65.0,Rural,1
94.45,89.9,-31.45,2.756,17.46,23.79,1,0,0,0,13,18000,53.8,Rural,0
66.88,65.6,-9.05,0.931,37.23,32.97,1,0,0,0,13,5000,91.3,Urban,0
94.48,91.45,-13.41,2.544,25.35,28.14,1,2,0,0,7,18000,48.6,Urban,0
65.31,64.28,-29.56,1.936,31.83,34.65,1,0,0,0,15,18000,61.4,Semi-Urban,0
44.67,44.93,0.52,-0.519,0.0,0.0,0,0,0,0,2,75000,94.9,Semi-Urban,0
75.46,73.43,8.11,-1.899,36.15,28.34,1,0,0,0,6,18000,55.2,Urban,0
29.46,31.8,16.18,-3.794,27.74,27.53,1,0,0,1,6,5000,41.8,Rural,1
51.83,54.29,9.55,-1.947,23.52,29.95,1,0,0,0,7,10000,46.8,Rural,0
47.44,48.42,1.98,-1.977,0.0,0.0,0,0,0,1,2,10000,87.2,Semi-Urban,1
34.7,37.71,17.0,-1.555,17.74,16.89,1,2,1,0,12,18000,90.7,Semi-Urban,1
69.0,67.46,0.81,-0.404,22.65,24.74,1,0,0,1,3,18000,74.0,Urban,0
83.84,84.71,11.34,-1.953,22.28,19.17,1,0,0,1,7,30000,94.9,Rural,0
55.46,50.12,-8.46,3.477,32.3,25.46,1,0,0,0,4,75000,59.2,Urban,0
77.76,75.58,-4.38,1.889,24.7,26.13,1,0,0,1,4,50000,75.9,Urban,0
51.64,55.87,8.46,-8.464,0.0,0.0,0,0,0,0,2,5000,78.7,Rural,0
73.62,69.29,-16.6,0.949,32.42,31.38,1,0,0,0,16,10000,58.9,Rural,0
64.32,66.14,21.03,-1.779,19.37,24.91,1,1,0,1,14,5000,66.8,Urban,1
20.0,21.64,30.9,-3.139,26.96,25.73,1,0,0,1,12,50000,53.3,Rural,1
72.12,67.04,-26.29,3.096,35.18,35.48,1,0,0,1,10,50000,77.1,Rural,0
100.0,100.0,-6.6,1.133,39.88,36.05,1,3,0,1,8,5000,65.1,Rural,1
68.99,74.52,17.3,-1.407,13.19,13.76,1,0,0,1,12,30000,75.8,Urban,1
58.64,62.95,12.59,-3.585,25.92,25.02,1,0,0,1,4,18000,98.5,Urban,1
59.03,58.34,-10.96,1.637,36.64,35.2,1,0,0,0,8,18000,42.6,Semi-Urban,0
90.68,87.97,-5.43,5.431,0.0,0.0,0,4,0,1,2,18000,85.0,Semi-Urban,0
81.68,76.4,-9.43,0.415,23.74,24.55,1,3,0,0,10,50000,70.3,Rural,0
73.33,73.12,-5.55,0.585,35.86,37.86,1,0,0,0,11,10000,72.2,Urban,0
58.63,54.75,-9.98,2.112,39.58,39.29,1,0,0,0,5,75000,67.8,Semi-Urban,0
69.16,67.89,-16.86,1.717,30.62,32.24,1,1,0,1,11,10000,98.0,Rural,0
20.0,21.21,25.1,-2.493,12.72,17.79,1,1,1,0,11,30000,54.8,Semi-Urban,1
44.68,43.41,-4.63,1.192,21.56,21.19,1,0,0,0,5,75000,86.5,Urban,0
32.53,30.44,15.49,-2.191,17.31,17.12,1,3,0,0,8,50000,83.1,Rural,1
47.87,53.05,10.31,-5.154,28.47,25.91,1,0,0,0,3,5000,84.7,Semi-Urban,1
62.61,60.63,-10.17,0.844,22.65,23.04,1,0,0,0,14,30000,52.8,Semi-Urban,0
42.04,41.12,-4.8,1.61,25.39,28.8,1,0,0,0,5,18000,62.5,Semi-Urban,0
70.49,69.47,-16.37,3.149,40.0,38.05,1,1,0,1,7,18000,80.9,Semi-Urban,0
85.29,83.1,-13.31,0.926,29.02,31.14,1,1,0,1,13,18000,93.9,Urban,0
25.76,32.48,20.28,-4.039,15.77,15.43,1,0,0,1,6,50000,66.4,Urban,1
50.14,48.55,-0.01,0.007,10.08,7.86,1,0,0,0,3,10000,58.9,Urban,0
46.65,47.04,-0.66,0.109,19.1,20.42,1,1,0,1,9,30000,99.0,Rural,1
77.13,74.56,-14.05,2.719,36.13,35.9,1,0,0,0,7,18000,83.3,Rural,0
46.51,45.02,-6.83,0.974,31.48,29.93,1,1,0,0,9,10000,98.4,Rural,0
59.99,60.03,0.08,-0.084,0.0,0.0,0,2,1,1,2,5000,74.7,Urban,1
80.3,79.37,-10.75,0.904,28.31,35.29,1,0,0,0,10,10000,88.2,Rural,0
80.7,79.32,-1.82,0.91,23.44,26.88,1,0,0,0,3,10000,89.0,Rural,0
24.56,30.94,50.03,-3.203,12.06,9.89,1,0,0,0,16,18000,54.9,Urban,1
100.0,98.94,-25.3,2.016,40.0,39.83,1,1,0,1,16,10000,41.6,Semi-Urban,0
73.17,74.96,3.09,-1.547,16.95,18.43,1,2,0,0,3,30000,55.2,Rural,0
56.34,63.02,14.71,-7.357,19.84,17.96,1,0,0,0,3,50000,76.1,Semi-Urban,1
67.59,64.3,-2.32,0.256,34.04,31.15,1,0,0,0,9,18000,53.2,Rural,0
20.0,20.0,18.65,-1.094,13.56,18.14,1,0,0,1,16,30000,59.1,Rural,1
68.04,63.54,-12.29,0.795,31.33,36.53,1,0,0,0,14,18000,93.9,Rural,0
88.94,88.59,-9.37,0.643,22.81,32.19,1,0,0,0,14,75000,58.8,Rural,0
79.28,74.06,-34.42,2.413,37.03,36.15,1,2,0,0,16,30000,89.8,Urban,0
89.31,85.93,-26.33,2.21,31.74,36.1,1,0,0,0,13,5000,51.5,Semi-Urban,0
53.68,59.25,27.07,-1.983,29.41,25.16,1,0,0,1,16,5000,84.1,Urban,1
27.28,30.01,10.68,-1.153,11.2,15.01,1,0,0,0,10,30000,61.1,Rural,1
26.02,31.45,17.23,-2.904,24.23,22.65,1,0,0,0,6,5000,53.7,Urban,1
100.0,100.0,-4.44,0.766,39.05,37.2,1,0,0,1,7,5000,91.6,Semi-Urban,0
73.03,68.76,-29.66,2.703,20.38,25.44,1,4,0,0,13,50000,97.8,Semi-Urban,0
89.36,82.82,-28.78,2.313,33.46,29.11,1,0,0,1,12,30000,45.1,Semi-Urban,0
68.1,63.43,-24.35,1.974,31.35,27.27,1,0,0,0,12,18000,85.4,Rural,0
84.71,82.55,-12.41,2.439,29.9,34.32,1,0,0,0,6,10000,76.9,Semi-Urban,0
98.33,96.12,-5.42,0.924,25.78,22.76,1,0,0,0,7,10000,86.8,Rural,0
47.92,46.13,-8.34,1.082,40.0,35.45,1,1,0,0,7,30000,80.5,Semi-Urban,0
39.74,40.37,3.18,-1.358,25.76,24.03,1,1,1,0,5,18000,85.3,Urban,1
29.33,37.7,30.22,-3.779,12.82,12.86,1,1,0,1,9,50000,91.8,Semi-Urban,1
73.77,72.38,-14.08,2.003,34.81,30.16,1,0,0,1,9,18000,61.6,Urban,0
56.36,59.48,6.25,-6.248,0.0,0.0,0,3,1,0,2,18000,52.5,Urban,1
57.78,62.3,5.56,-0.693,27.82,24.4,1,0,0,0,6,30000,63.2,Semi-Urban,0
40.38,48.26,27.74,-2.556,27.95,27.3,1,1,0,1,9,18000,90.6,Urban,1
38.13,41.92,18.91,-3.991,15.35,21.84,1,3,1,0,6,75000,66.0,Semi-Urban,1
42.94,44.06,-6.27,0.857,31.58,28.14,1,0,0,0,12,30000,80.6,Semi-Urban,0
46.05,50.08,23.16,-1.701,21.85,23.94,1,0,0,0,14,18000,61.8,Rural,1
70.25,75.79,7.34,-2.594,13.28,10.04,1,1,0,1,5,50000,92.9,Rural,1
41.72,41.08,10.56,-2.342,17.15,13.75,1,0,0,0,7,50000,75.1,Semi-Urban,1
74.5,71.35,-21.43,1.388,21.83,24.17,1,2,0,1,15,30000,64.0,Semi-Urban,0
35.68,42.78,16.42,-4.052,24.71,23.28,1,0,0,0,5,18000,84.9,Semi-Urban,1
20.0,22.36,40.16,-3.708,28.24,29.25,1,3,1,0,12,10000,84.4,Urban,1
100.0,100.0,-9.31,0.728,36.0,33.09,1,0,0,0,13,75000,42.8,Semi-Urban,0
72.41,71.02,7.08,-1.341,31.28,28.21,1,0,0,0,10,50000,75.1,Semi-Urban,0
28.92,31.18,14.93,-2.986,14.38,12.4,1,3,0,0,6,50000,45.9,Rural,1
20.19,27.53,36.61,-3.352,16.08,11.02,1,1,1,1,11,30000,49.7,Rural,1
100.0,98.95,-27.79,1.837,28.44,26.29,1,1,0,0,15,18000,75.0,Rural,0
66.59,73.5,13.31,-6.657,15.28,13.33,1,4,0,0,3,75000,65.8,Semi-Urban,1
89.94,88.12,-20.61,2.243,17.88,21.53,1,0,0,0,10,18000,70.7,Urban,0
20.0,20.0,27.03,-2.221,14.93,17.46,1,1,1,1,16,18000,47.2,Urban,1
62.19,60.71,-6.62,1.485,18.89,21.2,1,3,0,1,6,50000,89.6,Rural,0
88.17,85.3,-12.19,2.538,22.66,23.05,1,0,0,0,6,10000,75.0,Rural,0
51.18,49.49,-16.56,1.14,37.36,39.91,1,0,0,1,15,10000,41.7,Rural,0
57.86,65.56,36.54,-4.265,17.28,13.27,1,0,0,0,8,5000,95.4,Rural,1
40.47,42.32,20.86,-3.54,25.11,26.73,1,0,0,0,7,30000,53.2,Rural,1
56.35,58.17,23.85,-1.406,11.47,13.09,1,2,0,0,16,5000,41.1,Urban,1
89.47,88.39,-2.16,2.162,0.0,0.0,0,1,0,1,2,75000,63.6,Semi-Urban,0
91.06,89.94,-5.36,0.947,28.74,25.31,1,0,0,1,11,10000,78.6,Urban,0
31.8,37.3,14.1,-2.472,22.78,20.17,1,1,1,0,6,50000,61.1,Semi-Urban,1
23.53,26.68,29.01,-2.824,22.64,19.22,1,0,0,0,11,50000,97.5,Rural,1
50.52,55.78,18.17,-1.578,13.93,11.27,1,1,0,0,11,18000,66.4,Urban,1
60.32,56.13,-10.52,2.633,32.54,35.6,1,4,0,0,5,30000,50.8,Urban,0
39.84,38.95,3.75,-1.182,27.71,24.34,1,0,0,1,5,5000,50.6,Rural,1
66.46,63.15,-29.91,3.003,25.17,19.9,1,0,0,0,11,30000,82.9,Rural,0
100.0,100.0,-6.72,0.383,32.33,32.53,1,3,0,1,13,18000,98.3,Semi-Urban,0
71.64,72.35,9.91,-0.753,14.84,17.29,1,1,1,1,8,75000,84.7,Urban,1
82.34,81.06,-2.56,2.559,0.0,0.0,0,0,0,0,2,10000,84.0,Rural,0
81.0,78.52,-23.18,2.42,22.49,21.09,1,0,0,0,11,18000,48.9,Rural,0
74.11,70.54,-10.76,2.683,31.36,30.07,1,1,0,0,5,75000,95.4,Urban,0
49.0,46.95,11.0,-1.079,17.73,18.36,1,0,0,1,15,30000,91.6,Semi-Urban,1
67.93,60.73,-22.44,2.907,24.87,23.63,1,3,0,0,8,30000,58.3,Rural,0
90.61,88.63,-18.72,2.328,37.17,31.75,1,3,0,0,9,75000,58.0,Rural,0
36.94,41.76,19.01,-1.625,22.56,25.2,1,0,0,1,10,10000,46.9,Urban,1
46.91,47.46,5.92,-1.005,33.78,33.2,1,1,1,1,9,5000,56.5,Urban,1
20.0,20.0,25.36,-1.69,11.48,17.55,1,2,0,0,14,75000,41.7,Urban,1
95.41,91.89,-18.32,1.397,30.5,35.56,1,1,0,1,13,10000,43.9,Rural,0
68.97,67.55,-10.24,1.472,40.0,39.63,1,2,0,0,10,5000,88.1,Rural,0
36.34,41.6,12.03,-3.879,22.19,17.89,1,0,0,1,4,18000,79.4,Semi-Urban,1
83.15,81.16,-17.5,1.175,20.75,18.75,1,4,0,0,16,18000,81.3,Rural,0
100.0,100.0,-14.06,1.151,30.24,32.28,1,3,0,1,15,18000,68.6,Semi-Urban,0
96.12,91.76,-26.5,2.818,40.0,36.65,1,0,0,1,11,18000,44.4,Rural,0
100.0,100.0,-22.0,1.821,32.86,28.84,1,1,0,1,15,18000,87.6,Rural,0
68.5,66.06,-4.88,4.88,0.0,0.0,0,0,0,0,2,10000,97.4,Urban,0
100.0,97.28,-28.13,2.941,32.23,33.63,1,0,0,1,11,75000,43.0,Urban,0
95.78,97.37,-2.8,0.342,25.06,20.05,1,0,0,0,11,50000,52.7,Rural,0
90.32,88.41,-12.27,1.706,17.3,19.61,1,0,0,1,8,10000,53.7,Rural,0
52.07,49.03,-6.85,1.705,22.62,19.93,1,0,0,0,5,18000,83.6,Rural,0
100.0,100.0,-11.44,0.833,34.54,31.69,1,0,0,0,15,18000,72.3,Semi-Urban,0
100.0,100.0,-9.08,0.562,31.32,30.23,1,0,0,1,16,5000,45.3,Urban,0
98.03,95.45,-24.5,1.799,20.71,19.11,1,2,0,1,14,50000,74.1,Rural,0
95.39,94.3,-11.9,1.012,34.85,32.01,1,2,0,0,16,30000,85.3,Urban,0
66.91,63.22,-21.24,2.135,34.41,28.11,1,1,0,1,10,18000,97.8,Urban,0
39.42,37.26,22.01,-3.105,17.39,14.25,1,0,0,1,10,18000,58.7,Rural,1
21.97,25.71,31.12,-2.856,17.3,9.73,1,1,1,1,13,30000,49.0,Rural,1
63.58,64.18,-1.64,0.485,27.34,31.01,1,4,0,0,12,18000,55.7,Rural,0
24.23,27.12,18.74,-1.785,20.02,24.82,1,0,0,0,12,18000,89.0,Semi-Urban,1
71.05,69.96,-17.74,1.525,28.04,21.78,1,0,0,1,13,18000,84.9,Rural,0
75.94,73.92,-26.48,1.729,23.37,21.02,1,1,0,0,16,10000,83.1,Semi-Urban,0
65.99,73.01,29.65,-2.811,13.51,11.74,1,0,0,0,10,30000,93.3,Rural,1
61.81,60.15,-3.02,0.241,31.66,26.57,1,3,0,1,6,18000,83.8,Semi-Urban,0
59.57,62.99,7.96,-3.982,29.05,26.7,1,0,0,1,3,5000,64.1,Rural,1
22.21,23.9,13.48,-1.057,30.13,29.89,1,0,0,0,15,50000,47.2,Urban,0
89.35,82.97,-29.76,2.186,38.59,37.89,1,0,0,0,13,75000,92.9,Semi-Urban,0
85.46,91.32,10.57,-1.477,19.64,18.7,1,0,0,0,6,30000,43.8,Semi-Urban,0
63.23,60.4,-14.64,1.346,31.94,36.43,1,0,0,0,11,50000,58.4,Semi-Urban,0
41.13,42.19,2.13,-2.128,0.0,0.0,0,0,0,1,2,10000,63.8,Rural,1
61.44,64.31,27.77,-2.514,28.69,27.69,1,1,1,0,12,30000,88.6,Rural,0
60.33,56.79,-9.24,2.0,24.07,21.28,1,0,0,0,6,5000,77.4,Urban,0
26.0,26.35,25.56,-1.859,14.04,15.3,1,0,0,0,16,18000,45.3,Semi-Urban,1
33.21,35.56,18.01,-2.616,24.81,27.66,1,0,0,0,7,30000,92.9,Rural,0
70.3,72.15,-16.17,2.186,35.98,34.12,1,1,0,0,11,30000,91.6,Urban,0
23.84,23.69,17.9,-2.724,27.85,29.3,1,1,0,1,8,5000,52.8,Rural,1
37.62,38.28,14.37,-1.048,24.54,21.66,1,1,1,1,14,30000,81.6,Rural,1
30.72,35.42,30.6,-2.447,21.06,15.24,1,2,0,1,12,30000,93.4,Urban,1
57.91,56.52,-12.66,0.883,21.35,21.26,1,0,0,1,14,18000,44.3,Semi-Urban,0
64.26,62.08,-4.76,2.381,38.67,32.23,1,0,0,0,3,75000,53.0,Rural,0
88.26,89.69,1.28,-0.642,24.17,27.74,1,0,0,1,3,5000,83.8,Rural,0
61.21,63.58,23.44,-2.888,32.57,28.5,1,0,0,0,8,10000,89.6,Urban,1
20.0,20.33,15.9,-1.966,9.73,13.9,1,0,0,0,11,50000,63.5,Rural,1
100.0,99.09,-24.55,2.673,32.12,33.51,1,3,0,1,11,10000,44.8,Rural,1
93.91,92.71,-7.9,1.102,23.87,23.22,1,3,0,0,8,75000,90.6,Semi-Urban,0
44.83,44.4,10.63,-1.711,21.01,25.18,1,0,0,1,7,30000,65.9,Urban,1
100.0,100.0,-6.71,0.275,27.51,28.92,1,2,0,0,12,50000,89.0,Rural,0
82.51,82.48,13.71,-1.507,16.01,19.64,1,0,0,1,10,18000,92.8,Semi-Urban,0
73.38,71.46,-16.76,1.228,29.07,32.42,1,0,0,0,13,50000,73.0,Rural,0
96.77,94.65,-21.07,2.093,28.1,31.54,1,0,0,0,12,30000,67.5,Rural,0
28.68,31.66,41.31,-3.882,24.67,20.69,1,1,1,1,13,50000,87.4,Urban,1
74.95,74.64,3.54,-0.994,25.41,21.19,1,4,0,1,7,10000,84.4,Urban,1
38.29,41.7,23.57,-1.362,17.58,17.97,1,0,0,1,16,30000,81.3,Semi-Urban,1
46.36,48.71,19.76,-2.136,17.92,14.16,1,0,0,0,10,30000,71.5,Urban,1
30.52,37.62,9.58,-2.186,35.34,29.77,1,0,0,0,5,30000,84.1,Urban,0
96.46,95.76,-1.4,1.398,0.0,0.0,0,1,0,0,2,75000,46.6,Semi-Urban,0
49.28,48.2,-2.15,2.15,0.0,0.0,0,0,0,0,2,10000,48.8,Rural,0
96.8,95.33,-17.46,1.206,32.42,31.66,1,0,0,0,16,18000,87.2,Urban,0
96.96,95.67,-9.66,0.718,25.72,22.49,1,1,0,1,14,5000,64.6,Semi-Urban,0
65.67,66.47,0.07,-0.18,38.54,35.84,1,2,0,1,4,10000,47.4,Semi-Urban,1
68.95,68.54,-12.45,1.515,37.97,33.85,1,0,0,1,11,10000,59.6,Rural,0
100.0,99.23,-21.99,1.534,25.68,26.07,1,0,0,1,16,5000,54.1,Urban,0
62.21,60.38,-3.66,3.661,0.0,0.0,0,0,0,1,2,30000,87.9,Rural,0
81.6,81.45,-12.3,1.147,35.85,34.02,1,1,0,1,14,5000,81.8,Urban,0
73.4,74.57,3.25,-1.623,21.53,21.56,1,0,0,1,3,10000,80.7,Semi-Urban,0
96.8,92.86,-13.67,1.197,27.56,29.26,1,3,0,1,12,30000,71.1,Rural,0
46.02,52.65,21.26,-1.034,19.6,21.48,1,1,1,0,16,30000,54.1,Urban,1
63.1,59.58,-23.36,2.799,28.59,25.6,1,0,0,1,10,30000,90.8,Rural,0
57.41,63.64,27.33,-3.862,26.42,27.29,1,0,0,0,8,50000,85.0,Semi-Urban,0
56.54,55.16,-14.98,1.697,29.69,27.2,1,0,0,0,10,18000,78.7,Rural,0
44.08,54.3,40.22,-3.381,10.03,11.42,1,0,0,1,12,5000,96.9,Semi-Urban,1
25.5,30.68,26.48,-2.987,28.5,22.79,1,0,0,0,10,30000,81.4,Urban,1
56.7,66.12,39.35,-2.411,20.21,17.38,1,0,0,1,14,50000,51.3,Rural,1
67.09,67.78,-21.05,1.784,30.02,25.04,1,1,0,0,15,18000,45.0,Semi-Urban,0
20.0,20.0,18.85,-1.126,29.34,29.29,1,3,1,0,15,5000,64.9,Rural,1
70.77,70.91,0.3,-0.297,0.0,0.0,0,0,0,0,2,50000,91.5,Urban,0
55.14,51.71,-15.96,1.7,26.76,26.68,1,0,0,1,11,5000,56.5,Semi-Urban,0
78.92,81.39,9.19,-1.304,14.55,10.94,1,2,0,0,7,50000,52.9,Semi-Urban,0
87.93,87.25,-7.99,0.537,32.4,35.43,1,0,0,0,15,50000,87.9,Semi-Urban,0
75.62,75.28,-2.04,0.84,31.95,25.84,1,1,0,1,4,10000,81.7,Rural,0
96.39,94.23,-12.7,1.645,38.67,35.06,1,0,0,1,7,5000,65.0,Urban,0
20.0,21.13,28.2,-2.127,10.06,13.1,1,0,0,0,14,10000,53.0,Rural,1
72.22,72.48,-4.32,0.894,12.72,11.49,1,1,1,0,4,5000,84.8,Rural,1
67.13,68.43,13.87,-1.958,20.05,20.84,1,0,0,0,9,75000,63.3,Rural,0
78.9,80.14,12.26,-3.766,15.69,12.38,1,0,0,1,5,30000,59.1,Rural,1
76.85,73.16,-13.31,1.258,32.0,31.95,1,2,0,0,11,5000,78.4,Rural,0
20.0,21.65,15.22,-2.382,15.23,13.67,1,1,0,0,9,50000,90.1,Rural,1
29.11,35.42,46.28,-4.027,25.21,24.86,1,0,0,0,13,50000,92.2,Urban,1
49.82,54.25,19.33,-2.002,18.4,13.44,1,2,0,0,10,5000,81.5,Rural,1
81.06,79.84,-4.93,1.558,21.95,25.15,1,3,0,0,4,75000,81.8,Semi-Urban,0
56.01,57.98,-5.45,0.91,36.6,33.45,1,0,0,0,12,75000,61.0,Semi-Urban,0
64.43,70.26,22.48,-2.937,28.57,30.99,1,1,0,1,8,10000,64.9,Urban,1
56.74,59.92,10.2,-1.683,27.42,25.64,1,0,0,1,6,18000,73.2,Urban,0
78.93,76.57,-8.42,0.597,28.93,33.13,1,2,0,1,11,30000,44.9,Semi-Urban,0
64.84,66.81,-3.24,0.389,33.49,30.26,1,0,0,0,16,10000,85.5,Rural,0
84.75,82.54,-6.88,1.683,22.03,22.32,1,1,0,0,6,30000,70.6,Semi-Urban,0
30.19,31.19,17.95,-1.822,32.85,27.59,1,0,0,1,12,5000,90.7,Urban,1
83.67,81.62,-4.09,4.094,0.0,0.0,0,0,0,1,2,18000,58.1,Semi-Urban,0
100.0,98.92,-11.44,1.996,24.12,24.92,1,4,0,0,8,18000,48.7,Rural,0
80.39,81.66,0.34,0.463,31.5,31.38,1,1,0,1,6,18000,72.0,Rural,0
22.21,25.13,16.66,-2.137,24.78,28.72,1,0,0,1,9,5000,66.7,Semi-Urban,1
42.95,42.44,-4.11,0.825,22.34,21.95,1,2,0,1,6,10000,85.5,Rural,1
27.06,28.41,15.6,-2.445,13.39,16.03,1,2,0,0,8,50000,86.8,Semi-Urban,1
85.4,81.36,-21.96,2.556,25.44,20.84,1,0,0,1,10,10000,47.6,Rural,0
49.98,49.92,-3.62,0.193,40.0,35.86,1,3,0,0,6,30000,91.4,Rural,0
39.36,43.1,45.24,-3.455,20.72,21.66,1,4,1,1,14,10000,79.8,Semi-Urban,1
56.67,51.5,-18.95,2.326,25.49,26.58,1,1,0,1,8,50000,44.6,Semi-Urban,0
36.8,41.1,17.38,-2.901,10.73,11.78,1,2,1,0,6,30000,60.6,Urban,1
100.0,100.0,-4.19,0.453,21.76,23.82,1,0,0,0,14,50000,53.8,Semi-Urban,0
40.41,39.45,-4.75,1.647,38.28,33.25,1,0,0,1,4,10000,61.4,Semi-Urban,0
67.55,67.23,-13.32,1.615,29.61,31.3,1,1,0,0,10,10000,87.4,Rural,0
20.0,20.0,40.8,-3.171,23.38,23.32,1,0,0,0,16,75000,55.6,Urban,1
52.34,55.49,8.7,-1.573,11.32,11.63,1,0,0,0,7,5000,46.6,Urban,1
43.0,46.86,23.48,-2.398,22.76,19.7,1,1,1,0,10,50000,46.6,Semi-Urban,1
41.91,45.85,40.48,-2.701,11.26,13.01,1,0,0,0,16,30000,97.4,Urban,1
100.0,100.0,-23.35,1.599,33.41,29.54,1,0,0,0,16,30000,77.1,Rural,0
74.82,69.72,-8.25,4.124,21.31,25.46,1,0,0,0,3,50000,91.9,Semi-Urban,0
65.89,62.16,-12.46,2.22,22.02,19.05,1,2,0,1,6,18000,67.6,Semi-Urban,0
20.0,20.0,22.57,-2.058,29.9,28.69,1,0,0,0,11,18000,56.6,Rural,1
56.04,62.11,27.93,-4.207,10.96,10.42,1,3,0,0,8,75000,76.3,Rural,1
20.0,20.0,17.21,-1.863,11.2,8.85,1,3,0,1,10,5000,41.9,Urban,1
24.33,26.14,34.86,-2.695,15.41,14.58,1,0,0,1,14,5000,79.9,Urban,1
59.35,59.06,-8.68,1.03,30.23,24.98,1,1,0,1,10,10000,76.7,Semi-Urban,0
84.7,84.11,-5.12,2.562,26.84,29.45,1,0,0,0,3,10000,88.2,Rural,0
58.64,60.13,-6.09,0.575,22.76,25.21,1,0,0,0,13,75000,94.4,Rural,0
63.12,64.7,20.15,-1.991,17.89,15.96,1,2,0,1,12,5000,79.4,Rural,1
65.63,64.1,15.46,-1.374,26.0,27.17,1,1,0,1,16,5000,74.7,Rural,0
92.25,90.93,-17.42,2.279,29.78,29.93,1,0,0,1,10,10000,41.6,Rural,0
54.09,52.68,-13.87,1.445,27.76,25.88,1,0,0,1,12,50000,79.0,Semi-Urban,0
20.0,20.0,20.41,-1.657,12.89,13.67,1,0,0,0,12,10000,52.5,Rural,1
100.0,100.0,-6.61,0.71,23.3,29.85,1,2,0,1,11,75000,87.3,Urban,0
20.0,21.24,31.02,-2.036,18.25,24.0,1,0,0,1,16,5000,58.0,Semi-Urban,1
50.71,51.69,-0.85,0.635,23.87,19.99,1,2,1,1,4,18000,40.5,Urban,1
100.0,100.0,-7.64,0.396,32.03,34.49,1,2,0,0,14,75000,86.3,Urban,0
87.62,90.32,5.76,-1.136,24.33,22.26,1,0,0,1,5,30000,94.9,Semi-Urban,0
94.15,92.2,-6.03,1.271,24.19,26.31,1,0,0,1,7,10000,78.3,Semi-Urban,0
50.64,50.97,4.77,-1.105,30.74,25.34,1,0,0,1,9,5000,60.4,Rural,1
36.44,49.89,42.35,-4.337,21.0,20.64,1,0,0,0,10,18000,57.1,Urban,1
82.86,83.01,13.77,-1.698,15.16,12.15,1,0,0,1,9,5000,43.2,Semi-Urban,1
71.64,65.66,-12.59,3.527,36.9,33.29,1,0,0,1,4,5000,47.3,Semi-Urban,0
68.65,72.18,13.26,-1.199,24.58,27.97,1,0,0,0,14,30000,67.2,Rural,0
96.53,95.78,-12.32,2.067,24.71,22.95,1,2,0,1,8,10000,92.5,Rural,0
47.17,49.92,8.78,-2.321,28.75,24.68,1,4,1,1,5,75000,73.6,Urban,1
74.02,79.62,14.75,-4.413,32.37,30.22,1,1,1,0,4,10000,67.9,Semi-Urban,1
20.41,20.63,16.5,-1.976,15.84,15.95,1,2,1,1,9,10000,76.5,Rural,1
100.0,99.62,-6.56,1.01,32.12,28.58,1,0,0,0,8,30000,95.8,Semi-Urban,0
20.0,20.05,20.45,-2.444,13.59,18.68,1,0,0,1,9,30000,71.0,Rural,1
84.59,82.03,-4.35,2.177,18.6,26.52,1,0,0,0,3,50000,93.5,Urban,0
59.83,60.18,21.61,-2.41,21.04,18.27,1,0,0,0,10,18000,93.9,Urban,0
57.7,60.56,21.74,-2.281,14.59,12.26,1,0,0,1,11,10000,67.1,Semi-Urban,1
69.23,67.47,-27.38,2.466,21.63,24.75,1,0,0,0,12,30000,70.8,Rural,0
64.49,60.54,-21.27,1.855,26.31,35.13,1,0,0,1,10,30000,54.5,Rural,0
88.13,85.11,-18.89,1.976,23.78,31.03,1,0,0,1,10,18000,82.5,Semi-Urban,0
61.09,57.71,-9.18,0.623,39.07,39.55,1,0,0,1,13,10000,72.7,Semi-Urban,0
63.1,60.44,-8.03,1.414,30.73,29.48,1,2,0,1,6,75000,58.2,Urban,0
94.06,92.42,-6.79,2.045,22.66,27.54,1,0,0,0,5,10000,78.8,Semi-Urban,0
55.78,53.52,-8.63,1.393,22.26,28.58,1,0,0,0,7,10000,55.6,Semi-Urban,0
20.0,20.14,32.79,-2.745,20.07,15.76,1,3,1,1,14,18000,88.2,Rural,1
96.87,96.22,-3.17,0.823,26.19,27.67,1,2,0,0,6,50000,88.6,Semi-Urban,0
83.64,84.13,0.98,-0.983,0.0,0.0,0,0,0,1,2,18000,41.9,Semi-Urban,0
39.89,40.71,1.62,-1.623,0.0,0.0,0,0,0,0,2,18000,72.3,Urban,0
53.53,53.7,16.7,-1.653,31.11,30.45,1,2,1,0,9,50000,56.5,Urban,1
61.28,61.38,-5.3,0.742,29.85,30.63,1,1,0,0,10,75000,64.9,Rural,0
68.54,64.72,-32.76,2.929,38.01,40.0,1,0,0,0,13,18000,58.4,Rural,0
100.0,100.0,-9.89,0.808,35.77,39.21,1,0,0,0,12,10000,75.1,Semi-Urban,0
100.0,100.0,-15.44,0.92,28.55,28.83,1,0,0,1,16,10000,78.9,Semi-Urban,0
100.0,96.06,-6.79,1.856,34.4,26.19,1,0,0,1,5,50000,66.7,Semi-Urban,0
69.39,67.87,-6.32,1.972,40.0,36.6,1,0,0,0,6,50000,82.4,Rural,0
84.57,83.57,-12.32,1.484,31.07,29.28,1,0,0,1,11,10000,54.8,Urban,0
30.46,34.66,5.12,-2.559,15.54,12.07,1,0,0,0,3,50000,70.4,Semi-Urban,0
20.0,21.09,14.42,-1.41,11.02,15.04,1,0,0,0,11,30000,52.5,Urban,1
80.7,78.34,-6.72,1.886,34.89,32.27,1,1,0,1,5,18000,97.0,Semi-Urban,0
92.14,87.74,-14.09,0.924,33.9,37.92,1,2,0,0,13,10000,50.5,Urban,0
20.0,22.03,12.82,-2.399,25.13,23.26,1,0,0,0,9,30000,75.8,Semi-Urban,0
44.6,46.72,15.77,-1.13,21.59,28.73,1,0,0,1,13,18000,59.6,Urban,1
100.0,97.45,-36.74,2.531,34.79,38.03,1,0,0,0,15,30000,49.5,Urban,0
81.14,79.71,-2.62,1.31,21.58,21.72,1,1,0,0,3,10000,61.9,Rural,0
78.74,78.9,-0.64,0.239,24.73,29.15,1,0,0,0,4,5000,73.8,Rural,0
53.28,56.04,21.21,-2.397,17.06,21.75,1,2,1,0,10,30000,64.5,Semi-Urban,1
32.26,38.41,17.02,-1.972,24.54,31.53,1,0,0,0,8,10000,61.0,Urban,1
69.84,71.63,26.2,-2.318,19.28,15.94,1,1,1,1,13,18000,45.0,Rural,1
31.85,34.76,35.85,-3.364,29.96,29.44,1,0,0,0,12,75000,40.6,Semi-Urban,1
100.0,96.42,-23.93,1.673,25.55,22.85,1,1,0,1,15,50000,77.1,Urban,0
63.8,62.6,-2.39,2.391,0.0,0.0,0,1,0,1,2,10000,52.4,Urban,0
28.71,35.71,52.7,-4.067,12.51,13.91,1,2,1,0,13,5000,96.1,Rural,1
20.0,22.61,21.37,-2.854,11.71,13.84,1,0,0,0,9,10000,62.9,Urban,1
77.12,83.76,7.19,-3.34,29.4,21.39,1,1,1,0,4,75000,81.5,Urban,0
66.57,67.24,18.1,-1.598,17.78,19.71,1,0,0,1,12,30000,49.1,Semi-Urban,0
20.0,22.53,17.68,-2.91,34.79,31.13,1,0,0,1,8,50000,85.1,Urban,1
28.56,32.3,23.08,-4.514,17.96,15.75,1,0,0,1,7,18000,59.5,Urban,1
58.31,56.32,-15.81,1.799,32.54,31.24,1,0,0,0,11,30000,60.9,Urban,0
31.26,35.49,7.3,-1.461,9.53,9.04,1,0,0,0,6,10000,52.7,Urban,1
69.39,73.73,14.98,-1.99,21.63,25.07,1,0,0,0,7,75000,62.1,Rural,0
67.66,70.91,-8.83,0.87,18.3,24.96,1,0,0,0,15,75000,87.7,Rural,0
75.98,72.44,-11.18,0.902,38.93,36.22,1,1,0,0,11,10000,79.7,Semi-Urban,0
100.0,100.0,-10.23,0.614,27.31,24.92,1,0,0,1,11,5000,68.8,Rural,0
100.0,100.0,-8.47,0.652,28.81,28.49,1,3,0,0,12,5000,85.4,Rural,0
49.51,51.51,4.0,-3.996,0.0,0.0,0,0,0,1,2,10000,90.0,Rural,1
64.26,59.63,-15.04,2.923,33.92,28.1,1,0,0,0,6,18000,54.8,Rural,0
95.98,92.89,-28.24,2.302,32.9,24.8,1,1,0,0,13,18000,49.0,Rural,0
69.02,76.44,17.99,-1.436,18.46,20.61,1,1,1,0,10,30000,46.8,Rural,1
74.24,75.09,-25.78,2.223,26.46,25.77,1,0,0,0,15,50000,92.6,Rural,0
99.0,97.94,-15.03,2.284,22.93,27.12,1,0,0,0,8,18000,71.9,Semi-Urban,0
27.94,32.96,27.27,-3.764,13.23,13.13,1,0,0,0,8,50000,52.8,Rural,1
75.83,76.48,-0.9,0.262,15.38,15.28,1,1,1,0,4,50000,61.9,Rural,0
49.76,53.93,22.67,-4.833,27.1,23.99,1,0,0,0,6,30000,54.2,Rural,1
20.34,27.44,20.73,-2.523,10.66,15.76,1,1,1,1,8,5000,41.7,Semi-Urban,1
100.0,100.0,-9.13,0.333,27.31,31.48,1,0,0,1,16,18000,58.5,Urban,0
70.05,66.92,-7.89,0.837,23.64,23.53,1,0,0,1,9,10000,65.6,Semi-Urban,0
45.42,53.01,46.38,-3.911,18.73,19.09,1,2,1,0,12,75000,83.2,Rural,1
28.9,36.15,27.06,-3.008,25.4,19.43,1,1,0,0,9,30000,71.4,Rural,1
70.34,68.25,-19.08,1.852,17.69,20.42,1,0,0,1,12,10000,81.2,Rural,0
73.5,71.64,3.85,-1.243,28.82,27.43,1,0,0,0,9,10000,64.2,Urban,0
42.16,39.72,-5.87,1.648,25.91,27.43,1,0,0,1,6,10000,75.1,Rural,1
85.46,84.44,-3.13,0.478,19.75,20.39,1,3,0,0,7,50000,67.1,Urban,0
22.32,26.28,12.04,-2.824,24.45,26.91,1,0,0,1,7,5000,67.0,Urban,1
51.4,54.47,14.33,-3.177,20.1,16.89,1,1,0,0,6,5000,98.5,Rural,1
53.28,52.3,-10.03,1.854,36.1,31.43,1,0,0,0,8,30000,57.4,Rural,0
56.49,56.3,-12.75,2.087,15.74,25.19,1,3,0,0,8,75000,48.5,Rural,1
36.92,40.16,18.97,-3.106,19.81,20.57,1,3,1,1,9,18000,85.4,Urban,1
73.64,71.19,-3.88,0.506,31.45,28.92,1,4,0,1,7,5000,79.2,Rural,1
30.6,31.23,13.0,-1.962,18.23,14.49,1,0,0,1,7,5000,98.0,Rural,1
26.62,25.31,12.2,-1.56,26.43,27.29,1,2,0,0,10,50000,97.0,Rural,0
46.08,45.94,-1.69,0.747,36.84,40.0,1,4,0,0,7,75000,80.8,Rural,1
20.0,20.0,20.74,-1.546,18.5,23.62,1,0,0,1,16,5000,61.0,Urban,1
43.88,44.19,-6.45,0.765,25.24,25.44,1,0,0,0,7,30000,49.7,Rural,0
66.03,60.52,-19.8,1.451,31.25,30.64,1,0,0,1,12,18000,47.0,Urban,0
85.06,82.83,-24.49,1.877,40.0,36.56,1,0,0,1,14,18000,72.8,Rural,0
69.48,67.12,-13.43,1.059,20.19,26.87,1,0,0,0,14,18000,88.7,Semi-Urban,0
78.06,72.31,-41.3,2.732,39.51,26.38,1,2,0,1,15,18000,50.7,Urban,0
81.02,78.91,-10.38,1.144,40.0,40.0,1,0,0,1,11,18000,82.0,Semi-Urban,0
31.3,34.72,47.45,-4.131,26.62,21.54,1,0,0,1,13,5000,48.7,Rural,1
20.0,25.22,15.35,-1.154,23.25,20.55,1,0,0,0,12,30000,55.1,Semi-Urban,0
70.14,70.19,2.88,-1.472,21.26,19.03,1,0,0,1,5,50000,52.4,Urban,0
73.44,68.51,-23.27,2.662,26.04,27.67,1,0,0,1,9,30000,61.8,Rural,0
90.68,89.71,-10.8,1.494,27.95,30.18,1,1,0,0,9,50000,87.8,Urban,0
100.0,97.71,-19.49,1.656,17.84,23.68,1,4,0,0,12,5000,58.0,Semi-Urban,0
67.62,76.87,12.09,-4.046,17.99,20.24,1,3,1,1,4,18000,78.3,Urban,1
64.97,63.96,-21.13,2.319,23.1,27.69,1,0,0,0,11,18000,62.2,Urban,0
80.99,76.42,-11.45,2.991,22.58,19.93,1,1,0,1,5,30000,51.8,Urban,0
77.57,76.87,-13.65,1.271,26.87,24.09,1,0,0,0,13,30000,57.3,Rural,0
62.15,65.18,-1.05,-0.039,23.73,25.84,1,4,0,0,5,18000,59.4,Rural,1
31.0,37.46,14.56,-3.218,12.64,14.08,1,0,0,0,5,50000,52.0,Urban,1
96.59,92.14,-7.25,2.407,34.43,33.33,1,0,0,1,4,30000,76.1,Rural,0
73.47,72.31,-6.71,1.164,16.65,17.77,1,0,0,1,6,5000,51.4,Rural,0
62.56,62.49,-26.12,1.873,25.97,25.36,1,0,0,0,15,10000,96.7,Urban,0
44.34,43.97,3.57,-0.865,16.94,19.5,1,1,1,1,10,10000,43.0,Semi-Urban,1
50.55,48.73,0.71,-0.698,18.52,24.98,1,0,0,0,6,50000,74.6,Urban,0
49.9,55.14,8.35,-2.125,24.17,25.09,1,0,0,1,5,30000,46.6,Urban,1
64.5,66.95,5.57,-2.296,22.66,23.32,1,3,1,0,4,50000,87.9,Rural,1
68.3,64.06,-6.07,3.036,29.65,32.78,1,0,0,1,3,5000,60.9,Urban,0
40.89,43.63,22.15,-1.792,18.45,18.38,1,0,0,0,16,75000,54.6,Rural,1
44.19,43.68,-0.54,0.297,34.26,32.82,1,0,0,0,8,50000,96.5,Semi-Urban,0
44.57,48.39,4.67,-2.335,27.59,26.12,1,1,1,1,3,10000,48.4,Semi-Urban,1
56.28,65.7,13.37,-4.952,9.87,12.21,1,0,0,1,4,5000,93.2,Rural,1
53.19,51.0,8.43,-1.79,26.1,25.72,1,0,0,0,7,50000,49.3,Rural,0
65.3,67.13,-4.29,0.492,27.44,31.98,1,0,0,1,16,5000,59.9,Semi-Urban,0
75.99,72.79,-10.28,1.192,26.44,23.12,1,0,0,0,10,10000,43.6,Urban,0
20.0,20.0,19.24,-1.314,9.1,9.41,1,0,0,0,15,50000,85.6,Urban,1
82.83,80.63,-10.41,1.495,37.84,40.0,1,2,0,0,8,30000,67.5,Urban,0
100.0,94.96,-26.26,3.022,31.76,27.09,1,0,0,0,10,30000,50.4,Urban,0
59.08,65.0,31.02,-3.722,27.46,26.95,1,0,0,1,10,10000,54.9,Rural,1
20.0,23.35,29.68,-2.206,17.67,18.39,1,0,0,0,16,5000,54.0,Rural,1
43.94,44.51,2.34,-0.783,9.27,10.06,1,0,0,0,5,30000,93.4,Semi-Urban,1
23.72,28.73,27.69,-3.306,12.8,11.24,1,0,0,0,9,18000,80.7,Semi-Urban,1
25.74,25.12,12.92,-1.082,16.02,25.03,1,0,0,0,14,50000,87.1,Rural,1
20.0,24.11,17.88,-2.434,10.01,11.62,1,0,0,1,8,18000,85.1,Rural,1
82.99,84.68,10.4,-2.153,18.94,15.07,1,0,0,0,6,75000,64.4,Rural,0
70.48,68.39,-16.31,2.296,32.74,29.72,1,0,0,1,8,10000,60.7,Semi-Urban,0
81.68,81.67,-1.9,0.187,36.91,38.25,1,1,0,1,6,18000,83.5,Semi-Urban,0
20.0,20.0,11.05,-0.74,24.18,23.39,1,0,0,0,15,30000,47.8,Rural,0
85.07,81.22,-22.01,2.611,36.25,32.26,1,3,0,0,10,50000,57.8,Rural,0
57.54,54.83,-14.78,1.05,40.0,35.97,1,0,0,1,15,75000,90.6,Semi-Urban,0
72.2,71.53,10.48,-2.332,11.69,17.09,1,0,0,0,7,18000,76.1,Semi-Urban,1
82.32,79.52,-8.27,1.102,39.47,35.94,1,2,0,1,9,5000,43.0,Semi-Urban,0
81.81,87.0,12.36,-4.457,26.87,24.31,1,2,0,0,4,5000,70.6,Rural,1
66.55,65.41,-3.95,1.974,37.28,33.45,1,0,0,1,3,18000,44.2,Urban,0
100.0,100.0,-14.99,1.269,29.32,32.32,1,0,0,0,11,75000,91.5,Urban,0
79.78,79.66,-1.2,-0.189,9.95,14.01,1,0,0,1,4,18000,79.6,Urban,0
100.0,99.61,-1.12,0.484,32.58,33.87,1,0,0,0,8,50000,88.2,Rural,0
67.26,71.24,8.44,-4.219,23.65,29.13,1,1,1,1,3,18000,40.4,Rural,1
20.0,20.0,17.92,-1.099,16.66,13.57,1,0,0,1,16,18000,81.6,Semi-Urban,1
100.0,100.0,-10.35,0.589,32.7,36.69,1,0,0,1,14,10000,50.1,Rural,0
83.73,81.38,-16.25,2.179,29.62,26.79,1,4,0,0,9,10000,73.7,Semi-Urban,0
69.61,68.71,-9.38,0.744,33.44,31.42,1,0,0,1,13,75000,70.9,Rural,0
67.84,74.58,13.05,-4.081,22.51,17.87,1,0,0,0,5,30000,79.3,Rural,0
100.0,100.0,-8.4,0.675,31.54,32.82,1,0,0,0,13,75000,56.3,Rural,0
65.96,62.16,-5.1,1.622,30.89,38.16,1,1,0,0,4,30000,41.8,Urban,0
41.31,43.49,4.8,-1.055,14.62,14.56,1,0,0,1,5,5000,92.1,Urban,1
89.02,87.94,-1.82,0.911,28.07,23.38,1,0,0,0,3,30000,60.6,Rural,0
97.91,91.97,-31.97,2.178,33.79,33.57,1,0,0,1,15,10000,96.7,Urban,0
85.75,84.33,-1.38,0.399,30.65,24.7,1,0,0,0,4,5000,98.5,Semi-Urban,0
67.86,65.78,-15.74,1.288,24.7,19.81,1,0,0,0,14,75000,52.8,Rural,0
74.98,79.49,16.19,-2.901,18.59,17.14,1,1,1,0,7,50000,63.0,Urban,1
46.69,42.86,-5.94,2.039,28.94,26.47,1,0,0,0,4,75000,97.9,Urban,0
34.52,34.44,32.77,-3.208,21.56,21.16,1,1,1,1,12,10000,68.3,Urban,1
95.94,94.66,-14.19,1.469,30.29,30.16,1,2,0,0,11,75000,79.7,Urban,0
20.0,20.0,35.78,-2.616,31.79,26.7,1,2,0,0,15,5000,66.3,Semi-Urban,1
69.36,68.64,-7.03,1.958,26.38,27.06,1,0,0,1,6,18000,45.9,Semi-Urban,0
31.83,35.15,29.34,-1.96,23.78,21.89,1,1,1,0,16,30000,98.2,Rural,1
59.04,59.14,25.48,-3.143,35.9,31.1,1,0,0,0,10,30000,84.2,Urban,0
80.95,78.08,-14.83,2.628,36.17,34.08,1,0,0,1,8,10000,74.9,Semi-Urban,0
49.72,52.23,22.36,-2.757,6.06,14.4,1,0,0,1,9,10000,91.4,Urban,1
53.47,52.78,-13.18,1.979,35.17,38.15,1,0,0,0,8,30000,89.0,Urban,0
81.39,77.91,-7.58,1.771,39.99,39.05,1,0,0,0,6,75000,61.3,Semi-Urban,0
100.0,94.88,-11.54,2.746,22.45,19.68,1,2,0,0,5,18000,78.7,Rural,0
45.93,47.21,24.32,-2.03,26.46,31.08,1,0,0,1,11,18000,47.4,Semi-Urban,1
77.34,80.06,3.02,0.022,40.0,40.0,1,2,0,1,6,10000,45.8,Rural,0
81.34,87.17,12.88,-6.44,20.81,21.88,1,1,0,1,3,18000,81.8,Urban,1
33.83,33.81,4.83,-0.92,11.68,13.4,1,4,1,0,11,30000,92.6,Semi-Urban,1
79.88,77.24,-28.51,2.632,21.3,21.16,1,4,0,1,12,18000,72.6,Rural,1
92.92,91.3,-19.56,1.507,29.15,27.45,1,1,0,1,13,10000,87.1,Urban,0
20.0,20.0,34.6,-2.433,29.19,27.67,1,1,1,1,15,10000,46.8,Semi-Urban,1
36.53,43.52,16.74,-3.503,17.76,13.44,1,0,0,0,5,18000,83.1,Semi-Urban,1
30.56,33.83,23.35,-1.864,28.67,27.56,1,0,0,0,13,10000,75.7,Rural,1
100.0,100.0,-2.77,0.274,25.0,20.47,1,0,0,1,11,10000,42.9,Semi-Urban,0
47.77,46.23,-7.24,1.332,27.71,24.94,1,0,0,1,7,18000,61.4,Rural,0
73.91,70.91,-6.68,3.342,38.13,34.86,1,0,0,1,3,10000,64.1,Urban,0
86.12,85.64,-18.31,1.484,29.31,31.18,1,4,0,1,14,10000,70.2,Rural,0
64.92,66.21,5.4,-2.701,29.2,26.8,1,0,0,0,3,50000,74.2,Urban,0
52.98,55.08,18.25,-2.487,17.74,21.96,1,2,1,1,10,5000,51.3,Rural,1
47.6,51.33,17.56,-2.435,21.06,19.99,1,3,0,1,9,10000,63.0,Semi-Urban,1
51.63,51.93,17.82,-1.114,23.37,23.11,1,2,0,0,15,50000,49.6,Rural,1
48.41,48.01,17.23,-1.852,22.2,20.97,1,2,1,0,10,18000,49.4,Rural,1
21.22,27.3,37.54,-3.292,28.9,25.16,1,0,0,0,13,30000,76.4,Semi-Urban,0
45.17,43.69,-6.65,0.75,25.4,28.68,1,0,0,1,13,18000,43.3,Urban,0
51.18,57.17,34.55,-2.887,22.27,23.07,1,0,0,1,12,5000,98.4,Rural,1
96.53,95.13,-9.07,0.641,28.02,25.74,1,0,0,0,11,30000,54.2,Urban,0
87.3,84.17,-17.18,2.671,25.25,24.22,1,4,0,1,8,30000,71.0,Urban,0
61.12,61.55,21.57,-2.18,14.74,11.24,1,0,0,1,11,30000,95.2,Rural,1
94.32,93.54,-14.69,1.563,22.07,24.98,1,2,0,1,11,5000,65.5,Rural,0
41.52,41.06,25.7,-1.965,29.01,25.22,1,1,1,1,16,30000,67.0,Rural,1
98.07,95.15,-5.48,1.639,18.43,21.52,1,0,0,1,4,10000,70.3,Urban,0
20.0,20.48,37.51,-2.611,15.73,17.5,1,2,1,0,16,10000,68.5,Urban,1
85.92,83.35,-19.94,1.885,33.74,31.5,1,1,0,1,11,5000,50.3,Semi-Urban,0
60.57,64.5,7.35,-2.537,28.36,25.92,1,3,0,1,4,50000,88.6,Rural,1
20.0,20.0,31.89,-2.435,22.34,19.34,1,1,0,0,16,30000,80.4,Urban,1
98.7,95.69,-17.91,2.912,26.1,26.34,1,3,0,0,8,10000,95.7,Urban,0
21.31,26.85,28.88,-2.569,34.34,30.14,1,0,0,0,13,10000,94.1,Semi-Urban,1
24.29,29.29,24.92,-2.524,14.82,23.99,1,1,0,1,11,18000,69.1,Urban,1
94.64,93.46,-27.05,2.663,35.19,35.95,1,0,0,1,11,5000,93.5,Semi-Urban,0
100.0,100.0,-2.27,0.142,36.95,38.86,1,0,0,1,15,18000,70.1,Semi-Urban,0
46.78,44.74,-4.1,4.098,0.0,0.0,0,3,0,1,2,18000,94.7,Semi-Urban,1
45.42,52.37,48.17,-3.673,10.3,12.44,1,3,0,0,13,10000,40.6,Semi-Urban,1
71.44,71.78,-16.09,2.812,34.21,33.67,1,0,0,1,8,75000,81.7,Rural,0
52.58,50.95,-8.74,0.739,29.6,29.75,1,0,0,0,13,30000,66.3,Rural,0
39.1,40.77,13.56,-1.375,12.73,10.78,1,0,0,1,12,10000,47.8,Rural,1
100.0,100.0,-14.64,1.46,23.59,22.8,1,0,0,1,15,18000,90.1,Urban,0
66.23,61.58,-14.39,1.413,33.2,36.09,1,1,0,0,9,10000,45.2,Urban,0
50.4,47.29,-11.57,1.888,20.76,21.99,1,0,0,1,6,50000,61.9,Rural,0
85.16,80.92,-30.79,2.58,33.97,40.0,1,0,0,0,14,30000,42.6,Urban,0
82.13,80.8,-18.07,2.151,28.83,26.03,1,1,0,1,10,30000,98.6,Urban,0
70.55,70.72,10.18,-1.704,26.96,33.67,1,1,0,1,8,5000,86.1,Semi-Urban,1
50.72,55.33,23.0,-3.432,28.49,23.64,1,0,0,1,7,50000,47.6,Urban,1
62.89,59.4,-22.4,2.271,20.34,18.13,1,0,0,1,12,10000,67.3,Semi-Urban,0
75.76,81.49,12.06,-6.03,20.58,15.06,1,0,0,1,3,50000,43.7,Urban,1
100.0,100.0,-9.02,0.473,33.58,33.51,1,0,0,0,15,5000,93.7,Rural,0
100.0,100.0,-13.87,1.006,32.44,30.49,1,1,0,1,15,50000,65.3,Rural,0
79.16,76.5,-6.08,0.634,39.2,39.0,1,1,0,1,8,5000,80.9,Semi-Urban,0
26.56,28.46,7.81,-2.125,22.1,22.04,1,1,0,0,5,75000,89.2,Rural,1
93.44,92.33,-10.03,0.881,32.62,34.75,1,0,0,1,11,5000,67.3,Urban,0
56.24,61.39,6.67,-1.952,29.18,25.1,1,2,1,1,4,10000,94.0,Semi-Urban,1
20.0,20.0,23.82,-1.76,23.77,27.78,1,2,0,0,15,30000,68.9,Rural,1
20.0,20.0,15.84,-1.963,15.4,19.89,1,1,0,1,10,18000,56.4,Semi-Urban,1
91.36,89.87,-25.86,1.594,35.29,35.1,1,0,0,0,16,5000,66.4,Rural,0
62.47,57.8,-8.23,2.436,17.63,23.69,1,0,0,0,4,30000,93.6,Urban,0
20.0,20.0,31.69,-3.045,21.6,21.29,1,4,1,0,12,75000,98.7,Rural,1
41.18,41.0,21.07,-1.696,12.41,15.42,1,0,0,1,14,50000,69.9,Urban,1
50.74,60.39,39.44,-3.418,24.2,25.1,1,1,1,1,11,5000,56.4,Semi-Urban,1
65.61,63.1,-12.3,2.089,30.7,35.06,1,0,0,1,8,10000,81.6,Rural,0
20.0,20.0,16.05,-1.402,22.51,25.12,1,4,1,0,16,75000,69.1,Semi-Urban,1
96.0,95.79,-0.41,0.41,0.0,0.0,0,2,0,1,2,10000,49.8,Semi-Urban,0
25.48,28.81,9.92,-1.533,26.67,22.03,1,0,0,0,5,50000,71.0,Rural,0
67.89,65.21,-19.45,3.499,28.68,28.6,1,2,0,1,7,18000,84.8,Semi-Urban,0
64.69,60.29,-13.73,2.675,33.42,29.11,1,4,0,0,6,10000,62.9,Semi-Urban,0
100.0,100.0,-16.3,1.166,21.0,21.83,1,0,0,1,14,18000,95.3,Semi-Urban,0
72.13,71.58,-1.12,1.116,0.0,0.0,0,0,0,0,2,50000,78.7,Rural,0
73.91,70.56,-34.93,2.691,38.73,38.74,1,0,0,1,14,10000,89.7,Urban,0
65.67,66.12,15.22,-1.489,21.17,20.29,1,1,1,1,12,50000,46.0,Rural,1
70.08,70.45,21.65,-3.105,26.97,25.01,1,0,0,1,9,5000,70.8,Urban,1
70.95,75.4,15.16,-4.068,18.76,25.48,1,0,0,0,5,10000,88.7,Rural,1
84.75,81.99,-21.29,2.67,39.42,37.11,1,3,0,0,10,30000,94.8,Rural,0
43.06,46.96,18.19,-3.744,23.85,23.19,1,0,0,0,6,75000,78.2,Urban,0
89.76,84.05,-12.07,3.965,24.05,22.39,1,1,0,1,4,18000,94.0,Urban,0
51.37,51.87,18.01,-1.454,19.24,13.66,1,1,1,1,16,50000,60.1,Urban,1
91.16,90.39,-1.54,1.539,0.0,0.0,0,0,0,0,2,30000,67.1,Urban,0
100.0,99.6,-12.73,1.922,26.19,23.34,1,0,0,0,7,50000,62.5,Urban,0
34.35,35.34,5.06,-0.879,16.35,12.85,1,3,0,1,5,18000,97.2,Urban,1
68.44,65.68,-29.16,2.319,36.51,36.6,1,2,0,1,14,30000,57.9,Rural,0
64.13,67.87,28.62,-2.034,19.51,17.75,1,0,0,1,15,5000,51.6,Rural,1
86.01,89.47,6.92,-6.918,0.0,0.0,0,0,0,0,2,10000,98.1,Urban,0
69.98,71.91,3.86,-3.864,0.0,0.0,0,1,0,0,2,18000,65.8,Rural,0
36.73,39.55,23.81,-2.042,18.35,18.33,1,1,0,1,13,30000,83.0,Rural,1
89.16,85.65,-14.25,2.319,24.5,23.74,1,0,0,0,7,50000,55.4,Urban,0
63.37,61.89,-1.83,0.913,19.55,17.77,1,0,0,0,3,10000,50.0,Rural,0
40.44,39.7,-1.5,1.496,0.0,0.0,0,0,0,0,2,10000,70.9,Semi-Urban,0
85.82,84.1,-14.98,0.888,37.05,38.66,1,4,0,1,15,50000,84.2,Urban,0
86.94,84.66,-13.66,2.575,23.43,27.02,1,4,0,1,6,10000,58.2,Rural,1
53.73,52.32,-5.56,0.851,31.94,31.03,1,0,0,0,9,10000,52.7,Urban,0
27.62,34.91,11.46,-2.603,19.9,23.57,1,3,1,0,5,10000,92.7,Rural,1
49.71,57.22,15.34,-5.104,15.52,13.8,1,1,1,0,4,30000,41.6,Rural,1
59.67,64.51,38.31,-2.551,13.89,15.71,1,2,1,0,14,10000,45.8,Semi-Urban,1
32.78,41.59,29.81,-3.222,16.39,18.68,1,0,0,1,10,30000,46.9,Rural,1
59.13,60.91,9.49,-1.994,13.11,10.26,1,0,0,0,5,50000,55.3,Rural,0
87.31,85.28,-4.55,0.564,35.75,27.39,1,0,0,0,10,5000,86.5,Rural,0
53.28,56.55,9.03,-1.786,17.26,13.67,1,0,0,1,6,18000,82.1,Rural,0
58.5,57.06,-13.27,0.99,34.03,34.2,1,2,0,1,15,50000,85.1,Semi-Urban,0
29.6,31.71,37.32,-2.938,23.09,20.43,1,0,0,1,15,18000,54.6,Urban,1
20.0,20.71,23.12,-1.389,28.24,28.06,1,0,0,0,16,75000,55.6,Rural,1
38.12,41.53,53.55,-3.616,25.49,25.41,1,0,0,1,16,50000,53.6,Rural,1
50.32,44.76,-11.08,3.721,25.42,30.58,1,0,0,0,4,75000,96.7,Semi-Urban,0
100.0,99.89,-15.44,1.521,33.47,29.73,1,2,0,1,13,5000,86.1,Semi-Urban,0
53.69,49.27,6.37,-1.451,22.01,24.22,1,1,1,0,11,50000,91.2,Rural,0
36.44,40.44,14.15,-2.943,18.23,15.94,1,2,0,0,6,75000,77.1,Rural,1
28.38,26.9,10.36,-2.269,13.85,14.34,1,2,1,1,7,10000,73.8,Rural,1
58.84,59.71,0.72,-0.361,24.89,23.7,1,0,0,0,3,75000,86.6,Rural,0
100.0,100.0,-14.17,0.846,38.41,39.65,1,0,0,0,15,5000,92.0,Rural,0
94.87,94.09,-4.55,0.575,33.64,36.08,1,0,0,0,8,5000,79.7,Semi-Urban,0
63.63,69.33,16.57,-2.109,28.49,24.04,1,2,0,1,8,30000,60.8,Rural,1
44.56,41.03,-6.59,3.293,20.65,24.78,1,3,0,1,3,10000,45.5,Semi-Urban,1
100.0,100.0,-20.6,1.851,26.14,21.23,1,2,0,0,11,10000,75.0,Urban,0
87.11,81.95,-25.97,2.309,40.0,38.08,1,3,0,1,11,30000,63.5,Semi-Urban,0
61.91,63.68,7.18,-3.592,30.04,21.23,1,1,1,1,3,75000,85.8,Urban,0
70.23,71.69,14.04,-2.361,31.8,28.99,1,0,0,0,7,50000,51.7,Urban,0
54.23,53.29,-11.93,1.703,38.72,36.98,1,0,0,0,8,10000,50.9,Urban,0
20.0,25.13,14.55,-1.708,25.73,27.6,1,2,1,0,10,5000,65.4,Rural,1
79.21,73.36,-9.51,3.296,37.02,35.87,1,0,0,1,4,50000,45.9,Urban,0
22.61,29.08,24.22,-5.09,20.14,21.52,1,0,0,1,5,18000,92.9,Semi-Urban,1
52.77,48.15,-17.51,2.238,27.64,26.95,1,0,0,0,8,10000,93.6,Urban,0
65.88,62.62,-6.52,6.519,0.0,0.0,0,1,0,1,2,10000,93.6,Rural,0
20.0,23.46,54.95,-3.933,15.93,13.07,1,1,1,1,15,10000,85.7,Urban,1
30.14,34.76,31.26,-3.125,15.1,16.79,1,0,0,0,12,75000,82.8,Urban,1
63.18,70.7,14.35,-1.382,10.53,12.29,1,0,0,1,9,18000,55.2,Semi-Urban,1
100.0,99.57,-16.51,2.23,30.98,30.95,1,0,0,1,8,5000,56.3,Semi-Urban,0
46.25,50.81,27.2,-3.908,24.58,18.35,1,2,1,1,8,30000,48.2,Urban,1
28.39,32.29,14.28,-2.527,23.45,27.06,1,0,0,1,7,30000,48.5,Urban,1
100.0,98.91,-30.01,2.623,35.21,35.99,1,0,0,0,13,5000,40.5,Rural,0
20.0,20.0,22.73,-1.978,17.19,22.3,1,1,0,1,14,18000,44.6,Rural,1
99.35,97.32,-36.82,2.651,23.1,21.44,1,2,0,0,15,10000,87.4,Rural,0
69.99,68.69,-17.76,2.859,26.17,26.04,1,2,0,1,7,10000,67.5,Rural,0
73.32,68.53,-8.65,3.029,32.99,31.54,1,0,0,0,4,50000,43.9,Semi-Urban,0
74.35,68.97,-34.83,2.395,31.65,33.83,1,2,0,0,15,75000,81.2,Semi-Urban,0
78.68,75.9,-10.26,1.026,23.71,30.03,1,1,0,1,11,18000,96.4,Rural,0
58.64,59.84,21.88,-3.844,14.04,16.44,1,0,0,0,8,5000,70.7,Semi-Urban,1
100.0,99.57,-25.06,2.1,37.85,36.04,1,3,0,0,14,5000,46.8,Rural,0
86.31,83.8,-13.63,1.341,37.96,32.32,1,0,0,1,10,18000,74.7,Rural,0
99.75,95.39,-21.26,2.134,40.0,37.39,1,2,0,0,11,18000,82.1,Semi-Urban,0
79.97,75.54,-41.66,2.787,26.97,30.76,1,2,0,0,16,30000,41.4,Semi-Urban,0
58.57,55.02,17.37,-1.248,8.22,12.21,1,4,1,0,16,10000,41.4,Rural,1
35.66,37.44,3.36,-1.201,8.5,10.08,1,0,0,0,4,30000,86.9,Rural,1
100.0,98.39,-22.99,1.656,28.69,27.27,1,0,0,0,16,30000,85.7,Semi-Urban,0
98.65,91.67,-35.36,2.852,31.35,34.55,1,4,0,0,12,18000,55.2,Rural,0
49.5,46.54,-5.93,5.929,0.0,0.0,0,0,0,0,2,30000,96.2,Urban,0
100.0,99.72,-15.19,1.823,36.88,38.18,1,1,0,1,10,75000,54.1,Semi-Urban,0
87.53,88.1,4.61,-1.451,27.37,21.51,1,1,1,1,4,50000,61.3,Urban,0
91.3,90.32,-16.3,1.214,23.84,24.57,1,1,0,0,16,30000,72.5,Rural,0
51.83,49.79,-18.86,2.151,23.37,22.34,1,2,0,1,10,50000,42.8,Semi-Urban,0
100.0,100.0,-19.72,1.614,26.72,28.27,1,0,0,0,15,5000,85.0,Semi-Urban,0
87.38,88.83,2.9,-2.895,0.0,0.0,0,0,0,1,2,10000,68.1,Rural,0
96.49,93.11,-22.04,2.661,39.03,39.39,1,4,0,1,9,5000,46.0,Rural,1
46.56,44.29,-6.6,1.255,21.75,27.58,1,2,0,0,8,10000,60.0,Semi-Urban,1
100.0,100.0,-12.39,0.881,37.92,36.42,1,0,0,1,14,10000,69.3,Semi-Urban,0
39.29,46.15,33.87,-3.605,29.02,28.81,1,1,1,0,10,18000,47.4,Urban,1
20.0,20.0,17.17,-1.475,25.88,24.9,1,4,0,1,14,50000,76.4,Semi-Urban,1
59.2,55.38,-16.54,1.534,39.18,40.0,1,2,0,1,12,5000,85.8,Rural,0
35.75,36.97,-0.15,-0.175,23.59,26.12,1,0,0,0,4,75000,50.4,Rural,0
77.01,74.85,-11.02,1.343,21.86,25.08,1,1,0,0,10,50000,54.1,Rural,0
80.48,79.97,-3.51,0.375,28.01,29.87,1,0,0,1,6,50000,90.5,Rural,0
67.11,66.69,-12.65,1.75,23.57,25.92,1,0,0,0,8,18000,41.9,Semi-Urban,0
44.1,48.09,37.57,-3.017,16.72,16.86,1,4,1,1,12,30000,76.7,Semi-Urban,1
89.34,84.14,-27.81,2.0,32.18,27.98,1,0,0,0,14,75000,95.1,Rural,0
24.64,31.59,14.1,-3.919,17.3,18.25,1,0,0,1,4,10000,78.7,Semi-Urban,1
63.01,62.22,-1.58,1.584,0.0,0.0,0,2,0,1,2,5000,86.9,Rural,0
92.21,92.71,-24.15,2.181,22.38,26.01,1,2,0,1,14,10000,91.1,Urban,0
57.95,58.8,1.69,-1.692,0.0,0.0,0,2,0,0,2,10000,64.0,Rural,0
53.42,52.96,-3.89,1.943,35.58,38.47,1,3,0,0,3,30000,45.3,Urban,0
57.87,53.59,-20.25,1.394,36.03,38.45,1,0,0,0,13,30000,91.0,Urban,0
62.26,61.74,-11.88,1.169,34.3,30.79,1,2,0,0,12,5000,50.7,Rural,0
21.29,28.37,22.66,-2.142,27.37,24.8,1,0,0,0,10,10000,63.7,Rural,1
100.0,99.76,-35.17,2.758,27.11,24.3,1,1,0,0,15,50000,48.6,Urban,0
100.0,100.0,-14.15,0.82,25.38,24.51,1,1,0,1,15,5000,46.9,Urban,0
20.0,21.27,20.03,-3.563,25.11,26.03,1,2,1,0,7,30000,44.6,Semi-Urban,1
20.0,22.24,29.08,-2.844,21.57,18.98,1,0,0,1,13,30000,88.1,Urban,1
27.7,38.94,43.85,-3.405,5.64,10.29,1,0,0,0,11,10000,47.8,Rural,1
83.52,84.34,-1.32,0.351,25.0,26.09,1,2,0,1,6,10000,96.9,Rural,0
38.16,46.19,51.78,-4.257,22.82,23.8,1,0,0,0,12,50000,95.3,Rural,1
100.0,96.82,-14.01,2.404,20.52,20.88,1,0,0,0,6,5000,89.0,Semi-Urban,0
20.0,20.0,17.96,-2.331,27.23,24.44,1,2,1,1,11,18000,51.6,Semi-Urban,1
100.0,100.0,-8.93,0.856,24.93,27.54,1,0,0,0,11,75000,59.0,Rural,0
91.98,86.74,-30.58,2.053,25.53,22.56,1,2,0,1,15,10000,69.0,Semi-Urban,0
89.34,90.42,2.16,-2.162,0.0,0.0,0,0,0,0,2,30000,69.5,Rural,0
49.43,53.38,8.51,-2.177,13.75,11.07,1,0,0,0,6,5000,67.9,Rural,1
39.97,42.23,2.91,-1.454,21.9,22.88,1,0,0,0,3,75000,48.1,Urban,0
71.45,68.72,-16.67,1.774,22.72,21.55,1,2,0,0,11,18000,87.7,Semi-Urban,0
49.54,49.86,0.63,-0.63,0.0,0.0,0,0,0,0,2,30000,55.1,Rural,0
32.61,36.64,31.33,-2.045,9.71,6.89,1,1,1,1,15,10000,51.8,Semi-Urban,1
76.17,71.91,-16.98,1.68,18.56,17.69,1,0,0,0,9,50000,61.1,Rural,0
53.06,54.93,18.82,-1.98,11.1,11.55,1,0,0,0,11,18000,75.2,Rural,0
69.71,70.42,-16.97,1.808,40.0,40.0,1,0,0,1,12,30000,70.7,Urban,0
20.0,22.98,33.29,-3.438,25.22,27.37,1,0,0,0,11,10000,68.3,Semi-Urban,1
47.95,46.0,-3.02,1.51,27.97,26.61,1,2,0,0,3,30000,48.2,Rural,1
38.7,46.82,40.51,-3.789,15.1,21.19,1,0,0,0,11,10000,70.0,Rural,1
57.98,54.62,-14.96,2.504,28.0,27.78,1,1,0,0,7,75000,58.2,Urban,0
20.0,20.0,20.26,-1.371,25.82,29.01,1,0,0,1,14,50000,66.4,Rural,1
67.58,67.45,-6.88,1.081,34.02,38.17,1,1,0,0,10,18000,45.2,Semi-Urban,0
20.0,28.56,17.0,-3.544,25.53,25.75,1,0,0,0,6,30000,56.9,Urban,0
64.57,67.93,19.52,-1.716,31.82,32.26,1,0,0,1,11,10000,56.0,Rural,1
63.2,61.8,-2.99,1.181,39.69,39.86,1,0,0,1,4,5000,63.0,Semi-Urban,0
74.44,77.15,5.42,-5.421,0.0,0.0,0,0,0,0,2,30000,66.7,Semi-Urban,0
56.28,54.13,-5.23,0.769,36.05,39.22,1,1,0,0,7,30000,44.2,Rural,0
20.0,20.0,15.88,-1.408,31.86,34.19,1,0,0,0,13,75000,67.3,Urban,0
67.82,77.01,10.67,-5.333,9.96,13.72,1,0,0,0,3,18000,90.8,Urban,1
76.43,72.32,-16.07,1.996,32.27,33.36,1,0,0,1,9,18000,62.7,Urban,0
38.55,39.16,2.09,-1.044,27.7,20.7,1,2,0,0,3,5000,52.0,Semi-Urban,1
74.8,72.92,-24.66,1.507,33.01,31.74,1,1,0,0,16,18000,78.1,Urban,0
53.57,61.37,11.86,-2.435,14.11,14.26,1,2,1,0,6,18000,73.7,Rural,1
54.76,53.43,-16.74,1.24,30.76,35.76,1,1,0,0,13,50000,72.5,Rural,0
60.33,64.23,10.05,-1.433,7.28,14.07,1,2,0,0,11,75000,40.8,Semi-Urban,1
70.17,65.41,-31.96,3.052,30.67,32.16,1,0,0,0,11,10000,64.7,Rural,0
100.0,99.7,-16.0,1.802,40.0,34.71,1,0,0,0,11,10000,72.6,Rural,0
49.82,46.17,-14.28,2.636,27.23,23.86,1,0,0,0,6,30000,81.8,Semi-Urban,0
59.46,50.82,-20.41,2.974,19.52,20.67,1,0,0,1,7,10000,77.1,Semi-Urban,0
20.0,20.0,20.08,-1.679,32.2,27.82,1,3,1,1,12,10000,81.4,Rural,1
73.47,69.59,-7.88,2.53,25.75,28.87,1,0,0,0,4,30000,97.6,Rural,0
44.56,50.51,36.94,-3.286,16.86,11.13,1,4,1,1,12,5000,41.6,Urban,1
67.85,61.86,-13.13,2.482,37.92,38.46,1,0,0,0,5,30000,45.8,Rural,0
35.15,34.07,10.38,-1.602,18.78,17.37,1,0,0,1,13,10000,70.7,Semi-Urban,1
81.96,78.3,-15.16,2.963,37.83,39.12,1,0,0,0,7,30000,45.6,Urban,0
66.89,66.28,-8.93,1.048,25.96,30.85,1,0,0,0,11,75000,84.6,Urban,0
100.0,96.36,-13.23,2.12,26.31,31.28,1,2,0,0,7,18000,45.1,Urban,0
100.0,100.0,-17.65,1.87,25.05,22.71,1,1,0,0,12,18000,90.0,Rural,0
20.0,20.0,32.52,-2.859,12.85,20.2,1,1,0,0,12,75000,43.5,Urban,1
42.56,44.13,22.46,-1.638,29.88,29.77,1,0,0,0,15,18000,82.2,Urban,0
26.17,27.75,12.21,-1.195,19.6,26.08,1,0,0,1,10,10000,98.6,Rural,1
63.14,59.64,-6.87,3.436,40.0,36.25,1,0,0,1,3,18000,43.7,Urban,0
72.92,70.21,-5.67,1.102,30.22,27.99,1,1,0,1,5,10000,46.8,Rural,0
69.71,74.67,13.39,-2.204,17.96,23.93,1,0,0,0,8,10000,53.1,Semi-Urban,1
49.5,53.81,37.5,-2.742,14.76,13.81,1,2,0,1,15,18000,97.2,Urban,1
83.27,78.65,-27.04,2.123,31.48,33.86,1,1,0,0,13,30000,48.7,Urban,0
50.1,48.47,-11.97,0.748,22.7,24.25,1,1,0,1,14,30000,71.1,Rural,0
37.58,42.25,10.91,-3.715,22.31,24.26,1,0,0,1,4,10000,69.4,Semi-Urban,1
67.82,64.55,-5.73,1.262,32.84,31.74,1,0,0,0,5,50000,44.3,Semi-Urban,0
62.79,66.79,11.5,-2.342,28.99,23.66,1,0,0,0,6,18000,88.5,Semi-Urban,0
37.91,40.13,3.47,-0.645,33.89,31.35,1,0,0,0,6,50000,45.5,Urban,0
62.9,62.72,-2.76,0.651,31.03,26.98,1,3,1,0,4,10000,76.6,Rural,1
48.42,48.57,0.29,-0.294,0.0,0.0,0,0,0,1,2,10000,48.8,Urban,1
20.0,23.8,24.44,-1.46,29.65,21.9,1,0,0,0,15,30000,67.8,Semi-Urban,0
58.86,58.36,14.52,-1.538,18.58,19.87,1,0,0,0,14,75000,52.7,Rural,0
20.0,20.0,29.09,-2.364,12.04,13.63,1,1,1,0,16,30000,55.5,Semi-Urban,1
94.09,92.92,-20.23,1.624,27.45,29.62,1,1,0,0,13,10000,72.7,Urban,0
77.96,70.06,-13.88,4.747,26.58,25.0,1,0,0,0,4,75000,93.1,Semi-Urban,0
55.08,56.93,-3.24,0.444,27.26,25.53,1,2,0,1,13,50000,92.4,Semi-Urban,0
42.83,44.55,-1.15,0.319,30.37,27.14,1,0,0,1,8,18000,93.4,Semi-Urban,0
96.3,95.74,-17.48,1.536,24.37,22.74,1,0,0,0,13,50000,46.7,Urban,0
44.43,50.52,47.69,-3.807,19.04,19.07,1,0,0,0,13,30000,54.7,Rural,1
57.85,55.29,-4.32,0.749,25.28,27.4,1,2,0,1,7,5000,84.5,Rural,1
20.0,20.0,32.39,-2.905,17.89,17.81,1,2,1,0,14,10000,52.7,Rural,1
91.8,90.32,-2.97,2.968,0.0,0.0,0,0,0,1,2,10000,60.5,Semi-Urban,0
31.74,33.71,3.93,-3.935,0.0,0.0,0,1,1,0,2,30000,54.0,Urban,1
89.74,87.86,-13.21,1.984,39.55,38.46,1,2,0,1,7,10000,87.3,Urban,0
71.76,67.61,-16.04,2.877,32.75,37.78,1,0,0,0,6,30000,79.6,Semi-Urban,0
20.0,23.68,45.06,-3.653,18.63,20.41,1,0,0,0,14,18000,86.4,Semi-Urban,1
31.15,30.06,8.03,-1.428,16.66,11.58,1,3,1,1,10,50000,64.4,Urban,1
20.0,20.0,18.56,-1.608,27.58,27.11,1,0,0,1,14,18000,78.7,Urban,1
21.08,29.52,33.09,-3.996,28.25,28.28,1,0,0,0,9,50000,67.4,Semi-Urban,1
77.58,79.39,10.96,-1.238,22.68,19.08,1,1,0,0,9,18000,77.6,Urban,0
65.45,65.87,-0.42,0.209,34.99,40.0,1,0,0,1,3,50000,92.0,Semi-Urban,0
74.51,78.15,7.29,-7.292,0.0,0.0,0,0,0,1,2,10000,66.0,Semi-Urban,1
28.47,32.57,32.63,-2.922,17.56,17.06,1,0,0,0,13,10000,76.7,Semi-Urban,1
65.02,61.27,-27.24,2.168,40.0,38.47,1,0,0,0,13,75000,52.5,Rural,0
54.63,54.91,-6.98,0.778,34.51,40.0,1,0,0,0,16,10000,62.2,Semi-Urban,0
62.72,59.65,-9.04,2.18,23.02,25.59,1,2,0,0,5,18000,86.3,Semi-Urban,0
80.69,84.18,9.51,-1.144,16.49,18.56,1,1,1,1,8,50000,95.1,Urban,1
94.09,87.31,-32.81,2.086,28.69,34.57,1,1,0,1,16,50000,83.9,Rural,0
95.06,92.58,-4.32,1.231,35.66,34.39,1,3,0,1,4,5000,53.2,Rural,1
87.58,83.7,-12.24,1.73,26.12,30.0,1,2,0,0,8,18000,59.2,Urban,0
20.0,27.16,45.39,-3.513,13.69,14.35,1,0,0,0,13,10000,72.4,Semi-Urban,1
96.43,93.37,-5.42,0.39,33.03,29.45,1,2,0,1,8,18000,44.9,Rural,0
57.56,61.92,26.53,-4.096,21.28,17.55,1,1,0,0,8,18000,89.3,Rural,1
67.51,69.11,3.97,-1.983,28.58,30.32,1,1,0,1,3,50000,65.4,Rural,0
58.49,64.11,11.76,-5.879,20.25,21.54,1,1,1,1,3,50000,63.0,Urban,1
20.0,20.02,24.39,-2.47,17.86,13.81,1,2,1,0,12,5000,77.0,Rural,1
36.68,45.01,31.71,-3.343,34.27,27.26,1,0,0,0,10,30000,74.0,Rural,1
95.37,92.4,-11.06,1.365,27.37,28.35,1,0,0,0,8,75000,57.3,Urban,0
78.49,76.63,-12.99,0.893,18.93,26.34,1,0,0,1,15,5000,92.4,Rural,0
93.0,90.69,-13.92,1.347,30.38,35.92,1,1,0,1,11,18000,57.9,Urban,0
74.43,73.21,-2.33,1.164,31.57,32.47,1,0,0,0,3,5000,66.5,Rural,0
100.0,99.97,-11.24,1.666,25.58,28.17,1,0,0,0,8,50000,94.0,Urban,0
72.79,69.84,-9.8,1.485,34.86,31.56,1,0,0,1,8,50000,52.7,Rural,0
66.5,70.14,18.01,-2.099,17.49,18.62,1,3,0,0,11,5000,63.0,Rural,1
72.75,69.16,-7.77,2.038,40.0,40.0,1,0,0,1,5,18000,66.9,Rural,0
96.75,94.6,-20.3,1.664,38.67,37.68,1,0,0,1,14,18000,43.9,Rural,0
52.26,47.46,-6.41,1.219,30.04,29.15,1,4,0,0,6,18000,87.8,Urban,0
45.72,55.58,20.2,-10.101,8.75,8.71,1,0,0,0,3,30000,86.8,Rural,1
37.46,42.89,26.37,-1.746,21.84,25.85,1,1,1,0,16,30000,80.5,Semi-Urban,1
100.0,99.26,-27.98,2.096,26.87,27.31,1,1,0,0,15,50000,75.2,Semi-Urban,0
58.61,60.56,3.5,-0.743,19.25,20.09,1,0,0,1,5,10000,84.5,Urban,1
56.13,54.09,-5.55,2.217,17.9,20.73,1,0,0,0,4,10000,54.9,Urban,0
46.13,43.21,-5.84,5.845,0.0,0.0,0,1,1,0,2,30000,93.7,Rural,0
33.32,39.79,13.35,-6.677,22.72,31.67,1,0,0,0,3,30000,76.4,Rural,1
87.46,87.75,5.26,-0.975,30.56,21.1,1,0,0,1,5,10000,73.1,Semi-Urban,0
25.12,31.73,21.44,-3.45,31.22,31.8,1,0,0,0,7,30000,88.2,Rural,1
35.0,40.91,5.43,-2.006,17.67,20.68,1,0,0,0,4,75000,92.2,Urban,0
72.39,68.61,-7.78,0.902,37.48,34.5,1,2,0,0,8,30000,63.7,Rural,0
61.58,61.45,-0.27,0.268,0.0,0.0,0,1,0,1,2,30000,60.6,Rural,0
100.0,98.01,-11.91,2.525,37.49,40.0,1,0,0,1,6,5000,64.7,Semi-Urban,0
24.51,29.19,31.56,-2.095,9.75,12.12,1,0,0,0,15,10000,97.4,Rural,1
100.0,96.57,-14.61,1.0,31.81,25.95,1,0,0,1,16,30000,87.4,Semi-Urban,0
74.33,73.46,-19.45,2.486,31.33,29.58,1,0,0,1,9,30000,53.0,Semi-Urban,0
20.0,22.65,30.67,-2.442,5.62,8.13,1,0,0,0,14,50000,67.4,Semi-Urban,1
59.83,61.61,15.86,-1.817,12.78,14.41,1,0,0,0,11,18000,95.2,Rural,1
98.22,96.07,-7.78,1.153,25.25,28.62,1,1,0,1,8,30000,48.6,Semi-Urban,0
63.49,68.18,12.57,-1.414,13.13,19.83,1,0,0,0,12,75000,67.7,Semi-Urban,0
57.95,59.61,14.17,-0.87,16.36,16.02,1,1,1,0,14,30000,92.6,Semi-Urban,1
94.98,95.73,-4.88,1.087,25.8,22.92,1,0,0,0,6,30000,90.7,Semi-Urban,0
100.0,100.0,-5.65,0.294,37.21,35.34,1,1,0,0,14,30000,46.7,Rural,0
92.05,90.31,-1.38,0.573,32.06,25.09,1,0,0,0,5,50000,46.2,Urban,0
31.48,39.56,18.08,-2.809,15.0,17.21,1,0,0,1,7,30000,54.4,Rural,1
24.8,30.34,38.99,-4.294,18.23,23.73,1,1,1,0,10,10000,64.8,Rural,1
77.57,71.79,-21.97,2.26,26.71,30.13,1,1,0,1,9,50000,92.7,Rural,0
64.3,69.02,11.59,-2.764,20.84,22.31,1,3,0,0,5,30000,57.2,Semi-Urban,1
95.94,94.52,-4.06,0.381,40.0,39.61,1,0,0,0,8,50000,85.5,Rural,0
30.43,31.03,10.42,-2.909,10.97,14.75,1,1,0,0,5,10000,56.4,Rural,1
43.19,45.59,9.02,-2.884,15.75,16.31,1,1,1,1,5,5000,88.4,Rural,1
59.19,57.72,-6.19,1.401,21.67,21.0,1,0,0,1,7,18000,42.2,Semi-Urban,0
53.47,61.82,28.84,-4.149,10.88,18.08,1,0,0,0,8,10000,63.4,Urban,1
79.8,78.46,-8.99,1.869,40.0,36.07,1,1,0,0,6,50000,66.0,Urban,0
20.0,20.74,19.99,-1.945,17.28,18.01,1,1,1,1,11,10000,44.4,Semi-Urban,1
61.52,66.86,22.94,-2.858,13.33,14.55,1,1,0,0,9,30000,51.3,Rural,1
48.82,53.54,17.69,-1.197,13.5,16.91,1,0,0,0,14,75000,54.6,Rural,1
90.15,88.87,-10.09,1.43,35.84,37.85,1,2,0,0,9,30000,41.5,Urban,0
20.0,23.6,30.28,-2.656,22.62,21.2,1,1,1,1,12,30000,66.7,Urban,1
77.66,72.52,-21.01,2.484,31.58,28.32,1,0,0,1,10,10000,89.1,Rural,0
51.82,50.23,-4.96,1.627,38.58,34.29,1,0,0,0,4,75000,81.0,Semi-Urban,0
58.65,63.72,10.21,-1.593,9.38,15.0,1,1,1,0,8,50000,80.9,Semi-Urban,1
49.16,49.85,-9.86,1.461,22.37,26.11,1,3,0,1,8,18000,68.1,Rural,1
28.89,33.01,21.96,-3.302,28.74,26.46,1,1,1,0,8,30000,46.0,Urban,1
29.88,35.2,35.01,-3.288,7.17,14.57,1,3,0,1,11,10000,54.4,Rural,1
89.04,84.65,-37.01,2.653,31.52,30.11,1,2,0,0,15,50000,75.4,Semi-Urban,0
50.85,49.4,-8.38,1.377,29.67,27.08,1,0,0,1,8,5000,62.0,Rural,0
95.71,93.32,-12.85,1.881,39.63,37.3,1,0,0,1,7,10000,57.2,Rural,0
20.0,20.0,31.7,-2.392,18.52,15.64,1,2,0,1,16,5000,92.7,Urban,1
60.37,60.89,-2.84,0.795,20.69,23.99,1,0,0,0,5,75000,85.0,Rural,0
82.21,80.27,-7.26,1.091,34.1,40.0,1,0,0,0,8,18000,60.2,Urban,0
82.4,80.98,-16.32,1.713,29.13,30.96,1,2,0,0,10,50000,53.4,Rural,0
44.01,45.11,4.27,-1.614,14.8,10.33,1,0,0,0,4,75000,83.5,Semi-Urban,1
52.76,58.17,12.12,-6.062,30.05,26.71,1,0,0,1,3,18000,88.2,Rural,1
71.61,71.56,16.61,-1.34,33.57,31.23,1,2,0,0,14,18000,62.0,Semi-Urban,0
65.43,67.8,0.29,0.231,24.37,24.96,1,3,0,0,8,75000,89.4,Semi-Urban,0
100.0,97.78,-10.02,1.966,25.05,19.08,1,4,0,1,6,5000,96.9,Urban,0
38.57,43.81,19.28,-2.466,21.29,26.37,1,0,0,0,9,30000,41.8,Urban,1
76.16,70.56,-11.78,2.117,28.36,28.56,1,0,0,0,5,30000,70.3,Urban,0
89.94,88.35,-7.9,1.479,35.02,33.23,1,2,0,0,7,50000,58.5,Semi-Urban,0
46.22,44.59,-2.31,1.157,18.97,23.31,1,2,0,0,3,10000,77.5,Semi-Urban,1
100.0,98.02,-8.75,2.41,40.0,40.0,1,0,0,0,5,50000,43.7,Rural,0
20.0,22.01,37.4,-2.699,23.9,25.13,1,0,0,0,15,50000,77.2,Rural,1
75.95,76.84,17.81,-1.651,31.69,29.93,1,2,1,0,13,18000,51.1,Rural,1
47.36,47.8,0.88,-0.877,0.0,0.0,0,0,0,1,2,30000,66.5,Urban,0
53.11,57.01,8.11,-3.087,8.79,5.67,1,1,1,1,4,75000,47.3,Rural,1
61.59,61.59,-12.85,0.942,36.48,28.83,1,0,0,0,15,18000,59.5,Urban,0
46.4,51.87,25.26,-3.405,21.56,24.03,1,0,0,1,9,5000,67.9,Semi-Urban,1
88.19,86.51,-4.73,0.559,38.76,36.88,1,4,0,1,12,18000,76.1,Rural,1
56.51,58.78,11.71,-3.288,15.99,16.43,1,0,0,1,5,75000,49.9,Semi-Urban,1
100.0,100.0,-10.26,0.996,37.47,37.72,1,4,0,1,12,50000,50.4,Urban,0
87.81,88.6,-5.01,1.012,34.38,38.28,1,3,0,1,5,10000,94.1,Urban,0
24.5,24.06,15.79,-1.275,19.71,16.49,1,0,0,0,14,30000,60.6,Semi-Urban,0
80.55,78.23,-9.81,2.088,34.48,33.57,1,0,0,1,6,18000,98.1,Rural,0
100.0,99.92,-23.62,2.629,32.27,32.27,1,0,0,1,11,18000,42.4,Semi-Urban,0
77.58,72.99,-32.82,3.052,30.1,31.37,1,0,0,0,11,30000,46.5,Semi-Urban,0
72.91,71.37,-3.22,1.447,35.84,39.54,1,0,0,0,4,75000,41.9,Urban,0
68.13,67.42,-1.84,0.918,25.89,26.02,1,0,0,1,3,30000,85.7,Semi-Urban,0
72.63,70.96,-12.87,0.704,22.5,21.43,1,0,0,0,15,18000,70.6,Rural,0
99.05,95.84,-11.37,0.79,38.4,40.0,1,2,0,0,12,30000,48.8,Urban,0
43.83,43.38,9.84,-1.0,19.05,19.37,1,0,0,1,12,10000,89.8,Rural,1
20.0,20.0,11.78,-0.963,33.3,29.38,1,0,0,1,16,30000,91.2,Rural,1
49.95,46.23,-10.49,0.741,36.6,29.77,1,0,0,0,9,30000,69.6,Rural,0
64.95,62.52,-3.11,1.556,33.66,36.09,1,3,0,0,3,30000,58.4,Urban,0
53.09,51.55,-8.92,0.784,34.4,34.5,1,0,0,0,11,18000,50.0,Rural,0
36.89,41.33,16.25,-1.945,24.57,26.11,1,0,0,0,9,18000,59.2,Rural,1
37.13,40.89,16.14,-1.391,27.88,20.88,1,0,0,0,10,10000,61.1,Urban,0
20.0,20.42,22.02,-2.895,27.53,25.37,1,2,1,0,10,30000,93.3,Urban,1
42.93,43.63,-2.27,0.164,28.69,27.21,1,2,0,0,6,18000,82.0,Urban,0
88.14,89.0,-0.41,0.156,29.26,30.08,1,0,0,0,4,18000,56.4,Urban,0
44.52,41.64,-3.68,0.642,17.97,23.83,1,0,0,0,11,30000,59.3,Semi-Urban,0
57.22,59.72,34.71,-2.652,32.82,28.95,1,0,0,0,15,30000,80.2,Urban,0
100.0,97.96,-33.41,2.348,30.29,26.91,1,1,0,0,15,50000,67.5,Semi-Urban,0
54.23,58.74,17.5,-3.669,15.42,14.08,1,0,0,0,6,75000,63.0,Urban,0
41.51,46.07,36.19,-2.707,22.11,21.47,1,3,1,1,14,30000,89.1,Semi-Urban,1
60.73,69.61,23.52,-2.946,25.85,25.51,1,0,0,1,8,18000,47.9,Urban,1
31.86,32.55,9.31,-2.009,28.74,23.68,1,0,0,0,7,30000,50.8,Semi-Urban,0
75.59,75.32,-0.54,0.536,0.0,0.0,0,1,0,0,2,10000,71.4,Rural,0
85.19,84.1,-15.04,1.757,28.17,23.54,1,0,0,0,12,75000,62.8,Semi-Urban,0
56.99,53.94,-7.67,2.978,18.76,21.42,1,2,0,0,4,10000,70.2,Rural,0
53.98,55.99,44.43,-3.376,17.1,19.49,1,0,0,0,14,50000,50.7,Rural,1
100.0,100.0,-11.63,0.993,16.94,19.9,1,1,0,0,12,18000,86.9,Semi-Urban,0
58.42,63.22,9.59,-9.588,0.0,0.0,0,0,0,0,2,30000,42.2,Urban,1
46.02,48.03,11.55,-1.203,13.51,10.21,1,0,0,1,10,18000,82.6,Semi-Urban,1
56.48,66.04,28.43,-4.087,30.87,25.19,1,0,0,1,7,5000,64.0,Urban,1
33.42,35.77,29.23,-3.403,8.7,8.86,1,0,0,0,10,30000,89.4,Urban,1
74.25,77.35,8.84,-2.309,31.34,32.0,1,0,0,1,6,30000,70.1,Semi-Urban,0
37.33,42.16,10.66,-3.52,8.56,10.91,1,1,0,0,4,30000,98.7,Urban,1
88.77,87.49,-9.18,1.827,29.15,38.21,1,0,0,1,7,10000,75.5,Semi-Urban,0
51.75,51.49,19.62,-2.012,14.33,13.24,1,0,0,0,12,30000,63.8,Urban,1
20.0,26.03,35.97,-3.325,15.56,18.39,1,1,1,1,11,30000,78.7,Rural,1
20.0,20.71,41.03,-3.924,19.88,11.69,1,1,0,1,12,30000,70.5,Semi-Urban,1
87.62,82.54,-24.36,1.754,16.43,22.07,1,0,0,1,13,10000,58.2,Urban,0
47.02,51.56,5.11,-2.17,16.54,13.48,1,2,1,1,4,10000,49.1,Rural,1
100.0,98.85,-14.93,2.449,31.27,30.83,1,0,0,1,7,75000,45.8,Urban,0
68.15,65.53,-21.17,2.14,33.9,34.96,1,0,0,0,10,10000,87.6,Rural,0
75.6,74.23,3.17,-1.586,18.72,14.67,1,0,0,1,3,5000,97.0,Rural,0
74.16,69.79,-12.1,2.685,23.62,28.05,1,0,0,0,6,75000,43.6,Semi-Urban,0
73.01,80.67,12.57,-6.286,19.98,18.44,1,0,0,1,3,10000,84.6,Semi-Urban,1
62.63,61.74,-16.07,1.223,40.0,36.68,1,1,0,1,14,18000,78.2,Urban,0
20.0,24.55,17.27,-1.72,21.48,16.11,1,0,0,1,13,30000,69.1,Urban,1
21.54,27.86,30.74,-3.821,19.55,20.96,1,0,0,0,9,50000,49.6,Urban,1
29.98,32.62,19.16,-1.048,11.79,10.46,1,2,1,1,16,5000,87.3,Rural,1
88.24,87.34,-25.14,2.125,18.45,17.67,1,0,0,1,14,10000,48.9,Rural,0
55.45,60.28,34.08,-2.079,22.15,23.74,1,0,0,1,13,10000,68.5,Rural,1
77.99,76.68,-19.02,1.06,22.57,18.53,1,4,0,1,16,75000,43.0,Semi-Urban,0
30.02,31.81,7.69,-0.753,23.01,19.84,1,0,0,1,10,18000,41.9,Rural,1
56.22,51.79,15.19,-1.591,18.78,19.97,1,0,0,1,14,18000,62.4,Urban,1
50.14,50.96,-6.79,1.441,40.0,39.03,1,1,0,1,7,10000,71.8,Rural,0
87.71,86.75,-1.94,1.935,0.0,0.0,0,0,0,1,2,18000,88.6,Rural,0
96.82,93.24,-7.16,7.162,0.0,0.0,0,0,0,0,2,18000,97.4,Semi-Urban,0
61.43,56.61,-6.38,1.67,32.95,35.56,1,0,0,1,4,30000,63.3,Semi-Urban,0
78.49,76.97,-29.57,2.486,26.39,31.36,1,2,0,0,13,18000,75.5,Semi-Urban,0
46.57,45.65,27.37,-2.058,24.08,30.31,1,2,1,1,16,10000,75.5,Semi-Urban,1
32.83,40.99,15.29,-3.971,11.64,11.08,1,0,0,1,4,75000,66.8,Semi-Urban,1
77.17,73.63,-16.46,1.677,30.8,32.15,1,2,0,1,10,30000,85.5,Semi-Urban,0
21.17,27.94,32.02,-3.468,29.17,28.12,1,1,1,0,9,5000,58.8,Rural,1
50.94,56.8,38.71,-3.316,14.98,8.87,1,1,1,0,12,50000,50.0,Rural,1
58.57,66.62,36.64,-3.725,28.15,25.11,1,1,0,1,10,10000,85.5,Rural,1
50.0,56.55,13.45,-3.272,25.6,27.57,1,0,0,1,4,30000,45.6,Semi-Urban,1
65.13,59.93,-9.65,4.823,24.47,21.7,1,2,1,1,3,30000,57.6,Rural,1
49.69,52.93,14.17,-1.2,8.88,13.6,1,0,0,1,12,30000,55.2,Semi-Urban,1
80.51,79.76,-1.5,1.502,0.0,0.0,0,0,0,1,2,10000,81.9,Urban,0
20.0,20.0,23.32,-1.86,22.12,20.02,1,0,0,1,14,10000,78.0,Urban,1
100.0,100.0,-16.75,1.369,28.54,30.24,1,3,0,0,12,30000,94.2,Urban,0
100.0,96.97,-11.58,2.235,28.23,35.56,1,3,0,1,6,18000,61.9,Urban,0
20.0,20.0,18.83,-1.176,23.5,24.07,1,0,0,0,15,18000,76.2,Semi-Urban,0
79.27,86.19,13.21,-4.241,23.34,24.32,1,0,0,1,4,10000,42.5,Urban,1
63.43,61.25,-4.37,4.371,0.0,0.0,0,3,0,1,2,10000,91.8,Rural,1
70.02,71.58,0.58,-0.387,21.17,20.28,1,4,0,0,4,18000,56.1,Rural,1
87.51,83.48,-11.79,1.214,20.9,18.69,1,0,0,1,8,50000,50.6,Semi-Urban,0
57.65,54.73,-6.76,1.305,22.39,26.23,1,1,0,1,6,10000,68.8,Rural,0
22.38,30.55,52.13,-3.485,21.71,21.6,1,0,0,1,15,10000,75.3,Urban,1
20.0,22.49,29.48,-2.625,12.96,10.32,1,4,1,1,13,18000,81.3,Rural,1
59.6,62.52,24.25,-2.759,16.36,19.67,1,0,0,0,10,30000,92.7,Semi-Urban,0
72.5,68.97,-12.54,1.008,30.0,25.98,1,1,0,0,12,10000,76.9,Urban,0
100.0,99.27,-23.42,2.083,40.0,38.87,1,0,0,1,13,5000,43.0,Urban,0
88.0,86.55,-0.77,0.072,29.62,26.67,1,1,0,0,8,30000,88.9,Rural,0
65.32,63.39,-3.7,1.848,16.78,16.11,1,0,0,1,3,5000,88.9,Rural,0
56.27,56.53,-6.79,0.641,30.25,33.97,1,0,0,0,12,50000,91.7,Semi-Urban,0
60.3,63.84,16.46,-1.49,32.26,28.56,1,3,0,1,13,30000,48.9,Urban,1
59.77,62.65,0.42,-0.209,20.08,22.32,1,0,0,1,3,30000,72.1,Urban,0
54.87,56.36,5.79,-1.905,22.69,18.78,1,2,0,0,5,5000,80.9,Rural,1
59.41,62.91,7.0,-7.005,0.0,0.0,0,0,0,1,2,50000,77.4,Urban,1
43.13,43.28,11.89,-2.38,30.47,26.56,1,0,0,1,7,5000,59.4,Rural,1
85.66,86.68,1.48,-0.92,14.59,17.78,1,1,1,1,4,18000,47.2,Urban,1
75.34,74.35,-12.35,0.821,29.22,30.9,1,0,0,0,16,50000,62.5,Urban,0
20.0,24.7,44.16,-3.466,8.48,9.94,1,0,0,0,13,5000,67.1,Rural,1
92.46,90.32,-35.04,2.68,17.21,19.86,1,0,0,1,15,18000,89.5,Rural,0
36.42,41.38,35.64,-3.283,20.43,27.3,1,1,1,0,13,30000,58.2,Rural,1
66.82,64.45,-26.89,2.177,35.98,36.42,1,1,0,1,15,50000,90.6,Urban,0
74.95,73.58,-20.33,1.523,33.19,38.38,1,0,0,1,16,18000,67.2,Rural,0
69.27,74.16,21.27,-2.664,26.47,23.48,1,2,0,0,8,75000,96.8,Rural,1
61.09,58.3,-24.22,2.641,32.42,31.52,1,0,0,0,11,75000,63.6,Semi-Urban,0
100.0,98.79,-13.24,2.026,34.43,26.47,1,1,0,0,8,5000,56.8,Rural,0
83.44,84.1,0.89,-0.443,23.05,23.87,1,0,0,0,3,30000,48.9,Semi-Urban,0
100.0,100.0,-7.61,0.669,36.02,29.02,1,3,0,0,12,18000,64.4,Rural,0
69.55,70.65,2.68,-1.556,14.29,16.09,1,0,0,0,4,18000,55.5,Urban,0
59.85,62.79,1.06,-0.829,24.86,19.95,1,2,0,0,5,75000,55.9,Rural,0
100.0,95.08,-31.14,2.612,24.49,24.86,1,2,0,0,13,30000,73.5,Urban,0
65.9,64.6,-7.38,2.336,28.5,20.74,1,0,0,0,5,18000,43.8,Semi-Urban,0
47.04,53.35,39.37,-3.264,15.64,15.37,1,1,0,0,12,30000,78.6,Semi-Urban,1
78.31,79.34,-14.71,1.111,25.59,25.19,1,0,0,0,16,10000,54.1,Semi-Urban,0
68.1,67.1,-9.03,1.023,29.96,28.63,1,0,0,0,9,18000,62.9,Semi-Urban,0
98.54,95.55,-8.38,1.446,23.17,24.69,1,0,0,1,7,18000,44.9,Semi-Urban,0
97.91,94.9,-9.51,0.772,18.01,20.63,1,0,0,1,11,30000,46.2,Semi-Urban,0
57.96,54.57,-15.5,1.621,28.93,23.79,1,4,0,1,10,18000,43.1,Semi-Urban,1
66.55,66.23,-2.06,0.331,37.08,31.32,1,0,0,0,8,18000,50.0,Urban,0
35.91,34.03,18.64,-2.241,16.49,16.45,1,1,1,1,11,18000,43.7,Rural,1
65.9,63.16,-15.79,0.964,28.31,26.89,1,0,0,0,16,50000,81.3,Urban,0
100.0,99.41,-15.69,2.604,35.93,31.89,1,4,0,0,9,30000,87.1,Urban,0
56.8,52.84,-7.93,7.934,0.0,0.0,0,0,0,0,2,30000,89.6,Semi-Urban,0
99.25,91.75,-23.54,2.493,26.52,23.49,1,0,0,0,9,50000,68.8,Urban,0
96.44,94.38,-2.69,1.343,36.14,35.42,1,4,0,0,3,5000,61.5,Rural,0
57.34,55.65,-3.37,3.37,0.0,0.0,0,2,0,1,2,5000,49.8,Urban,1
100.0,100.0,-5.84,0.477,29.1,29.69,1,0,0,1,11,10000,57.0,Urban,0
100.0,100.0,-8.47,0.439,30.75,24.86,1,1,0,1,15,10000,78.5,Urban,0
62.87,65.51,28.19,-2.906,17.09,14.55,1,0,0,0,13,5000,95.3,Semi-Urban,0
83.78,79.13,-19.97,3.045,33.56,30.42,1,0,0,0,8,18000,85.3,Semi-Urban,0
86.28,83.47,-4.21,1.437,34.24,26.45,1,2,0,1,4,5000,63.7,Rural,0
55.82,60.51,9.93,-4.967,22.83,24.98,1,0,0,0,3,75000,67.4,Rural,1
48.79,51.27,25.4,-2.216,17.86,20.42,1,0,0,0,12,10000,49.8,Urban,1
87.94,86.37,-4.69,1.911,25.74,31.19,1,0,0,1,4,5000,75.0,Rural,0
51.09,49.07,-5.25,0.773,38.34,31.83,1,1,0,0,7,18000,92.4,Urban,0
100.0,96.09,-11.43,2.743,36.21,37.08,1,0,0,0,6,10000,85.6,Urban,0
41.93,41.92,-0.68,-0.086,35.81,35.65,1,0,0,0,4,10000,44.5,Rural,0
70.6,67.4,-29.96,2.127,21.83,23.88,1,1,0,0,15,10000,48.8,Urban,0
100.0,100.0,-8.77,0.506,28.63,29.23,1,0,0,0,14,10000,41.5,Urban,0
54.85,53.37,-3.34,0.444,32.33,36.47,1,1,0,0,5,50000,57.2,Rural,0
20.27,24.55,16.29,-3.25,16.12,14.03,1,0,0,1,7,50000,43.9,Rural,1
55.59,56.43,30.71,-3.354,15.29,23.01,1,0,0,0,13,30000,88.8,Urban,0
100.0,98.62,-5.03,0.828,31.72,24.83,1,2,0,1,8,50000,89.7,Urban,0
50.54,50.34,3.55,-1.341,30.99,32.36,1,1,1,0,4,50000,51.5,Urban,0
45.43,50.26,24.2,-2.15,16.61,15.83,1,0,0,1,13,30000,73.4,Semi-Urban,1
20.0,20.0,15.9,-1.17,15.32,19.47,1,1,0,0,15,50000,89.3,Semi-Urban,1
74.8,71.67,-8.13,0.825,35.07,38.63,1,1,0,1,8,10000,72.5,Semi-Urban,0
100.0,100.0,-5.72,0.58,32.94,30.49,1,1,0,1,11,30000,50.8,Semi-Urban,0
40.18,45.27,27.81,-3.521,17.42,16.18,1,1,0,0,9,50000,72.0,Semi-Urban,1
37.13,42.31,25.7,-2.628,18.26,20.57,1,0,0,0,10,10000,78.3,Rural,1
50.64,49.87,-1.55,1.546,0.0,0.0,0,0,0,0,2,30000,98.8,Rural,0
74.96,69.82,-18.71,3.574,39.93,40.0,1,0,0,1,6,10000,97.1,Semi-Urban,0
59.22,58.25,-12.1,0.99,40.0,40.0,1,0,0,0,14,10000,82.0,Urban,0
63.57,65.66,17.68,-2.893,10.03,12.52,1,2,1,0,8,18000,62.5,Semi-Urban,1
54.92,61.44,19.54,-2.557,11.6,9.8,1,1,1,0,9,30000,92.6,Rural,1
48.6,55.38,36.54,-3.685,21.34,17.73,1,0,0,0,11,5000,47.6,Urban,1
53.74,51.81,-11.57,2.079,32.63,31.89,1,0,0,1,6,18000,75.7,Semi-Urban,0
28.85,29.72,10.69,-2.251,13.36,17.76,1,4,1,1,6,18000,76.7,Semi-Urban,1
20.0,20.0,18.66,-1.807,25.2,15.88,1,1,1,0,12,30000,48.7,Rural,1
100.0,100.0,-12.15,0.933,23.37,22.94,1,1,0,0,15,18000,80.5,Rural,0
56.53,56.93,15.2,-1.073,20.69,28.1,1,0,0,1,16,18000,62.3,Semi-Urban,1
57.86,55.07,-21.96,2.261,20.66,25.07,1,2,0,0,10,50000,56.1,Semi-Urban,0
99.56,97.73,-12.42,1.849,40.0,40.0,1,0,0,1,9,5000,63.0,Urban,0
100.0,99.83,-29.2,2.068,22.96,26.95,1,4,0,0,16,30000,66.1,Urban,0
79.78,79.88,1.01,-0.505,26.78,30.11,1,1,1,1,3,10000,72.0,Semi-Urban,0
65.06,63.96,-9.78,0.601,40.0,40.0,1,0,0,1,15,5000,89.7,Urban,0
42.91,44.32,2.1,-0.588,31.57,29.55,1,0,0,0,6,18000,72.9,Semi-Urban,0
42.33,42.17,-0.32,0.324,0.0,0.0,0,2,0,1,2,10000,84.5,Rural,1
96.04,89.07,-11.51,5.753,23.56,20.66,1,1,0,1,3,50000,47.3,Urban,0
47.62,49.58,-2.99,0.791,40.0,37.43,1,2,0,0,9,5000,93.6,Urban,0
66.68,68.08,8.31,-2.479,23.35,25.42,1,0,0,0,6,50000,43.8,Urban,0
100.0,100.0,-15.75,0.918,28.65,26.28,1,1,0,0,16,30000,52.8,Semi-Urban,0
100.0,99.06,-10.75,1.768,30.38,27.1,1,0,0,0,8,30000,82.5,Urban,0
31.54,35.67,39.25,-2.995,12.9,17.12,1,1,0,1,15,30000,87.8,Rural,1
100.0,98.59,-10.21,2.099,36.2,35.05,1,0,0,0,6,18000,76.0,Semi-Urban,0
58.66,55.13,-7.07,7.069,0.0,0.0,0,2,0,0,2,50000,81.3,Urban,0
57.62,53.67,-13.86,3.049,18.61,14.22,1,0,0,0,5,5000,77.0,Rural,0
100.0,100.0,-10.29,0.943,32.99,37.27,1,1,0,0,10,10000,74.8,Urban,0
56.54,52.24,-13.05,0.979,32.34,29.2,1,0,0,0,12,50000,90.8,Urban,0
94.95,87.67,-23.33,3.0,19.46,26.22,1,4,0,0,8,50000,66.3,Rural,0
32.42,35.9,7.69,-1.283,24.23,21.17,1,0,0,0,10,18000,46.6,Urban,0
29.83,35.59,28.83,-2.181,29.14,30.93,1,0,0,1,13,5000,58.7,Semi-Urban,1
80.54,83.98,8.13,-2.683,33.53,31.55,1,2,0,1,4,10000,79.8,Urban,1
79.81,74.8,-9.86,1.383,35.62,40.0,1,0,0,0,7,30000,61.5,Rural,0
66.35,67.04,7.2,-0.963,31.07,30.44,1,0,0,1,6,5000,45.4,Semi-Urban,0
63.66,60.79,-9.83,1.008,28.52,20.09,1,3,0,0,10,10000,69.7,Semi-Urban,0
100.0,96.62,-14.9,1.717,26.83,21.56,1,0,0,1,9,10000,91.2,Rural,0
85.61,85.35,-22.02,2.345,35.65,35.34,1,0,0,0,12,50000,40.3,Semi-Urban,0
22.05,22.31,15.67,-1.548,12.09,18.37,1,2,1,0,15,50000,88.0,Rural,1
96.58,93.8,-23.43,2.132,40.0,36.88,1,4,0,1,11,30000,64.3,Semi-Urban,0
33.3,44.02,28.29,-3.857,18.96,19.8,1,0,0,0,8,50000,90.8,Urban,1
69.92,67.39,-3.9,1.465,26.54,24.08,1,0,0,1,4,30000,69.2,Semi-Urban,0
40.66,38.99,1.16,-0.987,30.47,21.92,1,2,0,0,4,18000,41.8,Rural,1
60.8,54.91,-13.31,3.058,40.0,40.0,1,0,0,1,5,18000,92.5,Urban,0
42.72,49.67,26.37,-4.127,21.38,21.32,1,1,0,0,8,50000,92.6,Urban,1
58.76,56.12,-6.21,3.105,26.36,25.18,1,1,0,0,3,30000,45.1,Semi-Urban,0
20.0,20.05,10.51,-1.285,30.52,28.11,1,0,0,0,11,18000,68.6,Urban,0
26.6,33.19,25.62,-3.854,11.95,15.12,1,2,0,0,8,50000,97.7,Urban,1
93.36,91.4,-8.11,1.885,40.0,40.0,1,0,0,1,6,18000,62.7,Semi-Urban,0
48.85,48.91,-7.34,0.997,39.33,38.22,1,0,0,1,9,30000,83.6,Semi-Urban,0
37.55,43.99,14.4,-4.784,13.15,12.34,1,1,0,0,4,5000,77.3,Urban,1
41.34,43.23,30.34,-2.34,27.26,24.3,1,4,1,1,15,30000,44.4,Semi-Urban,1
97.59,97.19,-11.1,2.544,23.58,22.75,1,0,0,1,6,30000,96.8,Semi-Urban,0
53.49,52.15,-10.5,0.802,27.77,29.51,1,2,0,0,14,5000,96.8,Rural,0
31.06,31.02,10.09,-1.591,14.07,12.78,1,0,0,1,10,50000,67.1,Urban,1
95.61,93.96,-5.6,1.104,33.79,31.02,1,0,0,0,5,18000,94.1,Rural,0
53.63,50.43,-9.3,1.983,31.35,26.75,1,0,0,1,5,50000,55.0,Urban,0
100.0,97.68,-8.45,2.192,33.9,38.27,1,0,0,1,5,18000,46.8,Semi-Urban,0
100.0,99.12,-6.64,0.7,33.12,35.49,1,0,0,0,11,5000,72.3,Urban,0
96.98,93.52,-39.66,2.687,29.63,27.8,1,0,0,0,16,75000,56.7,Semi-Urban,0
72.96,71.91,-2.96,1.147,23.25,21.02,1,2,0,1,7,30000,63.8,Urban,0
60.44,66.27,32.9,-2.106,3.6,7.43,1,1,0,1,16,10000,85.3,Rural,1
26.06,33.12,37.31,-2.635,23.68,20.34,1,1,1,0,12,5000,48.7,Urban,1
79.21,75.75,-6.82,1.515,28.47,28.71,1,1,0,0,6,10000,63.7,Urban,0
20.86,24.74,40.31,-2.596,29.52,29.27,1,0,0,1,16,10000,75.1,Urban,1
67.7,68.06,12.12,-1.784,30.54,27.54,1,1,0,1,9,30000,43.1,Rural,1
28.17,34.45,32.5,-4.466,24.14,25.3,1,2,0,0,8,50000,48.3,Urban,1
20.0,20.0,19.38,-1.251,8.8,14.59,1,0,0,0,16,30000,94.4,Urban,1
100.0,99.34,-24.74,2.383,31.82,34.56,1,0,0,0,13,30000,82.4,Urban,0
99.29,97.68,-18.76,1.676,22.18,24.74,1,0,0,0,12,18000,57.4,Semi-Urban,0
40.42,42.37,47.81,-3.65,23.11,25.3,1,1,1,1,15,10000,56.9,Rural,1
38.65,45.61,32.92,-3.293,12.03,11.39,1,3,0,0,11,10000,95.6,Urban,1
64.51,63.68,-13.13,0.939,29.48,28.61,1,4,0,0,15,18000,63.3,Urban,0
30.8,34.68,24.17,-3.221,27.92,29.47,1,3,1,1,8,30000,46.9,Rural,1
91.8,90.52,-5.39,0.699,28.27,32.0,1,4,0,0,8,50000,53.7,Urban,0
65.96,72.92,12.77,-3.457,23.64,23.38,1,4,0,0,5,18000,77.9,Rural,1
44.35,49.47,20.46,-3.159,30.81,29.7,1,0,0,0,9,10000,45.0,Urban,1
98.32,97.37,-15.01,2.007,19.56,26.12,1,0,0,0,10,5000,76.7,Urban,0
75.99,74.19,-17.68,1.783,34.68,27.95,1,4,0,1,11,18000,82.8,Rural,0
22.42,24.12,17.08,-1.621,32.53,24.97,1,0,0,1,12,18000,72.3,Urban,1
59.34,59.37,-0.05,0.026,31.47,37.23,1,0,0,0,3,50000,69.6,Urban,0
86.35,87.84,7.31,-3.284,20.11,22.28,1,0,0,0,4,50000,65.2,Rural,0
100.0,99.57,-33.61,2.434,31.9,34.48,1,0,0,1,16,18000,94.3,Urban,0
33.44,36.3,39.31,-4.091,16.66,15.21,1,0,0,1,11,30000,94.4,Semi-Urban,1
56.23,56.6,9.88,-1.292,5.38,9.73,1,4,1,1,9,5000,59.2,Urban,1
35.07,37.51,33.4,-2.353,16.32,11.48,1,0,0,0,16,10000,82.1,Rural,1
93.87,93.32,-21.12,1.924,22.93,23.46,1,0,0,0,14,30000,40.8,Rural,0
41.75,40.22,-6.22,-0.057,12.73,15.88,1,2,0,0,6,10000,71.4,Rural,1
51.43,53.95,-5.76,0.583,28.55,32.4,1,0,0,0,12,18000,78.3,Rural,0
20.0,20.0,25.87,-1.531,29.55,23.79,1,0,0,0,14,50000,64.7,Rural,0
79.22,77.71,-0.17,-0.498,8.77,12.89,1,1,0,1,7,5000,60.4,Rural,1
48.37,52.44,9.85,-2.564,7.91,11.61,1,0,0,1,6,10000,94.4,Semi-Urban,1
30.42,33.38,26.67,-2.077,16.57,25.11,1,0,0,0,15,10000,87.1,Urban,1
75.41,70.55,-42.34,3.107,33.49,37.47,1,3,0,0,14,30000,44.7,Rural,0
100.0,99.58,-11.18,1.489,36.08,39.94,1,1,0,0,10,75000,50.9,Rural,0
93.19,92.15,-0.09,-0.587,13.98,12.46,1,1,0,1,4,18000,93.6,Urban,1
63.89,63.6,-0.57,0.568,0.0,0.0,0,4,0,0,2,18000,95.6,Semi-Urban,0
89.07,87.59,-12.9,1.063,34.62,34.5,1,0,0,1,11,30000,81.5,Rural,0
53.55,48.57,-11.62,1.707,31.61,25.65,1,0,0,1,7,10000,52.7,Rural,1
23.4,29.89,39.39,-2.712,18.29,15.01,1,3,1,0,15,5000,95.0,Semi-Urban,1
47.1,48.97,16.84,-1.462,24.26,26.43,1,3,1,1,12,10000,82.1,Rural,1
96.61,93.5,-10.94,1.9,33.22,31.27,1,4,0,1,6,50000,72.6,Rural,0
28.21,30.8,16.12,-2.349,24.27,22.51,1,1,0,0,9,30000,52.3,Urban,1
100.0,97.1,-25.14,2.197,40.0,35.06,1,1,0,0,13,75000,77.3,Rural,0
90.06,89.37,-28.16,2.092,36.55,32.91,1,0,0,0,16,50000,77.7,Urban,0
50.27,55.74,10.17,-1.16,28.16,20.44,1,3,0,0,9,50000,40.8,Urban,1
66.64,64.42,-4.54,1.833,37.55,34.26,1,2,0,0,5,10000,85.9,Rural,0
53.83,49.94,-20.92,2.392,37.01,34.54,1,0,0,0,9,5000,56.5,Rural,0
57.21,57.64,-19.55,1.897,30.0,32.44,1,4,0,0,12,75000,76.3,Urban,0
94.73,91.08,-27.99,1.992,34.64,33.31,1,1,0,1,15,30000,95.3,Urban,0
100.0,100.0,-17.78,1.652,30.82,34.61,1,0,0,1,13,75000,88.6,Rural,0
96.62,94.44,-27.46,1.894,31.04,28.85,1,0,0,1,16,10000,65.4,Urban,0
97.7,92.87,-7.28,2.282,36.21,29.89,1,0,0,1,4,18000,94.7,Rural,0
36.24,41.59,26.47,-2.327,23.19,22.69,1,1,1,0,13,10000,51.5,Urban,1
80.4,78.95,-8.2,0.826,37.51,37.04,1,2,0,0,10,10000,55.5,Urban,0
62.7,64.9,11.3,-2.752,16.58,11.4,1,3,1,1,5,30000,40.1,Rural,1
75.03,70.26,-18.7,3.669,28.72,32.48,1,2,0,1,6,30000,44.7,Urban,0
91.29,90.74,-36.94,2.614,16.34,20.08,1,0,0,1,16,50000,83.8,Semi-Urban,0
31.92,37.25,36.0,-3.07,13.56,15.3,1,0,0,1,14,10000,41.1,Urban,1
77.92,75.27,-9.45,0.752,30.71,28.59,1,2,0,0,14,5000,58.0,Rural,0
44.57,50.19,24.63,-1.849,23.9,25.5,1,0,0,1,12,10000,61.7,Rural,1
32.15,36.19,21.86,-3.154,12.17,12.29,1,0,0,1,9,18000,68.2,Urban,1
97.14,95.99,-6.88,1.404,34.66,33.72,1,0,0,0,5,10000,51.1,Rural,0
95.12,93.09,-6.66,1.024,21.03,22.16,1,2,0,0,7,10000,49.1,Rural,0
62.16,64.8,11.26,-1.647,22.41,25.02,1,2,0,0,9,50000,41.2,Urban,0
72.36,69.44,-10.64,2.728,35.96,38.73,1,4,0,0,5,30000,63.5,Rural,0
65.51,61.78,-21.43,1.535,24.93,24.82,1,0,0,0,16,50000,77.3,Urban,0
44.89,49.83,29.66,-2.826,22.9,24.24,1,3,0,0,10,30000,81.4,Rural,1
89.51,89.63,-2.94,0.54,25.38,19.28,1,0,0,0,9,50000,91.0,Rural,0
33.97,41.39,20.39,-3.129,20.2,23.73,1,0,0,0,7,10000,51.6,Rural,1
49.89,51.17,1.73,-0.865,23.95,28.24,1,0,0,0,3,10000,51.6,Rural,0
61.05,60.21,12.34,-2.195,24.36,28.12,1,0,0,0,6,75000,94.3,Urban,0
76.05,77.62,16.74,-1.153,23.99,23.86,1,2,1,1,15,10000,94.6,Rural,1
21.35,31.7,38.97,-2.4,11.63,18.44,1,0,0,0,15,75000,43.0,Urban,1
86.96,84.15,-9.51,1.484,21.31,23.15,1,1,0,0,8,10000,74.1,Semi-Urban,0
52.09,53.14,23.47,-2.914,25.84,16.09,1,0,0,1,10,10000,86.7,Semi-Urban,1
28.37,32.94,21.41,-4.024,14.3,10.99,1,2,0,1,7,10000,85.2,Semi-Urban,1
76.44,72.29,-23.53,2.81,36.62,40.0,1,0,0,1,9,18000,44.6,Urban,0
100.0,100.0,-7.07,0.589,29.94,30.26,1,3,0,0,11,5000,67.7,Urban,0
51.59,56.1,5.0,-0.008,27.36,31.33,1,0,0,0,7,10000,77.8,Urban,0
100.0,100.0,-7.67,1.098,38.33,34.81,1,0,0,0,10,18000,67.1,Rural,0
21.79,27.93,19.06,-1.575,22.96,20.37,1,1,0,0,10,30000,57.3,Rural,1
100.0,100.0,-4.37,0.718,30.59,31.8,1,1,0,0,10,5000,84.0,Urban,0
52.5,49.9,-10.91,0.901,37.94,35.37,1,2,0,0,12,30000,74.3,Rural,0
79.08,74.61,-6.96,0.765,30.5,31.62,1,1,0,0,8,50000,48.6,Rural,0
100.0,97.04,-25.74,2.774,33.97,37.79,1,1,0,0,11,30000,64.8,Urban,0
83.18,88.29,6.54,-1.127,24.18,23.23,1,0,0,0,5,18000,73.0,Urban,0
50.81,49.93,-6.76,1.71,30.86,38.04,1,2,0,0,6,50000,77.0,Semi-Urban,0
52.73,53.96,10.37,-0.991,10.24,16.17,1,3,0,0,13,10000,61.8,Semi-Urban,1
41.32,40.42,-3.88,0.634,33.35,26.74,1,2,0,0,4,10000,73.0,Rural,1
95.66,94.79,-0.38,0.477,26.4,20.77,1,3,0,0,6,50000,95.7,Rural,0
61.11,58.21,-14.13,1.369,25.34,31.87,1,0,0,1,10,5000,43.3,Rural,0
87.43,84.91,-7.94,0.759,35.74,36.9,1,0,0,1,9,18000,71.2,Semi-Urban,0
66.33,62.87,-26.84,3.097,40.0,38.59,1,2,0,1,11,5000,91.7,Semi-Urban,0
61.6,57.0,-8.16,2.228,36.71,37.53,1,2,0,0,5,50000,58.7,Rural,0
60.9,59.8,-13.26,2.402,32.66,33.78,1,0,0,0,8,30000,57.6,Semi-Urban,0
80.85,77.29,-12.97,1.154,33.49,33.82,1,0,0,1,11,18000,75.0,Urban,0
76.48,83.61,18.89,-5.242,25.02,25.76,1,0,0,1,5,10000,44.1,Urban,1
65.02,65.46,0.88,-0.879,0.0,0.0,0,2,0,0,2,75000,45.9,Semi-Urban,0
69.61,68.35,-26.54,1.801,32.22,38.58,1,0,0,1,16,5000,86.7,Rural,0
59.99,65.01,30.17,-2.561,16.31,15.05,1,0,0,1,13,10000,85.4,Rural,1
46.6,50.92,7.89,-2.376,23.32,20.94,1,1,0,1,4,5000,95.0,Rural,1
29.38,30.79,11.85,-2.857,27.06,29.75,1,4,1,0,6,5000,54.7,Semi-Urban,1
100.0,100.0,-4.01,0.827,28.6,29.82,1,2,0,1,10,18000,73.3,Semi-Urban,0
58.84,63.59,16.51,-1.21,32.07,33.74,1,0,0,0,14,5000,78.7,Rural,0
20.0,20.0,19.73,-2.114,15.35,10.52,1,1,1,1,10,50000,95.6,Rural,1
28.09,31.06,25.04,-1.563,32.21,29.91,1,4,1,1,15,5000,81.3,Semi-Urban,1
35.32,41.05,7.78,-2.69,16.31,12.87,1,0,0,1,4,10000,80.5,Semi-Urban,1
61.01,61.64,29.7,-2.114,24.6,20.72,1,4,1,0,16,10000,93.4,Urban,1
76.84,78.39,-2.61,0.879,19.82,21.47,1,0,0,1,7,5000,54.4,Semi-Urban,0
49.56,51.77,19.83,-1.19,19.86,25.76,1,1,1,1,13,50000,65.6,Semi-Urban,1
100.0,100.0,-6.48,0.863,34.36,34.05,1,0,0,1,13,30000,63.0,Semi-Urban,0
24.76,29.13,13.32,-1.676,26.95,31.22,1,3,1,1,8,30000,62.7,Semi-Urban,1
60.56,54.47,-18.14,2.034,23.43,25.21,1,0,0,1,9,50000,92.5,Rural,0
95.12,92.57,-10.94,0.771,35.61,35.22,1,4,0,1,14,10000,76.8,Rural,1
78.88,75.5,-10.65,1.683,29.96,31.07,1,4,0,0,7,75000,61.1,Rural,0
47.62,51.14,12.53,-2.254,28.16,28.25,1,0,0,1,6,75000,47.4,Semi-Urban,1
61.46,54.89,-16.28,2.217,37.03,32.51,1,2,0,1,8,30000,42.1,Rural,0
84.49,83.27,-6.47,1.061,25.03,25.66,1,2,0,0,7,10000,85.6,Rural,0
100.0,100.0,-24.45,1.958,17.45,21.08,1,0,0,0,15,50000,73.2,Rural,0
78.26,77.91,-7.34,1.227,33.0,37.85,1,1,0,1,9,18000,45.2,Urban,0
70.88,77.57,16.48,-3.265,21.94,19.37,1,1,1,1,5,30000,56.9,Rural,1
100.0,100.0,-7.63,0.595,35.97,36.28,1,2,0,0,12,18000,85.7,Rural,0
34.67,38.74,54.98,-3.51,21.98,24.41,1,2,0,1,16,50000,66.8,Rural,1
43.37,41.12,11.8,-1.226,12.04,16.55,1,0,0,0,16,50000,80.4,Rural,1
83.55,82.21,-9.72,0.837,23.46,29.69,1,0,0,1,13,30000,71.2,Rural,0
100.0,99.01,-7.35,1.642,27.25,24.47,1,0,0,0,6,5000,79.2,Urban,0
52.33,50.7,-4.8,1.685,40.0,38.29,1,3,0,0,4,10000,57.9,Semi-Urban,0
52.45,53.0,12.01,-2.268,26.47,24.07,1,0,0,0,7,18000,55.3,Semi-Urban,0
100.0,100.0,-9.17,0.282,21.54,25.09,1,1,0,1,16,10000,64.5,Semi-Urban,0
72.32,73.46,17.65,-1.831,20.77,24.52,1,1,1,0,10,30000,75.3,Urban,0
67.16,66.39,0.44,-0.473,29.11,25.43,1,0,0,1,5,10000,51.0,Urban,1
22.73,26.46,22.74,-1.862,22.74,18.59,1,0,0,1,12,75000,64.8,Urban,1
83.4,82.02,-13.69,1.367,25.23,25.09,1,4,0,1,12,10000,98.6,Semi-Urban,0
24.39,27.14,15.89,-1.356,22.5,26.06,1,4,0,1,12,50000,62.6,Semi-Urban,1
67.18,73.9,14.77,-5.011,27.36,29.42,1,0,0,0,4,5000,78.5,Rural,1
20.0,20.0,27.16,-2.246,20.27,25.91,1,0,0,1,13,30000,53.5,Urban,1
68.04,72.49,8.21,-1.245,20.45,13.83,1,0,0,0,7,50000,40.4,Rural,0
62.26,56.37,-23.47,2.2,27.34,26.84,1,0,0,1,11,30000,82.8,Semi-Urban,0
20.93,28.53,36.31,-3.631,30.34,32.44,1,0,0,0,10,5000,96.0,Rural,1
30.4,34.59,14.61,-2.704,26.27,18.05,1,0,0,0,6,18000,86.6,Urban,1
100.0,100.0,-13.83,1.853,20.84,22.29,1,3,0,0,11,50000,85.6,Rural,0
75.92,69.42,-41.55,2.91,18.16,20.91,1,0,0,1,14,30000,83.9,Semi-Urban,0
57.54,59.07,3.06,-3.057,0.0,0.0,0,0,0,0,2,75000,88.9,Urban,0
45.59,45.84,10.05,-1.286,19.57,19.39,1,0,0,0,11,50000,98.7,Semi-Urban,0
88.98,88.39,-11.01,1.789,27.45,26.14,1,1,0,1,6,50000,90.4,Rural,0
32.39,40.13,22.12,-3.315,14.4,17.66,1,0,0,0,7,5000,74.4,Urban,1
91.93,88.66,-36.01,3.068,25.0,23.38,1,0,0,0,13,5000,75.9,Rural,0
37.92,43.32,6.22,-2.863,23.38,22.74,1,0,0,1,4,10000,86.4,Rural,1
34.87,40.68,14.72,-2.579,13.11,11.57,1,0,0,1,6,10000,81.4,Urban,1
25.87,27.3,30.87,-2.517,15.09,18.41,1,0,0,0,13,30000,56.2,Semi-Urban,1
55.36,57.55,24.68,-1.813,16.45,15.92,1,4,0,0,14,30000,81.1,Rural,1
75.21,74.05,-11.18,1.62,34.21,33.7,1,0,0,0,9,18000,62.9,Urban,0
62.67,60.68,-4.38,1.116,22.79,26.86,1,3,0,0,5,50000,47.2,Urban,0
72.13,76.23,16.73,-3.252,32.9,25.83,1,1,0,0,6,50000,89.4,Urban,0
81.32,81.19,-2.55,0.241,22.75,27.5,1,1,0,0,8,5000,74.4,Rural,0
85.21,80.93,-16.87,1.625,29.54,25.42,1,0,0,0,10,30000,93.4,Semi-Urban,0
89.51,85.77,-22.56,1.746,22.92,22.75,1,3,0,1,13,18000,60.8,Semi-Urban,0
42.81,45.87,28.95,-2.291,16.0,10.58,1,1,1,1,14,10000,98.8,Rural,1
73.74,78.03,8.59,-8.592,0.0,0.0,0,1,1,0,2,10000,95.9,Semi-Urban,1
20.69,26.98,14.59,-3.065,26.96,25.33,1,4,1,1,6,30000,86.0,Rural,1
61.41,67.68,33.56,-2.887,15.05,17.71,1,0,0,1,11,5000,66.5,Semi-Urban,1
41.07,42.89,21.86,-2.564,9.51,15.35,1,0,0,0,10,10000,95.6,Semi-Urban,1
51.94,58.08,21.1,-1.716,11.91,9.99,1,0,0,0,15,75000,83.7,Rural,1
91.71,94.09,-7.18,0.757,22.76,30.56,1,0,0,0,16,50000,77.1,Semi-Urban,0
60.66,69.76,27.51,-3.288,24.45,27.24,1,0,0,0,8,5000,77.0,Rural,0
58.47,59.47,7.89,-0.967,19.99,17.21,1,1,1,0,8,75000,70.6,Semi-Urban,0
73.52,71.33,-6.06,1.263,32.62,26.57,1,1,0,0,6,5000,91.2,Rural,0
76.78,72.98,-6.91,0.459,19.82,21.04,1,1,0,0,12,30000,44.9,Rural,0
39.57,39.74,0.34,-0.339,0.0,0.0,0,2,1,0,2,75000,50.7,Rural,1
51.46,44.78,-9.74,3.078,16.88,20.31,1,0,0,0,4,50000,70.8,Rural,0
20.0,20.0,34.91,-2.429,28.97,25.82,1,0,0,0,16,75000,68.6,Urban,1
95.65,93.81,-0.95,0.076,27.37,21.28,1,1,0,0,6,10000,74.2,Rural,0
83.05,81.15,-5.42,2.71,21.17,26.47,1,0,0,1,3,30000,40.8,Semi-Urban,0
58.32,69.56,23.17,-3.962,16.1,18.63,1,0,0,0,6,10000,47.5,Rural,1
57.1,60.62,24.71,-3.093,28.56,25.5,1,0,0,1,9,10000,71.4,Rural,1
20.0,20.78,38.73,-3.155,17.54,18.84,1,1,1,1,15,30000,44.0,Rural,1
55.05,54.2,-9.03,0.836,24.7,30.57,1,2,0,0,15,30000,96.3,Semi-Urban,0
52.82,56.35,3.49,-1.747,11.62,9.79,1,0,0,1,3,10000,87.2,Rural,1
66.56,62.58,-14.57,1.921,33.78,34.58,1,0,0,1,7,18000,46.2,Urban,0
96.29,93.79,-6.02,1.977,39.64,39.48,1,0,0,1,4,18000,73.4,Rural,0
35.09,39.71,48.95,-3.765,11.8,15.44,1,0,0,0,14,10000,78.9,Semi-Urban,1
97.44,96.04,-6.0,0.786,33.91,33.6,1,2,0,1,7,18000,83.8,Rural,0
93.86,91.06,-24.48,1.794,23.09,24.53,1,1,0,0,14,50000,81.1,Semi-Urban,0
57.75,56.21,-3.72,1.861,33.94,39.55,1,0,0,0,3,30000,65.9,Rural,0
94.66,93.61,-13.4,2.885,35.67,36.5,1,2,0,0,6,18000,85.7,Semi-Urban,0
85.17,82.49,-11.53,1.241,33.22,32.43,1,0,0,1,12,5000,90.7,Semi-Urban,0
39.99,41.97,4.63,-1.287,29.6,26.08,1,1,0,0,4,5000,58.8,Rural,1
100.0,100.0,-9.77,0.636,38.49,34.82,1,4,0,1,15,10000,95.9,Rural,1
71.11,71.56,26.46,-2.293,15.79,12.74,1,0,0,0,12,75000,72.7,Rural,0
32.66,39.27,14.82,-1.245,13.62,11.0,1,2,1,0,9,30000,72.7,Semi-Urban,1
82.08,79.29,-38.29,2.943,34.44,38.53,1,3,0,0,14,75000,44.8,Rural,0
70.52,66.51,-12.79,3.09,40.0,40.0,1,2,0,1,5,30000,88.7,Rural,0
75.01,83.35,16.86,-3.537,29.29,22.65,1,0,0,0,5,5000,61.1,Urban,0
62.1,60.91,-1.55,0.309,20.07,18.7,1,0,0,1,4,10000,82.6,Semi-Urban,0
34.62,38.44,15.15,-2.381,13.86,19.65,1,0,0,0,6,50000,96.3,Rural,1
43.5,45.65,12.91,-3.05,21.38,28.97,1,0,0,1,6,10000,40.9,Urban,1
66.31,72.39,27.97,-6.675,25.28,28.8,1,1,1,1,5,50000,49.4,Semi-Urban,1
92.43,85.29,-17.36,3.271,36.53,35.93,1,1,0,1,6,10000,91.2,Rural,0
61.48,62.82,4.06,-1.894,17.94,21.58,1,0,0,0,4,18000,92.8,Semi-Urban,0
77.82,71.58,-34.34,2.825,20.09,22.43,1,2,0,1,13,30000,59.7,Rural,0
100.0,100.0,-7.31,0.421,21.66,31.82,1,0,0,0,15,5000,82.2,Rural,0
68.35,63.96,-3.92,1.959,26.88,29.11,1,0,0,1,3,30000,82.7,Rural,0
90.08,86.49,-5.15,1.639,40.0,38.21,1,1,0,0,4,10000,72.3,Semi-Urban,0
91.22,82.82,-17.22,2.615,25.86,27.74,1,0,0,1,7,10000,74.7,Rural,0
100.0,98.59,-8.47,1.239,35.85,34.89,1,0,0,0,7,50000,56.5,Semi-Urban,0
51.12,49.03,-4.21,2.106,40.0,37.31,1,0,0,0,3,18000,57.1,Rural,0
58.77,59.23,0.91,-0.911,0.0,0.0,0,1,0,0,2,30000,63.0,Rural,0
48.01,46.86,-11.95,0.834,35.95,38.38,1,0,0,0,13,50000,79.6,Urban,0
28.58,28.23,34.24,-3.676,20.88,19.85,1,0,0,1,11,10000,80.4,Semi-Urban,1
51.97,47.03,-8.1,1.778,36.87,32.15,1,0,0,1,5,30000,82.5,Urban,0
64.97,60.64,-24.93,1.902,35.54,34.01,1,0,0,1,13,5000,73.8,Urban,0
100.0,100.0,-12.09,0.95,33.46,29.19,1,3,0,1,12,10000,41.0,Semi-Urban,1
88.86,87.42,-2.76,1.471,40.0,39.5,1,1,0,1,4,10000,72.8,Rural,0
48.57,49.71,17.3,-1.647,22.08,19.6,1,0,0,1,11,10000,93.9,Rural,1
63.43,60.55,-24.49,2.499,32.96,37.89,1,2,0,1,11,10000,49.5,Rural,1
99.86,96.22,-25.86,1.63,23.99,26.58,1,0,0,1,15,18000,57.8,Urban,0
90.8,90.47,-9.38,0.68,38.51,34.73,1,1,0,0,15,50000,80.4,Urban,0
50.6,50.09,-15.87,1.634,37.44,37.53,1,2,0,0,11,30000,43.7,Rural,0
88.49,89.62,-14.58,2.303,39.21,40.0,1,0,0,0,8,75000,85.6,Urban,0
83.87,82.89,-14.32,1.692,32.51,27.64,1,0,0,1,10,30000,89.3,Urban,0
84.8,83.14,-24.22,2.77,26.96,32.75,1,0,0,1,10,50000,95.9,Semi-Urban,0
41.59,43.06,21.4,-2.199,18.8,13.2,1,0,0,1,12,30000,95.3,Semi-Urban,1
42.87,44.7,3.66,-3.66,0.0,0.0,0,0,0,0,2,5000,56.9,Rural,1
95.68,94.19,-8.95,0.769,36.49,37.7,1,0,0,0,11,30000,48.6,Rural,0
20.0,20.34,34.61,-2.499,13.78,19.26,1,0,0,1,16,50000,58.8,Semi-Urban,1
55.74,57.98,8.87,-1.015,15.45,11.87,1,0,0,0,7,75000,83.9,Semi-Urban,0
76.61,74.06,-13.81,1.19,31.73,26.87,1,2,0,1,12,10000,64.6,Urban,0
84.38,83.39,-1.98,1.982,0.0,0.0,0,0,0,1,2,30000,90.3,Urban,0
52.66,51.81,2.17,-0.723,16.11,17.83,1,0,0,1,8,10000,58.9,Urban,1
26.54,32.98,39.19,-2.494,23.56,28.31,1,0,0,1,16,10000,49.4,Urban,1
57.18,55.02,-4.33,4.328,0.0,0.0,0,4,0,0,2,30000,53.5,Rural,1
83.38,78.09,-40.7,2.847,22.57,24.03,1,1,0,0,15,18000,81.3,Urban,0
85.05,88.03,8.32,-4.162,15.34,9.82,1,1,0,0,3,5000,94.5,Rural,1
95.66,96.18,-7.41,0.973,40.0,35.13,1,0,0,1,11,75000,56.3,Urban,0
58.96,55.61,-17.25,2.827,26.83,31.17,1,0,0,0,8,75000,91.3,Rural,0
53.24,55.53,-5.87,1.175,25.15,22.59,1,2,0,1,11,50000,58.2,Rural,0
68.41,67.73,-16.98,1.478,38.97,33.81,1,0,0,0,12,30000,90.8,Rural,0
70.11,75.45,19.98,-2.78,25.63,21.54,1,0,0,1,8,30000,51.8,Rural,0
99.53,94.92,-17.45,2.912,28.86,21.14,1,0,0,1,7,30000,82.3,Urban,0
100.0,100.0,-16.83,1.445,27.47,24.62,1,0,0,1,14,18000,57.9,Semi-Urban,0
67.78,68.11,-4.19,0.995,23.36,21.35,1,1,0,1,9,30000,69.2,Urban,0
84.66,84.01,-12.27,1.334,37.62,39.94,1,1,0,0,12,30000,84.9,Rural,0
20.14,27.03,34.17,-3.405,9.75,13.57,1,0,0,1,10,5000,66.8,Urban,1
92.33,89.63,-20.3,1.369,32.15,30.99,1,0,0,0,16,50000,78.2,Rural,0
28.29,32.39,31.96,-2.042,11.63,10.83,1,0,0,1,16,30000,51.1,Semi-Urban,1
20.0,20.0,14.78,-0.762,6.58,11.04,1,0,0,1,16,18000,61.9,Semi-Urban,1
60.49,60.44,-19.23,1.507,20.68,24.16,1,0,0,0,14,50000,86.8,Rural,0
59.39,59.92,0.86,-0.022,29.42,23.6,1,1,0,0,6,30000,60.9,Semi-Urban,0
73.33,77.77,13.62,-1.624,17.29,14.83,1,1,0,0,7,50000,65.1,Rural,0
51.63,54.1,1.27,-0.248,19.38,16.53,1,3,1,0,4,50000,50.9,Urban,1
59.67,54.78,-14.16,2.348,28.69,32.96,1,3,0,1,7,18000,43.4,Semi-Urban,1
46.36,50.48,26.6,-3.275,14.55,12.77,1,0,0,0,10,10000,42.9,Rural,1
89.18,84.61,-5.7,1.748,17.63,22.61,1,3,0,0,5,10000,48.7,Urban,0
73.92,70.06,-26.05,2.73,33.58,35.57,1,1,0,0,11,18000,74.8,Urban,0
94.62,91.8,-36.72,2.333,24.91,20.72,1,1,0,1,16,75000,56.3,Urban,0
73.45,68.68,-20.03,2.059,36.55,34.8,1,3,0,0,10,75000,55.9,Urban,0
58.97,61.6,-9.27,0.842,29.25,28.41,1,0,0,0,15,30000,88.2,Semi-Urban,0
52.42,54.79,9.16,-0.915,26.41,24.62,1,1,1,1,11,30000,84.3,Urban,0
58.02,57.49,-5.73,1.117,19.71,22.78,1,1,0,0,5,10000,93.6,Semi-Urban,0
49.19,49.86,27.16,-2.183,20.8,15.15,1,0,0,1,15,5000,51.1,Rural,1
84.15,79.03,-6.79,3.395,37.51,37.27,1,0,0,0,3,30000,72.0,Urban,0
20.0,21.74,17.46,-2.042,9.09,12.52,1,0,0,1,9,50000,76.6,Urban,1
100.0,100.0,-5.82,0.264,23.02,24.75,1,1,0,1,16,30000,71.4,Rural,0
70.41,72.95,20.1,-1.58,22.58,19.14,1,1,1,0,14,50000,93.0,Rural,1
89.91,90.79,2.2,-1.033,17.87,17.48,1,0,0,0,4,75000,59.5,Rural,0
79.21,75.7,-10.57,1.018,40.0,38.96,1,2,0,0,9,50000,95.3,Rural,0
80.49,81.04,3.13,-0.856,15.08,18.31,1,0,0,0,6,10000,88.9,Semi-Urban,0
100.0,100.0,-10.16,0.722,24.15,19.28,1,2,0,1,14,75000,67.0,Rural,0
39.89,44.12,12.76,-1.812,13.34,17.29,1,0,0,1,7,10000,82.4,Semi-Urban,1
27.73,34.95,11.67,-3.133,19.95,17.1,1,3,1,0,4,30000,87.0,Rural,1
29.65,36.91,30.16,-3.576,31.2,25.6,1,3,0,0,10,10000,87.5,Semi-Urban,1
100.0,100.0,-5.79,0.395,32.12,32.66,1,4,0,0,13,50000,68.0,Rural,0
66.61,66.92,0.61,-0.611,0.0,0.0,0,0,0,0,2,75000,83.9,Rural,0
20.0,23.41,20.22,-2.076,24.17,20.02,1,0,0,1,10,18000,61.7,Semi-Urban,1
66.66,67.65,13.36,-1.374,17.06,20.42,1,4,0,0,10,5000,73.1,Semi-Urban,1
98.1,95.28,-7.25,2.266,33.28,27.69,1,0,0,0,5,75000,64.8,Urban,0
94.09,91.51,-34.77,2.707,31.16,35.3,1,0,0,1,14,18000,74.4,Urban,0
100.0,100.0,-12.48,0.67,26.09,28.09,1,2,0,0,14,75000,87.7,Semi-Urban,0
80.95,81.47,0.51,-0.256,26.77,30.53,1,0,0,0,3,10000,50.3,Semi-Urban,0
43.05,36.39,-8.59,2.692,37.19,35.52,1,0,0,1,4,50000,42.9,Rural,0
49.98,46.28,-8.19,2.547,35.51,38.03,1,0,0,1,4,30000,77.6,Rural,0
56.43,56.7,23.39,-2.713,12.92,14.62,1,0,0,1,11,18000,48.8,Rural,1
34.59,43.23,28.36,-3.639,9.03,12.77,1,0,0,0,8,5000,97.5,Semi-Urban,1
100.0,100.0,-17.44,1.707,30.46,30.77,1,2,0,0,13,5000,75.3,Semi-Urban,0
71.07,67.01,-31.27,2.445,29.51,28.0,1,0,0,0,14,18000,47.0,Rural,0
20.0,28.45,29.81,-3.783,15.5,15.77,1,1,1,0,8,10000,48.8,Semi-Urban,1
85.99,84.13,-3.27,1.135,28.76,28.59,1,4,0,0,4,10000,61.6,Rural,0
72.23,71.38,-1.7,1.697,0.0,0.0,0,0,0,1,2,30000,47.8,Urban,0
90.18,87.81,-2.18,1.092,34.7,33.85,1,0,0,0,3,10000,82.0,Urban,0
46.21,42.83,-6.77,6.765,0.0,0.0,0,1,0,1,2,10000,94.0,Semi-Urban,0
71.77,70.31,-9.96,1.241,40.0,40.0,1,1,0,1,10,30000,46.7,Semi-Urban,0
64.69,64.23,-2.29,1.147,21.96,21.77,1,0,0,1,3,75000,81.8,Urban,0
63.96,60.99,-14.94,0.997,32.64,35.45,1,0,0,1,12,18000,67.2,Urban,0
95.67,93.65,-26.52,2.232,38.69,36.35,1,2,0,1,13,5000,45.4,Urban,0
79.56,77.23,-21.75,1.579,15.46,22.87,1,0,0,1,15,5000,64.6,Rural,0
100.0,99.85,-2.08,0.448,24.51,27.34,1,0,0,0,14,75000,75.4,Rural,0
78.57,74.47,-30.7,2.261,19.8,16.6,1,4,0,0,15,18000,44.2,Urban,0
48.55,51.31,34.81,-2.786,24.57,24.36,1,1,1,0,14,10000,56.0,Rural,1
21.26,28.01,34.04,-3.457,27.21,33.03,1,2,1,1,11,18000,58.5,Semi-Urban,1
45.13,43.98,2.55,-0.726,28.67,22.56,1,2,1,1,5,10000,46.2,Urban,1
80.26,80.18,-1.23,0.615,24.9,24.13,1,1,0,1,3,5000,66.6,Semi-Urban,0
82.07,83.51,-3.17,1.229,13.05,12.74,1,1,1,1,4,5000,47.2,Semi-Urban,1
33.04,38.99,22.77,-2.246,11.1,13.55,1,2,1,1,11,5000,73.8,Urban,1
74.99,73.35,1.27,-0.635,40.0,35.97,1,0,0,0,3,30000,43.9,Semi-Urban,0
100.0,100.0,-11.97,0.839,25.04,20.51,1,0,0,0,14,18000,76.7,Urban,0
91.57,90.21,-16.92,1.705,33.68,37.93,1,2,0,0,11,18000,58.2,Rural,0
100.0,97.68,-19.95,1.735,18.75,20.27,1,1,0,1,11,18000,68.4,Rural,0
49.18,50.88,3.41,-3.408,0.0,0.0,0,0,0,0,2,50000,50.8,Rural,0
20.0,20.0,22.01,-1.683,25.63,27.69,1,0,0,1,14,18000,42.8,Semi-Urban,1
66.9,64.26,-10.64,1.309,24.88,21.47,1,0,0,1,10,18000,45.0,Urban,0
65.26,63.69,-19.89,1.95,40.0,39.66,1,0,0,1,11,50000,71.7,Rural,0
83.14,81.05,-12.36,2.647,37.12,32.76,1,3,0,1,6,18000,44.2,Urban,0
100.0,94.17,-15.15,2.004,38.54,38.58,1,0,0,1,8,18000,49.4,Rural,0
61.8,59.51,-18.58,1.643,23.27,35.18,1,3,0,0,13,18000,73.2,Semi-Urban,0
20.0,21.0,21.5,-3.017,26.08,22.97,1,4,1,1,8,30000,94.4,Semi-Urban,1
78.49,79.55,9.47,-1.496,29.9,30.83,1,0,0,1,9,50000,52.6,Urban,0
100.0,99.35,-19.96,2.415,39.61,36.36,1,0,0,1,11,5000,83.8,Urban,0
75.68,70.54,-23.88,2.334,39.56,34.97,1,3,0,1,11,5000,56.6,Urban,1
69.54,63.17,-12.75,2.036,34.92,31.48,1,0,0,0,6,30000,95.0,Rural,0
58.52,60.01,23.34,-2.883,19.85,22.79,1,0,0,1,10,30000,98.3,Semi-Urban,1
71.03,69.78,-21.0,2.929,22.77,23.7,1,0,0,1,9,10000,93.9,Urban,0
63.1,60.02,-14.94,0.939,36.45,32.49,1,1,0,0,15,5000,90.7,Semi-Urban,0
66.14,69.34,3.61,-1.106,25.7,26.83,1,0,0,1,5,18000,77.4,Semi-Urban,0
58.53,65.95,28.72,-3.456,14.06,9.93,1,1,1,1,9,10000,90.5,Urban,1
60.05,59.9,-10.98,1.09,33.54,35.49,1,0,0,1,12,18000,77.0,Rural,0
100.0,94.97,-29.55,2.48,28.11,27.76,1,3,0,1,13,5000,84.3,Semi-Urban,0
82.63,79.97,-5.32,5.322,0.0,0.0,0,0,0,0,2,10000,69.6,Rural,0
97.25,93.73,-20.67,2.759,28.37,33.22,1,3,0,1,9,18000,59.9,Rural,0
97.51,94.84,-38.79,2.524,29.62,21.54,1,0,0,0,16,5000,80.0,Rural,0
93.77,94.52,1.5,-1.503,0.0,0.0,0,1,1,0,2,75000,61.2,Rural,0
73.33,72.29,-17.28,1.42,25.57,24.11,1,1,0,0,13,30000,82.3,Rural,0
94.97,93.31,-15.62,2.645,32.8,33.24,1,4,0,0,8,30000,92.7,Rural,0
59.16,62.03,28.87,-2.929,16.84,17.27,1,2,1,0,12,75000,53.3,Rural,1
62.16,61.42,-8.39,0.809,24.82,26.06,1,0,0,0,13,30000,69.5,Urban,0
26.24,26.47,17.6,-2.201,16.57,23.05,1,2,1,0,9,50000,76.2,Semi-Urban,1
69.47,67.47,-9.6,1.125,39.74,40.0,1,0,0,1,10,30000,45.8,Urban,0
67.55,64.78,-16.19,1.562,27.25,27.03,1,2,0,0,11,75000,41.1,Rural,0
73.45,81.02,23.47,-4.581,33.1,29.62,1,0,0,1,6,10000,98.1,Urban,1
30.95,37.31,18.54,-2.141,23.86,21.18,1,0,0,0,8,50000,85.1,Urban,0
66.45,68.68,10.21,-2.295,26.28,13.93,1,3,0,1,6,5000,40.2,Rural,1
37.03,39.95,7.22,-1.742,22.91,26.09,1,0,0,0,6,18000,52.5,Urban,0
45.85,51.43,39.2,-3.014,18.18,17.3,1,0,0,1,13,18000,52.6,Rural,1
70.64,72.3,-8.26,1.625,35.95,37.51,1,2,0,0,7,10000,82.7,Urban,0
57.57,56.16,15.44,-1.802,19.75,14.78,1,2,1,0,12,30000,70.9,Semi-Urban,1
54.11,54.0,17.49,-2.274,32.82,23.58,1,0,0,1,9,50000,73.1,Rural,1
55.42,55.84,24.01,-2.506,10.38,17.59,1,0,0,1,12,18000,73.7,Rural,1
73.89,74.25,6.0,-1.506,18.13,17.99,1,3,1,0,5,5000,69.7,Urban,1
80.5,74.91,-39.71,2.944,40.0,33.37,1,0,0,0,14,18000,69.4,Semi-Urban,0
28.0,32.21,19.93,-3.049,18.96,19.63,1,0,0,0,7,18000,50.8,Rural,1
78.98,74.4,-10.14,0.605,34.66,33.18,1,0,0,1,12,18000,67.7,Rural,0
100.0,100.0,-5.87,0.508,29.55,28.27,1,0,0,1,9,10000,95.8,Rural,0
33.45,36.81,10.3,-1.279,31.92,29.82,1,3,1,0,10,5000,87.0,Semi-Urban,1
20.74,23.88,27.43,-2.908,16.79,11.35,1,0,0,0,11,30000,83.2,Semi-Urban,1
72.91,69.27,-34.24,2.495,33.47,29.72,1,0,0,1,15,5000,92.3,Semi-Urban,0
65.19,69.59,26.54,-2.643,15.11,17.8,1,1,1,0,11,30000,90.2,Rural,1
66.94,64.23,-3.79,0.739,31.34,31.1,1,0,0,1,6,10000,60.4,Urban,0
61.65,59.41,-4.48,4.48,0.0,0.0,0,0,0,0,2,50000,53.5,Rural,0
33.12,40.16,22.89,-2.426,16.97,15.39,1,0,0,0,8,5000,53.7,Urban,1
56.16,60.38,17.4,-2.881,24.05,20.82,1,0,0,0,6,30000,58.3,Rural,0
46.13,46.53,10.5,-1.321,6.57,16.06,1,2,0,1,9,5000,86.7,Rural,1
56.67,50.38,-7.8,3.9,29.27,27.79,1,1,0,0,3,10000,96.5,Semi-Urban,0
38.34,37.1,-3.05,0.83,37.42,31.86,1,1,0,1,4,30000,57.9,Urban,0
20.0,20.0,21.21,-2.626,21.25,18.96,1,0,0,1,11,10000,45.9,Rural,1
93.28,90.83,-19.42,2.002,34.56,24.63,1,3,0,1,11,30000,47.5,Urban,0
25.42,27.51,18.39,-2.453,22.19,25.13,1,1,0,0,8,75000,70.3,Urban,1
73.92,79.52,9.25,-4.626,23.87,25.4,1,0,0,0,3,10000,96.4,Semi-Urban,0
84.7,84.81,5.73,-1.115,29.16,27.44,1,1,1,0,10,18000,87.7,Semi-Urban,0
96.65,93.27,-23.09,1.77,33.66,32.87,1,1,0,0,13,10000,79.0,Semi-Urban,0
27.35,32.69,12.24,-3.117,19.54,22.21,1,0,0,1,5,10000,69.6,Urban,1
72.6,70.92,-5.26,0.793,28.36,30.31,1,2,0,0,10,10000,72.7,Urban,0
72.44,72.21,-0.46,0.458,0.0,0.0,0,2,0,0,2,75000,49.4,Urban,0
54.05,60.6,38.52,-3.325,18.14,18.03,1,1,1,1,13,10000,89.6,Urban,1
41.81,47.95,32.11,-3.596,10.11,10.03,1,0,0,0,10,18000,58.7,Rural,1
61.63,67.31,15.16,-1.44,22.29,20.22,1,3,0,1,10,5000,45.7,Rural,1
60.73,59.5,-2.45,2.451,0.0,0.0,0,0,0,0,2,50000,84.8,Semi-Urban,0
100.0,99.91,-19.78,2.021,22.25,22.96,1,0,0,1,11,5000,76.3,Rural,0
65.61,68.42,9.71,-3.353,30.98,24.34,1,0,0,1,4,18000,68.4,Urban,0
50.42,43.68,-14.79,3.416,33.44,30.5,1,2,0,1,5,10000,87.0,Rural,0
75.4,75.16,-8.69,0.761,20.97,21.04,1,2,0,1,14,75000,51.7,Urban,0
78.58,79.75,-3.06,0.555,23.28,18.82,1,0,0,0,6,50000,74.5,Urban,0
100.0,100.0,-14.61,1.053,40.0,40.0,1,0,0,1,15,5000,62.5,Rural,0
89.34,86.21,-10.69,1.963,33.0,27.63,1,1,0,0,7,30000,75.0,Semi-Urban,0
100.0,100.0,-15.74,1.535,35.27,36.47,1,0,0,1,12,50000,66.7,Rural,0
36.47,40.78,33.67,-2.748,7.35,12.67,1,0,0,0,13,30000,73.8,Semi-Urban,1
88.45,87.38,-2.07,0.604,34.59,37.69,1,2,0,1,4,10000,82.7,Semi-Urban,0
24.91,29.55,16.05,-1.687,23.59,25.19,1,1,1,1,8,30000,88.5,Rural,1
78.8,79.56,9.59,-2.334,21.35,20.63,1,0,0,1,6,18000,63.6,Urban,0
20.0,20.0,25.24,-1.564,20.08,23.81,1,0,0,1,16,50000,69.6,Rural,1
30.3,38.48,38.39,-3.916,19.4,14.35,1,0,0,0,11,50000,61.3,Urban,1
59.26,61.2,10.78,-0.808,29.91,22.24,1,0,0,0,10,50000,41.6,Urban,0
75.9,76.26,17.3,-1.956,23.34,24.11,1,4,1,1,11,5000,90.9,Rural,1
51.46,51.77,12.41,-2.239,23.15,25.77,1,0,0,1,8,50000,63.1,Rural,1
20.0,20.0,29.16,-2.283,23.7,21.34,1,0,0,0,14,5000,52.0,Semi-Urban,1
60.15,70.32,17.78,-3.052,14.85,14.11,1,0,0,0,6,10000,64.9,Rural,1
84.57,81.3,-14.63,1.5,20.66,21.38,1,1,0,1,10,10000,96.5,Rural,0
42.7,42.07,-1.7,0.852,31.33,36.59,1,1,0,0,3,5000,52.9,Rural,1
91.28,89.36,-5.73,2.867,25.0,22.57,1,0,0,0,3,10000,73.9,Rural,0
76.31,73.45,-42.14,3.006,35.96,29.61,1,0,0,1,15,5000,61.0,Semi-Urban,0
86.57,82.91,4.82,-1.713,23.67,32.9,1,0,0,0,5,5000,98.3,Urban,0
100.0,100.0,-6.44,0.854,29.71,31.09,1,3,0,0,10,5000,93.1,Urban,0
34.22,34.35,8.57,-2.622,13.72,13.03,1,0,0,0,4,10000,91.8,Rural,1
65.71,67.48,-0.24,0.213,26.42,24.95,1,1,0,1,6,30000,85.5,Rural,0
71.3,76.53,18.21,-3.07,12.93,11.47,1,3,1,1,7,75000,59.2,Semi-Urban,1
48.02,50.33,7.19,-2.956,14.69,18.18,1,0,0,0,4,18000,43.8,Semi-Urban,1
20.0,20.0,23.27,-1.727,31.25,29.29,1,1,0,0,14,30000,76.1,Rural,0
45.22,52.58,44.29,-3.606,8.91,10.27,1,1,1,1,13,30000,53.2,Semi-Urban,1
86.55,79.52,-21.0,2.092,30.7,34.65,1,3,0,0,11,30000,86.8,Rural,0
77.71,73.92,-12.39,2.336,38.17,31.38,1,1,0,0,6,30000,70.5,Urban,0
87.11,85.67,-3.48,1.741,31.08,31.85,1,0,0,0,3,10000,47.4,Urban,0
54.99,54.24,-11.57,1.065,28.25,29.01,1,4,0,0,13,50000,70.2,Rural,0
93.88,90.47,-14.71,1.965,18.58,30.51,1,0,0,1,8,10000,75.1,Rural,0
61.4,58.18,-12.56,1.524,25.29,20.63,1,0,0,0,10,5000,41.1,Rural,0
100.0,99.15,-16.03,1.276,38.77,38.68,1,3,0,0,13,30000,69.3,Semi-Urban,0
47.24,53.31,20.08,-2.725,20.44,20.47,1,2,1,0,9,10000,75.9,Semi-Urban,1
61.42,66.32,17.75,-3.901,27.6,32.45,1,0,0,1,5,18000,72.3,Rural,0
53.74,52.46,-11.64,1.954,21.34,18.67,1,0,0,1,7,30000,70.1,Urban,0
48.56,49.4,1.4,-0.702,32.73,25.61,1,0,0,1,3,75000,84.1,Rural,1
42.99,38.69,6.31,-0.95,15.21,16.89,1,1,0,1,16,10000,75.6,Semi-Urban,1
100.0,100.0,-8.34,0.497,28.14,20.88,1,0,0,0,16,5000,44.9,Rural,0
52.39,57.93,29.24,-1.783,20.85,19.79,1,0,0,0,16,30000,63.5,Semi-Urban,0
59.08,55.05,-10.17,0.92,27.53,19.88,1,0,0,0,11,75000,60.4,Urban,0
24.26,23.11,38.06,-3.045,21.12,19.72,1,0,0,0,15,18000,88.9,Semi-Urban,1
58.18,58.24,-0.74,0.368,24.35,20.33,1,0,0,0,3,30000,47.3,Urban,0
53.47,52.4,-5.25,0.557,37.54,35.73,1,0,0,0,11,75000,64.9,Semi-Urban,0
66.53,64.46,-13.84,1.287,20.92,21.8,1,0,0,0,13,5000,54.1,Rural,0
64.7,62.8,10.29,-1.35,24.65,30.62,1,2,1,1,9,18000,83.9,Rural,1
96.33,98.37,-0.12,0.335,22.37,19.95,1,0,0,0,12,10000,49.6,Urban,0
87.91,87.24,-29.72,2.099,25.45,20.55,1,0,0,0,16,10000,85.2,Urban,0
74.95,71.87,-26.13,2.232,28.83,31.52,1,1,0,0,12,10000,73.5,Rural,0
97.93,92.49,-23.65,2.713,40.0,38.56,1,0,0,1,10,10000,92.1,Rural,0
71.83,66.81,-29.01,2.964,34.8,34.33,1,0,0,0,10,75000,76.1,Rural,0
98.63,95.67,-18.62,2.812,34.66,35.17,1,3,0,1,8,10000,72.8,Rural,1
20.0,24.14,24.68,-4.511,13.91,14.99,1,0,0,0,7,5000,92.1,Rural,1
58.3,63.0,21.55,-1.883,13.32,13.02,1,1,1,0,13,5000,60.4,Semi-Urban,1
64.27,64.37,-19.97,1.687,21.89,21.48,1,0,0,0,16,50000,65.0,Rural,0
49.76,49.15,5.05,-0.932,25.7,27.92,1,0,0,0,7,10000,69.5,Rural,1
44.63,41.17,-8.23,1.546,32.19,36.41,1,0,0,1,6,10000,61.4,Rural,1
37.27,35.9,-0.18,0.089,28.78,24.97,1,0,0,0,3,50000,78.7,Rural,0
56.08,52.72,-3.92,1.959,40.0,39.17,1,3,0,0,3,30000,45.4,Rural,0
100.0,100.0,-5.52,0.675,25.19,20.4,1,0,0,0,11,5000,60.6,Semi-Urban,0
38.31,41.7,19.72,-2.042,19.33,17.15,1,2,1,1,10,30000,54.1,Urban,1
68.08,61.83,-20.71,1.887,27.06,34.26,1,0,0,1,11,30000,89.8,Rural,0
100.0,100.0,-18.09,1.388,23.97,24.24,1,0,0,0,14,30000,63.0,Semi-Urban,0
54.08,56.51,37.98,-3.043,26.61,27.67,1,0,0,0,14,10000,90.6,Semi-Urban,1
69.9,66.23,-21.31,2.071,27.31,30.01,1,0,0,0,11,18000,85.6,Rural,0
90.23,87.82,-7.87,1.207,36.92,33.13,1,3,0,1,8,5000,98.3,Semi-Urban,1
20.0,22.43,30.26,-3.37,27.67,24.44,1,0,0,0,11,50000,79.8,Urban,1
77.52,77.78,12.04,-1.464,18.86,15.03,1,3,1,0,9,50000,64.3,Rural,1
83.57,82.6,1.92,-0.958,8.17,12.58,1,0,0,0,3,10000,95.4,Semi-Urban,0
28.83,31.6,28.96,-2.349,18.32,19.06,1,0,0,1,14,50000,61.9,Semi-Urban,1
80.08,75.67,-18.48,2.05,40.0,39.06,1,3,0,0,10,10000,71.7,Semi-Urban,0
43.02,49.26,26.07,-3.612,16.07,12.69,1,4,1,0,9,30000,49.6,Urban,1
86.5,86.7,-9.13,0.98,38.37,38.73,1,0,0,0,11,50000,48.5,Semi-Urban,0
67.01,68.29,10.34,-2.597,31.16,24.54,1,4,1,1,6,30000,70.2,Urban,1
59.9,56.37,-13.2,2.231,25.32,29.39,1,2,0,0,7,10000,89.5,Rural,0
73.59,72.44,-7.63,0.78,38.65,37.81,1,0,0,1,10,5000,72.1,Rural,0
91.06,94.03,8.94,-2.621,12.65,11.42,1,1,0,1,4,50000,67.7,Rural,1
70.85,73.4,15.7,-3.958,17.7,21.38,1,2,0,0,5,50000,93.6,Urban,0
47.71,43.95,-5.75,1.989,29.36,24.48,1,3,0,0,4,50000,64.2,Urban,0
100.0,100.0,-19.47,1.771,30.49,30.42,1,2,0,0,14,10000,79.9,Rural,0
92.45,90.82,-20.01,1.419,40.0,29.56,1,4,0,1,14,30000,60.5,Urban,0
100.0,100.0,-4.96,0.511,31.25,26.96,1,2,0,0,9,5000,45.9,Rural,0
43.32,48.45,26.63,-3.385,14.84,19.52,1,1,0,0,9,75000,58.9,Rural,1
65.17,69.14,10.62,-2.828,28.22,25.29,1,1,1,0,4,18000,92.6,Semi-Urban,0
60.0,59.43,-2.3,1.151,38.17,35.88,1,2,0,1,3,30000,69.1,Semi-Urban,0
95.24,88.26,-38.98,2.347,31.39,30.1,1,0,0,0,15,30000,50.9,Rural,0
100.0,100.0,-4.27,0.41,35.25,30.74,1,2,0,0,14,18000,92.0,Rural,0
100.0,100.0,-23.74,1.804,35.22,33.84,1,2,0,0,15,75000,71.5,Rural,0
20.0,20.0,8.39,-0.674,8.48,13.59,1,2,1,0,16,50000,83.5,Rural,1
100.0,99.53,-14.77,1.573,28.54,26.9,1,0,0,0,10,5000,87.6,Rural,0
55.55,56.69,29.47,-2.919,20.62,23.93,1,4,1,0,12,18000,85.1,Rural,1
70.06,75.18,6.04,-0.985,29.4,26.41,1,0,0,0,6,5000,53.8,Rural,0
96.62,93.73,-5.06,0.756,24.87,25.1,1,2,0,1,6,5000,60.1,Urban,0
69.66,70.05,-7.35,0.805,29.09,29.93,1,0,0,1,11,18000,75.4,Urban,0
40.06,49.41,52.15,-3.575,23.51,18.59,1,1,0,1,14,10000,45.8,Rural,1
100.0,96.91,-13.8,0.988,25.16,26.44,1,0,0,1,14,75000,55.9,Semi-Urban,0
57.8,58.77,6.52,-2.112,28.58,28.95,1,4,1,1,4,18000,85.2,Semi-Urban,1
55.75,52.76,-6.58,1.653,40.0,37.27,1,0,0,0,4,30000,80.1,Rural,0
49.9,49.13,-6.4,1.784,25.46,23.04,1,0,0,1,4,18000,80.5,Rural,0
51.59,49.19,-10.81,1.452,37.4,35.67,1,1,0,0,9,75000,77.6,Urban,0
51.53,48.0,-14.87,2.785,27.34,28.5,1,0,0,0,7,30000,45.8,Urban,0
40.65,38.89,14.88,-1.75,30.16,24.76,1,3,1,1,12,50000,62.4,Semi-Urban,1
87.11,83.0,-11.55,2.575,29.88,30.78,1,0,0,0,5,50000,96.4,Semi-Urban,0
43.17,45.45,4.03,-0.546,32.45,27.99,1,0,0,1,8,10000,77.7,Urban,0
100.0,100.0,-18.16,1.369,31.61,30.72,1,0,0,0,16,75000,81.4,Rural,0
64.42,62.74,-25.47,2.562,39.25,37.07,1,1,0,0,12,30000,77.8,Rural,0
81.67,78.77,-17.41,1.254,22.01,24.82,1,0,0,1,14,30000,42.3,Urban,0
60.27,64.88,25.84,-3.082,27.8,27.34,1,1,1,1,10,30000,61.4,Semi-Urban,1
100.0,96.81,-3.17,1.784,38.35,34.41,1,2,0,0,4,30000,67.5,Semi-Urban,0
100.0,99.66,-15.93,1.405,33.02,32.28,1,1,0,0,13,75000,81.9,Rural,0
61.37,56.35,-15.7,1.477,25.94,20.66,1,1,0,0,10,10000,80.1,Semi-Urban,0
46.33,44.93,-11.28,0.914,34.68,32.94,1,0,0,1,12,50000,71.2,Urban,0
20.0,20.0,14.06,-1.035,18.64,14.96,1,0,0,0,16,50000,79.7,Urban,0
92.85,91.96,-3.88,1.178,33.84,35.61,1,0,0,0,5,30000,49.6,Rural,0
42.0,50.44,33.61,-2.677,24.39,24.85,1,0,0,0,11,50000,85.1,Urban,0
61.69,57.73,-6.26,3.129,35.18,37.74,1,0,0,0,3,50000,65.5,Rural,0
20.0,20.0,26.04,-1.858,24.73,20.17,1,1,1,0,16,18000,56.8,Rural,1
100.0,100.0,-0.27,0.182,23.27,26.09,1,0,0,0,11,5000,53.0,Rural,0
33.66,34.55,20.21,-1.91,20.07,18.88,1,0,0,1,10,10000,69.5,Urban,1
61.08,57.25,-0.94,0.471,14.44,15.28,1,0,0,0,3,50000,58.1,Rural,0
63.35,59.64,-27.59,2.93,23.55,31.44,1,0,0,1,10,5000,92.1,Urban,0
21.87,25.26,17.75,-3.116,17.18,14.98,1,3,1,0,7,18000,93.7,Urban,1
100.0,100.0,-26.24,2.214,37.46,40.0,1,0,0,1,16,30000,50.2,Urban,0
99.8,96.57,-24.56,2.358,37.14,40.0,1,0,0,1,13,18000,61.5,Semi-Urban,0
89.89,87.4,-20.27,2.722,18.35,26.14,1,4,0,0,10,75000,45.6,Semi-Urban,0
56.11,59.79,32.13,-2.65,23.92,23.31,1,0,0,0,12,5000,47.3,Semi-Urban,1
99.87,93.72,-36.09,2.461,27.01,23.02,1,0,0,0,15,18000,57.8,Semi-Urban,0
64.73,61.47,-14.81,1.477,40.0,40.0,1,0,0,1,10,10000,66.3,Rural,0
49.5,47.71,14.82,-1.834,22.32,21.7,1,0,0,1,11,5000,58.5,Semi-Urban,1
69.93,68.77,-14.21,0.63,33.31,31.47,1,0,0,0,16,5000,66.5,Semi-Urban,0
47.19,44.14,-6.27,0.926,35.18,29.59,1,0,0,0,6,75000,48.4,Urban,0
48.92,47.11,-3.62,3.621,0.0,0.0,0,0,0,0,2,30000,95.3,Rural,0
68.08,68.97,1.78,-1.78,0.0,0.0,0,0,0,0,2,50000,78.6,Rural,0
74.05,74.23,-2.09,1.047,29.17,26.16,1,1,0,0,3,30000,41.0,Urban,0
70.3,71.46,2.71,-1.354,37.58,39.56,1,0,0,0,3,30000,51.3,Rural,0
78.45,80.37,3.83,-3.83,0.0,0.0,0,1,0,1,2,50000,89.8,Semi-Urban,0
47.71,55.66,8.14,-1.53,30.01,25.47,1,0,0,0,5,18000,73.8,Semi-Urban,0
50.15,48.6,-1.77,0.732,37.17,35.73,1,0,0,0,5,5000,44.7,Urban,0
49.62,49.5,21.24,-2.344,11.35,10.23,1,0,0,0,10,75000,89.3,Urban,1
24.81,28.49,26.95,-3.637,26.27,24.59,1,4,1,1,8,30000,67.8,Semi-Urban,1
61.29,60.81,-0.77,0.384,27.69,23.49,1,0,0,1,3,10000,98.2,Rural,0
41.04,41.01,18.89,-1.319,28.95,29.72,1,1,0,0,15,30000,91.9,Rural,0
55.09,58.58,27.5,-3.912,16.9,15.18,1,3,0,1,9,18000,53.1,Semi-Urban,1
69.89,78.08,15.08,-2.329,10.23,11.81,1,1,1,0,7,5000,63.4,Urban,1
71.84,70.41,-2.74,1.37,26.98,30.03,1,4,0,0,3,50000,92.1,Rural,0
92.57,86.52,-16.44,2.546,35.3,30.57,1,1,0,0,7,10000,64.2,Urban,0
56.16,53.24,-5.91,2.221,20.85,23.18,1,1,0,0,4,10000,47.7,Urban,0
84.8,81.3,-11.59,2.03,37.75,33.54,1,1,0,0,6,18000,60.4,Rural,0
65.06,63.03,-6.08,0.728,27.21,27.25,1,3,0,0,6,10000,91.9,Urban,0
61.93,57.01,-10.22,0.552,27.13,31.29,1,0,0,1,10,5000,77.6,Rural,0
70.45,66.95,-11.01,1.066,35.82,37.92,1,0,0,0,8,30000,72.8,Semi-Urban,0
53.92,63.5,34.32,-4.285,12.34,12.6,1,0,0,0,9,50000,86.0,Rural,1
100.0,100.0,-24.55,1.818,26.96,32.4,1,2,0,1,16,30000,46.1,Semi-Urban,0
99.68,98.52,-6.25,0.733,23.53,23.37,1,0,0,0,10,10000,40.3,Rural,0
54.4,55.11,1.42,-1.42,0.0,0.0,0,2,1,0,2,18000,65.1,Semi-Urban,1
64.01,61.14,-13.59,1.351,30.68,30.3,1,0,0,1,11,5000,46.6,Semi-Urban,0
56.81,53.59,-11.25,1.692,24.79,24.17,1,2,0,1,8,5000,78.8,Rural,1
20.0,20.0,16.59,-1.027,7.99,10.49,1,4,1,1,16,18000,98.3,Rural,1
70.87,77.05,17.87,-2.778,13.6,10.95,1,1,1,1,7,18000,66.5,Semi-Urban,1
96.56,93.4,-5.28,0.426,33.01,27.94,1,0,0,0,8,10000,56.3,Rural,0
66.65,71.67,13.12,-2.262,13.47,14.13,1,0,0,1,7,30000,70.0,Semi-Urban,1
93.32,92.94,-6.8,1.535,32.88,31.54,1,0,0,1,7,5000,53.2,Urban,0
50.95,55.49,15.12,-1.845,11.51,14.19,1,2,1,1,10,5000,54.3,Urban,1
90.55,85.31,-42.11,2.881,26.77,23.14,1,0,0,0,16,30000,53.4,Rural,0
90.05,86.49,-17.43,1.516,30.51,27.93,1,0,0,1,12,5000,59.7,Semi-Urban,0
64.46,60.5,-13.87,3.13,19.58,20.78,1,3,0,1,5,50000,82.7,Urban,0
100.0,99.78,-22.18,1.589,22.86,17.86,1,0,0,1,15,10000,76.3,Semi-Urban,0
85.43,81.73,-23.57,2.875,24.51,25.33,1,0,0,0,9,50000,51.9,Rural,0
25.07,31.28,13.61,-3.45,8.55,13.9,1,0,0,1,5,30000,59.8,Urban,1
55.46,58.95,9.33,-3.425,17.51,15.03,1,0,0,0,4,5000,86.8,Semi-Urban,1
74.02,68.79,-16.7,1.122,37.87,37.26,1,0,0,1,10,30000,58.1,Semi-Urban,0
37.84,42.14,9.23,-4.617,12.31,15.24,1,4,1,1,3,5000,67.2,Urban,1
54.23,60.12,32.65,-2.271,28.82,29.74,1,3,1,0,15,10000,57.9,Rural,1
89.02,84.93,-32.39,2.173,27.39,31.14,1,2,0,1,15,5000,52.0,Semi-Urban,0
79.9,77.91,-3.47,1.355,25.32,32.69,1,3,0,1,4,10000,77.3,Rural,0
62.26,62.0,19.23,-2.217,30.06,26.28,1,3,1,0,12,30000,94.2,Urban,0
63.71,62.55,-10.26,1.929,30.98,24.68,1,3,0,0,6,75000,81.6,Rural,0
46.34,43.33,-5.71,0.947,30.83,29.89,1,1,0,0,6,30000,71.4,Urban,0
100.0,100.0,-6.56,0.444,33.46,32.92,1,0,0,0,12,10000,66.1,Semi-Urban,0
49.33,56.25,40.25,-3.311,13.87,12.97,1,2,1,1,12,5000,95.3,Rural,1
65.74,63.73,-24.47,2.652,16.78,20.58,1,0,0,0,10,75000,75.7,Rural,0
49.95,47.39,13.12,-1.832,22.63,25.32,1,1,1,1,12,10000,79.1,Urban,1
75.73,73.61,-17.77,1.195,39.87,32.19,1,0,0,0,15,50000,81.5,Rural,0
45.55,48.65,27.11,-1.915,27.51,24.63,1,0,0,0,16,18000,45.4,Urban,1
86.07,85.63,-2.99,1.497,22.94,31.47,1,0,0,0,3,10000,88.9,Semi-Urban,0
84.85,79.33,-33.86,2.807,29.28,24.56,1,1,0,0,13,10000,92.9,Semi-Urban,0
70.32,74.02,9.29,-2.489,24.29,23.4,1,0,0,1,5,10000,56.7,Urban,1
98.87,98.33,-7.07,1.043,32.33,26.23,1,0,0,0,9,10000,65.5,Rural,0
93.7,91.63,-21.67,1.923,27.16,23.06,1,0,0,0,13,30000,70.3,Rural,0
85.24,83.08,-9.41,1.66,23.23,20.39,1,0,0,1,7,30000,50.5,Semi-Urban,0
46.05,45.04,-3.27,0.999,40.0,38.05,1,0,0,1,5,50000,58.8,Urban,0
46.3,50.76,20.57,-3.004,27.2,24.81,1,3,0,0,7,18000,73.4,Urban,1
70.5,68.28,-22.66,1.486,20.64,28.65,1,0,0,0,15,10000,80.9,Rural,0
39.56,42.31,10.07,-2.981,25.93,24.77,1,0,0,0,6,30000,61.6,Rural,1
100.0,99.93,-19.3,2.188,23.45,22.34,1,0,0,0,11,75000,52.0,Rural,0
66.84,62.86,-8.93,0.808,33.11,31.49,1,0,0,0,11,30000,65.4,Rural,0
82.64,83.32,3.96,-1.23,21.79,12.92,1,0,0,1,5,30000,81.8,Urban,0
83.14,78.62,-35.92,2.963,27.52,28.36,1,0,0,1,13,5000,56.9,Urban,0
25.46,30.01,24.73,-1.998,26.26,27.49,1,1,1,0,13,50000,63.2,Urban,1
69.16,62.62,-8.3,2.345,19.97,25.38,1,2,0,1,5,18000,49.3,Semi-Urban,0
44.95,46.46,-9.53,1.007,20.49,21.89,1,2,0,1,12,10000,80.2,Urban,1
29.08,37.03,16.86,-1.431,18.43,16.04,1,0,0,0,10,10000,98.2,Rural,1
43.13,52.46,21.26,-2.605,19.54,17.18,1,2,1,0,8,18000,67.9,Urban,1
69.69,66.82,-12.29,1.061,37.29,34.63,1,1,0,0,14,50000,76.6,Rural,0
47.63,46.09,-9.74,2.166,21.23,24.87,1,0,0,0,6,30000,95.5,Urban,0
52.36,55.28,18.33,-1.613,31.46,27.18,1,4,0,0,13,10000,81.5,Rural,1
23.98,23.1,16.75,-1.901,22.67,22.23,1,1,1,0,11,5000,77.7,Rural,1
51.07,50.47,-1.96,0.978,21.71,17.49,1,0,0,0,3,50000,88.8,Rural,0
28.14,30.18,14.55,-2.107,9.41,12.72,1,2,1,0,8,18000,81.5,Semi-Urban,1
92.97,90.15,-8.16,4.082,32.88,34.41,1,1,0,1,3,30000,64.3,Semi-Urban,0
45.49,49.91,47.83,-3.633,22.28,20.66,1,4,1,1,15,18000,45.0,Semi-Urban,1
70.82,67.16,-16.78,2.003,28.59,32.56,1,0,0,1,10,10000,77.8,Rural,0
20.0,20.0,11.42,-0.916,27.35,20.4,1,0,0,1,15,18000,48.2,Urban,1
67.8,67.58,-6.01,1.191,24.97,21.64,1,0,0,1,6,30000,63.3,Urban,0
54.34,51.73,-4.37,0.725,17.05,18.66,1,0,0,0,4,10000,59.8,Semi-Urban,0
75.64,70.75,-21.2,1.939,29.49,28.45,1,0,0,1,13,50000,74.0,Semi-Urban,0
63.31,65.69,17.74,-1.539,17.21,15.17,1,0,0,0,12,75000,59.8,Rural,0
60.09,55.36,-24.13,2.727,28.58,26.57,1,0,0,0,10,10000,57.3,Rural,0
98.16,96.16,-17.14,1.668,35.43,36.87,1,1,0,0,12,75000,50.7,Urban,0
62.69,60.75,-3.88,3.88,0.0,0.0,0,0,0,0,2,50000,95.1,Rural,0
21.58,25.79,11.61,-2.641,24.3,23.38,1,2,1,0,5,75000,93.0,Rural,1
33.58,35.15,30.03,-2.082,9.85,9.15,1,2,1,1,16,50000,46.0,Rural,1
73.6,68.59,-19.13,2.609,31.12,23.28,1,2,0,1,8,50000,61.2,Rural,0
91.97,86.67,-7.43,2.325,24.68,24.16,1,0,0,1,4,5000,66.9,Urban,0
57.87,60.6,-3.04,0.527,31.14,31.87,1,0,0,1,12,10000,41.3,Rural,0
41.71,40.88,-1.67,1.668,0.0,0.0,0,1,0,1,2,18000,81.1,Semi-Urban,0
76.39,73.3,-8.06,2.253,25.44,26.15,1,1,0,1,4,18000,93.9,Urban,0
55.32,61.31,10.48,-2.96,20.23,25.9,1,1,0,0,4,50000,78.1,Rural,1
89.03,87.81,-8.38,1.416,30.67,27.13,1,4,0,1,7,50000,52.5,Urban,0
48.6,53.59,40.49,-3.085,25.42,21.57,1,0,0,1,15,18000,90.1,Rural,1
79.52,79.79,-4.92,0.888,30.2,29.75,1,4,0,0,7,30000,86.4,Urban,0
100.0,100.0,-13.59,1.153,14.64,20.53,1,1,0,1,12,50000,76.8,Urban,0
54.17,55.01,-0.85,0.11,32.57,35.46,1,0,0,1,7,50000,46.3,Semi-Urban,0
55.23,52.12,-10.5,2.253,22.52,27.35,1,2,0,1,6,30000,44.1,Rural,0
39.51,40.43,9.21,-1.439,13.94,17.59,1,1,1,1,8,18000,64.6,Urban,1
83.94,83.72,-19.67,2.083,40.0,40.0,1,0,0,0,12,30000,79.2,Rural,0
52.33,54.68,4.36,-1.661,15.38,21.24,1,0,0,1,4,5000,57.8,Rural,1
100.0,100.0,-3.96,0.36,29.77,38.72,1,0,0,0,15,18000,44.9,Semi-Urban,0
99.82,92.93,-36.11,2.874,30.08,29.63,1,0,0,0,13,18000,94.6,Semi-Urban,0
80.08,81.4,2.48,-1.24,9.42,9.38,1,2,0,0,3,18000,47.5,Semi-Urban,1
72.53,74.09,3.11,-3.114,0.0,0.0,0,4,0,0,2,18000,94.5,Urban,1
59.38,60.69,8.65,-2.418,22.55,25.37,1,2,1,1,4,18000,92.9,Urban,1
51.3,51.87,7.85,-1.201,16.49,8.51,1,3,1,0,12,5000,74.7,Urban,1
65.3,66.4,2.2,-2.2,0.0,0.0,0,1,0,1,2,10000,60.1,Semi-Urban,0
88.21,83.75,-18.18,1.605,37.59,38.65,1,4,0,0,10,18000,98.2,Rural,0
37.39,36.41,56.13,-3.729,21.23,19.35,1,2,1,1,16,30000,86.4,Semi-Urban,1
30.75,33.29,21.72,-2.494,30.99,27.52,1,0,0,1,11,10000,73.2,Semi-Urban,1
25.59,30.71,51.46,-3.306,6.85,10.4,1,0,0,0,16,5000,54.3,Semi-Urban,1
30.71,34.17,21.24,-1.227,10.66,11.11,1,1,1,1,16,10000,83.7,Urban,1
91.25,90.0,-0.06,0.212,20.59,21.83,1,0,0,0,8,30000,46.8,Urban,0
81.45,75.57,-33.73,2.702,32.11,35.67,1,0,0,1,13,10000,50.3,Rural,0
20.0,24.31,20.79,-2.549,20.53,25.61,1,1,0,1,10,50000,86.9,Semi-Urban,1
48.79,48.93,-1.37,0.494,23.92,21.6,1,0,0,1,10,50000,40.5,Rural,1
23.73,24.03,14.62,-0.93,29.9,31.92,1,0,0,1,16,75000,86.0,Semi-Urban,0
39.62,45.89,16.29,-3.215,18.88,19.99,1,0,0,1,6,5000,62.7,Urban,1
41.1,43.6,13.24,-1.895,20.73,22.79,1,0,0,1,7,10000,90.6,Urban,1
46.83,48.53,27.72,-1.963,20.99,25.45,1,0,0,0,15,30000,72.7,Rural,1
71.16,66.35,-27.17,2.634,30.73,32.88,1,2,0,1,11,5000,94.5,Rural,0
24.29,29.85,28.23,-2.09,28.03,22.42,1,2,1,1,14,5000,86.4,Urban,1
36.41,42.3,15.73,-3.146,12.2,11.7,1,1,0,0,6,75000,52.6,Semi-Urban,1
80.08,76.76,-8.01,0.669,31.24,29.33,1,1,0,1,11,30000,95.3,Semi-Urban,0
57.27,62.92,23.12,-3.213,23.38,22.9,1,0,0,0,8,18000,91.6,Semi-Urban,0
49.98,58.19,16.82,-4.792,11.8,8.95,1,0,0,1,4,10000,71.3,Semi-Urban,1
53.89,58.02,8.26,-8.255,0.0,0.0,0,1,1,1,2,18000,70.1,Urban,1
65.77,64.34,-12.02,1.05,40.0,38.71,1,1,0,1,12,30000,83.9,Urban,0
20.0,20.39,16.45,-1.659,7.67,12.85,1,0,0,0,13,50000,55.8,Semi-Urban,1
20.0,20.0,29.47,-1.982,23.32,29.66,1,1,0,1,16,10000,69.3,Semi-Urban,1
68.57,67.82,-1.07,0.495,27.64,23.38,1,2,0,0,5,50000,60.7,Urban,0
26.24,34.56,17.12,-8.559,13.79,19.12,1,0,0,1,3,30000,96.4,Rural,1
97.74,96.65,-20.08,1.361,21.54,25.29,1,0,0,0,16,30000,72.7,Semi-Urban,0
57.04,59.85,11.26,-1.267,26.53,22.94,1,4,1,0,6,30000,94.4,Urban,1
54.31,49.59,-12.7,2.102,40.0,37.77,1,0,0,0,6,75000,78.0,Rural,0
47.91,43.63,-11.75,1.488,24.7,22.33,1,3,0,1,7,30000,44.1,Rural,1
82.89,80.14,-17.81,2.738,39.95,37.4,1,1,0,0,7,10000,71.1,Urban,0
33.61,36.62,8.61,-2.029,22.95,22.63,1,2,0,1,5,30000,83.1,Rural,1
60.61,55.87,-16.71,1.768,24.22,27.65,1,0,0,0,10,18000,56.8,Semi-Urban,0
79.61,74.18,-20.03,2.578,23.21,25.73,1,0,0,0,8,18000,89.4,Rural,0
69.53,68.07,-26.04,2.905,22.27,17.06,1,1,0,0,11,5000,46.1,Rural,0
20.0,21.89,18.23,-2.137,23.28,21.17,1,1,1,0,10,75000,48.1,Rural,1
67.64,63.15,-17.86,2.368,40.0,29.8,1,0,0,1,9,5000,94.1,Rural,0
67.04,65.62,-27.38,2.783,19.07,27.95,1,0,0,1,12,75000,90.0,Rural,0
75.8,79.15,10.86,-3.149,18.1,17.81,1,2,1,0,5,30000,56.2,Urban,1
44.21,43.63,-1.17,1.174,0.0,0.0,0,1,0,0,2,10000,92.7,Urban,0
65.84,62.74,15.13,-3.056,11.62,13.16,1,0,0,1,7,30000,79.4,Rural,1
99.73,96.81,-27.55,2.384,28.01,25.26,1,0,0,0,13,10000,86.0,Urban,0
49.8,43.72,-9.77,4.885,19.23,19.43,1,4,0,0,3,75000,57.6,Rural,1
20.0,20.0,22.16,-2.247,25.65,20.82,1,0,0,0,10,50000,82.9,Semi-Urban,0
67.2,64.75,-4.9,4.901,0.0,0.0,0,0,0,1,2,30000,49.2,Rural,0
100.0,97.7,-11.18,2.127,23.77,24.37,1,2,0,1,6,30000,90.8,Urban,0
65.43,61.48,-20.1,2.028,27.81,29.23,1,1,0,0,10,50000,93.0,Rural,0
34.45,39.75,15.62,-5.564,12.04,10.13,1,0,0,0,4,75000,79.8,Rural,1
39.3,39.45,0.3,-0.296,0.0,0.0,0,0,0,1,2,30000,41.8,Rural,1
75.27,71.81,-7.31,1.476,23.98,20.03,1,0,0,1,6,10000,47.3,Semi-Urban,0
87.27,91.69,12.73,-6.367,11.18,16.32,1,1,0,0,3,18000,57.7,Rural,1
56.01,54.05,-13.16,1.331,31.41,32.42,1,0,0,0,12,30000,64.7,Semi-Urban,0
22.56,22.76,16.74,-2.276,13.2,13.72,1,0,0,0,9,18000,85.2,Urban,1
54.21,50.77,-12.81,1.802,40.0,33.71,1,4,0,0,7,50000,74.8,Semi-Urban,0
62.85,64.41,3.11,-3.105,0.0,0.0,0,0,0,0,2,10000,45.4,Semi-Urban,0
29.51,34.2,53.95,-3.903,12.07,11.34,1,0,0,1,16,5000,43.1,Rural,1
58.01,57.38,-0.31,0.153,33.01,33.41,1,2,0,0,3,50000,78.5,Rural,0
100.0,100.0,-7.91,0.523,26.0,24.65,1,1,0,1,16,5000,79.5,Urban,0
20.0,20.62,33.24,-2.851,22.58,27.35,1,1,1,1,13,75000,82.0,Urban,1
100.0,100.0,-23.57,2.098,39.76,36.1,1,1,0,1,14,18000,77.6,Rural,0
68.81,67.37,-23.07,1.523,37.5,32.69,1,4,0,0,15,30000,65.6,Urban,0
66.64,66.93,-10.54,2.219,27.51,28.75,1,0,0,0,8,50000,59.3,Urban,0
73.41,76.33,18.12,-1.648,17.46,19.96,1,3,1,0,13,10000,46.3,Urban,1
63.25,63.28,-8.18,0.757,32.67,32.47,1,0,0,0,12,18000,54.9,Semi-Urban,0
76.06,71.46,-35.78,2.505,26.24,29.34,1,0,0,0,15,18000,43.0,Urban,0
73.87,78.47,11.99,-3.421,6.87,12.02,1,1,1,1,4,10000,76.4,Urban,1
100.0,100.0,-20.64,1.914,30.87,27.39,1,0,0,0,12,10000,47.1,Urban,0
67.01,64.64,-15.41,1.32,36.34,36.37,1,1,0,1,13,18000,75.4,Rural,0
32.15,39.34,27.73,-4.028,28.63,27.98,1,0,0,1,7,18000,77.5,Rural,1
64.2,62.54,-7.36,0.887,36.95,34.3,1,3,0,1,8,10000,85.9,Semi-Urban,1
70.09,69.48,-12.66,2.027,26.13,28.96,1,1,0,0,8,75000,95.0,Urban,0
68.3,68.35,-6.54,0.846,31.36,28.57,1,1,0,0,13,18000,64.0,Semi-Urban,0
20.0,20.0,20.56,-1.965,11.32,11.89,1,0,0,0,12,30000,98.5,Urban,1
87.36,84.8,-4.08,2.038,23.14,21.75,1,0,0,1,3,10000,88.1,Semi-Urban,0
92.26,89.05,-10.96,2.231,19.92,23.85,1,1,0,1,6,5000,88.1,Urban,0
61.73,61.09,7.97,-0.931,8.05,11.79,1,3,0,0,14,10000,46.0,Rural,1
64.63,61.89,-15.72,3.276,21.24,23.43,1,0,0,0,6,18000,67.0,Rural,0
43.37,41.9,-4.1,0.727,30.67,32.41,1,4,0,1,5,18000,46.5,Rural,1
70.87,70.98,2.15,-1.077,27.63,30.89,1,0,0,0,3,30000,78.2,Semi-Urban,0
26.59,32.03,17.16,-3.458,29.75,28.82,1,2,1,1,7,10000,44.8,Urban,1
65.16,66.5,4.22,-2.112,24.54,22.7,1,3,0,0,3,10000,57.0,Rural,1
20.0,20.0,23.07,-1.445,16.69,20.46,1,2,1,1,15,5000,59.4,Rural,1
20.0,20.0,34.05,-2.586,16.02,17.86,1,1,0,1,14,30000,60.1,Semi-Urban,1
32.36,34.72,5.58,-2.824,25.09,22.16,1,0,0,1,4,10000,55.4,Semi-Urban,1
97.99,95.14,-7.31,1.021,22.4,23.79,1,0,0,1,7,5000,74.5,Urban,0
68.68,69.02,8.51,-1.263,21.23,21.61,1,2,0,1,8,18000,70.6,Semi-Urban,1
97.88,94.45,-26.96,2.198,26.93,24.27,1,0,0,1,13,5000,91.3,Rural,0
67.74,70.17,-16.84,1.304,28.35,22.64,1,0,0,0,15,75000,71.1,Urban,0
60.02,58.82,-3.03,0.461,32.38,33.56,1,2,0,1,10,18000,68.8,Urban,0
80.05,84.07,11.71,-1.937,10.13,13.25,1,1,1,0,7,5000,79.9,Rural,1
41.58,47.43,16.21,-4.697,10.93,13.09,1,0,0,0,5,5000,45.3,Urban,1
100.0,100.0,-9.65,0.83,32.39,26.0,1,2,0,0,15,75000,80.8,Rural,0
100.0,100.0,-13.89,1.139,25.1,22.93,1,0,0,0,14,10000,71.0,Rural,0
35.34,48.01,44.39,-2.788,17.35,20.24,1,2,0,1,15,18000,69.0,Semi-Urban,1
20.0,20.34,22.34,-3.003,17.54,17.42,1,0,0,0,9,50000,44.1,Semi-Urban,1
45.37,48.07,13.5,-1.142,16.7,20.34,1,1,0,0,15,10000,48.5,Rural,1
71.22,68.32,-10.96,1.025,38.72,37.1,1,1,0,0,10,75000,90.5,Semi-Urban,0
90.38,89.6,-28.84,2.389,25.4,20.83,1,2,0,1,14,10000,43.7,Semi-Urban,0
46.22,47.54,9.28,-2.21,23.47,23.63,1,2,0,1,6,30000,52.4,Rural,1
49.99,52.65,21.61,-1.864,18.22,22.12,1,1,0,1,13,18000,98.7,Rural,1
49.92,47.82,13.74,-1.458,16.5,12.56,1,0,0,0,13,75000,78.6,Rural,1
67.34,72.71,17.74,-0.972,27.93,26.53,1,0,0,0,13,30000,48.9,Rural,0
79.61,74.83,-41.83,2.732,27.44,29.6,1,2,0,1,16,10000,64.2,Rural,0
61.24,59.53,-9.03,1.03,33.73,39.08,1,0,0,1,10,5000,98.1,Rural,0
46.83,42.54,-10.88,1.715,38.16,38.05,1,0,0,1,7,10000,95.5,Rural,1
97.85,95.29,-10.4,1.7,28.77,31.17,1,0,0,0,6,30000,48.5,Rural,0
67.16,64.37,-4.57,2.284,36.29,36.8,1,1,0,0,3,18000,94.5,Urban,0
34.33,39.91,29.19,-4.366,12.34,17.96,1,0,0,0,8,5000,53.3,Rural,1
42.56,47.99,15.69,-1.149,28.89,25.4,1,2,0,0,15,5000,96.7,Rural,1
43.19,45.12,20.46,-1.347,16.75,16.36,1,0,0,1,15,10000,64.3,Rural,1
93.42,92.3,-9.38,0.506,14.03,19.46,1,0,0,1,12,18000,93.2,Rural,0
67.46,63.12,-29.48,2.48,24.51,21.52,1,2,0,0,12,30000,94.1,Urban,0
79.17,82.5,16.08,-1.947,31.72,24.15,1,0,0,0,8,75000,46.3,Rural,0
54.54,57.7,9.2,-1.92,11.46,13.98,1,1,0,0,6,30000,72.0,Semi-Urban,1
20.0,20.0,30.89,-2.078,21.47,25.2,1,0,0,0,16,5000,77.2,Semi-Urban,1
100.0,100.0,-14.96,1.228,19.64,22.7,1,0,0,1,13,75000,43.6,Rural,0
83.74,81.38,-22.89,2.884,25.69,25.64,1,1,0,1,11,18000,58.8,Urban,0
20.82,25.01,23.25,-3.152,17.1,15.46,1,1,0,0,9,18000,91.1,Urban,1
64.02,62.88,-17.93,2.508,30.96,37.51,1,0,0,0,8,30000,93.3,Urban,0
55.08,56.76,0.66,-0.332,12.04,14.38,1,0,0,0,3,18000,60.7,Urban,1
56.6,59.15,22.43,-3.34,23.11,25.98,1,0,0,0,8,18000,40.3,Urban,0
30.32,34.46,20.44,-2.68,24.95,25.99,1,0,0,0,9,30000,72.0,Rural,1
100.0,100.0,-10.13,0.641,25.9,23.03,1,3,0,0,15,18000,80.4,Urban,0
95.54,91.1,-8.91,0.595,37.47,40.0,1,0,0,1,16,10000,51.1,Rural,0
82.3,79.1,-25.38,1.702,28.18,25.32,1,1,0,1,14,50000,79.4,Semi-Urban,0
100.0,96.89,-13.02,1.284,21.61,18.23,1,0,0,0,9,75000,72.4,Urban,0
72.26,71.61,-5.38,1.3,32.78,28.52,1,2,0,1,6,30000,82.8,Rural,0
99.72,94.66,-16.42,1.623,24.21,21.28,1,1,0,0,12,5000,71.7,Semi-Urban,0
74.05,67.79,-36.48,2.22,37.57,40.0,1,2,0,1,16,30000,78.5,Rural,0
73.81,69.32,-17.67,2.209,34.41,36.27,1,0,0,1,10,5000,45.6,Rural,0
20.0,20.61,18.75,-2.416,25.33,24.03,1,0,0,0,9,10000,52.7,Rural,1
70.34,68.59,-4.47,1.642,19.77,21.77,1,1,0,0,4,10000,72.7,Rural,0
81.96,78.71,-27.91,1.776,26.64,30.23,1,0,0,1,16,50000,90.7,Semi-Urban,0
90.67,89.86,-9.4,1.567,24.61,28.44,1,1,0,1,9,30000,52.8,Semi-Urban,0
91.42,88.3,-8.33,0.765,37.15,38.22,1,1,0,1,13,5000,55.4,Urban,0
20.0,20.0,17.59,-1.691,15.55,13.63,1,2,1,1,11,75000,42.5,Urban,1
77.65,82.6,11.08,-1.672,27.5,23.47,1,1,0,0,6,75000,73.8,Semi-Urban,0
66.51,66.3,-12.3,0.879,40.0,40.0,1,0,0,0,15,5000,51.4,Urban,0
69.84,68.09,-16.87,1.47,26.92,22.12,1,1,0,0,14,10000,71.2,Rural,0
38.55,44.17,52.72,-3.431,18.49,16.34,1,2,1,1,16,30000,54.9,Semi-Urban,1
99.79,99.12,-2.31,0.771,22.89,20.44,1,4,0,1,4,10000,64.6,Urban,0
20.97,24.92,10.34,-2.03,27.33,31.32,1,2,1,0,6,30000,54.9,Urban,1
74.79,74.83,-0.71,0.617,30.2,33.41,1,4,0,1,7,10000,72.8,Rural,1
38.89,36.17,-3.64,1.821,34.74,36.86,1,0,0,1,3,18000,66.6,Rural,0
80.75,80.39,13.7,-2.173,27.59,28.56,1,0,0,0,8,5000,88.1,Urban,0
68.19,72.08,4.26,-1.344,11.52,19.19,1,2,1,1,4,10000,58.5,Rural,1
47.2,47.23,0.06,-0.058,0.0,0.0,0,2,0,0,2,30000,62.2,Semi-Urban,0
72.85,77.49,10.75,-2.282,10.45,15.12,1,0,0,0,5,5000,44.6,Rural,1
45.57,43.51,-4.13,4.13,0.0,0.0,0,3,0,0,2,30000,89.8,Rural,0
45.06,46.62,27.43,-3.602,15.57,14.73,1,0,0,1,9,50000,98.1,Rural,1
46.37,53.27,20.08,-2.357,26.83,25.14,1,0,0,0,8,30000,40.9,Urban,1
57.33,61.1,7.95,-2.189,16.05,12.65,1,0,0,1,4,18000,69.8,Urban,1
53.79,51.85,-16.96,1.899,38.44,37.41,1,0,0,1,10,5000,82.9,Urban,0
67.06,68.15,-6.81,1.34,30.92,33.88,1,2,0,1,7,10000,91.4,Semi-Urban,0
91.03,90.96,-11.85,0.928,25.04,27.15,1,1,0,0,15,10000,79.9,Rural,0
49.3,48.65,-1.31,1.307,0.0,0.0,0,3,0,0,2,50000,92.0,Semi-Urban,0
79.97,80.91,-0.84,0.422,33.19,32.84,1,0,0,0,3,18000,96.4,Semi-Urban,0
65.67,65.77,8.82,-1.531,21.49,26.0,1,3,1,1,9,18000,76.5,Urban,1
57.71,52.15,-13.71,3.911,35.49,35.11,1,0,0,1,5,30000,97.0,Semi-Urban,0
91.55,88.38,-32.34,2.524,40.0,37.47,1,0,0,1,14,10000,75.8,Rural,0
79.73,75.44,-13.29,1.799,34.1,36.28,1,0,0,0,8,18000,61.0,Semi-Urban,0
53.94,50.63,-19.67,1.299,31.09,30.2,1,1,0,0,13,10000,81.7,Rural,0
59.03,64.64,25.31,-2.058,16.96,18.86,1,0,0,1,14,30000,66.1,Urban,1
34.06,39.22,12.34,-1.455,18.26,19.8,1,1,1,0,9,30000,70.8,Rural,1
50.74,47.73,-4.4,2.199,25.73,22.98,1,0,0,0,3,75000,74.8,Semi-Urban,0
29.42,33.33,7.32,-1.041,29.51,25.8,1,0,0,1,5,30000,45.4,Urban,0
52.6,57.58,18.09,-2.983,30.12,31.69,1,1,1,0,7,50000,96.6,Urban,0
65.52,64.12,11.28,-2.731,13.76,11.72,1,0,0,1,6,18000,81.4,Semi-Urban,1
26.76,31.45,30.58,-1.901,24.52,15.36,1,0,0,1,15,5000,75.5,Rural,1
40.78,40.64,-0.79,0.393,38.58,38.96,1,0,0,0,3,10000,69.2,Semi-Urban,0
29.57,33.81,32.95,-3.511,15.84,22.25,1,4,0,0,10,30000,56.1,Semi-Urban,1
58.51,59.66,14.98,-1.749,13.96,9.29,1,0,0,1,12,30000,90.2,Semi-Urban,1
75.38,72.59,-17.69,2.726,27.59,28.45,1,0,0,1,8,18000,90.8,Urban,0
75.39,72.14,-4.09,2.043,24.92,23.04,1,0,0,0,3,75000,96.6,Rural,0
64.55,61.22,-30.62,2.295,31.22,26.01,1,2,0,1,14,10000,57.4,Rural,1
55.18,51.13,-8.78,4.39,17.26,21.92,1,0,0,1,3,18000,64.4,Urban,0
48.48,46.26,10.93,-0.879,28.68,22.61,1,0,0,1,16,18000,71.9,Semi-Urban,1
37.32,38.06,1.11,-0.172,22.86,20.61,1,0,0,0,4,75000,64.2,Urban,0
80.26,76.0,-17.4,1.677,40.0,40.0,1,0,0,0,12,18000,62.9,Semi-Urban,0
36.05,37.51,19.18,-2.603,24.96,28.67,1,2,1,0,10,10000,59.8,Rural,1
44.35,45.73,39.28,-2.973,13.12,12.41,1,4,1,0,15,30000,85.5,Rural,1
47.2,49.57,7.87,-0.668,26.34,20.57,1,3,0,1,9,10000,63.2,Urban,1
41.2,45.34,29.87,-3.111,20.85,17.99,1,1,0,0,11,30000,84.0,Semi-Urban,1
22.12,24.42,27.9,-2.566,12.13,16.43,1,0,0,0,13,18000,86.8,Semi-Urban,1
40.6,41.83,13.0,-1.426,19.04,21.22,1,0,0,1,10,18000,81.4,Semi-Urban,1
54.36,56.98,5.24,-5.245,0.0,0.0,0,4,1,1,2,5000,79.1,Urban,1
67.11,64.22,-3.29,1.0,27.05,29.86,1,2,0,1,5,10000,43.6,Rural,0
59.36,62.27,5.83,-5.834,0.0,0.0,0,0,0,1,2,75000,90.6,Rural,1
52.96,49.35,-18.45,1.882,31.69,32.58,1,0,0,0,10,5000,72.5,Urban,0
40.41,46.0,23.34,-2.085,21.66,22.39,1,1,0,0,12,75000,52.8,Rural,1
80.19,80.75,-17.41,1.515,34.55,35.58,1,2,0,0,16,50000,88.5,Urban,0
74.32,73.72,-6.05,0.892,33.45,34.55,1,1,0,0,7,5000,42.2,Semi-Urban,0
56.04,61.03,13.23,-4.539,22.07,22.65,1,0,0,1,4,5000,74.0,Urban,1
98.95,97.15,-14.58,1.105,32.85,35.3,1,0,0,0,14,75000,98.9,Rural,0
61.58,61.96,-6.59,1.331,34.12,31.27,1,1,0,1,5,50000,89.0,Rural,0
91.72,92.12,0.79,-0.786,0.0,0.0,0,4,0,0,2,5000,89.3,Urban,0
65.18,66.93,-2.31,0.749,37.84,36.65,1,0,0,0,11,75000,40.0,Rural,0
92.12,88.94,-15.2,2.932,36.04,40.0,1,0,0,1,7,18000,74.3,Urban,0
20.0,20.9,30.61,-2.403,8.03,11.92,1,1,1,0,16,50000,78.8,Semi-Urban,1
51.66,48.81,-3.3,1.185,30.22,31.14,1,1,0,0,4,5000,78.7,Rural,0
74.61,74.3,-6.4,0.921,21.67,19.22,1,0,0,1,12,5000,53.8,Semi-Urban,0
96.42,96.43,-0.95,0.326,26.2,31.91,1,0,0,0,5,30000,80.7,Urban,0
34.59,37.56,9.82,-1.089,17.07,18.73,1,4,1,0,16,50000,85.5,Rural,1
72.76,74.19,13.43,-2.221,12.12,14.23,1,1,0,1,6,30000,95.9,Urban,1
43.18,45.57,15.55,-2.31,22.89,24.55,1,0,0,0,8,5000,70.4,Semi-Urban,1
87.68,85.41,-36.69,2.733,24.65,25.38,1,0,0,1,15,5000,46.9,Rural,0
100.0,100.0,-7.43,0.652,37.74,36.01,1,1,0,0,10,18000,56.2,Semi-Urban,0
37.4,39.71,35.57,-2.613,9.01,13.09,1,0,0,0,15,50000,91.4,Urban,1
90.67,90.84,-13.04,0.905,27.24,21.9,1,1,0,0,15,75000,55.0,Semi-Urban,0
74.86,71.95,-2.32,1.162,32.07,26.18,1,0,0,0,3,30000,80.3,Semi-Urban,0
83.49,82.84,-7.6,1.896,16.0,20.85,1,0,0,1,5,10000,81.0,Urban,0
31.62,37.54,16.21,-3.517,21.74,22.1,1,0,0,0,6,30000,49.3,Semi-Urban,1
85.27,82.51,-8.88,0.567,25.55,25.59,1,0,0,1,13,5000,44.5,Semi-Urban,0
37.06,38.05,25.57,-2.816,12.73,18.18,1,0,0,0,11,18000,45.2,Urban,1
77.99,75.51,-12.88,1.864,23.58,24.12,1,0,0,1,6,50000,69.6,Semi-Urban,0
36.13,44.39,17.92,-4.96,26.92,28.37,1,0,0,1,4,10000,98.6,Semi-Urban,1
64.77,65.29,3.51,-1.753,30.62,28.47,1,1,1,0,3,30000,52.7,Rural,0
43.18,47.31,32.12,-1.948,15.95,14.48,1,0,0,1,15,18000,71.8,Urban,1
49.85,53.66,13.87,-1.455,10.21,12.88,1,1,0,1,9,18000,86.1,Rural,1
20.0,20.0,19.98,-1.285,19.07,20.77,1,0,0,0,14,5000,76.3,Semi-Urban,1
52.97,55.41,7.21,-1.729,12.76,12.33,1,1,0,0,7,18000,82.2,Semi-Urban,0
38.76,43.91,16.61,-3.638,23.79,19.15,1,1,0,0,7,10000,41.9,Rural,1
43.98,42.53,-2.91,2.91,0.0,0.0,0,0,0,0,2,50000,57.4,Rural,0
20.0,27.6,31.63,-3.286,16.49,19.26,1,0,0,1,10,5000,64.2,Semi-Urban,1
33.64,38.77,19.36,-2.967,20.53,21.76,1,2,0,0,8,75000,69.9,Rural,1
34.18,40.7,20.4,-3.582,17.39,15.53,1,1,1,1,7,30000,49.1,Rural,1
86.35,88.54,-0.2,0.481,20.86,31.26,1,4,0,1,5,50000,75.0,Semi-Urban,0
35.63,38.91,21.36,-2.995,22.59,21.67,1,0,0,1,8,10000,41.9,Semi-Urban,1
20.0,23.11,16.69,-2.678,14.69,13.8,1,2,0,0,8,18000,84.5,Rural,1
87.84,86.2,-5.41,1.05,30.74,28.77,1,1,0,1,8,30000,41.1,Urban,0
33.95,41.48,51.25,-3.34,28.36,29.67,1,1,1,1,16,18000,54.3,Urban,1
70.5,70.23,6.03,-1.103,15.34,14.89,1,0,0,1,9,5000,56.6,Urban,1
39.2,41.12,9.27,-2.282,21.01,23.86,1,1,1,1,5,5000,62.6,Semi-Urban,1
76.39,72.9,-10.86,1.697,26.68,24.31,1,0,0,0,6,50000,55.8,Semi-Urban,0
62.65,65.44,1.23,-0.039,26.16,23.49,1,0,0,1,10,5000,52.4,Semi-Urban,0
78.77,75.79,-17.58,2.276,22.8,19.94,1,1,0,1,10,18000,89.1,Urban,0
89.16,87.77,-2.79,1.393,37.06,33.99,1,2,0,1,3,18000,55.1,Rural,0
93.95,91.75,-5.62,2.118,35.93,33.78,1,0,0,0,4,10000,83.5,Semi-Urban,0
48.94,49.09,12.28,-2.634,10.67,11.75,1,0,0,0,6,30000,80.3,Rural,1
97.29,95.19,-3.23,1.106,19.36,25.94,1,0,0,0,4,5000,56.0,Semi-Urban,0
91.45,89.12,-11.72,1.31,38.04,38.64,1,0,0,0,9,5000,91.6,Semi-Urban,0
92.64,91.65,-9.11,1.222,30.55,34.87,1,1,0,1,10,10000,42.7,Rural,0
65.48,73.78,13.87,-4.882,24.86,20.91,1,4,1,1,4,10000,51.0,Rural,1
29.64,36.89,16.64,-4.723,14.76,16.94,1,1,0,1,4,10000,66.2,Semi-Urban,1
85.39,82.88,-14.14,1.329,23.54,19.69,1,0,0,0,10,75000,54.8,Urban,0
76.52,72.22,-7.4,3.702,27.79,33.12,1,2,0,0,3,30000,47.7,Rural,0
87.47,85.7,-10.84,1.231,30.12,27.51,1,0,0,1,11,18000,68.8,Urban,0
52.87,56.46,2.44,-1.218,9.27,9.35,1,0,0,0,3,30000,80.4,Rural,0
71.39,72.43,2.08,-2.084,0.0,0.0,0,0,0,1,2,10000,57.9,Urban,1
100.0,99.82,-8.52,0.8,32.65,29.3,1,0,0,0,10,50000,56.0,Rural,0
90.91,88.83,-20.41,2.281,29.46,32.26,1,4,0,1,11,5000,41.3,Semi-Urban,1
100.0,98.93,-13.13,1.416,33.03,35.04,1,0,0,0,12,5000,41.3,Semi-Urban,0
54.26,51.24,-10.7,1.475,34.71,36.11,1,0,0,1,7,18000,93.5,Urban,0
50.92,49.94,-12.23,1.019,38.09,39.59,1,3,0,0,12,18000,56.3,Semi-Urban,1
74.99,71.28,-4.55,0.963,27.08,28.41,1,0,0,0,4,75000,67.0,Urban,0
97.04,95.94,-14.34,0.948,39.44,33.55,1,0,0,0,15,30000,92.6,Rural,0
49.22,52.01,22.73,-2.653,13.05,9.22,1,1,0,0,10,10000,84.1,Rural,1
61.18,62.04,7.37,-0.43,13.41,14.25,1,2,1,1,8,10000,81.7,Urban,1
65.36,64.35,-2.52,0.863,40.0,37.07,1,0,0,0,6,75000,82.7,Urban,0
53.67,54.86,36.33,-3.538,20.41,24.62,1,2,0,1,12,18000,41.5,Urban,1
70.61,74.36,11.06,-1.704,23.94,28.34,1,0,0,1,6,18000,70.2,Rural,0
93.77,90.39,-13.06,2.442,23.16,26.79,1,1,0,0,7,30000,95.2,Semi-Urban,0
57.4,55.33,-7.34,1.517,25.65,27.33,1,0,0,0,6,30000,77.0,Semi-Urban,0
53.15,52.8,15.91,-2.703,22.39,25.55,1,1,0,0,9,30000,97.2,Semi-Urban,0
63.13,58.8,-25.15,1.708,20.65,27.33,1,0,0,1,14,18000,53.9,Semi-Urban,0
66.19,65.07,-2.24,2.242,0.0,0.0,0,1,0,0,2,18000,84.9,Rural,0
100.0,99.7,-31.53,2.256,26.77,29.67,1,0,0,0,15,10000,98.7,Urban,0
90.62,90.88,1.48,-0.739,37.15,35.72,1,0,0,1,3,10000,95.4,Urban,0
57.13,61.71,9.16,-9.16,0.0,0.0,0,1,0,1,2,10000,55.3,Semi-Urban,1
47.06,54.06,17.04,-3.237,16.01,17.06,1,0,0,0,6,18000,41.2,Rural,1
64.46,62.41,-5.11,1.556,40.0,40.0,1,0,0,1,4,18000,59.7,Urban,0
28.2,30.41,26.65,-2.525,16.53,13.24,1,2,1,1,13,5000,57.3,Urban,1
53.69,57.6,24.84,-2.575,23.8,24.08,1,0,0,1,9,30000,88.0,Urban,1
56.07,54.04,-4.05,4.047,0.0,0.0,0,3,0,0,2,5000,49.4,Rural,1
41.79,45.94,36.53,-2.442,17.9,11.83,1,2,0,1,15,5000,43.6,Semi-Urban,1
100.0,100.0,-31.94,2.137,32.77,36.49,1,1,0,0,16,50000,62.8,Urban,0
69.6,69.5,22.36,-1.688,17.84,22.16,1,1,0,1,15,18000,90.5,Rural,1
80.89,78.98,-5.49,0.542,33.6,37.34,1,1,0,0,6,75000,98.7,Urban,0
20.0,20.0,24.3,-1.948,28.02,25.28,1,4,0,1,14,50000,83.8,Rural,1
27.27,28.88,12.5,-2.335,31.37,29.54,1,1,1,1,6,5000,56.0,Urban,1
20.0,22.25,19.72,-2.64,18.61,22.27,1,0,0,0,9,50000,54.1,Rural,1
94.21,90.56,-13.41,2.583,33.32,38.65,1,0,0,1,6,5000,98.4,Semi-Urban,0
20.0,20.0,36.43,-2.493,20.88,18.35,1,1,0,0,16,18000,44.8,Urban,1
58.69,57.06,-3.26,3.263,0.0,0.0,0,0,0,0,2,50000,85.5,Rural,0
51.88,51.83,-7.16,1.658,19.38,29.21,1,0,0,0,6,50000,90.8,Rural,0
74.68,71.93,-29.53,2.696,40.0,38.68,1,1,0,0,12,10000,63.1,Urban,0
72.95,68.89,-28.86,2.458,28.09,33.32,1,1,0,1,13,10000,75.2,Semi-Urban,0
47.38,55.26,43.04,-3.017,27.34,29.67,1,3,0,0,13,50000,41.1,Rural,1
88.07,84.69,-14.81,1.369,26.6,26.12,1,0,0,0,12,50000,65.0,Urban,0
63.65,59.88,-23.17,2.873,36.72,37.19,1,0,0,0,10,30000,72.0,Semi-Urban,0
100.0,100.0,-8.03,0.548,40.0,36.03,1,3,0,1,12,18000,63.0,Rural,0
64.15,69.03,9.76,-9.761,0.0,0.0,0,0,0,1,2,5000,74.3,Rural,1
20.0,20.0,30.45,-2.831,13.23,16.22,1,0,0,1,14,10000,48.3,Rural,1
64.79,63.43,0.25,0.377,32.35,37.1,1,4,0,0,8,75000,91.9,Semi-Urban,0
26.0,32.07,54.83,-3.905,26.71,26.96,1,0,0,0,15,5000,51.5,Rural,1
69.45,64.61,-8.3,2.087,32.14,31.99,1,3,0,0,5,18000,50.3,Urban,0
78.31,75.2,-15.97,1.494,30.1,33.6,1,0,0,0,11,75000,62.6,Urban,0
78.64,77.54,-18.57,1.388,28.06,31.44,1,2,0,0,15,50000,58.7,Rural,0
100.0,100.0,-19.32,1.034,23.98,18.94,1,3,0,0,16,30000,71.9,Urban,0
48.35,44.9,-15.39,0.897,31.34,33.75,1,0,0,0,15,30000,66.6,Semi-Urban,0
20.0,20.0,28.27,-1.861,19.32,29.59,1,2,0,1,15,30000,93.0,Rural,1
57.43,59.8,14.09,-2.189,33.32,31.88,1,3,1,1,7,5000,60.1,Semi-Urban,1
78.98,76.42,-34.63,2.405,27.46,26.92,1,0,0,1,16,10000,88.8,Urban,0
57.54,59.17,12.09,-1.759,12.51,18.72,1,0,0,1,9,5000,92.4,Urban,1
63.88,61.76,-8.06,0.662,27.04,25.84,1,1,0,0,11,5000,63.8,Rural,0
20.0,23.64,29.86,-3.296,10.5,10.28,1,0,0,0,11,10000,67.9,Semi-Urban,1
75.78,71.02,-27.05,2.82,37.4,35.09,1,0,0,1,11,10000,80.6,Urban,0
76.74,74.32,-14.21,1.185,23.43,22.65,1,4,0,1,15,10000,52.3,Rural,1
75.68,77.12,7.79,-1.212,15.77,19.76,1,0,0,1,5,18000,47.0,Semi-Urban,0
58.74,55.0,-8.67,1.318,26.85,33.56,1,0,0,0,6,10000,73.3,Rural,0
57.5,60.08,5.17,-5.167,0.0,0.0,0,0,0,1,2,18000,74.6,Urban,1
83.03,82.06,-15.87,1.34,21.41,26.93,1,0,0,1,14,5000,87.7,Rural,0
63.89,61.48,-11.32,1.563,16.07,24.65,1,0,0,1,9,50000,42.0,Rural,0
64.02,61.24,-10.39,1.739,23.45,23.01,1,0,0,1,8,18000,58.9,Rural,0
80.08,85.21,12.68,-2.399,16.39,20.28,1,1,0,0,6,10000,94.6,Rural,1
79.54,78.13,-11.23,1.855,27.76,30.62,1,0,0,0,7,75000,79.9,Rural,0
77.07,78.48,-10.42,1.601,25.57,23.48,1,0,0,1,10,10000,85.6,Urban,0
75.67,75.96,-10.62,1.374,39.83,38.63,1,4,0,1,9,5000,41.0,Rural,1
30.53,30.57,6.94,-0.981,24.5,29.27,1,0,0,1,8,10000,83.2,Semi-Urban,1
61.09,61.02,-0.15,0.152,0.0,0.0,0,0,0,0,2,75000,75.1,Urban,0
20.0,23.97,28.49,-1.748,12.54,13.11,1,0,0,0,16,30000,69.8,Semi-Urban,1
100.0,100.0,-4.86,0.333,24.44,28.12,1,1,0,0,15,5000,52.9,Urban,0
84.54,85.85,4.37,-1.613,29.54,24.69,1,1,1,1,4,30000,80.6,Semi-Urban,0
52.99,53.49,-7.41,0.691,27.94,26.38,1,0,0,1,11,5000,91.6,Semi-Urban,0
87.22,90.43,3.62,-1.511,21.72,19.41,1,0,0,0,4,75000,77.4,Semi-Urban,0
50.59,52.55,-3.17,0.713,23.9,20.98,1,4,0,0,9,30000,93.5,Urban,0
100.0,96.92,-19.57,1.288,34.88,27.06,1,1,0,0,16,10000,94.5,Rural,0
100.0,100.0,-10.34,0.586,33.66,34.02,1,3,0,0,12,75000,40.7,Urban,0
42.54,42.5,-0.08,0.084,0.0,0.0,0,4,0,1,2,50000,84.6,Rural,1
53.83,57.71,21.63,-1.719,15.88,17.39,1,0,0,0,12,50000,66.8,Urban,0
100.0,96.83,-20.77,1.705,20.73,26.44,1,1,0,0,13,10000,50.3,Semi-Urban,0
20.0,20.78,28.3,-3.116,24.03,31.61,1,2,0,0,11,5000,56.2,Semi-Urban,1
100.0,100.0,-11.5,1.641,27.04,24.4,1,3,0,1,8,10000,86.6,Urban,0
66.16,71.88,15.08,-2.007,31.45,26.53,1,0,0,1,7,5000,48.0,Rural,1
77.43,77.45,-5.91,0.745,27.19,28.21,1,0,0,1,9,18000,56.8,Rural,0
62.81,61.25,-4.91,1.956,40.0,40.0,1,2,0,1,4,50000,97.6,Semi-Urban,0
51.13,55.25,15.43,-0.998,34.12,28.07,1,0,0,0,14,50000,63.5,Semi-Urban,0
53.45,53.75,26.81,-3.058,26.35,24.75,1,0,0,0,11,30000,46.9,Semi-Urban,0
97.29,94.73,-35.54,2.419,20.58,25.83,1,0,0,0,15,18000,58.6,Rural,0
43.2,47.32,40.97,-3.067,19.92,14.99,1,0,0,0,15,50000,84.7,Semi-Urban,1
100.0,100.0,-5.47,0.589,36.34,34.26,1,3,0,1,16,5000,64.3,Rural,1
64.55,61.08,16.51,-1.921,22.08,23.46,1,0,0,1,12,18000,89.6,Semi-Urban,0
70.42,67.84,12.19,-1.181,22.44,25.87,1,0,0,0,16,18000,67.3,Semi-Urban,0
100.0,98.77,-10.98,1.486,17.12,21.02,1,0,0,0,8,75000,59.3,Urban,0
69.46,69.79,-17.4,1.608,17.35,25.18,1,3,0,1,12,5000,45.8,Urban,1
45.94,55.43,39.0,-2.237,21.89,19.66,1,1,1,0,16,30000,49.5,Rural,1
84.21,83.95,-7.92,1.824,33.34,31.62,1,0,0,1,6,75000,93.6,Urban,0
30.49,36.27,25.14,-2.466,25.17,32.11,1,0,0,1,10,18000,88.5,Rural,1
91.32,87.94,-16.91,2.113,32.88,30.57,1,0,0,0,8,50000,65.1,Rural,0
57.4,61.34,11.3,-5.651,26.3,25.37,1,2,1,0,3,10000,44.7,Urban,1
53.6,51.56,-8.79,1.334,38.1,38.11,1,2,0,1,8,30000,88.4,Urban,0
54.35,62.72,25.87,-3.778,28.31,29.8,1,2,0,0,7,18000,81.8,Rural,1
85.85,85.93,0.15,-0.152,0.0,0.0,0,2,1,0,2,30000,40.4,Semi-Urban,0
87.49,84.11,-9.83,0.543,34.94,32.98,1,1,0,0,14,18000,87.3,Semi-Urban,0
47.89,49.64,27.34,-1.958,18.56,24.75,1,0,0,0,16,5000,94.3,Semi-Urban,1
91.52,92.41,-6.62,0.613,25.49,27.95,1,1,0,0,15,18000,55.4,Semi-Urban,0
30.46,36.42,54.05,-3.948,25.44,26.89,1,0,0,1,14,10000,45.0,Urban,1
20.0,20.83,46.36,-3.142,21.29,19.67,1,0,0,1,15,30000,60.9,Rural,1
48.66,57.84,36.44,-4.325,21.8,27.43,1,3,1,0,9,30000,92.1,Urban,1
97.02,96.28,-9.87,0.552,35.79,32.88,1,2,0,0,12,18000,91.1,Urban,0
94.1,92.33,-3.6,1.8,30.8,33.52,1,1,0,0,3,30000,59.2,Urban,0
100.0,100.0,-13.94,0.678,31.6,29.26,1,0,0,0,15,10000,54.2,Urban,0
55.21,52.53,-17.81,1.45,16.61,20.12,1,1,0,0,13,75000,69.6,Urban,0
61.13,58.64,-7.29,1.446,32.17,30.57,1,0,0,0,5,18000,93.9,Rural,0
64.54,60.32,-20.29,2.298,33.18,36.08,1,0,0,1,9,30000,69.7,Rural,0
31.28,28.77,8.44,-1.767,10.03,7.83,1,0,0,1,10,75000,62.5,Urban,1
58.4,56.97,-8.17,0.889,25.09,22.33,1,1,0,0,8,75000,74.8,Semi-Urban,0
20.0,20.0,26.89,-1.671,8.96,13.36,1,0,0,1,16,10000,79.1,Rural,1
97.49,95.36,-14.59,2.052,24.07,24.32,1,1,0,0,10,18000,96.6,Rural,0
39.77,44.66,36.95,-3.077,13.58,16.13,1,0,0,0,13,50000,65.5,Rural,1
20.0,20.0,19.81,-1.709,21.93,25.23,1,0,0,1,13,10000,72.4,Semi-Urban,1
49.18,48.5,-0.68,-0.13,32.35,28.17,1,1,0,0,5,30000,77.1,Urban,0
75.27,73.42,-12.81,0.839,28.38,29.68,1,1,0,0,14,5000,62.4,Semi-Urban,0
81.68,78.81,-17.91,1.645,27.0,32.72,1,0,0,0,12,50000,66.8,Semi-Urban,0
39.26,38.67,-1.75,0.875,21.76,22.72,1,3,0,1,3,50000,60.1,Rural,1
84.8,81.21,-20.82,1.508,25.5,24.37,1,0,0,1,16,5000,67.9,Rural,0
27.39,28.77,31.25,-3.226,28.27,29.77,1,2,0,1,11,10000,90.3,Urban,1
70.54,67.55,-12.17,2.079,21.15,20.78,1,1,0,0,7,10000,59.5,Rural,0
100.0,100.0,-5.88,0.401,35.09,37.0,1,1,0,1,15,18000,78.4,Rural,0
100.0,100.0,-13.41,0.949,18.94,22.83,1,0,0,1,16,30000,72.3,Urban,0
78.17,78.42,-11.24,1.179,26.0,28.38,1,1,0,1,13,30000,42.2,Urban,0
100.0,98.66,-31.49,2.028,32.58,34.75,1,2,0,1,16,30000,58.3,Urban,0
75.28,73.06,-11.56,1.888,34.53,31.8,1,0,0,1,7,5000,69.1,Urban,0
68.94,74.04,24.96,-4.194,13.96,21.42,1,0,0,0,7,75000,84.7,Rural,1
35.21,39.85,29.36,-2.174,11.88,13.65,1,1,1,1,15,10000,66.6,Semi-Urban,1
39.6,44.16,24.24,-2.4,26.81,22.48,1,2,1,0,10,75000,60.7,Rural,1
20.0,20.0,29.86,-2.547,29.0,29.95,1,3,1,0,13,75000,72.7,Rural,1
94.67,92.78,-7.44,1.827,21.57,21.96,1,0,0,0,6,18000,90.5,Urban,0
20.0,20.0,28.41,-1.878,20.03,22.65,1,0,0,0,15,50000,54.5,Urban,0
99.56,99.49,-10.07,0.744,22.02,23.25,1,4,0,1,15,18000,93.0,Urban,0
78.8,72.51,-8.46,4.231,30.7,28.87,1,3,0,1,3,5000,92.1,Rural,1
72.64,67.42,-8.99,2.833,32.66,36.59,1,0,0,1,4,10000,84.1,Urban,0
42.11,48.17,9.55,-4.775,31.97,28.73,1,0,0,1,3,5000,88.5,Urban,1
72.0,64.88,-35.91,2.805,26.99,37.36,1,0,0,0,13,50000,42.0,Semi-Urban,0
66.14,61.98,-12.76,0.833,32.56,29.95,1,0,0,0,12,75000,67.2,Rural,0
72.58,72.26,1.26,-0.39,21.51,18.41,1,0,0,0,5,5000,62.2,Urban,0
76.14,80.66,7.38,-2.262,20.99,23.79,1,3,0,0,4,50000,76.2,Rural,1
28.5,32.62,21.24,-2.319,32.69,31.55,1,1,0,1,10,50000,69.4,Rural,1
75.13,72.93,-4.39,4.392,0.0,0.0,0,2,0,1,2,5000,60.1,Semi-Urban,0
67.94,62.74,-30.16,2.174,30.29,24.96,1,1,0,1,15,18000,85.3,Rural,0
42.41,43.6,18.06,-3.555,20.36,18.55,1,0,0,0,7,10000,95.8,Urban,1
81.08,81.58,0.99,-0.991,0.0,0.0,0,0,0,1,2,75000,71.4,Urban,0
27.36,29.68,9.93,-1.199,9.74,15.05,1,2,1,0,10,30000,82.6,Rural,1
93.72,93.16,-20.66,2.823,22.2,18.5,1,0,0,1,10,50000,57.6,Rural,0
59.98,59.43,-15.34,1.234,22.08,24.54,1,1,0,0,14,10000,72.4,Semi-Urban,0
76.19,80.01,16.1,-1.21,14.56,10.96,1,1,0,1,10,10000,94.2,Semi-Urban,1
45.34,46.78,21.31,-2.056,20.44,20.17,1,0,0,1,14,30000,57.7,Semi-Urban,1
20.0,24.93,17.83,-3.347,19.57,23.94,1,3,1,1,7,30000,82.4,Semi-Urban,1
79.58,77.16,-4.31,1.814,28.3,24.93,1,0,0,0,4,30000,73.8,Rural,0
100.0,100.0,-7.66,0.286,23.99,26.0,1,2,0,0,15,50000,43.9,Urban,0
53.58,53.99,-15.21,1.707,36.29,38.3,1,1,0,0,11,50000,77.6,Rural,0
100.0,99.24,-11.42,1.957,34.46,40.0,1,0,0,1,8,30000,78.2,Semi-Urban,0
24.85,29.78,58.31,-3.856,19.03,20.57,1,2,0,0,16,50000,65.4,Semi-Urban,1
100.0,99.16,-5.1,0.887,26.11,20.18,1,2,0,0,6,18000,84.2,Urban,0
100.0,100.0,-12.11,0.822,38.63,34.58,1,0,0,0,15,50000,46.3,Rural,0
78.29,74.38,-22.82,2.602,28.65,30.24,1,0,0,0,11,18000,78.9,Semi-Urban,0
49.32,49.24,-8.05,0.99,34.05,38.08,1,3,0,0,8,5000,89.9,Semi-Urban,1
58.84,54.27,-9.85,1.147,40.0,40.0,1,1,0,0,7,50000,88.3,Rural,0
47.19,49.34,15.5,-1.656,25.67,24.43,1,2,1,1,11,18000,71.9,Urban,1
63.24,61.67,-9.22,0.865,20.35,25.28,1,1,0,1,12,5000,46.0,Urban,0
84.86,81.0,-17.92,1.484,23.77,31.63,1,2,0,0,12,5000,44.3,Semi-Urban,0
91.87,89.3,-5.14,5.145,0.0,0.0,0,0,0,0,2,10000,93.1,Rural,0
59.08,59.49,15.18,-1.609,29.9,30.68,1,0,0,0,12,18000,58.7,Rural,0
100.0,100.0,-6.81,0.428,37.44,34.95,1,1,0,0,12,10000,61.0,Rural,0
54.4,53.3,-4.72,0.787,38.7,35.88,1,0,0,1,7,50000,45.4,Urban,0
50.4,55.04,13.0,-1.817,17.19,8.58,1,0,0,0,6,10000,80.7,Rural,1
72.26,73.18,1.22,-0.002,34.44,37.93,1,0,0,0,5,50000,50.9,Rural,0
51.58,50.61,-6.74,1.262,32.0,34.36,1,0,0,1,10,5000,91.0,Semi-Urban,0
82.51,78.54,-5.82,1.986,36.53,32.52,1,0,0,0,4,75000,88.1,Urban,0
78.3,75.36,-5.86,0.613,32.87,30.57,1,0,0,1,9,10000,43.6,Urban,0
81.19,79.43,-13.32,1.783,26.79,25.43,1,1,0,0,10,50000,54.1,Urban,0
20.0,21.21,23.94,-2.315,14.52,9.76,1,2,0,1,11,18000,70.2,Rural,1
72.49,72.55,-9.24,0.797,33.81,31.18,1,0,0,0,10,18000,61.0,Semi-Urban,0
91.04,88.31,-5.77,2.883,37.96,35.49,1,0,0,1,3,18000,57.4,Rural,0
100.0,100.0,-7.78,0.414,40.0,39.65,1,0,0,1,16,18000,97.8,Urban,0
20.0,20.0,33.04,-2.468,23.09,21.16,1,3,1,0,15,18000,76.7,Urban,1
36.12,38.04,39.99,-4.037,30.49,28.64,1,0,0,1,12,75000,41.1,Urban,1
60.35,58.36,2.7,-0.935,31.16,28.14,1,4,0,0,6,5000,40.9,Urban,1
38.93,42.17,41.89,-3.548,25.64,22.55,1,0,0,0,13,75000,76.2,Rural,1
100.0,99.8,-14.72,1.557,19.98,21.02,1,0,0,1,11,18000,47.6,Rural,0
40.23,40.52,0.57,-0.574,0.0,0.0,0,3,0,0,2,5000,49.0,Urban,1
97.9,96.84,-3.1,0.712,23.1,26.74,1,0,0,0,10,50000,72.3,Semi-Urban,0
49.53,57.15,17.09,-5.841,25.07,25.24,1,1,0,1,4,18000,68.5,Urban,1
87.72,84.82,-4.82,2.409,17.95,21.86,1,0,0,0,3,75000,51.7,Rural,0
82.92,80.13,-9.46,1.666,37.22,37.16,1,0,0,1,7,10000,77.0,Rural,0
22.05,23.16,53.03,-4.094,21.93,18.61,1,0,0,0,15,5000,97.0,Urban,1
29.06,32.85,7.54,-3.769,28.61,24.43,1,0,0,0,3,10000,71.2,Urban,0
69.52,75.16,21.54,-4.468,14.56,12.34,1,0,0,1,6,18000,81.7,Rural,1
60.32,60.94,-15.17,1.386,37.58,31.37,1,0,0,0,14,75000,75.0,Rural,0
53.63,52.38,-2.9,1.448,30.78,31.56,1,0,0,1,3,18000,58.1,Rural,0
41.58,47.09,8.38,-2.224,30.79,27.92,1,3,1,1,4,10000,61.6,Rural,1
43.78,49.92,14.81,-4.03,14.63,19.15,1,0,0,1,5,30000,48.2,Rural,1
72.26,67.28,-30.95,2.13,38.94,33.42,1,1,0,0,14,18000,58.3,Semi-Urban,0
77.34,71.38,-32.61,3.132,32.49,30.0,1,1,0,1,10,30000,41.3,Urban,0
99.18,96.15,-9.81,1.743,30.12,36.88,1,0,0,0,7,30000,88.2,Urban,0
51.29,58.73,15.85,-1.973,15.75,19.32,1,0,0,0,7,30000,73.6,Semi-Urban,0
20.0,20.29,19.14,-1.671,20.75,27.02,1,2,0,1,14,75000,66.3,Urban,1
100.0,98.7,-11.11,2.105,21.59,26.6,1,1,0,0,7,30000,97.6,Rural,0
20.0,20.64,19.6,-2.183,23.29,17.53,1,1,1,0,10,30000,71.9,Urban,1
51.7,49.13,-12.91,1.077,27.37,26.08,1,1,0,0,12,5000,67.2,Rural,0
60.48,60.4,-15.39,1.083,21.2,19.92,1,0,0,1,16,10000,80.3,Semi-Urban,0
81.8,83.22,2.5,-0.629,9.66,12.39,1,0,0,0,4,5000,70.8,Urban,0
72.94,72.41,-3.35,1.675,35.05,35.89,1,0,0,0,3,5000,42.5,Rural,0
100.0,96.69,-7.73,2.511,40.0,38.93,1,4,0,1,4,50000,86.5,Semi-Urban,0
33.45,37.45,10.36,-2.454,11.58,17.86,1,2,1,1,5,18000,56.7,Rural,1
67.28,65.02,-33.81,2.371,23.95,23.03,1,3,0,1,15,50000,55.2,Rural,0
61.09,61.26,4.44,-1.653,5.74,10.8,1,1,0,1,4,10000,42.7,Rural,1
74.38,73.54,-2.54,1.269,22.95,23.55,1,1,0,0,3,75000,45.0,Urban,0
50.16,51.05,16.04,-0.932,29.65,28.09,1,2,0,0,12,30000,94.2,Urban,0
26.39,28.2,12.41,-2.713,18.97,16.58,1,0,0,1,6,18000,60.8,Semi-Urban,1
76.3,78.19,3.8,-3.798,0.0,0.0,0,1,1,1,2,30000,97.5,Semi-Urban,0
40.64,50.6,16.58,-3.952,33.65,32.62,1,0,0,1,5,5000,57.6,Rural,1
77.63,75.62,-22.48,1.425,25.67,27.21,1,4,0,1,16,18000,90.7,Urban,0
68.29,69.42,-3.51,1.224,38.84,40.0,1,0,0,0,6,75000,62.4,Rural,0
71.66,68.43,-22.29,1.702,23.62,25.45,1,0,0,0,13,5000,55.1,Rural,0
92.9,92.62,-0.56,0.555,0.0,0.0,0,0,0,1,2,18000,64.4,Rural,0
54.36,53.17,-12.01,1.32,30.41,32.31,1,0,0,0,10,30000,57.7,Urban,0
84.22,83.65,-3.35,1.674,17.87,22.86,1,3,0,1,3,75000,83.9,Semi-Urban,0
81.61,82.7,3.57,-1.783,12.26,10.07,1,0,0,0,3,18000,60.6,Semi-Urban,0
59.83,53.85,-16.49,2.364,38.95,38.31,1,0,0,1,7,18000,96.8,Urban,0
83.96,79.95,-6.51,0.773,23.56,17.09,1,1,0,0,6,18000,98.5,Urban,0
97.2,94.35,-9.71,1.229,17.78,19.8,1,1,0,0,10,50000,83.2,Semi-Urban,0
89.42,89.54,-3.26,1.169,35.03,37.88,1,1,0,0,5,50000,50.7,Rural,0
58.93,64.35,25.67,-2.172,23.97,16.69,1,2,0,1,10,18000,76.9,Urban,1
96.33,89.86,-22.55,2.555,28.15,22.92,1,2,0,0,9,50000,56.2,Urban,0
65.06,60.43,-10.93,3.48,30.64,32.35,1,0,0,1,4,5000,93.7,Semi-Urban,0
67.41,65.69,-7.16,1.638,27.82,29.06,1,3,0,1,5,10000,91.8,Urban,0
68.36,69.75,-1.77,0.377,31.27,32.86,1,0,0,1,13,5000,56.4,Urban,0
30.44,33.98,7.08,-7.077,0.0,0.0,0,1,1,0,2,75000,57.0,Rural,1
100.0,100.0,-10.12,1.344,25.16,28.1,1,0,0,0,8,10000,79.4,Semi-Urban,0
59.78,58.65,-14.21,1.692,34.42,30.58,1,1,0,0,10,75000,54.2,Semi-Urban,0
84.22,82.98,-2.49,2.492,0.0,0.0,0,0,0,0,2,30000,84.2,Rural,0
100.0,100.0,-13.78,0.846,21.29,30.5,1,0,0,1,13,30000,51.9,Rural,0
74.27,76.55,2.8,-1.402,29.39,24.82,1,2,1,1,3,5000,97.2,Semi-Urban,1
26.39,31.75,35.37,-2.89,18.96,19.03,1,0,0,0,13,30000,75.8,Urban,1
64.76,63.39,-13.69,1.147,31.42,32.04,1,1,0,0,13,18000,54.6,Rural,0
100.0,100.0,-6.26,0.535,27.64,25.57,1,0,0,0,15,50000,77.5,Rural,0
78.12,76.18,-3.87,3.868,0.0,0.0,0,0,0,1,2,5000,59.7,Rural,0
55.1,50.53,-19.79,2.742,36.55,38.27,1,0,0,1,8,18000,51.2,Urban,0
56.01,61.79,25.74,-2.446,17.18,18.11,1,0,0,0,11,18000,87.6,Urban,1
78.76,78.19,-1.13,1.129,0.0,0.0,0,0,0,1,2,30000,79.2,Semi-Urban,0
32.77,37.71,10.01,-2.446,16.86,19.71,1,0,0,0,4,10000,94.5,Rural,1
86.1,89.06,11.74,-1.96,17.06,16.99,1,2,1,0,7,75000,60.2,Rural,1
82.83,78.81,-14.86,1.291,35.06,31.67,1,0,0,0,13,50000,55.9,Rural,0
47.27,48.19,3.91,-1.954,18.85,13.84,1,4,0,1,3,5000,41.6,Semi-Urban,1
77.22,84.76,13.08,-3.094,19.29,16.56,1,1,0,1,5,5000,54.0,Rural,1
66.97,71.87,13.55,-2.336,26.42,21.75,1,0,0,0,5,75000,51.4,Rural,0
91.94,87.82,-5.63,1.547,31.96,32.93,1,0,0,0,5,30000,71.8,Rural,0
46.03,43.79,29.45,-3.079,27.63,26.43,1,0,0,0,13,18000,51.4,Rural,1
53.23,53.87,31.28,-3.256,21.59,23.01,1,0,0,1,13,30000,90.2,Rural,1
75.47,74.67,5.96,-1.573,16.27,14.66,1,0,0,0,5,50000,51.6,Semi-Urban,0
55.02,51.95,-13.47,2.586,33.44,28.69,1,0,0,0,7,50000,78.5,Urban,0
20.0,20.61,22.97,-2.362,19.55,16.09,1,1,1,1,11,18000,49.5,Urban,1
67.6,62.7,-27.65,2.081,18.26,19.73,1,4,0,0,13,50000,77.0,Urban,0
26.7,29.19,13.5,-1.446,14.08,12.15,1,1,1,0,10,18000,72.2,Semi-Urban,1
20.0,20.0,11.81,-0.739,22.99,17.96,1,2,1,1,16,75000,75.4,Urban,1
50.37,51.43,6.86,-1.669,22.6,21.36,1,1,1,1,7,30000,43.2,Urban,1
60.88,67.58,18.14,-2.532,28.12,27.98,1,0,0,1,8,30000,84.6,Urban,0
98.87,97.04,-15.51,1.387,35.22,32.3,1,4,0,1,12,30000,96.8,Rural,0
35.55,43.32,18.68,-1.925,5.94,15.12,1,1,1,1,10,18000,67.7,Semi-Urban,1
78.98,75.47,-12.71,1.681,25.78,32.19,1,0,0,0,8,75000,74.9,Urban,0
64.26,68.2,20.82,-2.289,21.83,25.16,1,3,0,1,8,10000,90.3,Rural,1
40.45,44.88,9.89,-4.944,18.69,22.7,1,2,0,1,3,50000,41.4,Semi-Urban,1
90.59,88.78,-4.99,0.404,36.72,37.3,1,0,0,1,9,30000,40.8,Urban,0
67.24,67.82,8.31,-2.076,23.52,21.17,1,1,1,1,6,18000,45.4,Rural,1
39.06,39.76,9.11,-2.836,25.53,25.57,1,0,0,1,5,50000,85.6,Urban,0
84.96,82.66,-4.6,4.598,0.0,0.0,0,0,0,0,2,30000,92.3,Semi-Urban,0
99.93,97.18,-8.3,1.263,39.97,39.41,1,1,0,1,7,50000,88.6,Urban,0
77.26,83.05,18.25,-1.919,25.31,24.4,1,0,0,0,8,5000,69.5,Urban,0
94.38,92.31,-16.64,2.774,29.68,30.23,1,1,0,0,7,10000,90.8,Semi-Urban,0
49.39,49.88,-6.41,0.403,34.86,36.34,1,1,0,0,16,30000,80.6,Urban,0
62.01,60.63,-9.92,0.658,32.42,32.69,1,2,0,1,12,5000,47.2,Rural,1
20.0,21.99,18.44,-2.135,14.47,14.01,1,0,0,1,11,10000,68.3,Urban,1
51.26,49.53,-5.2,2.196,25.01,21.64,1,3,0,0,4,10000,78.8,Rural,0
20.0,20.0,37.29,-2.611,13.47,9.09,1,0,0,0,16,18000,83.1,Rural,1
76.02,75.3,6.07,-1.26,32.06,29.64,1,1,0,0,7,50000,88.4,Urban,0
83.84,85.79,3.9,-3.896,0.0,0.0,0,0,0,1,2,5000,56.9,Semi-Urban,0
42.74,49.19,41.21,-3.342,22.49,26.58,1,4,0,0,14,30000,81.9,Urban,1
74.56,76.45,13.39,-0.822,10.04,12.35,1,0,0,0,15,5000,89.8,Urban,0
72.98,70.64,5.18,-0.982,14.37,18.37,1,0,0,1,10,10000,48.9,Rural,1
46.55,43.49,-7.0,1.811,32.79,29.82,1,0,0,0,4,5000,69.5,Semi-Urban,0
51.72,50.38,-3.28,0.722,27.77,28.89,1,3,0,0,7,30000,69.3,Rural,0
87.39,86.78,-22.85,1.699,21.25,26.54,1,3,0,0,15,18000,41.4,Semi-Urban,0
46.27,47.94,3.34,-3.337,0.0,0.0,0,2,1,1,2,10000,63.8,Rural,1
70.14,69.13,-17.44,1.194,35.12,30.18,1,3,0,0,16,30000,95.1,Semi-Urban,0
62.62,66.88,15.2,-3.924,21.07,25.22,1,1,1,1,6,75000,49.8,Semi-Urban,1
35.03,39.4,8.16,-1.696,29.59,32.13,1,0,0,0,5,75000,62.0,Rural,0
20.0,24.91,35.27,-2.558,29.28,26.96,1,3,1,1,16,10000,86.0,Semi-Urban,1
64.84,70.3,26.26,-2.706,20.91,14.26,1,0,0,1,10,30000,40.3,Urban,1
54.29,55.17,1.77,-1.765,0.0,0.0,0,2,0,1,2,10000,65.4,Urban,1
34.27,41.91,15.91,-3.743,12.22,9.41,1,0,0,1,5,18000,90.7,Rural,1
66.99,73.45,20.4,-3.54,21.16,17.94,1,3,0,1,6,75000,94.5,Urban,1
91.2,85.17,-26.41,2.701,35.87,36.72,1,4,0,0,10,10000,71.5,Rural,0
100.0,100.0,-17.1,1.177,33.12,36.64,1,2,0,1,16,10000,74.4,Semi-Urban,0
78.77,73.44,-9.05,2.051,38.22,36.34,1,1,0,1,5,30000,47.7,Urban,0
20.0,20.0,23.96,-1.855,18.63,19.02,1,2,0,1,14,5000,42.0,Urban,1
43.52,47.21,15.85,-2.358,12.87,16.03,1,3,0,1,7,10000,96.6,Semi-Urban,1
20.0,20.0,31.6,-2.575,26.49,31.57,1,0,0,1,14,50000,44.2,Rural,1
47.61,49.97,8.57,-1.398,28.43,26.57,1,0,0,1,8,10000,66.8,Urban,1
42.09,39.7,12.87,-2.028,28.38,31.08,1,2,1,0,8,30000,44.8,Rural,1
56.06,50.09,-12.91,0.859,37.08,35.34,1,1,0,1,12,18000,64.2,Semi-Urban,0
83.1,77.99,-9.56,1.205,20.1,24.06,1,0,0,0,8,10000,81.7,Rural,0
100.0,100.0,-16.38,1.715,25.59,32.32,1,0,0,0,11,10000,98.9,Urban,0
100.0,96.89,-18.36,1.722,22.66,23.91,1,0,0,1,11,10000,92.1,Semi-Urban,0
99.85,97.27,-41.82,3.007,20.73,21.07,1,1,0,0,16,30000,91.3,Rural,0
100.0,100.0,-10.42,1.229,29.0,32.93,1,2,0,1,8,30000,66.5,Urban,0
65.98,70.0,22.65,-1.567,25.06,30.26,1,1,0,1,14,18000,54.8,Semi-Urban,1
62.66,56.93,-28.38,1.591,40.0,38.92,1,0,0,0,16,75000,50.5,Semi-Urban,0
53.7,58.11,36.26,-3.336,16.04,12.59,1,0,0,0,11,30000,48.8,Semi-Urban,1
26.74,31.0,49.22,-3.556,23.43,23.34,1,0,0,0,14,5000,93.5,Semi-Urban,1
50.01,47.4,-7.63,1.13,35.36,33.15,1,3,0,1,7,10000,53.9,Semi-Urban,1
21.44,25.63,19.44,-1.19,16.21,19.94,1,2,0,0,11,30000,57.0,Semi-Urban,1
73.64,76.53,5.77,-5.773,0.0,0.0,0,1,1,1,2,50000,53.1,Semi-Urban,1
98.52,97.56,-13.08,1.256,30.72,28.48,1,0,0,1,13,50000,72.5,Rural,0
68.69,64.07,-8.38,4.191,40.0,40.0,1,0,0,0,3,18000,45.4,Rural,0
82.81,82.76,-15.0,2.648,32.19,32.1,1,0,0,0,7,10000,85.0,Urban,0
89.98,88.55,-2.87,2.867,0.0,0.0,0,0,0,1,2,10000,75.1,Semi-Urban,0
68.86,65.22,-16.15,2.53,25.47,28.81,1,1,0,0,7,5000,77.8,Rural,0
62.28,61.18,-2.21,2.209,0.0,0.0,0,3,0,0,2,75000,78.7,Urban,0
83.11,81.12,-9.71,2.363,30.45,31.25,1,0,0,0,6,18000,75.4,Rural,0
95.99,90.11,-33.97,2.114,27.44,26.09,1,0,0,1,16,10000,48.0,Semi-Urban,0
35.35,34.8,-1.1,1.102,0.0,0.0,0,0,0,0,2,30000,87.9,Semi-Urban,0
79.6,76.11,-20.13,2.811,25.36,24.93,1,0,0,1,8,10000,96.2,Urban,0
56.93,65.54,34.96,-2.804,8.39,9.06,1,0,0,0,13,10000,76.6,Rural,1
20.0,20.0,17.24,-0.964,27.67,21.84,1,0,0,0,16,18000,76.3,Rural,0
62.38,60.31,-9.06,2.212,31.27,31.57,1,0,0,1,6,30000,55.5,Semi-Urban,0
20.0,21.34,22.31,-2.383,16.41,14.94,1,0,0,1,10,18000,83.8,Urban,1
20.0,20.61,22.2,-2.73,24.31,21.0,1,0,0,0,11,30000,77.4,Semi-Urban,0
92.85,90.48,-10.24,1.005,39.39,31.87,1,0,0,1,11,10000,50.2,Rural,0
88.05,86.48,-1.27,0.636,31.3,34.79,1,0,0,1,3,10000,82.3,Urban,0
78.53,79.34,1.61,-1.608,0.0,0.0,0,1,0,0,2,10000,70.1,Urban,0
27.69,32.6,8.07,-1.399,27.21,29.08,1,1,1,1,8,30000,70.0,Urban,1
20.0,23.66,46.12,-3.602,29.81,28.48,1,0,0,0,15,30000,45.3,Urban,1
20.0,21.25,18.18,-2.493,22.67,25.98,1,0,0,0,9,50000,52.5,Urban,1
38.6,44.09,17.32,-1.789,25.46,21.38,1,0,0,1,9,30000,47.6,Rural,1
50.09,54.01,12.54,-2.901,19.12,18.82,1,0,0,1,5,30000,82.3,Semi-Urban,1
20.0,20.0,10.21,-1.346,17.69,19.27,1,0,0,0,11,75000,65.5,Rural,1
100.0,99.44,-19.45,2.069,40.0,36.95,1,1,0,0,11,75000,44.3,Semi-Urban,0
40.1,39.85,11.1,-2.906,8.19,7.33,1,0,0,1,5,30000,72.8,Rural,1
88.23,87.67,-16.58,1.956,28.58,24.77,1,0,0,0,10,5000,88.1,Semi-Urban,0
76.63,77.02,3.11,-1.557,32.04,28.19,1,0,0,1,3,10000,52.2,Urban,0
45.07,43.88,5.42,-1.305,16.14,16.06,1,3,0,0,7,18000,85.3,Rural,1
55.64,51.79,-20.64,2.303,34.07,34.78,1,1,0,0,10,18000,85.9,Rural,0
83.67,78.51,-15.51,2.766,20.56,27.0,1,0,0,1,6,10000,43.2,Rural,0
20.0,20.0,20.98,-1.472,22.05,24.86,1,0,0,1,15,5000,81.4,Urban,1
98.97,97.93,-27.07,1.887,26.06,19.44,1,0,0,0,16,18000,44.4,Semi-Urban,0
80.17,79.9,-7.06,0.652,26.97,30.11,1,3,0,0,12,50000,67.2,Rural,0
54.16,51.55,-13.53,1.796,34.82,37.95,1,0,0,1,8,10000,90.9,Semi-Urban,0
100.0,100.0,-9.39,0.535,28.7,28.6,1,1,0,1,14,30000,79.7,Semi-Urban,0
20.0,22.33,30.43,-2.234,9.21,11.56,1,0,0,1,15,10000,42.0,Urban,1
100.0,100.0,-27.69,1.845,28.63,28.69,1,1,0,1,16,18000,67.0,Semi-Urban,0
28.56,33.12,6.53,-3.266,25.71,31.42,1,0,0,1,3,5000,58.4,Semi-Urban,1
39.46,40.46,-8.34,0.741,24.49,22.75,1,0,0,1,11,10000,97.0,Semi-Urban,0
100.0,98.84,-33.93,2.72,35.08,32.72,1,0,0,1,14,18000,97.8,Urban,0
60.96,57.64,-16.34,1.733,28.39,29.26,1,1,0,0,9,18000,52.0,Urban,0
64.85,68.26,6.83,-6.832,0.0,0.0,0,1,0,0,2,10000,77.3,Rural,1
85.4,81.76,-20.08,1.505,23.56,22.05,1,1,0,0,13,18000,98.0,Urban,0
20.0,20.0,16.04,-1.585,17.14,21.71,1,4,0,1,13,50000,80.3,Rural,1
20.0,20.0,15.8,-2.108,24.14,26.43,1,0,0,1,10,5000,86.8,Rural,1
100.0,99.06,-14.16,1.38,22.93,24.94,1,0,0,0,11,10000,86.0,Urban,0
57.36,52.91,-15.57,3.1,21.82,19.14,1,1,0,1,6,10000,67.4,Urban,1
99.33,95.73,-23.78,2.234,34.58,35.74,1,1,0,0,11,50000,90.2,Urban,0
20.0,21.05,25.0,-2.78,15.68,7.96,1,0,0,0,11,75000,91.4,Urban,1
26.5,33.97,31.92,-3.641,11.44,10.84,1,0,0,1,10,30000,51.8,Urban,1
100.0,98.94,-10.93,1.676,35.53,33.14,1,2,0,0,8,5000,97.7,Urban,0
62.21,65.63,28.19,-2.662,29.41,22.28,1,1,1,0,13,5000,70.3,Rural,1
50.3,57.34,20.42,-2.247,30.25,28.35,1,0,0,1,9,18000,48.4,Urban,1
48.76,51.47,12.82,-1.89,24.29,29.1,1,1,0,1,8,18000,51.5,Urban,1
70.5,74.23,26.08,-1.626,27.41,26.75,1,2,0,0,13,5000,45.5,Urban,1
92.39,87.64,-15.85,1.957,19.88,20.81,1,4,0,1,9,75000,85.7,Semi-Urban,0
55.42,50.5,-9.8,1.238,30.61,33.94,1,3,0,0,7,10000,67.8,Rural,0
46.09,44.42,-3.33,3.333,0.0,0.0,0,2,1,0,2,10000,53.4,Semi-Urban,1
34.74,42.06,49.33,-3.065,7.1,12.0,1,0,0,1,15,10000,69.4,Urban,1
69.65,62.61,-33.57,2.83,31.73,33.03,1,0,0,0,12,10000,81.5,Rural,0
100.0,100.0,-8.85,1.438,27.8,22.71,1,1,0,0,8,75000,60.6,Semi-Urban,0
54.21,60.85,8.77,-2.205,24.18,25.96,1,1,1,0,5,10000,88.6,Urban,1
60.91,60.85,-8.15,1.647,28.05,16.97,1,1,0,0,7,10000,82.7,Urban,0
57.35,60.1,26.41,-3.487,23.03,25.05,1,1,1,1,10,75000,87.9,Semi-Urban,1
84.12,81.15,-17.67,2.696,37.6,40.0,1,0,0,0,8,18000,87.6,Semi-Urban,0
89.24,80.82,-28.37,3.208,35.28,37.32,1,0,0,0,9,50000,82.4,Rural,0
20.0,21.07,19.14,-2.107,20.92,17.85,1,0,0,0,11,30000,94.1,Rural,1
35.81,45.07,33.94,-3.444,23.78,24.72,1,0,0,0,10,18000,49.0,Semi-Urban,1
66.98,62.78,-23.35,1.75,30.83,32.79,1,2,0,1,13,10000,70.0,Urban,0
20.0,27.81,17.82,-2.614,29.11,30.0,1,0,0,0,7,75000,68.5,Semi-Urban,0
60.63,67.42,14.06,-2.385,8.85,19.01,1,0,0,1,6,10000,75.9,Urban,1
60.22,62.7,11.48,-1.155,21.55,17.92,1,3,0,0,11,30000,82.1,Semi-Urban,1
20.0,24.56,23.14,-3.091,32.9,22.12,1,0,0,0,8,50000,57.1,Rural,1
55.6,55.39,3.51,-0.829,31.84,34.61,1,2,0,0,4,18000,88.8,Semi-Urban,0
33.36,34.32,29.7,-2.161,27.87,29.12,1,0,0,0,15,30000,71.1,Semi-Urban,1
85.84,83.75,-32.05,2.992,23.31,20.55,1,0,0,1,13,10000,66.9,Rural,0
77.48,82.0,11.65,-2.735,21.09,24.9,1,0,0,1,5,5000,74.9,Urban,1
81.65,85.55,8.72,-2.912,20.62,22.82,1,1,0,0,4,50000,73.2,Rural,0
85.33,81.84,-21.04,2.008,34.86,37.64,1,1,0,0,11,75000,74.2,Rural,0
53.49,60.46,32.4,-2.78,17.56,21.73,1,1,1,0,12,75000,91.6,Urban,1
89.07,91.22,4.9,-2.451,15.23,12.35,1,1,1,0,3,75000,69.4,Rural,0
51.41,57.12,12.7,-2.601,7.13,10.42,1,0,0,0,5,10000,46.0,Semi-Urban,1
69.58,70.1,2.23,-1.116,27.73,22.04,1,0,0,0,3,50000,81.5,Rural,0
62.73,63.92,10.43,-1.152,25.65,22.35,1,0,0,0,10,18000,41.5,Urban,0
100.0,96.49,-7.89,1.936,23.71,23.47,1,0,0,1,6,10000,90.5,Semi-Urban,0
56.57,52.19,-11.56,0.977,32.96,40.0,1,1,0,0,14,30000,55.2,Rural,0
37.39,42.29,33.28,-3.773,26.96,28.62,1,2,0,0,10,18000,48.4,Semi-Urban,1
72.77,78.22,6.07,-2.631,26.77,29.28,1,0,0,0,4,18000,61.6,Semi-Urban,0
70.74,69.97,-1.38,0.282,26.78,35.98,1,0,0,1,6,5000,40.5,Rural,0
37.44,41.72,15.31,-2.535,22.66,24.1,1,0,0,0,7,18000,53.1,Semi-Urban,1
84.46,82.73,-6.99,1.004,35.02,33.2,1,1,0,1,7,5000,77.1,Semi-Urban,0
100.0,100.0,-24.3,2.273,40.0,40.0,1,1,0,0,14,75000,71.3,Rural,0
100.0,98.0,-32.54,2.862,22.81,27.59,1,0,0,1,12,5000,66.4,Urban,0
25.16,36.91,27.19,-3.77,21.34,22.91,1,1,1,1,7,10000,54.1,Rural,1
31.75,32.74,10.85,-1.708,7.86,8.22,1,0,0,0,6,50000,54.9,Semi-Urban,1
69.41,65.94,-12.26,1.625,36.36,31.43,1,0,0,0,7,5000,91.0,Rural,0
27.41,32.95,36.91,-3.289,12.57,18.5,1,0,0,1,13,30000,74.8,Urban,1
90.04,84.07,-17.15,2.825,40.0,38.35,1,0,0,1,7,50000,93.0,Rural,0
35.3,38.57,35.64,-3.149,16.55,17.86,1,0,0,0,13,10000,73.3,Semi-Urban,1
21.57,25.23,17.31,-1.082,27.08,28.94,1,2,1,0,14,50000,68.8,Urban,1
61.41,63.24,7.18,-0.911,34.32,29.05,1,0,0,1,9,30000,93.8,Urban,0
48.83,47.01,-15.99,1.459,30.67,39.58,1,2,0,1,11,18000,97.6,Rural,1
88.25,82.61,-37.43,2.548,23.66,27.62,1,4,0,1,14,50000,46.8,Urban,1
74.1,73.12,-8.96,1.202,18.9,19.66,1,0,0,0,10,30000,63.3,Urban,0
28.18,31.83,16.93,-1.699,15.61,16.28,1,3,0,1,10,10000,88.2,Rural,1
34.54,36.77,17.41,-1.162,18.58,25.54,1,0,0,1,13,5000,85.3,Rural,1
52.12,56.18,18.01,-1.626,18.88,15.52,1,0,0,1,12,10000,65.0,Semi-Urban,1
96.02,93.54,-27.38,2.868,36.41,33.54,1,3,0,0,12,18000,47.4,Urban,0
39.68,41.21,12.16,-0.92,28.54,25.52,1,2,1,0,16,5000,51.8,Semi-Urban,1
34.72,42.13,7.92,-1.255,22.48,23.2,1,2,1,1,7,30000,78.8,Rural,1
22.78,23.12,25.87,-2.312,23.45,22.52,1,0,0,1,13,30000,42.4,Rural,1
94.24,93.45,-13.59,1.273,37.03,33.66,1,0,0,0,12,10000,67.6,Semi-Urban,0
60.2,64.51,24.08,-2.579,25.11,25.89,1,2,0,1,10,10000,86.4,Rural,1
50.94,52.66,1.51,-0.546,40.0,35.19,1,0,0,1,4,18000,65.5,Urban,0
60.58,56.61,-14.18,0.971,33.55,28.21,1,3,0,1,14,10000,60.9,Semi-Urban,0
51.3,48.97,-13.14,2.484,27.02,27.61,1,0,0,1,6,10000,46.0,Urban,0
100.0,98.29,-6.12,0.939,33.33,38.59,1,1,0,0,9,10000,87.3,Rural,0
71.53,70.62,6.31,-1.864,11.35,7.71,1,1,1,0,7,30000,46.4,Semi-Urban,1
42.66,46.42,6.84,-3.419,18.86,20.88,1,0,0,0,3,50000,87.7,Urban,0
58.71,61.81,10.57,-0.801,27.18,26.5,1,0,0,0,12,10000,41.2,Semi-Urban,0
52.42,51.07,-2.7,2.7,0.0,0.0,0,4,0,1,2,18000,73.6,Urban,1
75.38,76.53,9.97,-2.45,23.93,21.59,1,0,0,0,6,10000,60.0,Urban,0
20.0,20.0,26.34,-1.847,26.46,26.7,1,3,1,0,15,30000,82.2,Rural,1
67.97,65.46,-3.78,1.359,31.58,34.7,1,0,0,1,4,18000,85.1,Rural,0
58.79,56.78,-11.74,2.692,32.77,33.4,1,0,0,0,6,10000,66.3,Semi-Urban,0
94.44,92.99,-11.56,1.231,33.24,35.39,1,0,0,1,13,10000,65.2,Rural,0
94.37,90.93,-18.47,1.387,28.74,28.02,1,0,0,1,11,10000,60.5,Rural,0
50.0,54.87,2.98,-0.782,16.21,8.19,1,3,0,0,5,10000,84.4,Rural,1
66.89,63.39,-20.08,2.815,30.99,28.14,1,0,0,0,8,18000,44.0,Semi-Urban,0
100.0,100.0,-9.21,0.443,22.58,24.44,1,4,0,0,14,75000,76.4,Urban,0
42.94,44.0,24.0,-1.789,27.07,25.0,1,0,0,1,15,10000,71.6,Semi-Urban,1
47.27,47.65,1.51,-0.754,9.97,16.38,1,0,0,0,3,75000,74.3,Urban,0
50.13,52.87,6.41,-0.735,30.2,29.26,1,0,0,0,7,18000,49.6,Semi-Urban,0
100.0,99.18,-16.68,1.473,35.39,33.64,1,3,0,1,16,50000,44.2,Rural,0
100.0,100.0,-25.98,2.335,24.3,28.21,1,0,0,1,15,18000,58.7,Semi-Urban,0
97.48,94.35,-15.6,3.269,30.34,32.41,1,3,0,1,5,10000,61.5,Urban,0
62.22,61.82,18.72,-2.754,25.0,23.32,1,1,1,1,7,5000,44.5,Semi-Urban,1
92.78,86.8,-24.85,2.93,32.23,30.12,1,0,0,0,9,75000,40.2,Rural,0
97.12,96.13,-27.61,1.893,32.85,39.75,1,1,0,1,16,5000,43.2,Urban,0
20.0,20.0,25.93,-1.36,15.97,13.75,1,2,1,0,14,10000,74.3,Semi-Urban,1
66.64,60.73,-7.9,1.275,35.47,30.86,1,0,0,0,5,30000,86.7,Urban,0
59.55,58.57,-25.04,2.07,37.27,31.99,1,1,0,0,13,18000,48.2,Rural,0
92.72,88.04,-35.59,2.132,31.45,27.76,1,1,0,0,16,30000,94.3,Rural,0
69.08,72.44,20.31,-2.061,17.03,25.27,1,0,0,0,12,10000,41.6,Urban,1
40.45,39.69,16.68,-2.929,14.1,9.41,1,3,1,0,9,10000,92.6,Semi-Urban,1
46.15,51.74,37.57,-2.734,13.26,21.52,1,1,0,1,15,10000,41.6,Rural,1
100.0,100.0,-5.55,0.347,32.97,28.75,1,3,0,1,16,50000,80.3,Rural,0
94.35,91.95,-9.63,1.835,29.19,30.93,1,1,0,0,8,10000,95.2,Urban,0
100.0,96.72,-13.12,1.027,34.88,38.53,1,0,0,1,13,5000,96.7,Semi-Urban,0
81.81,77.63,-14.24,1.567,26.58,26.15,1,0,0,0,11,5000,61.9,Urban,0
50.16,48.26,-3.8,3.798,0.0,0.0,0,1,0,0,2,30000,87.4,Semi-Urban,0
77.32,78.62,8.61,-2.225,13.48,19.85,1,0,0,1,6,10000,40.2,Rural,1
24.7,26.77,39.23,-2.271,14.28,13.67,1,1,1,1,16,10000,58.7,Semi-Urban,1
50.62,53.63,6.08,-3.041,17.22,17.66,1,0,0,0,3,18000,43.8,Rural,1
100.0,95.97,-30.56,2.706,15.6,17.97,1,3,0,1,12,10000,81.0,Rural,1
71.58,73.53,-7.54,1.138,37.83,40.0,1,2,0,0,11,10000,77.6,Semi-Urban,0
46.54,52.34,30.73,-2.529,22.84,22.17,1,2,0,0,12,18000,68.8,Semi-Urban,1
100.0,97.19,-19.48,2.396,26.71,23.63,1,1,0,0,9,75000,81.9,Rural,0
88.44,87.32,-3.08,1.195,29.86,32.68,1,0,0,0,4,18000,82.1,Semi-Urban,0
48.76,47.38,-2.76,2.761,0.0,0.0,0,1,0,1,2,10000,64.8,Semi-Urban,1
54.76,63.11,28.77,-2.201,17.03,15.41,1,0,0,0,12,50000,57.1,Rural,1
98.43,93.7,-23.17,2.395,29.19,28.81,1,2,0,1,11,18000,74.4,Semi-Urban,0
89.63,85.62,-20.64,1.65,33.04,32.26,1,0,0,1,13,10000,62.8,Rural,0
53.23,51.28,-7.24,0.805,31.45,28.68,1,1,0,0,8,30000,79.3,Urban,0
83.28,78.79,-4.04,1.508,30.0,31.04,1,0,0,1,4,5000,61.4,Semi-Urban,0
26.21,30.74,61.83,-3.636,14.95,19.61,1,2,1,1,16,18000,51.0,Rural,1
44.47,48.73,18.41,-1.348,16.51,23.18,1,2,0,0,11,30000,89.0,Rural,1
53.33,55.95,26.36,-3.172,19.29,20.03,1,2,0,0,10,10000,42.9,Urban,1
32.92,39.05,20.1,-2.039,23.15,22.32,1,1,1,0,10,18000,40.2,Rural,1
92.6,89.72,-11.64,1.312,35.59,31.41,1,0,0,1,9,18000,66.9,Rural,0
69.64,66.19,-21.29,1.883,27.37,33.19,1,0,0,1,12,18000,89.7,Semi-Urban,0
50.62,56.69,12.23,-3.813,30.18,28.46,1,0,0,0,4,50000,43.8,Rural,1
20.0,26.15,36.33,-2.495,15.37,10.63,1,0,0,1,13,18000,41.7,Semi-Urban,1
66.97,62.39,-20.23,1.887,27.33,30.43,1,3,0,1,11,5000,62.4,Rural,1
50.69,45.46,-8.76,2.891,24.38,21.92,1,2,0,1,4,10000,76.0,Rural,0
66.17,68.81,7.77,-3.884,25.61,22.73,1,0,0,0,3,5000,45.6,Semi-Urban,0
20.0,25.01,18.24,-2.77,21.22,15.56,1,2,1,0,9,10000,56.3,Rural,1
49.76,48.1,-11.79,0.724,37.64,35.48,1,3,0,1,14,10000,44.9,Urban,1
100.0,100.0,-17.93,1.757,29.37,35.31,1,4,0,1,13,18000,45.6,Urban,0
100.0,100.0,-12.18,1.586,22.84,22.03,1,0,0,1,10,10000,56.9,Urban,0
28.4,37.67,38.13,-3.514,9.55,12.02,1,1,1,1,11,30000,51.3,Rural,1
77.47,71.84,-6.15,1.473,20.84,21.96,1,0,0,0,5,75000,54.1,Urban,0
98.89,97.08,-16.98,1.725,30.97,32.38,1,1,0,1,11,5000,60.4,Semi-Urban,0
64.34,62.56,-7.55,1.9,23.02,22.56,1,0,0,0,5,5000,80.2,Rural,0
44.01,44.65,16.59,-3.14,22.15,24.02,1,0,0,1,7,18000,92.9,Semi-Urban,1
26.38,31.51,34.6,-3.731,22.69,26.84,1,0,0,1,10,10000,54.9,Urban,1
31.0,33.69,26.93,-1.674,16.07,19.47,1,0,0,0,16,30000,40.5,Semi-Urban,1
20.84,29.62,17.13,-2.748,23.37,23.99,1,0,0,0,6,5000,86.6,Rural,1
31.19,37.63,29.35,-3.5,19.49,19.6,1,2,1,0,9,18000,62.0,Semi-Urban,1
85.42,82.39,-4.16,1.562,39.23,38.09,1,0,0,0,4,18000,62.7,Rural,0
70.23,72.92,-1.59,0.176,21.54,23.86,1,0,0,1,4,30000,87.0,Rural,0
68.6,71.93,6.66,-6.659,0.0,0.0,0,0,0,0,2,10000,55.0,Rural,1
83.12,78.26,-31.21,2.907,28.32,27.53,1,0,0,0,11,30000,92.6,Rural,0
100.0,98.01,-4.35,0.691,34.31,31.33,1,0,0,1,7,18000,91.6,Urban,0
72.5,73.92,3.88,-0.97,18.47,24.75,1,1,0,1,4,18000,40.1,Urban,1
28.44,32.33,29.61,-3.806,9.09,11.2,1,0,0,1,9,5000,70.6,Rural,1
94.24,92.98,-2.51,2.505,0.0,0.0,0,2,0,0,2,30000,52.4,Semi-Urban,0
79.18,78.76,-14.02,1.787,25.67,21.87,1,0,0,0,10,5000,83.4,Rural,0
72.83,72.03,-8.33,1.883,39.68,39.03,1,1,0,1,5,18000,99.0,Rural,0
100.0,100.0,-17.08,1.563,21.44,21.05,1,1,0,1,12,18000,43.9,Semi-Urban,0
23.36,22.36,12.15,-1.99,14.98,16.98,1,2,0,1,11,10000,54.2,Semi-Urban,1
100.0,98.37,-7.48,1.921,28.0,32.41,1,0,0,0,6,30000,98.6,Urban,0
73.87,67.95,-10.81,3.343,25.94,27.39,1,2,0,1,4,18000,42.0,Rural,0
51.57,53.42,11.45,-0.863,21.1,27.03,1,0,0,0,14,18000,70.9,Rural,0
100.0,99.23,-2.67,0.616,39.11,38.21,1,2,0,1,8,50000,73.2,Urban,0
52.68,52.77,10.12,-1.22,15.67,17.68,1,0,0,1,15,50000,70.4,Semi-Urban,0
36.38,38.14,19.25,-1.136,33.68,26.57,1,0,0,0,16,5000,84.3,Rural,1
29.7,33.2,11.4,-1.214,32.98,26.57,1,1,0,1,8,30000,89.9,Rural,1
67.69,68.77,12.15,-1.231,25.67,26.63,1,0,0,0,10,5000,74.1,Urban,0
91.31,87.51,-21.74,1.571,21.12,23.87,1,1,0,0,13,10000,79.3,Rural,0
47.33,45.7,-8.24,1.396,36.31,34.98,1,2,0,0,6,10000,99.0,Semi-Urban,0
99.23,96.82,-4.2,2.098,22.68,24.87,1,0,0,0,3,18000,97.6,Semi-Urban,0
51.39,53.14,-0.59,0.656,31.69,31.61,1,1,0,0,8,30000,94.5,Semi-Urban,0
77.88,79.55,10.06,-1.735,31.87,30.8,1,0,0,1,8,5000,96.5,Semi-Urban,0
20.0,23.24,42.51,-3.781,14.3,12.9,1,0,0,1,13,50000,73.3,Urban,1
31.57,34.93,39.2,-3.011,26.98,24.99,1,1,0,1,14,18000,76.6,Rural,1
90.32,88.28,-5.38,2.688,22.46,22.89,1,1,0,0,3,5000,59.9,Semi-Urban,0
33.59,40.61,29.04,-3.664,12.53,12.23,1,0,0,1,8,18000,46.9,Semi-Urban,1
50.94,49.07,-5.11,2.557,26.03,24.96,1,1,0,0,3,5000,71.2,Rural,0
37.63,42.6,58.19,-4.003,19.33,22.22,1,2,0,0,15,30000,88.5,Rural,1
100.0,100.0,-9.86,1.175,24.87,30.06,1,1,0,0,9,5000,48.9,Semi-Urban,0
44.45,49.07,38.12,-3.506,19.5,19.85,1,4,0,1,12,18000,44.6,Rural,1
70.31,63.83,-27.85,3.223,28.35,32.14,1,0,0,0,10,18000,85.0,Semi-Urban,0
59.43,66.89,32.06,-2.829,20.91,23.66,1,4,0,0,11,50000,76.1,Rural,1
89.74,91.68,2.38,-1.188,22.43,23.42,1,1,1,0,3,50000,74.0,Urban,0
100.0,99.32,-6.76,1.149,40.0,38.91,1,0,0,1,7,75000,76.1,Urban,0
64.35,64.89,13.2,-1.048,15.61,16.99,1,2,1,1,15,30000,92.2,Rural,1
100.0,100.0,-10.07,0.424,39.44,37.22,1,0,0,0,15,18000,84.2,Rural,0
82.29,80.07,-3.72,1.232,22.62,24.91,1,1,0,1,4,30000,63.3,Rural,0
89.87,89.1,-13.64,1.348,34.27,30.13,1,0,0,0,13,30000,72.2,Urban,0
71.11,71.27,-4.43,1.243,15.64,20.23,1,0,0,1,6,50000,74.8,Semi-Urban,0
82.98,83.31,0.66,-0.658,0.0,0.0,0,0,0,1,2,10000,52.5,Rural,0
63.34,68.02,22.23,-2.245,22.06,25.34,1,1,1,0,11,10000,51.0,Rural,1
81.8,81.86,1.78,-0.888,26.93,25.74,1,0,0,0,3,30000,62.1,Rural,0
30.48,35.09,7.91,-2.25,14.56,10.34,1,1,1,0,5,30000,86.4,Semi-Urban,1
99.8,99.16,-10.51,0.833,22.55,26.46,1,0,0,0,14,50000,93.9,Urban,0
33.17,36.26,29.88,-1.97,29.05,28.61,1,1,1,0,16,30000,62.7,Rural,1
90.63,89.03,-12.81,2.004,27.45,26.65,1,0,0,1,8,30000,75.2,Semi-Urban,0
32.98,36.9,14.55,-1.43,24.92,22.86,1,0,0,1,9,75000,43.4,Rural,1
66.18,63.86,-7.48,1.618,23.67,23.94,1,1,0,0,7,30000,45.1,Semi-Urban,0
44.45,41.36,-6.77,3.384,35.35,32.25,1,0,0,1,3,5000,51.2,Rural,1
96.48,92.96,-28.74,2.36,30.29,34.63,1,0,0,0,13,30000,86.8,Urban,0
81.13,85.02,6.09,-3.047,18.86,11.91,1,2,1,0,3,18000,82.3,Semi-Urban,0
56.46,56.26,16.91,-3.46,19.47,20.96,1,1,0,1,7,50000,74.5,Urban,1
45.3,50.91,45.67,-3.954,23.13,18.55,1,0,0,0,12,30000,91.7,Semi-Urban,1
44.05,42.03,-4.03,4.028,0.0,0.0,0,3,0,1,2,10000,98.4,Rural,1
54.8,53.28,-4.75,0.786,40.0,38.77,1,1,0,0,8,75000,65.9,Urban,0
42.88,45.87,5.87,-2.934,27.7,21.25,1,2,0,1,3,18000,71.9,Semi-Urban,1
77.29,80.34,17.05,-2.122,16.37,15.19,1,0,0,1,9,75000,84.6,Rural,1
62.32,58.63,-6.09,1.386,28.83,28.0,1,1,1,0,4,50000,96.4,Semi-Urban,0
100.0,100.0,-7.74,0.827,18.1,24.84,1,0,0,1,13,10000,40.1,Semi-Urban,0
100.0,100.0,-8.08,0.472,30.14,31.79,1,0,0,0,14,75000,83.7,Semi-Urban,0
66.37,65.95,7.11,-1.755,31.99,30.52,1,2,1,1,7,18000,91.1,Urban,0
44.19,45.75,3.12,-3.116,0.0,0.0,0,1,0,1,2,30000,90.1,Semi-Urban,1
50.64,55.69,10.94,-2.516,28.34,27.4,1,1,1,0,6,30000,56.4,Urban,1
72.72,74.23,11.03,-0.849,30.42,29.37,1,0,0,1,11,30000,51.3,Rural,0
100.0,100.0,-8.6,0.408,31.59,24.27,1,4,0,1,13,75000,63.4,Semi-Urban,0
33.92,38.39,30.33,-3.12,27.65,24.76,1,3,1,1,11,30000,92.0,Urban,1
43.91,49.45,36.94,-2.628,25.61,27.5,1,0,0,1,14,50000,85.5,Urban,1
45.63,45.73,0.61,-0.303,21.29,24.87,1,0,0,0,3,18000,92.5,Rural,1
73.0,72.36,-1.29,1.287,0.0,0.0,0,0,0,1,2,10000,41.6,Urban,0
78.67,80.19,3.04,-3.036,0.0,0.0,0,0,0,0,2,5000,72.4,Semi-Urban,0
74.1,72.04,-16.27,1.343,23.2,21.13,1,1,0,0,14,50000,60.9,Urban,0
94.22,91.86,-8.31,0.343,26.47,29.85,1,0,0,0,11,50000,68.1,Urban,0
84.5,85.11,8.33,-1.88,30.12,27.43,1,0,0,1,6,10000,63.3,Urban,0
83.73,84.96,-1.89,0.946,29.53,22.82,1,0,0,0,3,30000,59.2,Rural,0
65.44,64.17,-7.65,1.978,26.47,27.85,1,4,0,1,6,5000,49.0,Rural,1
93.44,93.85,-14.22,1.745,33.22,33.03,1,3,0,0,11,5000,64.1,Semi-Urban,0
78.47,85.34,10.86,-3.848,21.3,13.5,1,0,0,1,4,5000,68.5,Urban,1
60.76,64.01,17.76,-1.495,12.05,17.98,1,0,0,1,12,18000,74.9,Semi-Urban,1
45.75,43.35,-5.24,1.646,22.99,24.03,1,0,0,1,5,18000,67.3,Rural,0
42.57,43.04,0.95,-0.951,0.0,0.0,0,0,0,1,2,5000,73.1,Semi-Urban,1
82.26,78.58,-8.84,2.736,23.58,21.05,1,0,0,0,4,5000,59.6,Urban,0
79.68,72.23,-44.41,2.499,33.98,36.26,1,0,0,0,16,10000,55.8,Urban,0
41.2,41.01,-0.38,0.379,0.0,0.0,0,0,0,1,2,18000,91.9,Urban,0
44.07,46.62,13.18,-1.516,19.22,21.84,1,0,0,0,8,30000,74.7,Rural,0
93.67,91.73,-10.83,1.033,40.0,38.25,1,1,0,0,12,5000,84.4,Rural,0
77.03,79.85,17.82,-1.878,22.96,28.83,1,0,0,0,10,18000,51.9,Urban,0
43.57,44.83,2.53,-2.526,0.0,0.0,0,1,0,0,2,5000,73.2,Semi-Urban,1
70.83,70.8,-0.8,1.055,19.15,18.85,1,1,0,0,5,30000,73.3,Urban,0
82.45,79.34,-24.9,1.731,21.46,22.66,1,4,0,0,16,10000,53.5,Rural,1
27.87,33.53,39.24,-3.108,15.73,10.04,1,0,0,0,14,75000,40.3,Rural,1
60.88,59.68,-1.85,0.274,34.95,39.14,1,0,0,1,6,30000,54.0,Urban,0
45.69,41.1,-6.98,2.355,22.11,22.02,1,0,0,1,4,10000,80.2,Urban,0
85.93,83.59,0.73,-0.364,30.31,29.1,1,2,0,0,3,5000,44.4,Urban,0
81.36,78.86,-6.05,2.029,25.52,31.94,1,0,0,0,4,50000,60.5,Rural,0
86.6,82.46,-28.29,1.945,33.27,30.05,1,0,0,1,15,5000,97.7,Rural,0
100.0,100.0,-17.07,1.575,25.7,29.22,1,0,0,0,12,50000,79.6,Semi-Urban,0
79.06,77.66,-28.53,2.136,40.0,36.96,1,0,0,1,15,30000,92.1,Urban,0
30.25,37.47,21.57,-4.649,7.44,10.66,1,0,0,1,6,18000,53.6,Semi-Urban,1
53.95,58.89,15.37,-3.398,19.27,14.09,1,2,0,1,5,18000,94.7,Semi-Urban,1
91.96,88.47,-20.23,1.421,21.88,29.14,1,2,0,1,14,50000,92.4,Semi-Urban,0
77.69,78.2,-1.61,0.805,32.36,26.2,1,0,0,1,3,30000,76.2,Urban,0
71.96,75.04,16.6,-1.258,16.98,20.54,1,0,0,1,13,5000,57.7,Rural,1
77.97,73.35,-10.0,0.919,30.54,31.14,1,0,0,0,8,10000,87.8,Rural,0
100.0,99.0,-12.36,1.879,40.0,38.84,1,0,0,1,7,5000,48.0,Semi-Urban,0
60.52,58.72,-6.48,0.593,36.92,38.98,1,3,0,1,8,18000,93.4,Rural,0
23.87,30.24,38.15,-2.741,12.81,15.46,1,0,0,1,13,18000,55.3,Semi-Urban,1
63.72,61.05,-17.54,2.052,21.46,20.52,1,0,0,0,9,50000,45.5,Rural,0
100.0,100.0,-14.96,1.485,36.27,37.87,1,0,0,0,12,50000,94.3,Semi-Urban,0
93.12,91.41,-12.26,1.309,17.13,23.42,1,2,0,0,11,75000,90.5,Semi-Urban,0
22.56,24.18,22.44,-3.106,19.05,13.75,1,0,0,1,7,10000,61.3,Rural,1
33.92,36.33,4.82,-4.819,0.0,0.0,0,0,0,0,2,10000,49.5,Urban,1
56.67,58.77,4.19,-4.193,0.0,0.0,0,1,1,1,2,50000,79.8,Semi-Urban,1
100.0,100.0,-14.68,1.692,24.45,17.8,1,0,0,0,9,10000,70.6,Urban,0
36.38,33.79,38.64,-3.247,11.93,14.35,1,0,0,1,16,5000,53.9,Urban,1
37.98,42.06,10.76,-1.733,12.16,15.94,1,0,0,0,6,75000,56.5,Rural,1
54.72,53.11,-17.21,2.256,28.03,23.7,1,0,0,0,9,30000,54.0,Semi-Urban,0
54.2,51.68,-5.03,5.028,0.0,0.0,0,0,0,0,2,50000,82.1,Semi-Urban,0
46.84,41.63,-9.35,2.365,29.93,32.04,1,0,0,0,4,30000,45.6,Semi-Urban,0
93.1,91.57,-3.07,3.074,0.0,0.0,0,0,0,1,2,18000,60.6,Rural,0
56.89,57.45,-1.24,0.854,23.46,25.8,1,3,0,0,6,10000,47.7,Rural,1
58.45,58.32,-0.26,0.263,0.0,0.0,0,2,0,1,2,18000,76.1,Urban,0
79.96,78.35,-13.92,1.255,32.43,34.57,1,3,0,1,12,10000,57.3,Rural,1
42.95,41.44,3.84,-0.904,12.14,15.43,1,0,0,1,7,5000,54.5,Semi-Urban,1
70.66,70.69,-8.37,0.94,32.7,31.15,1,3,0,1,12,5000,86.0,Semi-Urban,0
77.71,76.13,-15.65,2.556,26.79,31.45,1,1,0,0,8,75000,61.2,Rural,0
64.05,70.76,12.38,-1.373,28.19,25.51,1,0,0,1,10,30000,44.7,Semi-Urban,0
21.44,28.98,15.79,-3.711,26.13,19.56,1,1,0,0,5,30000,83.4,Urban,1
70.94,70.24,-7.37,1.426,33.58,29.55,1,2,0,1,5,30000,85.4,Semi-Urban,0
65.09,70.91,12.95,-5.055,17.06,15.27,1,3,0,0,4,30000,62.5,Urban,1
64.5,61.92,-6.41,1.744,24.79,20.89,1,0,0,1,4,18000,81.6,Urban,0
20.0,25.08,23.53,-2.325,31.31,26.6,1,0,0,0,11,5000,92.5,Semi-Urban,1
88.26,86.47,-7.43,2.175,28.1,34.0,1,0,0,0,4,10000,52.3,Urban,0
99.76,97.63,-13.62,2.055,31.93,31.11,1,1,0,1,9,18000,54.6,Semi-Urban,0
100.0,99.96,-11.07,1.518,28.34,32.5,1,0,0,0,9,75000,91.5,Urban,0
71.6,69.89,-3.98,1.362,24.27,28.98,1,0,0,1,4,18000,82.8,Rural,0
64.47,65.4,5.75,-1.445,9.11,8.53,1,4,1,0,7,10000,43.9,Rural,1
43.8,42.75,-2.12,2.116,0.0,0.0,0,1,0,0,2,30000,92.9,Semi-Urban,0
69.55,68.92,-4.2,1.479,35.82,38.74,1,0,0,0,6,30000,62.5,Rural,0
93.34,87.13,-8.9,3.349,27.06,31.51,1,0,0,0,4,5000,44.5,Rural,0
94.6,92.15,-18.79,2.114,40.0,35.63,1,2,0,0,9,10000,74.0,Rural,0
31.06,32.84,42.43,-3.924,24.59,24.61,1,1,1,0,12,30000,56.2,Rural,1
42.67,42.0,-2.47,1.234,27.64,29.76,1,2,0,1,3,10000,43.9,Urban,1
20.0,20.0,23.51,-1.65,24.88,30.14,1,0,0,0,15,75000,48.8,Urban,0
77.42,75.34,-11.82,1.83,18.14,25.81,1,0,0,1,7,18000,54.6,Semi-Urban,0
99.97,97.2,-19.63,1.416,38.09,34.95,1,0,0,1,15,5000,94.9,Urban,0
100.0,96.04,-14.5,1.577,27.12,26.41,1,2,0,0,8,10000,66.3,Urban,0
72.83,70.99,-11.83,0.81,19.33,24.77,1,2,0,0,13,75000,91.2,Semi-Urban,0
82.49,79.93,-14.42,1.231,30.03,34.76,1,0,0,0,11,18000,40.9,Rural,0
71.67,68.66,9.02,-0.878,23.79,27.13,1,3,0,0,13,75000,42.4,Semi-Urban,0
63.17,64.37,5.99,-2.995,20.59,12.31,1,0,0,0,3,50000,50.1,Urban,0
97.04,91.02,-13.89,1.897,31.54,28.66,1,0,0,1,8,50000,51.4,Semi-Urban,0
100.0,98.67,-26.68,2.353,37.27,36.66,1,0,0,1,13,10000,63.2,Rural,0
24.91,30.19,10.56,-10.556,0.0,0.0,0,0,0,0,2,30000,58.4,Semi-Urban,1
31.48,36.51,22.53,-2.082,20.54,18.58,1,0,0,1,9,10000,52.1,Urban,1
53.25,50.52,-9.66,1.727,26.08,20.54,1,1,0,1,6,18000,82.9,Semi-Urban,0
100.0,100.0,-3.88,0.421,21.05,24.36,1,2,0,0,10,10000,79.5,Urban,0
67.75,65.57,-13.72,2.567,24.45,23.28,1,1,0,0,7,5000,51.4,Semi-Urban,0
100.0,100.0,-16.77,1.573,33.47,39.41,1,1,0,1,13,50000,42.7,Urban,0
44.6,47.86,5.11,-2.557,8.16,12.37,1,3,0,0,3,18000,87.9,Semi-Urban,1
34.94,38.1,1.73,-1.521,20.43,13.47,1,1,1,1,4,10000,70.1,Semi-Urban,1
100.0,99.91,-11.08,1.257,21.28,20.09,1,3,0,1,10,30000,49.7,Rural,0
61.14,58.02,-7.09,0.767,25.71,23.28,1,0,0,1,11,18000,42.6,Rural,0
65.29,62.3,-1.47,0.606,33.27,28.2,1,2,0,1,5,10000,95.4,Urban,0
93.3,91.3,-2.34,0.484,20.69,19.27,1,4,0,1,4,18000,63.3,Urban,1
86.28,87.23,-3.12,0.768,22.57,26.19,1,0,0,1,10,30000,46.4,Urban,0
88.82,84.42,-12.4,2.011,26.88,28.45,1,2,0,0,7,30000,62.3,Semi-Urban,0
75.5,73.05,-21.6,2.963,40.0,39.78,1,0,0,1,8,5000,92.8,Rural,0
91.42,90.72,-6.71,0.9,34.98,34.1,1,1,0,1,8,10000,53.4,Semi-Urban,0
20.0,22.95,35.03,-3.507,18.7,20.43,1,0,0,1,13,18000,68.2,Urban,1
39.96,42.92,1.61,-0.803,30.32,26.01,1,2,1,0,3,10000,78.2,Semi-Urban,1
50.2,47.42,-16.42,1.5,28.5,29.36,1,0,0,0,10,50000,77.3,Semi-Urban,0
97.09,96.06,-26.35,2.704,28.88,23.24,1,0,0,1,12,18000,75.5,Rural,0
63.87,58.35,-10.64,3.034,30.56,29.42,1,0,0,1,4,30000,72.4,Semi-Urban,0
20.0,20.0,16.23,-1.034,17.45,11.11,1,0,0,1,14,75000,79.0,Urban,1
78.07,83.3,13.96,-1.404,29.3,27.49,1,0,0,0,9,75000,85.8,Semi-Urban,0
81.57,82.29,-3.52,0.883,32.48,32.41,1,1,0,1,5,10000,71.2,Rural,0
100.0,100.0,-11.07,0.949,20.49,22.39,1,3,0,1,12,18000,61.3,Rural,0
66.62,69.96,13.01,-3.511,25.53,26.81,1,1,1,1,5,30000,43.1,Semi-Urban,1
86.72,82.45,-14.84,0.99,24.68,27.08,1,0,0,0,15,30000,69.3,Urban,0
66.63,71.57,19.41,-3.794,18.87,11.09,1,1,1,0,7,18000,56.7,Rural,1
20.0,21.85,29.57,-2.668,22.64,21.6,1,3,1,0,13,30000,94.5,Urban,1
44.8,44.22,3.86,-1.929,33.31,27.02,1,2,0,1,3,18000,54.6,Semi-Urban,1
45.49,44.15,-2.68,2.681,0.0,0.0,0,0,0,0,2,10000,63.0,Urban,0
54.27,51.97,-4.68,2.341,17.96,20.47,1,1,0,0,3,50000,61.9,Semi-Urban,0
56.74,52.06,-14.5,0.938,23.29,27.78,1,1,0,0,11,30000,98.6,Semi-Urban,0
59.87,60.0,1.48,-0.738,20.85,21.25,1,1,0,1,3,10000,43.3,Urban,1
67.78,67.68,-0.92,0.458,29.88,28.12,1,0,0,1,3,18000,60.0,Rural,0
100.0,97.78,-14.66,1.181,26.36,28.41,1,0,0,1,11,10000,90.2,Rural,0
53.61,50.23,-15.55,1.398,26.03,27.6,1,0,0,1,12,10000,58.5,Rural,0
77.03,79.27,4.48,-4.476,0.0,0.0,0,0,0,1,2,10000,51.5,Rural,1
84.75,81.65,-10.47,2.734,34.68,34.26,1,0,0,0,6,30000,58.7,Urban,0
48.96,49.56,25.06,-2.827,19.29,16.38,1,1,1,0,11,75000,69.4,Rural,1
62.76,60.94,-3.65,3.648,0.0,0.0,0,0,0,0,2,10000,87.2,Rural,0
35.23,43.3,20.72,-5.173,10.38,10.86,1,0,0,1,5,18000,48.4,Rural,1
29.67,33.31,7.28,-7.283,0.0,0.0,0,2,0,0,2,30000,88.6,Urban,1
39.44,38.08,6.12,-0.706,16.01,10.21,1,0,0,0,8,75000,52.3,Rural,0
74.04,73.96,-3.99,1.995,28.25,19.67,1,2,1,1,3,75000,40.6,Urban,0
20.0,21.85,19.82,-1.564,17.41,16.95,1,0,0,0,14,50000,40.4,Rural,1
54.97,57.67,6.73,-3.363,26.95,27.54,1,0,0,0,3,5000,54.2,Urban,0
26.26,30.27,20.74,-2.298,8.86,11.02,1,0,0,0,9,30000,76.8,Rural,1
25.46,32.73,14.83,-1.854,9.76,13.47,1,0,0,0,7,10000,44.7,Urban,1
52.05,51.26,-1.58,1.583,0.0,0.0,0,2,1,0,2,30000,55.1,Urban,0
68.43,73.83,17.14,-1.894,21.55,19.2,1,3,1,1,9,18000,98.4,Semi-Urban,1
63.45,57.67,-16.26,2.798,40.0,33.37,1,0,0,1,7,5000,55.0,Rural,0
42.51,49.26,35.85,-2.614,23.54,19.36,1,0,0,1,14,30000,55.8,Semi-Urban,1
88.5,80.62,-16.64,2.245,33.49,39.71,1,1,0,0,7,18000,65.7,Urban,0
99.94,95.69,-15.01,1.397,31.09,28.18,1,2,0,0,11,75000,79.8,Semi-Urban,0
20.0,20.0,19.74,-1.839,26.32,22.99,1,1,0,0,11,75000,75.1,Rural,0
33.67,32.65,4.26,-0.972,25.27,23.91,1,1,0,0,10,50000,76.7,Rural,0
79.71,81.69,-5.19,0.64,20.48,26.27,1,3,0,0,12,5000,90.0,Urban,0
78.23,74.42,-31.95,1.997,23.46,23.61,1,0,0,0,16,18000,85.0,Urban,0
100.0,99.33,-27.79,2.024,38.76,37.64,1,1,0,0,16,18000,93.9,Urban,0
91.2,86.79,-10.25,1.06,21.48,21.72,1,1,0,0,7,30000,76.0,Semi-Urban,0
76.73,75.86,-4.5,2.252,27.74,23.46,1,1,0,1,3,5000,49.7,Semi-Urban,0
81.23,74.95,-37.9,2.725,30.87,27.07,1,0,0,1,16,10000,93.2,Semi-Urban,0
48.06,50.64,15.62,-2.832,21.59,21.62,1,0,0,0,8,75000,70.5,Rural,1
100.0,100.0,-18.39,1.246,23.78,25.4,1,0,0,0,14,75000,78.5,Urban,0
75.66,72.95,-13.98,1.615,36.57,38.27,1,0,0,1,10,18000,60.3,Rural,0
62.35,59.96,-20.26,2.349,39.79,39.81,1,0,0,0,10,5000,83.1,Urban,0
70.8,67.73,-15.85,2.197,35.09,35.28,1,2,0,0,8,75000,62.0,Urban,0
92.76,88.77,-7.98,7.981,0.0,0.0,0,0,0,0,2,10000,62.5,Semi-Urban,0
72.77,67.91,-21.44,1.978,22.7,22.1,1,0,0,0,12,50000,42.8,Rural,0
37.05,37.46,-1.38,0.557,29.11,30.83,1,0,0,1,4,5000,66.0,Urban,0
20.0,20.0,22.06,-1.898,17.2,17.82,1,1,0,0,12,30000,75.8,Rural,1
42.41,46.37,20.29,-1.617,29.73,30.67,1,0,0,1,12,10000,50.3,Semi-Urban,1
37.96,43.28,32.63,-3.278,16.71,16.32,1,0,0,0,11,75000,48.9,Rural,1
89.12,87.4,-2.97,1.088,35.66,35.48,1,2,0,0,4,30000,87.3,Semi-Urban,0
29.26,32.53,17.24,-1.066,18.22,15.23,1,1,1,1,14,75000,67.6,Urban,1
35.76,44.22,11.96,-2.787,21.73,22.15,1,0,0,1,5,5000,78.0,Rural,1
56.57,62.27,18.35,-4.236,14.54,17.64,1,0,0,0,5,5000,40.8,Urban,1
97.51,97.04,-4.79,0.726,20.69,19.8,1,2,0,1,7,30000,71.8,Urban,0
47.35,53.8,8.77,-3.206,11.99,16.42,1,0,0,0,4,75000,91.6,Rural,1
39.75,40.78,19.35,-3.037,27.55,27.65,1,2,1,0,8,18000,90.6,Semi-Urban,1
50.23,54.74,27.91,-2.943,14.67,12.48,1,0,0,1,10,18000,44.8,Semi-Urban,1
27.1,35.29,20.61,-2.548,23.24,18.06,1,2,1,0,8,50000,50.1,Rural,1
82.89,78.69,-16.77,2.225,40.0,32.78,1,3,0,0,9,30000,90.7,Semi-Urban,0
81.24,80.42,-4.6,0.61,30.96,31.21,1,3,0,0,12,30000,53.7,Rural,0
74.96,79.29,9.76,-1.108,30.18,33.58,1,1,1,0,11,30000,60.8,Rural,0
42.38,45.45,6.13,-6.131,0.0,0.0,0,3,0,0,2,18000,55.2,Rural,1
69.0,66.8,-25.44,2.174,37.86,35.75,1,0,0,1,13,30000,73.8,Rural,0
100.0,100.0,-7.09,0.391,26.42,22.55,1,0,0,0,16,18000,74.6,Urban,0
91.77,88.42,-22.69,2.112,21.06,24.6,1,2,0,0,11,75000,84.4,Rural,0
50.06,48.26,-5.22,1.151,24.73,25.04,1,1,0,0,8,18000,81.5,Semi-Urban,0
58.78,63.09,15.16,-3.861,11.29,13.66,1,1,1,0,5,50000,78.5,Semi-Urban,1
83.47,79.38,-16.95,1.07,24.94,21.77,1,3,0,0,12,50000,47.1,Semi-Urban,0
23.69,32.17,24.92,-2.587,18.68,18.31,1,2,1,1,10,30000,65.3,Semi-Urban,1
28.49,37.05,13.36,-5.176,22.25,20.77,1,0,0,0,4,30000,87.5,Urban,1
42.43,48.21,21.72,-3.077,26.9,22.61,1,4,1,1,8,10000,53.5,Rural,1
43.66,51.52,39.99,-3.572,20.94,22.85,1,1,1,1,12,18000,49.8,Semi-Urban,1
100.0,99.22,-12.67,1.95,36.93,35.08,1,0,0,1,8,5000,70.9,Urban,0
75.62,75.46,5.66,-1.665,27.84,25.76,1,0,0,1,8,5000,92.6,Rural,0
40.12,41.43,33.23,-3.618,29.72,25.79,1,4,1,1,11,30000,65.9,Urban,1
76.26,74.8,-20.54,1.578,39.21,35.43,1,4,0,1,16,10000,76.0,Rural,1
51.14,53.69,-0.47,0.234,18.44,19.88,1,0,0,1,3,30000,66.2,Urban,0
69.84,67.13,-4.92,1.261,31.08,31.14,1,4,0,0,6,50000,55.2,Rural,0
99.97,95.33,-19.96,3.001,29.77,39.49,1,0,0,0,7,10000,83.1,Semi-Urban,0
69.0,68.06,-14.19,1.023,20.98,20.52,1,1,0,1,16,18000,80.6,Rural,1
88.99,84.87,-14.63,2.134,24.28,22.44,1,0,0,0,6,75000,94.1,Rural,0
66.8,66.8,-0.0,0.004,0.0,0.0,0,2,0,1,2,5000,55.7,Urban,0
77.65,75.61,-14.25,2.04,32.51,31.54,1,0,0,0,9,50000,50.5,Urban,0
58.86,56.94,-2.97,1.483,28.94,25.06,1,1,0,0,3,10000,48.3,Semi-Urban,0
20.0,22.34,19.18,-2.159,26.29,22.77,1,2,1,1,11,10000,91.0,Rural,1
70.2,66.25,-20.85,2.223,28.0,26.48,1,0,0,1,10,5000,48.1,Urban,0
100.0,100.0,-10.84,1.106,22.94,20.92,1,0,0,1,11,10000,41.2,Rural,0
77.03,76.82,-0.42,0.417,0.0,0.0,0,2,0,0,2,30000,98.2,Semi-Urban,0
62.91,71.05,18.68,-3.166,25.84,22.38,1,0,0,1,7,75000,58.0,Urban,0
63.05,65.91,26.29,-3.212,27.54,22.38,1,0,0,0,8,30000,55.2,Semi-Urban,0
51.12,56.79,33.91,-2.731,20.47,18.46,1,4,1,1,14,18000,43.0,Semi-Urban,1
78.54,79.28,-7.83,0.809,26.5,30.69,1,0,0,0,13,10000,80.0,Urban,0
78.95,78.58,-21.35,1.744,26.97,28.35,1,3,0,0,12,30000,69.5,Semi-Urban,0
80.1,76.38,-11.53,2.136,28.01,26.87,1,1,0,0,7,5000,54.0,Semi-Urban,0
95.36,95.31,-25.89,2.471,32.5,35.75,1,0,0,1,11,10000,75.5,Rural,0
94.08,91.62,-12.02,0.951,22.44,24.23,1,1,0,0,14,5000,53.8,Semi-Urban,0
43.14,43.49,1.81,-1.569,12.47,11.85,1,0,0,1,5,18000,54.4,Semi-Urban,1
76.56,75.97,-1.18,1.183,0.0,0.0,0,0,0,1,2,10000,66.5,Urban,0
49.22,54.96,9.75,-3.096,11.61,9.02,1,1,1,0,4,50000,45.3,Urban,1
98.96,92.59,-15.5,2.899,19.83,21.78,1,0,0,0,6,10000,75.4,Semi-Urban,0
77.62,75.84,-18.51,1.941,25.35,23.33,1,0,0,0,12,75000,77.3,Semi-Urban,0
72.68,66.58,-18.34,2.861,32.38,33.31,1,3,0,0,7,18000,91.4,Rural,0
48.91,50.84,26.66,-1.921,25.53,29.01,1,2,0,0,14,30000,78.1,Semi-Urban,1
61.4,62.41,1.93,-0.967,12.92,14.86,1,1,1,0,3,5000,68.0,Urban,1
100.0,100.0,-11.86,0.906,27.37,30.55,1,1,0,1,16,18000,83.1,Semi-Urban,0
52.57,53.46,23.89,-1.939,10.97,11.98,1,0,0,0,13,10000,62.8,Rural,1
42.72,46.78,46.14,-3.901,15.36,15.65,1,0,0,1,13,10000,83.5,Urban,1
30.33,36.97,32.83,-3.287,11.84,12.35,1,0,0,0,11,5000,59.6,Rural,1
86.6,87.5,-7.05,1.227,40.0,38.35,1,0,0,0,8,75000,52.4,Rural,0
74.57,77.42,5.7,-5.698,0.0,0.0,0,0,0,0,2,18000,41.9,Rural,1
100.0,100.0,-16.22,0.7,30.28,27.29,1,1,0,0,16,10000,74.1,Semi-Urban,0
63.96,61.04,-27.34,2.066,25.2,29.43,1,0,0,0,14,75000,61.0,Semi-Urban,0
100.0,94.16,-28.81,2.019,27.11,31.01,1,1,0,0,14,75000,80.3,Rural,0
71.16,70.34,-1.85,-0.235,21.26,22.48,1,0,0,1,5,10000,95.8,Rural,0
82.71,82.48,-0.46,0.465,0.0,0.0,0,0,0,0,2,75000,56.2,Semi-Urban,0
48.0,54.64,20.94,-1.512,24.51,17.72,1,0,0,0,11,75000,65.9,Semi-Urban,0
20.57,22.64,38.2,-3.565,28.0,28.73,1,4,0,0,12,75000,87.0,Rural,1
98.59,94.08,-14.65,2.125,19.93,24.13,1,0,0,1,7,5000,56.8,Semi-Urban,0
70.53,77.34,18.09,-3.034,24.21,16.6,1,0,0,0,6,5000,61.8,Semi-Urban,0
77.5,73.44,-25.19,2.349,30.95,30.44,1,0,0,1,12,10000,49.8,Urban,0
61.79,63.08,10.25,-1.172,16.87,18.91,1,1,0,0,11,50000,66.4,Urban,0
58.19,61.77,13.95,-2.345,8.11,12.9,1,2,0,1,8,10000,68.2,Rural,1
80.47,79.31,-3.82,1.175,39.78,40.0,1,1,0,0,4,50000,71.3,Semi-Urban,0
97.76,95.53,-10.92,1.14,25.37,23.7,1,2,0,0,10,30000,46.2,Urban,0
53.26,55.45,19.43,-1.583,16.85,15.08,1,4,1,0,11,18000,89.8,Semi-Urban,1
25.53,33.48,34.66,-2.311,20.2,23.51,1,0,0,1,14,18000,41.0,Semi-Urban,1
20.0,20.0,34.28,-2.309,9.48,10.79,1,1,1,1,15,18000,47.7,Semi-Urban,1
73.9,75.12,1.12,-0.561,10.78,16.06,1,3,1,1,3,50000,62.7,Urban,1
100.0,100.0,-9.27,0.306,32.42,36.92,1,2,0,1,14,5000,54.4,Rural,0
90.32,88.18,-13.56,1.303,35.54,37.97,1,0,0,0,12,75000,77.6,Rural,0
25.0,24.08,13.75,-0.975,17.93,18.93,1,2,1,0,12,10000,54.4,Rural,1
76.72,74.42,-4.58,4.583,0.0,0.0,0,0,0,0,2,75000,85.6,Rural,0
100.0,98.29,-18.19,2.38,28.14,23.24,1,0,0,0,10,50000,48.6,Urban,0
63.34,61.69,-3.32,3.318,0.0,0.0,0,0,0,1,2,30000,99.0,Rural,0
30.84,37.97,46.36,-2.945,15.31,12.12,1,0,0,1,14,50000,89.2,Rural,1
67.27,63.27,-24.82,2.153,18.69,21.61,1,0,0,0,12,50000,60.9,Rural,0
100.0,100.0,-5.52,0.59,24.98,19.16,1,0,0,1,10,75000,69.7,Urban,0
51.57,55.83,21.52,-2.416,26.99,27.59,1,0,0,1,9,30000,53.5,Semi-Urban,1
56.65,60.07,30.64,-2.636,9.29,11.84,1,2,1,1,12,30000,71.8,Urban,1
31.31,32.36,4.26,-2.453,29.77,28.23,1,3,1,1,4,18000,72.0,Semi-Urban,1
57.99,61.35,12.83,-2.232,12.3,11.74,1,1,1,1,7,10000,86.2,Semi-Urban,1
99.08,95.56,-7.04,7.039,0.0,0.0,0,0,0,0,2,50000,61.1,Urban,0
96.9,92.5,-18.47,1.553,21.75,22.58,1,1,0,1,11,10000,68.2,Rural,0
26.2,27.07,15.46,-1.785,18.71,24.3,1,2,1,0,10,18000,87.5,Urban,1
100.0,100.0,-9.33,0.756,27.23,27.52,1,3,0,0,14,18000,53.4,Urban,0
100.0,100.0,-10.45,0.804,28.32,35.9,1,4,0,1,12,18000,75.9,Rural,0
80.96,76.91,-9.02,4.51,40.0,39.34,1,1,0,0,3,18000,88.1,Rural,0
47.25,50.29,4.72,-1.169,29.23,32.49,1,4,0,0,5,30000,90.0,Urban,1
46.24,46.78,5.55,-0.67,12.44,14.02,1,2,1,0,9,30000,45.3,Rural,1
100.0,98.67,-9.01,0.943,22.46,31.61,1,1,0,1,10,5000,60.5,Semi-Urban,0
41.84,45.93,9.46,-1.704,12.38,11.73,1,3,0,0,8,30000,43.1,Semi-Urban,1
87.17,86.6,-6.43,1.165,32.9,33.92,1,0,0,0,6,10000,61.1,Semi-Urban,0
77.1,76.59,-1.02,1.019,0.0,0.0,0,2,0,1,2,18000,69.9,Rural,0
46.78,55.67,13.07,-3.491,18.36,17.32,1,0,0,1,5,30000,70.7,Rural,1
64.44,64.58,-1.27,0.243,28.8,30.14,1,1,0,1,4,18000,78.8,Semi-Urban,0
76.97,77.52,11.16,-1.135,30.57,26.63,1,1,0,0,10,10000,59.4,Rural,0
24.86,27.75,30.21,-1.947,24.34,22.97,1,0,0,0,15,18000,50.8,Urban,0
42.74,45.9,19.31,-2.6,22.01,20.16,1,0,0,1,9,18000,42.0,Urban,1
69.43,73.29,16.18,-1.899,9.77,12.85,1,1,0,0,11,18000,54.5,Semi-Urban,1
30.03,33.12,11.41,-2.382,16.65,18.88,1,1,0,0,6,18000,87.5,Semi-Urban,1
20.0,24.49,27.43,-3.333,10.85,14.82,1,1,1,0,9,10000,56.1,Rural,1
67.75,70.56,13.96,-2.183,27.75,26.07,1,0,0,1,6,10000,69.4,Urban,0
65.13,68.57,10.87,-2.406,26.94,25.5,1,0,0,0,5,75000,96.1,Urban,0
69.74,69.1,21.44,-2.014,23.06,24.86,1,0,0,1,13,18000,91.0,Rural,1
50.91,55.16,39.71,-3.332,23.1,19.79,1,0,0,0,13,30000,91.8,Urban,1
48.95,45.84,12.1,-1.332,24.77,28.73,1,2,1,1,13,10000,51.1,Semi-Urban,1
71.0,70.04,-17.7,1.518,36.63,32.45,1,2,0,1,12,18000,46.3,Rural,0
100.0,99.48,-17.31,1.888,21.72,22.55,1,2,0,0,10,30000,42.0,Urban,0
54.34,56.55,18.57,-3.198,13.24,13.78,1,0,0,1,8,30000,95.5,Rural,1
69.43,73.68,21.68,-3.052,14.11,12.25,1,0,0,1,7,30000,81.9,Rural,1
34.31,33.79,6.06,-1.267,30.59,28.21,1,0,0,0,7,50000,71.8,Rural,0
47.87,47.62,13.23,-1.555,16.57,23.64,1,1,0,1,12,10000,91.4,Rural,1
54.55,60.81,35.83,-3.619,20.14,23.17,1,0,0,1,10,18000,57.4,Semi-Urban,1
39.97,38.24,-3.47,3.473,0.0,0.0,0,1,0,0,2,18000,81.1,Rural,0
52.88,58.69,12.35,-3.023,16.56,18.68,1,0,0,1,5,50000,68.5,Semi-Urban,1
53.17,54.13,20.49,-2.594,21.61,18.56,1,0,0,1,10,10000,44.4,Semi-Urban,1
20.0,20.61,12.6,-1.796,25.66,27.51,1,0,0,0,10,30000,76.0,Urban,0
48.52,50.56,10.0,-2.146,27.68,25.28,1,3,0,1,7,10000,63.7,Urban,1
66.4,61.63,-35.98,2.757,26.47,25.09,1,0,0,0,13,50000,72.8,Semi-Urban,0
42.13,44.16,16.13,-1.268,9.19,11.63,1,0,0,0,12,75000,59.8,Urban,1
66.45,66.09,-5.94,0.648,24.1,19.76,1,0,0,0,11,10000,90.5,Rural,0
42.32,42.81,3.15,-0.72,28.14,22.48,1,0,0,0,10,30000,61.6,Urban,0
66.24,66.21,22.96,-1.596,22.22,25.47,1,0,0,1,15,5000,60.5,Rural,1
72.8,71.6,-8.69,1.159,22.54,22.73,1,3,0,0,9,10000,98.3,Rural,0
80.79,88.36,15.08,-3.59,17.61,15.9,1,0,0,0,5,18000,88.9,Rural,0
90.51,90.6,-4.78,0.501,33.89,32.1,1,4,0,1,10,30000,91.0,Semi-Urban,0
66.57,67.46,-17.22,1.595,25.69,27.32,1,0,0,0,14,50000,66.9,Semi-Urban,0
39.05,43.12,18.5,-2.074,15.15,13.29,1,0,0,0,10,10000,50.6,Rural,1
49.01,48.96,-0.1,0.104,0.0,0.0,0,0,0,1,2,18000,49.1,Rural,0
63.29,60.99,-24.34,1.672,31.8,36.35,1,0,0,0,15,18000,90.3,Urban,0
58.0,59.03,11.39,-3.051,13.56,11.59,1,1,1,0,5,50000,64.8,Semi-Urban,1
73.62,67.92,-21.34,2.556,33.13,32.31,1,0,0,0,8,75000,95.2,Semi-Urban,0
20.0,20.0,32.72,-2.517,7.18,15.08,1,0,0,1,13,10000,45.9,Semi-Urban,1
95.16,93.32,-3.68,3.681,0.0,0.0,0,2,0,1,2,18000,71.1,Urban,0
94.23,90.53,-9.37,1.902,21.27,19.59,1,1,0,0,6,50000,85.5,Urban,0
100.0,100.0,-12.55,1.054,22.77,28.26,1,4,0,1,11,18000,45.7,Urban,1
60.3,57.42,-14.66,1.434,16.67,19.84,1,2,0,1,12,10000,95.9,Rural,1
33.35,37.46,31.85,-2.893,18.36,18.36,1,0,0,0,12,18000,64.4,Rural,1
45.52,43.46,-5.3,1.012,36.84,37.72,1,3,0,0,6,50000,45.4,Urban,1
92.42,90.02,-14.69,2.347,26.96,23.8,1,2,0,0,7,50000,45.9,Semi-Urban,0
78.88,77.77,-9.68,2.289,21.55,25.12,1,0,0,0,6,75000,82.1,Rural,0
79.34,74.36,-32.3,2.45,37.01,39.29,1,0,0,1,13,30000,70.7,Urban,0
41.85,42.45,1.19,-1.19,0.0,0.0,0,0,0,0,2,50000,91.1,Semi-Urban,0
77.75,75.48,-1.14,0.294,33.22,36.9,1,0,0,1,5,30000,70.5,Rural,0
37.51,37.94,0.79,-0.307,28.91,26.1,1,3,0,0,4,18000,91.3,Rural,1
20.0,24.11,29.17,-2.862,29.22,23.35,1,0,0,0,11,10000,70.3,Rural,1
55.29,60.22,11.71,-1.464,11.22,12.21,1,0,0,1,10,50000,98.0,Rural,1
20.0,20.0,18.59,-0.994,23.14,21.97,1,2,1,0,15,18000,95.8,Semi-Urban,1
55.45,51.19,-17.53,3.913,30.67,33.07,1,0,0,1,6,10000,63.5,Rural,0
66.75,73.22,21.24,-1.931,18.26,17.31,1,0,0,1,11,10000,80.3,Semi-Urban,0
26.49,27.89,18.95,-2.672,30.21,26.41,1,0,0,0,8,50000,49.2,Semi-Urban,1
53.96,57.74,4.44,-0.866,15.82,16.55,1,1,1,0,8,30000,73.7,Rural,0
35.98,39.39,12.09,-2.961,15.95,12.92,1,1,0,1,5,5000,51.3,Semi-Urban,1
20.0,20.55,26.01,-2.107,23.48,21.98,1,0,0,0,14,5000,42.3,Rural,1
72.3,72.26,-16.17,1.44,32.38,35.12,1,0,0,1,12,30000,90.5,Semi-Urban,0
20.0,20.0,19.67,-2.364,13.08,15.52,1,0,0,1,10,10000,65.5,Rural,1
77.65,79.48,3.67,-3.67,0.0,0.0,0,1,0,0,2,18000,82.5,Urban,0
71.63,68.48,-11.86,2.078,21.73,28.42,1,0,0,0,7,30000,59.8,Urban,0
20.0,20.02,13.9,-1.772,12.8,11.37,1,4,1,0,9,30000,64.1,Rural,1
51.52,49.94,-12.29,0.88,23.85,19.51,1,0,0,0,12,30000,96.3,Urban,0
100.0,100.0,-6.55,0.365,24.12,21.37,1,2,0,0,14,5000,52.9,Urban,0
27.79,35.07,25.72,-3.14,13.35,11.45,1,3,0,0,8,5000,53.6,Rural,1
68.86,67.49,-2.73,2.726,0.0,0.0,0,0,0,0,2,50000,52.6,Rural,0
20.55,25.92,53.51,-3.754,27.48,29.31,1,2,0,1,16,10000,50.7,Semi-Urban,1
62.0,67.4,32.54,-2.277,10.7,14.73,1,0,0,1,15,18000,50.1,Semi-Urban,1
70.83,68.46,-13.84,2.4,23.53,25.89,1,0,0,0,7,75000,80.6,Rural,0
44.94,50.47,6.26,-0.839,25.75,24.55,1,0,0,0,5,18000,77.8,Urban,0
100.0,99.99,-5.85,1.149,33.13,28.9,1,0,0,1,6,10000,46.0,Rural,0
52.04,50.78,-1.51,0.025,39.63,33.64,1,1,0,1,6,30000,71.1,Rural,0
62.18,57.48,-16.7,1.052,29.71,21.53,1,1,0,0,15,5000,81.6,Urban,0
100.0,99.98,-20.72,1.64,34.18,34.75,1,0,0,1,14,18000,89.1,Rural,0
20.16,27.16,49.84,-3.502,16.7,17.97,1,0,0,1,14,18000,90.7,Rural,1
55.83,57.31,31.28,-2.203,17.73,20.1,1,1,1,0,15,50000,84.8,Semi-Urban,1
77.08,80.33,5.56,-0.913,21.39,28.07,1,4,1,1,6,10000,80.4,Urban,1
58.78,60.41,3.25,-3.251,0.0,0.0,0,4,1,0,2,75000,45.9,Semi-Urban,1
25.97,28.48,22.46,-1.569,28.11,23.56,1,0,0,1,16,5000,89.3,Semi-Urban,1
32.59,32.54,1.53,-1.09,17.62,22.38,1,4,1,1,5,18000,82.9,Rural,1
72.43,73.5,14.19,-1.571,17.87,25.72,1,0,0,1,11,18000,85.3,Urban,1
100.0,100.0,-13.97,1.376,27.43,26.01,1,2,0,0,9,18000,84.0,Rural,0
76.26,78.13,10.72,-2.804,12.61,15.55,1,3,1,1,7,18000,66.7,Rural,1
48.01,50.2,28.3,-1.911,28.47,27.97,1,1,1,0,15,18000,75.3,Rural,1
62.2,61.6,-1.2,1.2,0.0,0.0,0,0,0,0,2,30000,64.1,Semi-Urban,0
92.19,86.6,-9.29,2.743,23.33,22.74,1,1,0,1,4,5000,84.9,Semi-Urban,0
32.73,36.22,6.15,-1.629,27.22,27.0,1,0,0,1,5,18000,53.7,Semi-Urban,1
82.52,78.96,-8.45,0.347,34.9,32.63,1,1,0,1,6,50000,90.0,Semi-Urban,0
67.05,68.53,18.53,-2.008,25.26,20.94,1,3,1,1,10,18000,61.3,Semi-Urban,1
43.08,51.72,41.33,-3.44,22.09,24.76,1,3,0,0,12,75000,54.9,Semi-Urban,1
33.48,34.69,1.77,-0.884,10.55,11.56,1,2,0,0,3,75000,58.1,Semi-Urban,1
60.37,62.71,16.64,-1.924,16.45,21.25,1,3,1,1,10,18000,68.1,Semi-Urban,1
90.06,88.02,-7.65,1.427,31.05,38.73,1,0,0,0,6,50000,47.0,Semi-Urban,0
86.91,91.39,2.86,-0.359,20.77,19.94,1,0,0,1,5,30000,62.0,Urban,0
69.01,67.33,-3.36,3.364,0.0,0.0,0,0,0,0,2,30000,41.2,Urban,0
82.76,81.33,-9.35,0.887,26.04,26.75,1,0,0,0,12,18000,62.9,Semi-Urban,0
60.63,67.36,27.14,-3.226,15.21,17.42,1,0,0,1,9,10000,64.3,Rural,1
20.0,20.57,27.7,-2.842,16.94,16.39,1,0,0,0,12,30000,41.5,Urban,1
44.35,47.99,39.09,-2.897,12.15,14.71,1,3,1,0,14,75000,41.7,Rural,1
72.73,77.35,11.6,-3.529,26.2,28.38,1,2,1,0,4,50000,90.6,Rural,1
29.17,33.49,40.12,-3.131,17.15,20.93,1,1,1,0,14,30000,79.9,Urban,1
64.09,66.42,5.11,-2.556,14.82,13.23,1,0,0,1,3,18000,77.9,Urban,1
57.97,64.91,19.34,-3.835,26.78,23.86,1,0,0,1,6,10000,51.3,Rural,1
70.59,68.47,-13.24,1.546,30.62,28.75,1,1,0,1,9,50000,88.5,Semi-Urban,0
78.73,76.23,-17.29,1.922,30.8,23.69,1,2,0,0,10,18000,49.8,Semi-Urban,0
32.97,34.04,25.86,-2.022,25.17,31.52,1,0,0,1,14,18000,59.8,Rural,1
89.45,86.61,-9.95,0.684,36.03,40.0,1,0,0,0,16,50000,95.8,Semi-Urban,0
38.79,38.15,6.46,-1.221,26.01,26.37,1,0,0,0,7,30000,48.2,Urban,0
92.59,91.24,-2.7,2.698,0.0,0.0,0,3,0,1,2,18000,58.6,Semi-Urban,0
88.63,86.18,-28.88,2.77,29.58,23.28,1,0,0,1,12,5000,53.1,Rural,0
91.81,91.31,3.78,-0.799,23.23,18.99,1,1,1,0,7,30000,53.6,Rural,0
21.57,31.01,25.6,-3.846,8.84,12.2,1,0,0,1,7,30000,57.8,Semi-Urban,1
71.71,70.52,-1.76,0.879,20.63,19.95,1,0,0,0,3,75000,86.7,Semi-Urban,0
23.0,27.79,27.25,-3.389,11.99,15.06,1,1,1,1,9,10000,74.9,Urban,1
23.09,24.84,14.2,-2.531,14.69,17.3,1,0,0,1,7,18000,79.2,Rural,1
59.36,62.0,22.78,-2.913,17.87,17.8,1,0,0,0,10,75000,47.9,Rural,1
86.19,83.03,-8.83,1.444,36.87,35.42,1,3,0,0,8,18000,81.7,Semi-Urban,0
24.16,32.9,63.13,-3.868,24.37,20.27,1,3,0,1,16,10000,68.6,Rural,1
89.59,83.01,-9.89,4.944,21.59,20.53,1,1,0,1,3,30000,89.1,Rural,0
100.0,100.0,-10.38,0.714,24.27,23.06,1,3,0,0,14,10000,57.8,Semi-Urban,0
20.0,20.18,45.07,-3.336,5.15,11.33,1,0,0,0,16,10000,55.4,Rural,1
20.0,20.0,31.59,-2.703,14.45,16.57,1,1,1,0,14,5000,48.0,Urban,1
20.0,29.99,26.99,-4.411,17.17,20.83,1,0,0,0,7,18000,59.3,Urban,1
85.19,80.79,-27.28,1.946,20.37,25.15,1,0,0,1,14,10000,83.2,Urban,0
42.43,43.88,48.95,-3.718,32.16,28.79,1,0,0,1,15,18000,57.0,Urban,1
100.0,99.11,-21.13,1.647,31.62,27.88,1,1,0,1,14,5000,70.8,Semi-Urban,0
36.17,42.64,18.99,-1.808,22.92,26.47,1,0,0,1,8,18000,44.6,Semi-Urban,1
62.89,63.98,2.22,-1.11,20.29,20.69,1,0,0,0,3,30000,80.5,Urban,0
27.28,27.57,29.2,-3.164,21.02,22.12,1,0,0,0,12,10000,54.1,Rural,1
54.31,57.3,28.22,-2.737,18.11,18.7,1,1,1,0,12,75000,94.8,Semi-Urban,1
97.77,94.11,-33.62,2.161,20.34,19.95,1,2,0,0,16,18000,90.9,Semi-Urban,0
100.0,97.78,-29.16,2.157,20.09,21.99,1,1,0,1,14,10000,57.6,Urban,0
78.6,75.88,-25.7,1.921,34.27,35.3,1,1,0,1,16,18000,76.0,Semi-Urban,0
82.35,80.47,-13.48,1.992,26.77,29.7,1,0,0,1,8,10000,41.5,Semi-Urban,0
98.4,95.98,-12.56,2.509,35.98,37.52,1,0,0,0,6,30000,51.0,Urban,0
20.0,27.82,38.45,-3.218,14.13,12.12,1,0,0,0,12,30000,75.5,Rural,1
55.87,56.02,-8.99,2.296,23.24,23.14,1,2,0,1,6,18000,70.1,Semi-Urban,0
79.12,76.16,-20.59,1.793,28.22,28.44,1,0,0,1,13,10000,57.5,Rural,0
96.49,96.1,-9.75,0.645,34.73,30.35,1,0,0,1,16,18000,98.9,Semi-Urban,0
91.42,90.01,-10.91,2.614,33.45,33.4,1,4,0,0,6,30000,93.3,Rural,0
81.95,77.44,-24.76,1.845,20.11,22.28,1,2,0,1,15,30000,79.7,Urban,0
51.24,47.82,-12.91,2.221,31.23,32.5,1,0,0,0,6,30000,88.5,Urban,0
87.67,85.51,-12.92,2.578,31.54,28.89,1,2,0,0,6,10000,64.3,Semi-Urban,0
48.64,45.88,-3.22,0.563,39.54,35.3,1,1,0,0,9,18000,41.8,Rural,0
44.35,52.55,10.03,-5.015,17.97,13.22,1,3,1,0,3,75000,79.5,Rural,1
44.91,40.31,-8.89,2.757,30.84,25.12,1,0,0,1,4,30000,91.4,Semi-Urban,0
43.66,45.05,6.23,-2.475,31.49,27.27,1,0,0,0,5,18000,95.5,Semi-Urban,0
20.0,20.0,15.26,-1.484,22.76,24.18,1,2,1,1,12,30000,88.2,Rural,1
88.4,86.48,-9.85,1.278,26.36,26.39,1,3,0,1,9,30000,70.0,Rural,0
91.44,91.96,-3.42,0.938,25.85,27.48,1,0,0,0,6,18000,70.9,Urban,0
75.46,75.47,-2.2,0.805,21.46,24.5,1,0,0,1,4,5000,64.1,Semi-Urban,0
72.77,75.31,-1.31,0.221,30.52,25.95,1,1,0,0,12,10000,67.0,Rural,0
46.96,51.99,12.33,-2.433,19.69,19.54,1,0,0,0,6,50000,53.9,Semi-Urban,1
50.72,54.18,12.77,-2.156,14.08,15.94,1,2,0,0,8,10000,70.9,Semi-Urban,1
100.0,100.0,-13.69,1.122,40.0,37.14,1,2,0,0,16,30000,59.4,Rural,0
60.53,56.89,-17.18,1.268,24.47,23.74,1,3,0,1,13,18000,43.8,Urban,0
81.28,80.28,-6.59,3.294,35.86,34.2,1,0,0,0,3,10000,69.0,Urban,0
63.34,59.45,-24.04,2.862,31.01,27.82,1,0,0,1,8,5000,68.1,Semi-Urban,0
76.29,72.44,-18.69,2.806,29.83,25.04,1,0,0,1,8,30000,76.5,Rural,0
43.33,37.67,-9.98,4.992,32.52,35.0,1,0,0,0,3,75000,73.7,Semi-Urban,0
66.54,64.33,-6.93,2.177,33.51,40.0,1,0,0,1,4,5000,45.4,Semi-Urban,0
56.54,54.97,-7.28,0.49,26.56,28.5,1,2,0,0,15,18000,82.6,Rural,0
48.01,47.59,-0.83,0.834,0.0,0.0,0,3,0,1,2,75000,42.6,Semi-Urban,1
79.15,79.24,-5.09,1.6,27.51,26.91,1,0,0,0,5,18000,77.7,Rural,0
97.81,91.35,-16.5,2.691,36.15,39.13,1,2,0,0,6,75000,86.7,Rural,0
69.47,69.52,3.92,-1.962,20.73,17.39,1,0,0,0,3,10000,53.2,Rural,0
100.0,99.91,-2.93,0.525,26.9,35.23,1,0,0,0,6,10000,64.9,Rural,0
37.93,39.47,24.02,-3.193,10.73,8.76,1,0,0,0,10,18000,41.8,Urban,1
61.58,64.04,4.14,-2.068,13.78,12.49,1,0,0,0,3,10000,64.4,Semi-Urban,0
62.64,63.55,-5.27,1.158,27.93,27.94,1,2,0,1,8,18000,47.3,Rural,0
45.6,49.96,11.22,-1.467,10.8,15.52,1,0,0,1,8,18000,95.8,Semi-Urban,1
100.0,96.18,-34.78,2.398,28.48,25.45,1,2,0,0,16,10000,49.5,Rural,0
70.69,73.97,22.89,-2.18,16.37,19.73,1,0,0,0,11,18000,65.4,Rural,0
93.26,93.48,-0.58,0.288,23.95,20.29,1,3,0,0,3,50000,81.3,Semi-Urban,0
100.0,99.8,-11.59,1.157,33.32,30.51,1,1,0,1,14,18000,40.0,Semi-Urban,0
21.99,23.82,22.37,-1.489,22.57,23.44,1,0,0,0,14,75000,52.6,Urban,0
100.0,100.0,-28.02,2.491,34.2,32.73,1,3,0,0,14,75000,48.8,Urban,0
42.65,45.36,21.74,-2.054,14.33,11.58,1,1,0,0,12,10000,63.9,Rural,1
63.22,57.93,-20.82,3.037,28.93,26.46,1,1,0,0,8,10000,59.9,Urban,0
58.47,57.25,-16.85,1.816,25.93,22.26,1,0,0,0,11,50000,90.6,Rural,0
79.68,81.25,8.57,-1.304,25.01,28.58,1,0,0,0,7,30000,86.4,Rural,0
91.74,88.09,-10.69,1.775,20.1,21.69,1,0,0,1,7,10000,72.5,Semi-Urban,0
100.0,100.0,-8.87,0.449,31.98,31.62,1,0,0,1,15,10000,82.2,Semi-Urban,0
20.0,21.28,31.21,-3.638,12.19,11.28,1,4,0,0,11,50000,82.1,Urban,1
31.45,33.85,13.16,-1.207,25.38,19.42,1,0,0,1,8,18000,65.7,Rural,1
49.71,51.02,2.61,-1.306,19.56,17.96,1,0,0,0,3,50000,65.8,Rural,0
91.99,90.13,-4.73,2.365,25.91,25.22,1,3,0,1,3,5000,61.8,Urban,0
67.41,67.9,-7.61,0.684,25.11,24.92,1,0,0,0,12,5000,68.0,Semi-Urban,0
66.46,61.74,-19.67,2.483,34.04,39.61,1,3,0,1,8,50000,98.8,Semi-Urban,0
64.07,67.93,13.54,-1.444,25.57,25.99,1,0,0,1,12,10000,62.2,Urban,0
100.0,100.0,-9.96,0.901,36.21,35.57,1,0,0,0,9,75000,45.3,Rural,0
53.49,52.75,22.88,-2.08,26.62,26.83,1,4,1,0,15,30000,86.0,Semi-Urban,1
100.0,99.18,-11.12,1.452,40.0,38.22,1,1,0,0,9,18000,77.9,Urban,0
55.41,58.97,11.76,-2.09,26.47,30.56,1,1,0,0,7,10000,49.8,Semi-Urban,1
82.21,75.25,-22.66,2.569,35.16,29.85,1,1,0,1,8,18000,57.3,Semi-Urban,0
35.81,39.17,10.04,-2.056,30.7,31.06,1,0,0,0,7,30000,63.1,Semi-Urban,0
68.73,64.62,0.8,-1.414,25.33,21.74,1,0,0,0,6,10000,68.3,Semi-Urban,0
31.4,33.6,18.71,-1.203,16.62,26.53,1,0,0,1,15,18000,59.5,Semi-Urban,1
72.05,71.28,20.86,-1.645,6.99,8.86,1,0,0,0,14,75000,98.6,Urban,0
33.47,38.6,17.34,-3.298,22.62,23.35,1,4,1,1,7,50000,47.5,Semi-Urban,1
66.03,70.36,8.66,-8.658,0.0,0.0,0,0,0,0,2,10000,42.5,Rural,1
53.08,57.27,6.39,-2.785,27.49,27.54,1,0,0,0,4,5000,82.2,Urban,0
39.96,43.78,38.01,-3.046,31.23,24.91,1,0,0,0,13,5000,94.3,Semi-Urban,1
35.7,37.99,7.32,-1.61,13.82,10.69,1,0,0,0,5,18000,63.8,Semi-Urban,1
78.45,77.24,-7.36,0.932,29.09,23.78,1,1,0,0,7,50000,78.6,Urban,0
97.5,88.44,-38.72,2.794,29.01,23.24,1,1,0,1,14,10000,75.4,Semi-Urban,0
80.04,84.47,7.03,-2.09,8.56,12.6,1,2,0,1,5,30000,52.1,Urban,1
57.04,57.5,4.12,-2.061,31.13,21.3,1,0,0,1,3,18000,79.0,Semi-Urban,0
87.58,87.69,0.73,-0.364,28.52,20.65,1,2,1,1,3,5000,59.8,Rural,1
31.31,30.62,23.42,-1.554,17.22,24.1,1,0,0,1,15,30000,78.9,Semi-Urban,1
20.0,20.0,16.7,-0.982,17.55,14.19,1,3,1,0,16,10000,61.6,Rural,1
68.3,67.37,-19.8,1.656,27.98,24.31,1,1,0,0,14,50000,48.0,Rural,0
84.98,86.94,6.5,-1.358,22.82,24.54,1,1,1,1,5,30000,78.6,Rural,0
69.61,72.82,6.41,-6.412,0.0,0.0,0,2,0,0,2,30000,53.1,Urban,1
55.4,53.04,-11.11,2.766,22.36,25.53,1,0,0,0,5,50000,82.1,Urban,0
54.84,61.31,14.51,-2.624,24.77,25.84,1,0,0,0,6,30000,67.8,Urban,0
63.62,62.92,-2.17,0.434,27.81,30.65,1,1,1,1,4,10000,47.3,Semi-Urban,0
88.97,87.76,-5.03,0.763,37.88,40.0,1,2,0,1,7,10000,85.8,Semi-Urban,0
20.0,20.0,36.74,-2.875,21.56,25.88,1,4,1,0,16,50000,92.1,Rural,1
65.93,68.53,23.76,-2.054,34.23,29.13,1,0,0,0,14,30000,87.6,Rural,0
56.87,60.2,20.53,-1.798,26.3,29.92,1,0,0,0,11,75000,61.2,Rural,0
66.25,63.18,-15.61,1.741,26.55,24.28,1,4,0,0,11,5000,53.3,Rural,0
50.69,54.43,17.96,-1.186,14.43,19.33,1,0,0,1,13,10000,94.9,Rural,1
66.44,75.95,19.45,-2.868,10.22,14.02,1,1,0,0,7,50000,75.1,Rural,1
48.5,52.27,29.69,-2.253,13.95,11.09,1,0,0,1,16,30000,89.8,Rural,1
58.22,56.63,0.81,-0.49,18.15,25.84,1,0,0,0,4,75000,91.8,Rural,0
20.0,20.94,32.51,-3.227,24.35,25.67,1,2,1,1,13,10000,50.0,Rural,1
39.42,47.5,36.59,-3.515,27.74,25.87,1,0,0,1,10,10000,42.6,Rural,1
72.63,70.19,-5.87,0.686,34.19,36.68,1,3,0,0,10,75000,64.7,Semi-Urban,0
20.0,20.37,35.56,-2.512,29.35,24.16,1,2,1,1,16,30000,40.2,Semi-Urban,1
34.76,34.21,9.2,-1.156,21.26,22.46,1,1,0,1,6,10000,56.9,Urban,1
66.13,64.51,-2.85,1.425,32.53,29.13,1,0,0,1,3,5000,93.7,Rural,0
100.0,99.1,-29.49,2.358,25.05,25.61,1,0,0,1,14,18000,98.3,Urban,0
100.0,100.0,-3.4,0.119,30.86,31.54,1,0,0,1,15,50000,93.9,Rural,0
88.31,86.66,-14.36,1.462,24.03,22.65,1,4,0,0,13,30000,93.8,Semi-Urban,0
83.83,81.9,-5.46,0.896,34.17,35.79,1,2,0,1,6,30000,57.2,Rural,0
23.93,25.68,20.31,-2.501,21.9,20.2,1,1,1,0,10,75000,63.3,Urban,1
20.0,21.43,33.77,-3.258,26.67,28.75,1,1,1,0,11,5000,62.1,Semi-Urban,1
83.06,81.27,-5.6,1.08,32.39,38.81,1,3,0,0,6,50000,74.6,Urban,0
70.21,68.11,-19.24,1.701,29.31,28.09,1,0,0,1,14,10000,40.9,Urban,0
100.0,98.15,-23.13,1.942,40.0,35.38,1,2,0,1,12,18000,85.1,Semi-Urban,0
37.82,34.85,19.18,-2.55,29.65,30.45,1,4,1,1,8,50000,48.9,Urban,1
55.48,53.77,16.47,-1.542,23.75,31.59,1,1,1,0,13,50000,93.7,Urban,0
68.23,67.56,-1.56,0.779,39.16,40.0,1,1,0,0,6,75000,80.7,Semi-Urban,0
88.66,85.09,-6.44,1.483,20.1,18.84,1,0,0,1,5,30000,79.0,Urban,0
75.03,71.9,-16.47,2.587,38.72,39.41,1,0,0,1,8,10000,53.6,Urban,0
59.43,62.35,19.15,-1.821,26.49,26.01,1,1,0,0,12,50000,75.3,Urban,0
58.52,61.07,27.14,-1.808,18.38,24.63,1,0,0,1,16,10000,95.3,Urban,1
39.14,37.77,-4.43,1.838,31.66,28.39,1,0,0,0,4,75000,86.3,Urban,0
87.67,86.63,-15.43,1.862,22.94,24.62,1,0,0,1,9,5000,54.6,Semi-Urban,0
53.14,50.8,-9.35,0.42,23.13,24.43,1,1,0,1,16,10000,62.0,Rural,0
22.04,23.75,16.2,-2.04,20.25,19.29,1,3,1,1,10,18000,61.9,Rural,1
49.83,55.08,25.34,-2.574,31.01,23.77,1,1,1,1,9,18000,84.7,Urban,1
55.31,53.85,1.24,0.016,23.43,23.71,1,0,0,1,6,10000,78.9,Rural,0
33.07,41.15,16.32,-2.866,14.29,6.2,1,4,1,0,6,30000,40.8,Semi-Urban,1
24.98,28.96,25.7,-2.704,23.4,23.94,1,2,0,1,11,5000,60.4,Urban,1
80.94,78.16,-8.23,1.359,28.27,32.89,1,1,0,0,8,50000,87.7,Semi-Urban,0
86.95,85.07,-7.28,1.657,32.67,32.43,1,1,0,0,5,18000,57.8,Urban,0
100.0,100.0,-9.86,1.474,27.14,28.68,1,0,0,1,8,5000,90.9,Rural,0
66.5,64.36,-14.44,1.697,27.56,25.66,1,3,0,0,9,75000,62.7,Rural,0
100.0,99.65,-31.96,2.228,29.23,28.17,1,0,0,0,16,10000,86.6,Semi-Urban,0
51.34,48.74,-8.35,2.419,27.85,27.14,1,0,0,1,5,18000,69.1,Urban,0
79.33,78.62,-4.01,0.76,32.27,30.75,1,3,0,1,6,5000,50.7,Semi-Urban,0
87.0,84.57,-7.73,0.593,20.0,20.18,1,0,0,0,13,50000,91.1,Semi-Urban,0
75.29,69.04,-13.1,1.837,27.33,30.41,1,1,0,1,7,5000,93.2,Semi-Urban,0
56.85,62.76,11.83,-11.829,0.0,0.0,0,1,1,0,2,30000,55.5,Semi-Urban,1
88.93,89.71,1.57,-1.568,0.0,0.0,0,4,0,0,2,30000,51.1,Urban,0
65.28,63.88,-3.5,1.75,36.38,33.4,1,0,0,0,3,75000,68.5,Semi-Urban,0
63.43,58.16,-22.61,2.668,24.94,20.44,1,4,0,1,9,50000,94.1,Urban,0
76.89,72.89,-18.17,2.075,40.0,35.91,1,3,0,1,10,30000,85.3,Semi-Urban,0
70.27,71.02,1.5,-1.503,0.0,0.0,0,0,0,0,2,75000,68.0,Rural,0
20.0,21.64,36.21,-2.307,24.28,27.53,1,0,0,0,16,75000,88.0,Semi-Urban,0
100.0,100.0,-8.28,0.854,17.21,19.72,1,4,0,0,10,10000,40.4,Urban,0
70.96,76.33,12.76,-4.16,27.4,22.29,1,0,0,0,4,5000,64.0,Urban,0
53.39,49.99,-7.98,3.99,30.2,32.93,1,0,0,0,3,50000,71.6,Rural,0
84.84,81.53,-32.11,2.729,20.91,22.53,1,0,0,1,12,18000,91.6,Rural,0
29.0,31.1,33.1,-2.875,29.34,24.75,1,0,0,0,14,10000,78.1,Rural,1
61.46,58.21,-6.93,2.051,36.35,34.21,1,0,0,0,4,75000,51.8,Semi-Urban,0
53.56,62.66,31.09,-4.179,19.27,23.27,1,0,0,0,8,50000,86.1,Rural,1
88.82,87.48,-2.69,2.686,0.0,0.0,0,1,1,0,2,30000,66.4,Semi-Urban,0
100.0,100.0,-15.86,1.266,33.71,29.89,1,1,0,0,14,30000,92.8,Rural,0
57.27,57.42,0.86,0.073,26.23,18.24,1,1,0,0,4,75000,81.3,Urban,0
92.51,90.78,-21.48,2.147,27.55,30.05,1,1,0,1,10,30000,72.7,Semi-Urban,0
73.52,72.96,12.54,-1.111,10.68,10.91,1,1,1,0,15,50000,56.2,Urban,1
20.0,21.86,27.17,-2.142,4.4,10.1,1,0,0,1,15,5000,71.6,Urban,1
44.6,43.09,-1.81,0.245,16.84,16.18,1,1,0,1,6,5000,61.8,Rural,1
45.09,48.51,13.0,-1.584,19.12,23.9,1,0,0,1,10,18000,80.0,Rural,1
58.92,57.76,-0.29,0.348,32.7,36.49,1,0,0,0,6,10000,82.7,Rural,0
78.93,76.52,-12.08,0.92,38.53,40.0,1,2,0,1,13,30000,73.9,Urban,0
96.36,93.74,-15.23,1.651,33.3,34.52,1,0,0,1,10,5000,97.7,Semi-Urban,0
63.37,66.21,13.66,-1.91,19.9,21.31,1,0,0,0,8,10000,63.0,Rural,0
48.16,53.37,22.62,-3.018,10.42,10.79,1,2,1,0,8,50000,71.6,Urban,1
60.53,64.82,20.11,-3.827,12.76,20.58,1,3,0,0,6,5000,43.6,Semi-Urban,1
48.52,46.35,-3.03,0.323,23.58,22.3,1,0,0,0,4,30000,81.6,Rural,0
57.49,60.31,22.21,-1.997,18.97,20.02,1,3,1,0,13,30000,47.2,Semi-Urban,1
81.55,78.68,-3.47,1.395,23.43,29.45,1,2,0,0,5,18000,54.0,Rural,0
100.0,98.82,-18.57,1.876,23.25,27.77,1,0,0,1,12,18000,57.5,Rural,0
57.04,52.97,-17.09,3.081,17.54,19.76,1,0,0,1,7,50000,95.3,Urban,0
93.18,91.81,-10.52,0.943,22.49,23.03,1,0,0,0,9,5000,83.7,Rural,0
46.15,46.27,0.23,-0.226,0.0,0.0,0,0,0,0,2,18000,48.3,Urban,0
70.3,69.23,-17.9,1.431,26.55,23.96,1,0,0,1,14,18000,57.6,Semi-Urban,0
46.53,43.14,-8.96,2.037,34.44,32.03,1,0,0,1,6,30000,84.6,Urban,0
63.45,66.49,23.11,-2.431,8.59,9.99,1,0,0,0,13,30000,46.2,Urban,1
65.41,65.99,-6.59,1.563,24.45,29.26,1,4,0,0,6,10000,83.8,Rural,0
44.01,47.65,7.01,-1.715,8.51,12.69,1,2,0,1,6,18000,72.6,Urban,1
97.53,93.98,-34.69,2.36,29.33,27.29,1,2,0,0,14,10000,59.7,Semi-Urban,0
71.69,74.46,16.38,-2.168,21.54,20.22,1,0,0,0,9,50000,49.8,Semi-Urban,0
36.51,40.43,7.21,-3.607,24.09,24.09,1,0,0,1,3,18000,96.5,Rural,1
23.57,28.15,31.01,-2.943,22.2,22.71,1,1,1,0,10,50000,81.1,Urban,1
96.55,91.66,-12.37,3.425,25.39,30.6,1,0,0,0,5,10000,77.7,Rural,0
63.18,58.8,-14.99,3.108,20.26,20.5,1,4,0,1,6,30000,98.4,Semi-Urban,0
55.41,56.35,1.88,-1.882,0.0,0.0,0,0,0,1,2,18000,75.0,Rural,0
20.0,20.66,22.88,-2.504,23.6,20.62,1,0,0,0,10,75000,54.4,Urban,1
100.0,100.0,-5.59,0.959,27.21,28.03,1,0,0,0,9,18000,95.5,Urban,0
88.83,85.98,-8.35,0.647,21.97,19.8,1,1,0,0,15,18000,57.1,Rural,0
54.43,63.48,29.75,-4.138,22.69,25.4,1,3,0,0,7,30000,65.0,Urban,1
99.3,95.87,-29.36,2.56,37.69,38.44,1,1,0,1,12,30000,52.5,Rural,0
39.36,49.41,32.63,-3.691,18.2,25.01,1,0,0,0,9,30000,40.5,Urban,1
41.79,41.25,0.25,-0.125,27.56,26.14,1,2,1,0,3,5000,59.0,Rural,1
24.73,30.18,24.36,-3.325,25.17,25.85,1,0,0,0,8,30000,60.3,Rural,1
20.0,20.03,15.73,-1.434,18.82,22.12,1,0,0,0,13,5000,88.5,Semi-Urban,0
98.04,94.74,-12.12,2.102,28.96,27.57,1,0,0,0,7,75000,81.7,Rural,0
91.2,88.33,-8.91,2.194,36.46,34.43,1,0,0,1,6,10000,97.6,Semi-Urban,0
62.8,58.82,-22.23,2.202,26.24,21.05,1,0,0,1,10,10000,67.3,Rural,0
82.83,89.65,14.09,-3.784,12.76,15.76,1,0,0,1,4,10000,51.8,Rural,1
46.82,45.0,-6.54,0.652,31.14,25.39,1,0,0,1,9,10000,73.5,Rural,1
61.17,72.13,17.35,-3.33,24.34,25.18,1,3,1,0,6,18000,60.6,Urban,1
64.48,69.99,19.59,-1.96,26.59,29.19,1,3,1,1,9,30000,77.0,Urban,1
37.17,38.72,10.26,-1.542,12.77,16.01,1,0,0,0,9,10000,85.6,Rural,1
100.0,100.0,-10.57,1.176,21.06,22.37,1,3,0,0,13,50000,75.8,Semi-Urban,0
43.47,41.82,-7.08,0.832,25.99,25.44,1,0,0,0,7,18000,85.6,Semi-Urban,0
68.96,65.29,-22.01,2.423,22.62,22.22,1,4,0,0,10,75000,78.7,Rural,0
20.0,20.0,17.75,-2.486,14.27,15.52,1,0,0,1,10,18000,42.2,Semi-Urban,1
68.95,66.32,-8.96,2.176,31.81,32.82,1,0,0,1,5,10000,49.8,Urban,0
86.16,86.1,-3.93,0.734,40.0,38.09,1,3,0,0,8,5000,48.8,Urban,0
86.43,87.2,2.51,-1.148,15.66,16.57,1,1,1,1,4,30000,96.0,Rural,1
27.21,31.69,13.49,-1.09,13.14,11.08,1,1,1,0,10,30000,66.7,Rural,1
100.0,100.0,-9.84,0.884,38.53,36.73,1,3,0,0,14,30000,84.7,Urban,0
61.32,56.94,-19.28,2.24,40.0,40.0,1,0,0,0,9,5000,80.4,Rural,0
66.06,67.01,1.89,-1.887,0.0,0.0,0,3,0,0,2,10000,86.8,Urban,0
54.78,55.02,1.48,0.15,33.13,31.59,1,0,0,0,5,10000,61.2,Rural,0
83.04,85.02,3.94,-3.943,0.0,0.0,0,4,1,1,2,10000,76.1,Semi-Urban,1
46.3,50.82,9.04,-9.045,0.0,0.0,0,0,0,1,2,75000,77.8,Rural,1
79.77,78.87,-12.37,1.701,32.13,34.82,1,0,0,1,9,5000,86.5,Semi-Urban,0
96.21,91.78,-15.31,2.647,17.0,20.66,1,0,0,0,7,18000,77.0,Rural,0
82.22,79.83,-7.79,1.089,19.45,21.73,1,0,0,1,6,18000,87.9,Urban,0
44.07,49.38,17.98,-3.266,32.61,30.22,1,0,0,1,8,10000,42.5,Urban,1
60.82,54.84,-26.16,3.613,30.66,28.88,1,1,0,0,8,18000,54.0,Rural,0
48.72,56.6,10.85,-5.427,19.73,17.18,1,0,0,1,3,10000,72.1,Rural,1
59.07,60.01,-4.01,0.711,33.66,35.47,1,0,0,1,9,50000,57.3,Rural,0
85.36,83.07,-4.6,0.459,35.22,36.56,1,0,0,1,9,50000,75.6,Rural,0
22.89,25.17,19.78,-1.907,10.58,12.48,1,0,0,0,15,50000,69.6,Rural,1
58.76,58.7,-4.53,0.778,35.57,30.29,1,1,0,1,15,5000,51.0,Semi-Urban,0
95.38,93.63,-26.46,2.208,39.57,37.61,1,1,0,1,13,18000,55.0,Rural,0
54.09,51.68,-11.41,1.45,24.8,26.52,1,0,0,0,10,30000,66.0,Semi-Urban,0
65.78,59.07,-20.96,2.137,31.31,35.51,1,0,0,0,9,50000,91.0,Rural,0
91.27,90.84,-12.66,0.972,28.14,26.69,1,4,0,0,14,75000,98.8,Rural,0
57.59,54.19,-9.6,3.436,31.76,36.55,1,2,0,1,4,75000,56.0,Rural,0
61.56,60.9,-8.64,0.772,32.17,32.55,1,4,0,0,13,10000,80.1,Urban,0
68.51,73.0,8.04,-4.021,21.38,11.63,1,1,1,0,3,30000,62.8,Urban,1
59.18,60.64,2.91,-2.905,0.0,0.0,0,4,0,0,2,10000,53.1,Urban,1
64.81,67.1,30.45,-3.29,17.06,9.65,1,1,0,1,10,50000,68.1,Rural,1
46.99,47.87,16.93,-2.378,32.7,32.5,1,4,1,1,9,18000,52.9,Urban,1
60.54,59.63,-1.82,1.819,0.0,0.0,0,2,0,1,2,30000,63.6,Rural,0
71.6,68.0,-35.16,2.203,29.63,35.49,1,3,0,0,16,30000,84.4,Rural,0
74.24,76.04,15.82,-2.444,25.44,27.74,1,0,0,1,8,30000,81.9,Urban,0
83.18,78.17,-31.08,2.976,31.13,22.43,1,3,0,1,11,10000,90.7,Urban,0
69.62,74.66,9.29,-3.313,32.66,24.55,1,4,0,0,4,50000,89.6,Semi-Urban,0
53.47,52.44,-16.13,1.304,28.74,31.4,1,1,0,0,14,18000,84.1,Semi-Urban,0
71.61,76.17,22.05,-3.297,31.46,28.82,1,1,1,0,7,18000,46.8,Urban,1
100.0,100.0,-12.24,0.845,35.96,36.24,1,0,0,0,16,5000,52.5,Rural,0
66.42,64.72,-18.68,2.11,38.33,33.15,1,0,0,1,10,18000,95.1,Urban,0
100.0,100.0,-6.33,0.616,37.46,37.89,1,0,0,0,12,50000,46.9,Semi-Urban,0
100.0,100.0,-6.95,0.389,29.99,30.35,1,0,0,0,16,10000,73.9,Semi-Urban,0
77.11,76.13,-0.97,-0.153,30.7,27.06,1,1,1,0,4,18000,87.3,Rural,0
85.42,81.84,-11.25,1.199,31.22,30.25,1,1,0,0,8,30000,56.8,Urban,0
41.62,38.28,-8.95,2.555,32.38,36.75,1,4,0,1,4,5000,56.9,Rural,1
99.1,96.62,-4.76,2.121,32.97,31.72,1,2,0,0,4,30000,63.3,Semi-Urban,0
20.0,21.21,20.43,-1.925,29.06,30.37,1,1,0,0,14,18000,60.4,Rural,1
20.0,21.51,30.98,-2.467,15.99,16.64,1,0,0,0,15,10000,64.2,Urban,1
79.8,78.51,-12.27,1.327,24.46,24.38,1,4,0,0,10,5000,66.0,Semi-Urban,0
70.82,76.23,11.63,-3.668,26.96,25.75,1,3,1,1,4,18000,48.2,Urban,1
94.57,90.91,-6.63,1.92,30.95,29.23,1,0,0,1,4,30000,55.7,Urban,0
96.64,92.7,-7.2,2.685,26.01,25.02,1,0,0,0,4,30000,74.4,Urban,0
100.0,99.72,-15.8,1.463,24.15,28.29,1,0,0,1,11,18000,83.3,Semi-Urban,0
20.29,22.13,33.97,-3.092,22.07,16.34,1,2,0,1,12,5000,70.1,Rural,1
91.62,89.36,-2.0,0.737,33.37,31.69,1,0,0,0,4,18000,66.3,Urban,0
100.0,96.62,-20.55,2.045,38.01,33.51,1,1,0,0,10,10000,80.1,Semi-Urban,0
75.92,73.4,-15.98,2.179,35.18,33.17,1,2,0,0,9,10000,69.4,Semi-Urban,0
97.36,92.04,-13.15,4.294,29.98,35.89,1,1,0,0,4,18000,96.5,Rural,0
20.0,23.18,35.22,-3.112,27.84,25.48,1,3,1,0,13,18000,84.7,Urban,1
41.54,44.79,-0.07,-0.115,29.46,26.38,1,1,1,1,5,75000,70.7,Semi-Urban,1
28.93,32.87,46.38,-3.463,26.61,24.21,1,0,0,0,15,75000,74.8,Urban,0
97.65,92.59,-17.06,1.784,22.68,23.24,1,0,0,0,9,10000,59.1,Semi-Urban,0
34.85,40.15,25.61,-1.544,28.35,23.49,1,0,0,1,14,30000,59.3,Urban,1
74.34,78.93,20.46,-3.217,14.63,12.03,1,0,0,0,7,75000,49.6,Semi-Urban,1
93.93,90.75,-4.97,2.485,23.69,25.39,1,4,0,1,3,10000,56.2,Semi-Urban,1
83.39,80.6,-19.21,1.426,25.0,18.1,1,3,0,0,14,10000,86.3,Semi-Urban,0
100.0,100.0,-5.93,0.267,26.47,24.52,1,2,0,1,15,30000,77.7,Urban,0
48.81,49.96,38.78,-2.709,25.26,24.97,1,1,1,1,15,18000,98.5,Semi-Urban,1
47.62,48.22,13.45,-1.466,21.33,25.03,1,0,0,1,12,30000,55.0,Rural,1
39.46,40.56,2.22,-2.218,0.0,0.0,0,0,0,0,2,18000,55.9,Semi-Urban,1
95.45,93.26,-16.01,2.082,31.47,33.7,1,1,0,0,9,18000,48.4,Rural,0
62.64,59.45,-17.77,1.275,24.06,27.48,1,1,0,0,15,50000,74.3,Rural,0
66.32,69.36,6.08,-6.085,0.0,0.0,0,0,0,1,2,10000,42.9,Semi-Urban,1
48.56,49.16,16.14,-1.025,28.01,26.49,1,2,0,0,13,10000,44.2,Semi-Urban,1
94.93,92.37,-18.42,1.195,33.27,38.92,1,4,0,1,16,18000,92.1,Semi-Urban,0
78.9,77.83,-1.45,0.725,25.99,22.95,1,0,0,1,3,50000,80.8,Rural,0
21.97,22.17,10.86,-1.631,17.26,12.66,1,1,0,0,11,10000,43.1,Semi-Urban,1
60.69,66.93,10.69,-3.589,16.99,14.24,1,0,0,0,4,75000,87.2,Rural,0
100.0,99.89,-20.46,2.65,40.0,33.62,1,0,0,0,11,30000,73.9,Rural,0
88.07,83.3,-16.94,1.923,30.54,30.17,1,1,0,1,10,30000,98.7,Rural,0
77.38,75.93,-9.23,1.445,24.31,26.0,1,0,0,1,9,30000,59.4,Urban,0
54.64,56.33,-5.6,0.637,22.22,21.82,1,0,0,0,14,30000,46.8,Rural,0
93.4,91.33,-20.64,1.517,28.41,27.79,1,0,0,1,15,5000,44.9,Urban,0
44.77,49.69,40.98,-3.434,35.77,30.18,1,4,0,1,13,30000,73.9,Urban,1
44.24,44.55,5.4,-1.31,25.36,29.08,1,2,1,0,5,50000,50.4,Rural,1
49.37,50.49,2.25,-2.245,0.0,0.0,0,0,0,1,2,75000,64.7,Urban,0
100.0,100.0,-6.74,0.602,25.99,19.5,1,2,0,0,10,30000,91.2,Rural,0
73.07,67.25,-9.86,1.597,28.95,28.91,1,1,0,1,7,5000,55.1,Rural,0
90.31,88.5,-13.86,1.018,19.39,27.0,1,0,0,0,14,10000,93.0,Rural,0
98.5,96.39,-14.63,1.083,27.35,27.28,1,1,0,0,14,18000,46.3,Rural,0
100.0,100.0,-10.75,0.921,25.07,24.03,1,0,0,0,11,50000,60.2,Urban,0
20.0,21.57,24.41,-2.338,14.24,18.13,1,0,0,1,13,10000,67.2,Urban,1
62.93,60.5,-4.87,4.872,0.0,0.0,0,0,0,1,2,50000,64.6,Urban,0
100.0,97.72,-7.55,1.911,27.27,33.06,1,2,0,0,6,50000,41.3,Urban,0
36.0,35.06,10.08,-1.355,15.86,16.45,1,4,0,0,11,75000,86.5,Rural,1
100.0,100.0,-17.3,1.308,28.07,29.04,1,0,0,1,14,30000,81.4,Rural,0
60.13,56.93,-19.62,1.891,33.38,36.97,1,2,0,1,13,18000,45.6,Urban,0
55.18,59.48,8.61,-8.611,0.0,0.0,0,3,0,1,2,10000,86.5,Semi-Urban,1
52.38,61.61,29.35,-3.672,29.79,24.56,1,0,0,0,8,50000,84.3,Rural,0
20.0,20.87,18.04,-2.294,20.98,14.0,1,0,0,0,10,18000,78.6,Rural,1
20.0,20.0,20.83,-1.719,7.82,10.15,1,0,0,0,15,75000,61.3,Urban,1
100.0,98.29,-8.58,2.321,28.6,23.87,1,3,0,0,5,18000,60.4,Urban,0
70.84,68.13,-11.93,0.786,36.33,37.41,1,1,0,1,11,50000,48.9,Semi-Urban,0
20.0,28.77,31.1,-4.183,28.99,31.92,1,4,1,0,8,10000,40.0,Rural,1
74.56,73.61,-3.91,0.812,33.34,33.57,1,1,0,1,8,5000,79.6,Rural,0
58.2,56.87,-2.74,0.881,21.75,17.89,1,0,0,1,8,75000,53.2,Urban,0
100.0,100.0,-3.69,0.499,38.49,36.36,1,0,0,1,13,18000,83.2,Rural,0
73.73,77.64,7.8,-1.862,33.58,27.56,1,0,0,1,6,10000,64.5,Rural,0
33.58,37.58,13.91,-1.612,25.99,24.07,1,0,0,0,9,5000,75.2,Semi-Urban,0
80.66,77.52,-30.83,2.563,33.54,32.45,1,0,0,1,13,10000,51.6,Semi-Urban,0
78.49,83.36,19.27,-3.561,10.78,11.72,1,1,0,0,6,30000,78.4,Rural,1
63.4,57.67,-26.5,2.212,29.63,28.5,1,0,0,1,11,10000,76.6,Urban,0
46.46,46.99,1.06,-1.063,0.0,0.0,0,1,0,0,2,30000,95.8,Urban,0
52.5,50.37,-17.37,1.284,23.96,23.1,1,2,0,0,15,10000,48.3,Rural,1
82.94,81.12,-4.52,1.688,19.66,27.45,1,0,0,0,5,30000,93.6,Urban,0
44.01,43.53,-0.97,0.968,0.0,0.0,0,0,0,0,2,18000,71.8,Rural,0
100.0,96.86,-11.51,1.518,25.82,25.99,1,0,0,0,8,18000,55.9,Rural,0
100.0,100.0,-17.58,1.523,28.35,28.57,1,1,0,1,13,75000,73.8,Semi-Urban,0
69.78,64.36,-10.05,3.064,40.0,37.26,1,2,0,1,4,5000,50.2,Semi-Urban,0
39.41,39.59,0.35,-0.346,0.0,0.0,0,2,0,1,2,50000,72.0,Rural,1
56.05,58.45,4.79,-4.795,0.0,0.0,0,0,0,0,2,30000,82.4,Rural,0
51.07,48.25,-12.45,1.038,35.89,35.75,1,2,0,0,14,18000,42.5,Semi-Urban,0
64.25,73.21,22.88,-3.063,27.17,25.51,1,0,0,1,7,10000,83.9,Rural,1
100.0,98.23,-21.63,2.457,24.41,25.07,1,0,0,1,10,5000,52.0,Semi-Urban,0
68.57,66.76,-29.76,1.911,28.47,32.94,1,1,0,1,16,5000,86.9,Urban,0
65.66,63.12,-21.21,1.825,37.75,36.43,1,1,0,0,13,50000,68.5,Rural,0
84.95,83.51,-3.78,1.01,40.0,40.0,1,1,0,1,4,75000,68.0,Semi-Urban,0
81.11,79.83,-17.71,1.326,29.58,29.95,1,0,0,0,13,10000,63.5,Urban,0
62.07,69.29,16.48,-2.778,26.2,31.14,1,1,1,0,6,5000,69.7,Rural,1
67.65,63.74,-4.51,1.075,33.97,36.33,1,1,0,1,5,50000,72.6,Semi-Urban,0
63.95,64.96,-0.38,0.318,31.86,26.15,1,0,0,0,7,75000,79.2,Rural,0
100.0,100.0,-10.99,0.748,22.26,23.78,1,3,0,1,14,75000,59.6,Semi-Urban,0
20.0,20.02,13.11,-1.675,15.7,17.91,1,1,0,0,11,10000,84.9,Semi-Urban,1
89.78,82.08,-13.91,4.511,25.09,25.71,1,2,0,1,4,50000,82.8,Rural,0
87.56,83.48,-20.49,1.857,20.33,23.03,1,0,0,1,9,10000,54.4,Urban,0
72.24,69.05,-8.8,2.155,25.47,26.24,1,0,0,0,5,30000,89.3,Urban,0
100.0,100.0,-11.56,0.949,31.62,27.99,1,1,0,0,12,10000,66.8,Rural,0
40.54,45.35,6.4,-1.125,22.57,23.54,1,1,0,1,6,50000,46.7,Semi-Urban,1
29.41,30.61,26.05,-1.997,19.1,13.16,1,0,0,1,16,10000,62.7,Semi-Urban,1
30.43,34.69,19.0,-1.235,9.3,13.73,1,1,1,0,13,5000,68.3,Urban,1
31.49,33.46,12.0,-2.387,21.62,20.68,1,3,0,1,9,18000,65.4,Rural,1
63.94,66.52,14.26,-1.59,27.15,26.72,1,4,0,1,12,18000,61.0,Urban,1
74.27,69.77,-19.11,2.334,23.7,22.31,1,1,0,0,8,50000,67.5,Rural,0
85.14,83.78,-4.77,1.678,40.0,37.61,1,1,0,0,4,5000,47.5,Rural,0
60.3,56.06,-10.93,1.847,36.76,28.81,1,0,0,1,7,18000,65.2,Urban,0
69.52,72.02,4.99,-4.994,0.0,0.0,0,2,0,0,2,10000,61.7,Rural,1
27.19,32.55,10.36,-2.743,13.59,12.57,1,0,0,1,4,5000,63.6,Semi-Urban,1
28.41,30.5,58.67,-3.84,22.83,18.32,1,0,0,0,16,10000,87.5,Rural,1
70.11,69.64,-29.74,2.914,29.27,31.56,1,3,0,1,13,5000,46.8,Semi-Urban,1
29.68,30.92,39.65,-3.3,15.79,19.79,1,3,1,0,14,18000,45.2,Rural,1
80.48,80.01,-20.37,1.916,26.76,29.39,1,0,0,1,13,5000,83.9,Urban,0
60.22,59.79,-8.45,2.349,30.94,35.02,1,0,0,1,6,10000,65.4,Semi-Urban,0
70.01,71.95,-0.47,0.509,40.0,38.92,1,0,0,0,8,10000,79.5,Urban,0
56.11,59.15,19.95,-1.498,23.23,27.34,1,1,0,0,14,50000,54.9,Rural,0
66.05,64.81,-6.55,1.675,30.57,27.22,1,0,0,1,5,30000,72.4,Rural,0
49.21,51.3,4.42,-2.208,14.95,19.43,1,1,1,1,3,30000,59.5,Semi-Urban,1
70.37,75.56,24.2,-1.554,17.36,16.73,1,0,0,0,16,18000,98.2,Urban,0
71.13,67.22,-7.92,1.734,30.47,30.94,1,0,0,0,6,10000,75.9,Semi-Urban,0
23.84,24.02,22.67,-1.647,20.97,28.1,1,0,0,0,16,10000,58.7,Urban,1
20.0,22.69,41.12,-3.766,9.52,12.75,1,1,0,0,13,75000,71.8,Urban,1
46.84,45.58,-9.76,1.063,28.97,29.48,1,0,0,0,12,18000,93.8,Semi-Urban,0
48.81,48.23,-10.25,1.733,22.79,21.28,1,1,0,0,9,10000,51.9,Rural,0
100.0,98.31,-6.46,1.369,21.9,21.73,1,3,0,1,6,10000,82.7,Rural,1
71.51,77.51,17.57,-1.519,13.98,14.76,1,1,1,0,13,18000,79.9,Rural,1
100.0,98.88,-17.77,1.934,32.08,27.32,1,0,0,1,11,50000,93.8,Semi-Urban,0
58.05,53.95,-19.1,1.393,23.53,25.14,1,0,0,1,13,30000,44.7,Rural,0
99.48,92.4,-35.32,2.613,38.49,37.89,1,0,0,0,13,18000,66.2,Rural,0
69.01,66.99,-16.25,2.829,30.53,31.6,1,0,0,0,8,30000,49.0,Semi-Urban,0
100.0,100.0,-28.17,1.896,35.2,36.39,1,0,0,0,15,30000,46.8,Semi-Urban,0
31.46,35.65,17.18,-1.537,28.16,26.9,1,0,0,0,10,18000,96.0,Rural,0
45.12,45.59,0.95,-0.95,0.0,0.0,0,1,1,0,2,5000,92.5,Rural,1
96.06,94.42,-13.28,2.069,24.03,24.63,1,0,0,0,10,30000,72.2,Semi-Urban,0
23.71,26.21,20.29,-1.282,17.23,14.33,1,0,0,1,15,30000,52.9,Rural,1
87.24,87.84,-15.8,1.28,20.34,25.24,1,0,0,0,15,5000,78.2,Rural,0
58.36,57.51,-15.03,1.311,26.31,29.83,1,0,0,0,13,30000,64.9,Rural,0
68.0,63.04,-22.47,1.884,24.88,28.12,1,4,0,0,12,30000,70.4,Urban,0
30.92,34.03,9.76,-1.971,11.56,12.13,1,1,0,1,7,10000,52.1,Rural,1
38.73,45.43,34.89,-3.231,13.51,14.87,1,0,0,1,10,18000,90.1,Urban,1
20.0,24.43,16.23,-3.14,12.42,13.85,1,0,0,0,6,18000,57.5,Rural,1
69.44,67.07,-5.14,0.867,31.53,34.65,1,0,0,0,5,75000,56.2,Semi-Urban,0
74.35,77.06,23.79,-2.15,26.11,30.54,1,2,0,1,12,10000,82.9,Rural,1
100.0,100.0,-17.48,1.47,31.27,28.99,1,0,0,1,13,10000,53.3,Rural,0
78.0,73.19,-13.07,2.789,22.04,28.62,1,0,0,0,6,50000,66.5,Urban,0
65.05,61.02,-9.47,0.919,33.08,32.75,1,1,0,0,8,50000,62.9,Urban,0
27.65,36.8,37.17,-2.617,13.49,12.22,1,0,0,1,14,10000,46.4,Semi-Urban,1
25.29,29.84,18.13,-2.806,25.49,24.61,1,0,0,0,8,18000,49.8,Urban,1
60.26,56.62,-15.26,0.864,27.24,27.69,1,1,0,0,16,50000,52.5,Rural,0
51.12,50.35,0.49,-0.243,37.51,33.86,1,0,0,1,3,30000,97.8,Urban,0
48.23,49.55,47.44,-3.594,23.04,24.35,1,1,1,1,15,5000,80.7,Semi-Urban,1
46.28,54.94,15.6,-4.865,25.36,26.12,1,3,1,1,4,18000,92.9,Rural,1
58.89,58.98,0.18,-0.181,0.0,0.0,0,0,0,1,2,5000,46.3,Rural,1
98.44,97.73,-14.44,0.954,36.79,38.51,1,1,0,0,16,18000,63.9,Rural,0
100.0,97.39,-4.73,0.915,33.83,30.9,1,0,0,1,7,75000,98.2,Urban,0
47.4,45.89,-4.07,1.003,26.96,19.65,1,0,0,0,5,18000,93.5,Urban,0
67.89,65.28,-11.15,1.608,25.05,27.81,1,0,0,1,7,30000,49.5,Rural,0
96.69,94.75,-27.15,1.889,36.43,34.79,1,1,0,0,16,50000,77.0,Urban,0
97.76,92.15,-43.01,2.924,19.83,22.59,1,0,0,1,15,50000,46.5,Rural,0
59.51,56.82,-14.57,1.416,40.0,39.86,1,0,0,0,11,50000,49.6,Rural,0
35.16,37.91,14.74,-0.951,16.89,18.92,1,1,1,0,13,18000,41.2,Semi-Urban,1
100.0,100.0,-10.44,1.127,36.71,34.87,1,1,0,1,11,75000,98.6,Urban,0
91.82,87.98,-13.15,1.212,36.7,33.29,1,0,0,0,11,18000,95.8,Semi-Urban,0
81.7,82.42,11.77,-1.848,23.17,23.34,1,0,0,0,7,5000,98.2,Rural,0
72.43,72.86,0.85,-0.849,0.0,0.0,0,2,1,1,2,18000,66.8,Semi-Urban,1
45.62,48.64,6.11,-0.845,17.37,20.74,1,0,0,1,5,5000,72.3,Urban,1
55.99,54.54,-11.08,1.489,25.41,30.99,1,1,0,1,9,10000,49.2,Urban,1
58.12,63.19,12.59,-2.529,13.01,15.47,1,2,0,0,6,75000,82.8,Semi-Urban,1
65.79,64.6,-3.63,0.98,34.36,39.42,1,0,0,0,5,18000,66.2,Urban,0
100.0,97.96,-30.75,2.662,37.94,38.22,1,1,0,1,13,10000,57.5,Rural,0
52.72,50.1,-5.7,2.026,25.04,29.44,1,0,0,1,4,50000,86.3,Rural,0
81.52,83.17,3.31,-3.306,0.0,0.0,0,4,1,0,2,30000,62.3,Rural,1
55.29,54.0,-17.7,1.061,31.75,36.89,1,0,0,0,15,30000,62.2,Rural,0
90.66,88.0,-22.15,2.022,39.48,30.71,1,1,0,0,11,75000,83.1,Semi-Urban,0
83.66,80.24,-14.51,1.853,23.27,26.23,1,2,0,1,8,10000,47.7,Semi-Urban,0
100.0,99.63,-22.99,2.133,24.5,24.7,1,1,0,0,14,75000,85.7,Rural,0
83.78,86.0,6.71,-1.545,28.32,23.79,1,0,0,1,6,50000,78.8,Rural,0
95.48,91.72,-12.13,2.652,18.99,28.23,1,0,0,0,5,50000,68.6,Urban,0
100.0,99.05,-16.16,1.727,23.79,28.1,1,0,0,0,12,30000,42.9,Semi-Urban,0
54.94,54.9,-2.82,1.41,24.34,29.46,1,1,0,0,3,5000,75.1,Rural,0
87.29,84.94,-4.38,1.421,27.02,25.69,1,3,0,1,4,50000,41.0,Urban,0
71.23,68.48,-13.67,1.829,32.63,27.18,1,0,0,1,7,18000,67.1,Semi-Urban,0
54.95,56.71,26.42,-2.035,20.86,24.3,1,2,1,0,12,18000,71.0,Semi-Urban,1
35.03,41.58,5.98,-1.768,24.75,23.96,1,2,1,1,5,10000,85.1,Semi-Urban,1
22.36,27.14,21.84,-1.603,21.46,25.39,1,0,0,1,12,5000,89.2,Urban,1
88.94,89.27,-1.44,0.507,31.22,32.11,1,0,0,1,6,30000,91.2,Urban,0
50.57,48.48,-7.19,1.393,32.93,32.18,1,1,0,1,6,5000,73.6,Rural,0
100.0,100.0,-12.99,0.72,21.07,25.97,1,0,0,0,16,18000,79.7,Semi-Urban,0
100.0,100.0,-11.75,0.885,37.18,40.0,1,1,0,0,16,50000,87.3,Rural,0
66.35,67.88,3.06,-3.062,0.0,0.0,0,1,0,1,2,10000,67.2,Rural,1
75.89,69.84,-23.17,1.592,38.35,40.0,1,0,0,0,15,18000,52.4,Semi-Urban,0
81.05,83.35,-4.39,1.232,31.12,27.14,1,0,0,0,6,18000,49.3,Semi-Urban,0
46.91,45.75,-7.6,1.089,23.1,23.11,1,4,0,0,10,10000,90.1,Urban,1
28.69,37.43,34.8,-3.154,25.28,24.83,1,4,1,1,11,18000,50.1,Semi-Urban,1
58.19,54.64,-9.4,1.026,40.0,38.09,1,0,0,0,8,30000,61.2,Urban,0
30.08,34.18,25.61,-2.372,18.02,20.61,1,1,1,1,10,30000,41.2,Urban,1
74.52,70.94,-19.7,2.208,33.09,29.87,1,3,0,0,11,30000,89.4,Rural,0
67.08,66.88,-0.4,0.399,0.0,0.0,0,0,0,0,2,75000,71.3,Rural,0
86.91,86.22,-1.04,0.743,28.13,30.58,1,4,0,0,4,18000,94.2,Urban,0
100.0,100.0,-8.46,0.292,29.77,24.43,1,2,0,1,16,30000,41.7,Rural,0
69.87,70.04,0.34,-0.338,0.0,0.0,0,3,0,0,2,50000,87.0,Semi-Urban,0
72.15,71.52,-23.14,2.899,40.0,37.72,1,0,0,1,10,50000,46.0,Urban,0
20.0,23.99,26.0,-3.419,14.98,21.29,1,0,0,0,9,18000,53.4,Rural,1
39.38,40.99,3.22,-3.221,0.0,0.0,0,1,0,0,2,30000,83.4,Semi-Urban,0
64.78,63.9,12.0,-1.253,20.81,26.82,1,0,0,1,11,30000,47.3,Rural,1
100.0,98.98,-1.76,0.585,32.86,34.35,1,1,0,0,8,18000,85.3,Rural,0
74.98,67.57,-31.62,1.929,29.78,31.45,1,4,0,1,16,30000,78.4,Rural,0
34.51,32.48,1.46,-0.304,19.58,17.4,1,1,1,0,6,18000,61.6,Urban,1
95.43,93.84,-10.98,1.387,22.03,21.05,1,0,0,0,9,10000,63.0,Rural,0
29.94,38.25,21.43,-1.232,11.95,11.89,1,0,0,0,14,50000,79.3,Semi-Urban,1
71.82,68.12,-10.28,2.781,40.0,39.26,1,0,0,1,5,5000,82.8,Rural,0
74.13,74.45,-7.07,1.026,14.4,20.52,1,4,0,1,13,18000,93.2,Urban,1
50.16,56.1,41.48,-2.741,26.69,24.35,1,0,0,0,15,75000,81.6,Rural,0
56.01,59.94,7.86,-7.862,0.0,0.0,0,0,0,1,2,30000,75.8,Rural,1
50.25,56.19,32.59,-2.389,29.51,27.74,1,0,0,0,15,18000,81.6,Semi-Urban,0
64.26,61.81,-23.08,1.279,27.04,27.14,1,0,0,0,16,10000,72.1,Urban,0
48.18,46.22,-10.06,2.694,36.72,38.39,1,0,0,1,5,10000,42.2,Semi-Urban,1
64.58,62.73,-4.25,2.126,32.6,32.96,1,0,0,1,3,10000,49.1,Semi-Urban,0
59.39,65.42,21.43,-3.505,27.23,25.48,1,0,0,0,7,5000,60.9,Semi-Urban,1
49.32,49.06,-0.51,0.506,0.0,0.0,0,2,0,1,2,75000,98.0,Rural,1
67.18,71.78,28.44,-1.66,17.61,12.7,1,4,0,1,16,30000,73.4,Semi-Urban,1
35.99,33.57,-4.84,4.84,0.0,0.0,0,0,0,1,2,75000,80.1,Urban,0
64.84,65.44,1.19,-1.195,0.0,0.0,0,0,0,0,2,30000,83.4,Rural,0
40.6,43.81,7.05,-1.85,10.61,11.57,1,0,0,0,6,10000,70.9,Urban,1
48.51,45.47,-0.54,-0.045,28.31,24.29,1,0,0,1,6,30000,63.3,Urban,0
91.89,89.97,-3.66,1.831,34.6,35.91,1,0,0,1,3,5000,76.8,Urban,0
59.99,53.78,-11.94,2.759,28.67,32.98,1,0,0,1,5,18000,70.9,Urban,0
100.0,96.2,-37.34,2.772,34.58,34.88,1,0,0,0,14,5000,71.8,Rural,0
80.34,81.23,1.78,-1.776,0.0,0.0,0,2,0,1,2,30000,53.9,Rural,1
85.95,86.57,-3.86,0.542,35.24,37.16,1,0,0,1,14,30000,61.3,Rural,0
44.87,44.29,14.42,-1.66,7.57,16.18,1,3,1,0,11,30000,94.4,Urban,1
92.81,92.36,-13.41,1.361,29.85,31.18,1,0,0,1,12,50000,97.4,Urban,0
43.41,45.57,3.49,-0.502,35.76,31.57,1,0,0,1,6,5000,70.6,Urban,1
83.81,82.98,-10.61,0.898,38.52,34.75,1,1,0,0,13,50000,83.0,Semi-Urban,0
88.81,85.92,-8.94,1.844,23.81,28.14,1,0,0,1,6,30000,54.3,Urban,0
52.85,55.35,-4.31,0.648,38.3,40.0,1,1,0,0,10,75000,65.4,Urban,0
57.84,55.02,-11.2,2.566,32.94,33.51,1,0,0,1,5,18000,66.2,Rural,0
34.92,39.09,6.48,-2.434,23.34,18.48,1,0,0,0,4,10000,41.6,Rural,1
75.58,72.66,-16.58,1.169,38.07,35.95,1,1,0,0,13,18000,54.9,Semi-Urban,0
35.39,34.77,-1.25,1.247,0.0,0.0,0,1,0,0,2,75000,95.6,Rural,0
62.48,63.15,15.87,-1.45,18.1,19.12,1,0,0,1,13,30000,75.1,Semi-Urban,0
79.18,77.07,-26.04,1.86,33.98,34.83,1,3,0,0,16,50000,98.8,Rural,0
32.19,34.79,4.07,-2.037,28.88,26.35,1,0,0,1,3,18000,96.6,Semi-Urban,1
71.76,71.02,-6.75,1.95,26.52,28.25,1,0,0,1,5,30000,49.5,Semi-Urban,0
76.8,79.94,9.99,-2.753,18.91,20.91,1,0,0,1,5,10000,60.3,Urban,0
29.21,29.63,32.8,-3.017,19.77,21.59,1,0,0,0,12,18000,66.9,Rural,1
70.57,78.04,11.2,-5.598,11.59,13.37,1,0,0,0,3,30000,48.5,Rural,1
20.0,21.8,29.38,-3.711,6.92,11.39,1,1,1,0,10,10000,42.5,Rural,1
100.0,96.66,-22.79,1.852,19.16,24.52,1,4,0,0,14,5000,77.2,Semi-Urban,0
100.0,100.0,-5.6,1.058,25.43,20.3,1,0,0,1,6,10000,44.0,Urban,0
100.0,98.72,-8.54,0.916,32.75,31.79,1,1,0,1,9,50000,97.9,Urban,0
27.04,30.64,26.65,-1.904,29.81,28.61,1,3,0,0,14,75000,73.3,Semi-Urban,1
48.99,53.47,26.03,-2.739,16.21,16.64,1,0,0,0,11,50000,77.5,Semi-Urban,1
92.77,91.14,-9.58,1.63,25.19,24.17,1,2,0,1,8,10000,79.1,Semi-Urban,0
56.96,59.66,19.99,-1.541,14.18,11.95,1,0,0,0,15,30000,87.5,Rural,1
52.78,51.47,-12.63,1.076,30.27,32.61,1,0,0,1,13,5000,65.9,Rural,0
76.09,79.49,4.03,-1.397,24.53,22.47,1,1,1,1,4,50000,86.5,Semi-Urban,0
83.74,84.12,13.68,-2.331,14.91,13.88,1,2,0,0,7,18000,45.1,Semi-Urban,1
48.22,53.5,5.72,-1.836,26.41,17.02,1,0,0,1,4,50000,51.2,Rural,1
80.85,79.64,-3.18,0.965,19.65,18.62,1,0,0,0,4,50000,97.8,Urban,0
94.34,91.63,-23.05,3.041,39.99,40.0,1,1,0,1,9,5000,75.1,Semi-Urban,0
75.38,74.66,-4.21,1.026,36.13,36.65,1,3,0,0,4,18000,42.7,Rural,0
30.44,35.28,9.68,-9.683,0.0,0.0,0,0,0,0,2,10000,50.5,Urban,1
75.56,72.19,-23.53,2.088,23.78,25.39,1,1,0,0,13,5000,55.7,Rural,0
100.0,100.0,-33.27,2.245,21.11,22.28,1,0,0,1,16,50000,89.3,Semi-Urban,0
31.53,33.35,14.69,-2.61,13.46,9.28,1,0,0,0,9,75000,58.9,Rural,1
37.19,42.47,29.96,-3.841,22.05,20.53,1,3,0,0,10,50000,45.2,Rural,1
52.71,51.04,-10.53,1.199,26.75,28.67,1,1,0,1,10,18000,43.0,Semi-Urban,0
100.0,100.0,-20.3,1.803,30.3,25.78,1,3,0,1,14,30000,62.7,Urban,0
54.75,58.55,7.6,-7.604,0.0,0.0,0,3,1,1,2,30000,70.7,Rural,1
26.05,27.5,8.74,-1.079,24.64,25.33,1,1,0,0,13,18000,97.6,Rural,0
99.57,97.02,-17.76,1.508,36.4,36.79,1,1,0,1,12,30000,42.2,Semi-Urban,0
71.79,69.16,-29.42,2.448,26.24,25.6,1,0,0,1,13,10000,95.4,Rural,0
63.38,67.64,15.8,-1.334,24.35,23.99,1,0,0,0,9,75000,43.5,Rural,0
52.67,51.07,-13.56,1.268,25.38,22.15,1,1,0,0,11,10000,71.6,Semi-Urban,0
100.0,97.63,-23.86,2.163,25.35,27.32,1,1,0,1,12,10000,55.7,Urban,0
77.64,73.64,-40.25,2.987,33.98,34.74,1,0,0,1,15,5000,47.7,Semi-Urban,0
73.82,73.53,-0.02,0.018,23.64,21.74,1,3,0,1,5,75000,43.4,Semi-Urban,0
85.79,80.78,-17.4,2.356,15.96,24.41,1,3,0,0,8,10000,89.6,Semi-Urban,0
68.71,64.66,-13.83,3.024,28.29,24.98,1,0,0,1,5,18000,54.3,Rural,0
93.09,94.85,3.54,-3.538,0.0,0.0,0,2,1,1,2,10000,73.3,Semi-Urban,1
55.62,53.31,-7.66,0.587,24.02,20.54,1,2,0,0,11,30000,81.8,Rural,0
47.03,53.24,28.24,-4.871,13.5,12.4,1,0,0,0,7,30000,67.0,Urban,1
51.49,51.31,-0.57,0.284,24.81,22.65,1,1,0,1,3,18000,50.6,Semi-Urban,1
100.0,100.0,-12.66,0.581,29.87,25.25,1,0,0,1,16,75000,95.8,Urban,0
40.52,39.97,-1.38,0.576,34.52,30.14,1,0,0,1,4,30000,55.8,Rural,0
35.14,39.23,51.67,-4.063,28.45,28.9,1,3,1,0,15,5000,69.1,Urban,1
47.64,51.06,6.84,-6.835,0.0,0.0,0,2,0,1,2,18000,43.8,Rural,1
56.84,58.95,-2.05,0.635,29.4,30.97,1,1,0,0,6,18000,92.4,Semi-Urban,0
35.23,38.16,20.89,-2.433,28.39,31.81,1,2,1,1,8,10000,41.7,Semi-Urban,1
96.09,95.87,-25.24,2.857,31.08,32.04,1,0,0,1,12,10000,55.1,Urban,0
86.25,86.74,-5.36,0.73,40.0,40.0,1,1,0,0,12,75000,63.1,Semi-Urban,0
89.44,86.7,-21.91,2.307,35.19,29.05,1,4,0,0,12,18000,95.5,Urban,0
92.79,89.04,-17.14,1.75,40.0,39.71,1,3,0,0,10,30000,51.4,Semi-Urban,0
46.01,50.38,36.37,-2.84,26.96,23.29,1,0,0,0,14,50000,88.0,Urban,1
78.01,74.35,-35.13,2.395,22.61,21.93,1,0,0,0,15,50000,88.5,Rural,0
93.49,88.56,-38.83,2.983,23.6,24.26,1,0,0,0,15,10000,67.8,Rural,0
86.06,83.85,-4.54,1.377,26.64,25.83,1,2,0,0,6,18000,86.9,Rural,0
21.01,28.34,15.51,-3.579,26.91,22.3,1,4,0,0,5,5000,61.6,Rural,1
84.15,83.29,-5.64,0.996,40.0,40.0,1,4,0,1,6,10000,58.6,Semi-Urban,1
46.22,44.99,-0.41,0.206,18.45,16.69,1,1,1,1,3,30000,88.3,Semi-Urban,1
93.82,89.89,-1.52,0.202,39.42,38.49,1,0,0,0,5,30000,93.2,Semi-Urban,0
100.0,100.0,-16.62,1.275,32.86,26.64,1,1,0,0,13,5000,52.5,Semi-Urban,0
82.76,88.64,11.76,-11.756,0.0,0.0,0,0,0,1,2,18000,58.0,Rural,1
100.0,100.0,-3.83,0.387,29.18,31.51,1,0,0,0,10,5000,58.2,Semi-Urban,0
46.43,54.12,14.84,-4.178,19.36,20.62,1,1,1,1,5,30000,95.1,Rural,1
78.61,71.53,-17.53,2.526,23.14,20.91,1,0,0,1,8,30000,93.4,Rural,0
77.83,83.63,7.18,-0.845,16.43,12.53,1,1,1,1,6,50000,86.1,Urban,0
77.41,77.77,18.49,-1.284,14.91,15.42,1,0,0,0,16,75000,75.5,Rural,0
83.88,83.53,-17.97,1.542,32.77,29.44,1,0,0,0,14,50000,42.5,Rural,0
53.78,53.02,-7.97,1.058,16.93,21.26,1,0,0,0,9,18000,82.9,Semi-Urban,0
46.82,47.99,-1.7,0.595,31.73,33.52,1,2,0,1,7,50000,75.8,Urban,1
85.74,82.19,-14.32,2.741,24.97,27.66,1,3,0,0,6,50000,48.0,Urban,0
77.56,82.21,7.89,-2.295,20.97,16.11,1,0,0,1,4,30000,70.3,Semi-Urban,0
84.57,81.93,-6.89,1.791,28.06,24.8,1,1,0,0,6,10000,88.9,Rural,0
41.7,49.03,44.04,-3.124,13.69,16.13,1,4,1,0,14,5000,83.0,Rural,1
63.33,63.87,-13.21,1.197,39.45,37.97,1,0,0,1,15,5000,91.9,Urban,0
93.35,92.06,-2.58,2.577,0.0,0.0,0,0,0,0,2,50000,46.7,Rural,0
100.0,100.0,-12.22,0.918,28.28,27.94,1,4,0,1,13,10000,45.2,Urban,1
78.27,82.59,10.79,-2.217,18.05,18.41,1,2,0,1,5,30000,88.7,Semi-Urban,1
88.88,82.7,-18.49,1.282,40.0,36.68,1,0,0,0,14,10000,93.3,Semi-Urban,0
50.37,47.86,-1.68,0.957,22.12,25.94,1,0,0,0,5,30000,65.9,Urban,0
78.55,77.03,-8.83,1.81,33.57,33.4,1,0,0,0,7,18000,70.3,Rural,0
71.51,74.62,22.69,-2.21,14.99,12.98,1,0,0,1,10,10000,50.1,Semi-Urban,1
100.0,98.88,-14.41,2.137,23.66,26.83,1,1,0,1,8,18000,73.3,Rural,0
59.2,58.92,0.72,0.191,18.43,20.48,1,0,0,0,10,18000,98.8,Semi-Urban,0
78.17,81.5,7.44,-2.283,20.71,25.31,1,0,0,0,4,30000,79.9,Rural,0
83.7,83.3,-14.86,1.439,40.0,36.99,1,3,0,0,12,75000,94.4,Rural,0
73.75,78.96,19.22,-1.921,29.72,29.16,1,0,0,0,10,50000,94.7,Urban,0
60.21,66.9,13.51,-2.613,8.3,13.96,1,0,0,0,5,18000,65.0,Semi-Urban,0
88.95,83.52,-39.76,2.819,28.07,27.33,1,2,0,0,15,18000,45.1,Urban,0
76.23,72.75,-13.76,1.244,36.26,33.54,1,1,0,1,10,75000,40.1,Rural,0
70.68,73.65,11.26,-1.709,19.47,23.25,1,2,0,0,8,50000,65.8,Semi-Urban,0
36.73,39.03,42.47,-2.874,23.52,23.75,1,2,1,0,15,5000,44.9,Urban,1
29.13,27.99,19.56,-1.586,24.34,24.04,1,1,0,0,14,75000,62.1,Urban,0
100.0,98.93,-31.69,2.341,40.0,40.0,1,0,0,0,16,18000,77.4,Urban,0
21.85,25.84,39.13,-3.184,16.0,16.9,1,0,0,0,14,75000,89.5,Rural,1
83.57,77.86,-31.35,3.146,25.38,30.27,1,0,0,0,10,18000,68.9,Rural,0
61.44,59.82,-3.14,1.086,31.74,32.7,1,1,0,0,4,75000,87.1,Rural,0
91.66,90.68,-3.28,1.639,24.28,25.49,1,4,0,0,3,10000,72.6,Semi-Urban,0
40.17,40.59,-1.38,0.732,37.25,39.22,1,1,0,0,4,30000,70.2,Rural,0
54.05,60.37,15.04,-1.119,15.49,17.18,1,0,0,0,10,30000,45.1,Semi-Urban,0
20.0,22.0,31.61,-2.725,22.76,23.06,1,0,0,1,14,10000,55.2,Semi-Urban,1
47.92,47.39,-6.69,0.666,22.87,22.97,1,2,0,0,12,50000,59.4,Urban,0
68.08,67.99,-0.99,0.317,35.22,30.59,1,0,0,0,4,5000,64.3,Urban,0
96.34,93.69,-16.22,2.858,40.0,38.93,1,0,0,0,7,75000,64.4,Semi-Urban,0
88.48,84.73,-19.44,1.342,19.95,18.86,1,0,0,0,13,30000,91.1,Semi-Urban,0
87.35,83.71,-9.6,2.354,25.0,28.3,1,0,0,0,5,30000,44.7,Rural,0
20.0,20.0,31.88,-2.473,30.77,27.31,1,0,0,1,15,5000,46.8,Rural,1
37.91,41.69,5.02,-1.85,28.5,26.13,1,1,0,0,4,5000,53.4,Rural,1
85.89,87.85,-1.44,0.718,19.08,16.15,1,1,1,1,3,18000,80.1,Rural,0
46.96,52.25,27.84,-3.384,29.13,30.81,1,0,0,1,9,18000,93.2,Urban,1
20.0,22.77,43.01,-3.129,19.0,9.69,1,0,0,0,16,10000,45.6,Urban,1
27.42,33.02,36.04,-2.932,22.59,21.95,1,0,0,0,14,5000,68.2,Rural,1
70.58,71.4,12.76,-1.687,17.54,19.9,1,0,0,1,9,30000,98.2,Semi-Urban,0
41.48,44.85,4.54,-1.031,21.97,21.06,1,0,0,1,5,10000,89.1,Semi-Urban,1
50.6,48.1,-6.11,3.053,31.89,30.11,1,0,0,0,3,75000,54.3,Rural,0
44.11,47.69,1.16,0.423,34.87,33.01,1,0,0,0,7,50000,56.3,Urban,0
82.73,79.21,-10.16,1.655,38.97,35.54,1,0,0,1,7,10000,44.1,Rural,0
43.12,40.56,-6.44,0.625,25.92,19.66,1,0,0,0,8,5000,96.6,Urban,0
65.24,69.28,18.34,-2.817,24.36,23.45,1,2,1,1,7,75000,47.8,Semi-Urban,1
33.24,37.98,37.32,-2.977,18.28,19.1,1,0,0,1,14,18000,80.5,Urban,1
56.22,58.22,3.99,-3.994,0.0,0.0,0,3,1,1,2,18000,44.5,Semi-Urban,1
42.87,42.83,-0.09,0.047,7.89,13.02,1,0,0,0,3,30000,45.4,Semi-Urban,1
71.81,72.24,16.21,-1.963,24.71,25.41,1,0,0,1,11,5000,42.0,Rural,1
68.13,72.08,19.97,-1.74,15.24,15.2,1,0,0,1,14,30000,56.1,Semi-Urban,1
73.92,75.11,19.87,-2.082,15.54,13.41,1,0,0,0,10,30000,71.0,Semi-Urban,0
100.0,100.0,-4.46,0.674,34.99,33.91,1,1,0,0,11,50000,69.3,Urban,0
29.69,35.72,26.31,-1.925,24.18,23.25,1,0,0,1,15,5000,69.5,Semi-Urban,1
57.83,54.47,-5.84,2.919,34.34,31.84,1,2,0,0,3,50000,55.9,Semi-Urban,0
43.55,46.64,16.6,-2.054,15.67,11.83,1,2,0,1,10,30000,54.1,Urban,1
100.0,100.0,-30.37,2.612,37.07,34.91,1,3,0,0,14,18000,67.0,Semi-Urban,0
57.01,62.87,26.61,-1.665,23.88,24.38,1,1,1,1,16,5000,41.0,Urban,1
20.5,24.23,38.1,-3.822,29.75,30.17,1,0,0,0,12,30000,58.5,Urban,1
45.87,44.94,-13.43,1.24,34.81,36.28,1,2,0,0,12,10000,74.4,Semi-Urban,0
73.97,69.71,-8.16,2.717,40.0,36.43,1,1,0,0,4,10000,59.6,Rural,0
71.45,68.95,-6.84,1.386,33.17,35.34,1,0,0,0,7,30000,81.5,Urban,0
91.45,87.92,-14.04,0.902,34.64,31.16,1,1,0,1,13,5000,78.1,Urban,0
35.19,38.33,35.51,-3.276,23.55,26.2,1,0,0,0,11,5000,62.1,Urban,1
97.19,95.49,-14.08,1.151,32.65,39.51,1,0,0,0,14,5000,83.2,Semi-Urban,0
100.0,100.0,-21.67,1.612,38.06,38.8,1,1,0,0,15,18000,57.5,Urban,0
52.97,47.79,-12.06,1.454,17.9,22.6,1,1,0,1,9,18000,53.0,Semi-Urban,1
47.82,50.71,25.63,-5.469,22.73,23.53,1,0,0,1,6,30000,47.1,Urban,1
20.0,20.37,44.37,-2.854,15.13,16.94,1,1,1,1,16,5000,45.3,Rural,1
84.56,82.08,-24.16,1.732,29.89,32.33,1,0,0,0,16,30000,42.3,Urban,0
86.04,84.35,-19.56,1.352,30.18,34.31,1,0,0,0,15,10000,63.4,Rural,0
20.0,24.65,52.73,-3.86,19.2,21.17,1,1,1,0,14,5000,42.8,Rural,1
81.96,77.94,-7.66,2.196,24.12,19.19,1,0,0,1,5,5000,86.2,Urban,0
56.77,49.25,-13.91,4.736,23.43,20.3,1,0,0,0,4,10000,73.5,Rural,0
100.0,100.0,-4.95,0.432,30.58,27.09,1,3,0,0,12,30000,92.2,Semi-Urban,0
64.8,67.04,18.01,-1.057,13.24,17.62,1,0,0,1,15,30000,91.7,Urban,1
34.02,36.12,12.39,-1.245,33.99,28.52,1,0,0,0,9,18000,78.5,Semi-Urban,0
80.51,77.22,-16.21,2.007,21.96,21.54,1,0,0,0,8,75000,62.7,Urban,0
94.68,93.71,-1.94,1.935,0.0,0.0,0,0,0,0,2,75000,59.7,Rural,0
50.5,55.3,32.85,-3.301,11.77,12.16,1,1,0,1,11,30000,70.1,Semi-Urban,1
83.92,78.88,-20.74,2.647,23.24,29.37,1,1,0,0,7,10000,92.3,Urban,0
60.47,65.58,8.27,-3.036,12.88,12.44,1,0,0,0,4,18000,85.0,Semi-Urban,1
21.59,22.13,27.24,-2.691,6.54,13.7,1,0,0,1,11,5000,79.6,Rural,1
51.46,48.9,-15.64,0.848,26.99,24.91,1,1,0,1,16,18000,89.7,Rural,0
85.03,84.07,-3.37,1.683,37.55,40.0,1,0,0,1,3,10000,81.1,Rural,0
51.06,52.06,-4.31,0.543,23.37,23.77,1,0,0,1,12,18000,90.3,Urban,0
74.69,81.83,11.93,-3.926,15.29,17.2,1,0,0,0,4,5000,89.8,Rural,0
90.72,85.62,-14.16,2.201,40.0,39.04,1,0,0,1,6,5000,65.4,Semi-Urban,0
58.72,62.3,25.73,-2.068,30.64,27.73,1,0,0,1,13,10000,76.7,Semi-Urban,1
50.53,47.17,-10.87,3.133,30.7,25.1,1,4,0,1,5,18000,70.1,Semi-Urban,1
81.14,81.89,1.5,-1.495,0.0,0.0,0,0,0,1,2,10000,87.4,Urban,0
80.37,77.04,-12.69,0.886,29.54,30.04,1,0,0,1,14,50000,40.8,Semi-Urban,0
30.82,34.78,24.57,-2.817,24.11,27.95,1,0,0,1,8,18000,75.1,Rural,1
46.76,51.32,30.55,-2.334,33.35,28.56,1,2,0,0,15,75000,75.5,Urban,1
80.13,75.37,-10.72,0.881,35.14,34.71,1,1,0,0,8,75000,52.7,Urban,0
60.97,62.07,3.11,-0.649,23.37,21.68,1,2,0,0,4,5000,42.7,Rural,1
20.0,20.0,17.81,-1.398,11.51,23.49,1,0,0,1,14,50000,90.2,Semi-Urban,1
74.34,78.01,9.16,-2.301,16.31,11.05,1,3,0,0,5,75000,54.0,Rural,1
40.14,43.2,18.38,-2.352,13.81,11.98,1,0,0,1,8,5000,63.3,Rural,1
41.68,43.82,4.29,-4.289,0.0,0.0,0,2,1,1,2,30000,98.3,Rural,1
96.59,94.42,-33.16,2.801,26.9,27.43,1,0,0,1,14,50000,42.8,Rural,0
71.66,67.36,-26.81,2.592,29.67,35.3,1,3,0,1,11,18000,52.9,Urban,0
20.0,21.13,11.96,-2.634,21.11,20.86,1,3,0,1,7,10000,58.1,Urban,1
70.59,67.36,-23.32,1.961,31.63,31.6,1,0,0,1,12,30000,92.3,Urban,0
26.9,31.26,49.32,-3.417,31.0,29.22,1,1,0,0,15,30000,71.4,Semi-Urban,1
20.0,20.0,25.46,-1.792,6.9,13.02,1,4,0,0,14,30000,47.5,Urban,1
30.75,35.75,12.7,-4.611,12.63,10.49,1,0,0,1,4,10000,69.5,Urban,1
64.87,61.09,-17.26,2.0,28.52,26.16,1,1,0,0,9,75000,40.6,Urban,0
100.0,96.65,-20.23,1.889,30.52,36.16,1,0,0,0,12,18000,52.2,Urban,0
93.76,93.45,-1.96,0.728,33.62,28.84,1,0,0,1,4,18000,91.5,Semi-Urban,0
20.0,28.22,19.96,-5.332,28.21,22.37,1,1,0,0,5,18000,50.7,Rural,1
59.18,56.17,-15.21,1.461,32.74,33.86,1,1,0,1,11,30000,76.1,Semi-Urban,0
20.0,20.0,28.24,-2.253,18.82,24.83,1,2,0,1,16,50000,55.0,Semi-Urban,1
31.05,32.09,25.1,-2.601,24.5,20.77,1,1,1,1,11,30000,90.0,Rural,1
60.2,53.44,-9.76,2.972,15.04,21.86,1,0,0,1,4,5000,53.2,Rural,0
43.76,48.73,25.24,-3.186,27.87,28.45,1,2,0,1,9,10000,88.8,Urban,1
30.33,37.8,14.8,-1.333,16.72,11.55,1,0,0,0,10,5000,78.9,Rural,1
70.09,66.92,-9.3,1.179,25.11,26.31,1,1,0,0,8,50000,97.8,Urban,0
53.85,51.56,7.82,-1.805,21.54,27.19,1,0,0,0,6,75000,45.9,Urban,0
86.4,89.41,9.64,-3.05,27.86,23.96,1,0,0,0,5,75000,75.8,Semi-Urban,0
20.0,24.26,47.55,-3.411,15.47,15.82,1,0,0,1,15,18000,58.4,Rural,1
24.38,29.34,47.92,-4.088,13.07,9.98,1,1,1,0,13,5000,54.0,Semi-Urban,1
100.0,100.0,-24.23,2.304,29.26,30.78,1,0,0,0,13,30000,91.7,Semi-Urban,0
59.83,62.65,23.35,-2.782,23.73,22.69,1,0,0,0,10,30000,79.3,Urban,0
20.0,20.0,44.55,-3.287,19.97,23.89,1,2,0,0,16,18000,98.4,Semi-Urban,1
42.63,44.39,7.09,-1.616,18.5,16.43,1,2,1,0,6,5000,83.9,Rural,1
100.0,100.0,-18.82,1.489,28.23,26.48,1,0,0,1,14,50000,88.9,Urban,0
61.56,62.13,-5.1,1.244,27.61,32.28,1,0,0,1,8,5000,48.6,Urban,0
93.57,95.09,3.04,-3.039,0.0,0.0,0,0,0,0,2,10000,72.1,Urban,0
36.33,39.55,39.79,-3.219,24.2,19.87,1,3,1,0,14,10000,48.7,Rural,1
100.0,98.79,-12.26,1.581,40.0,36.33,1,0,0,0,7,30000,85.4,Rural,0
67.12,66.38,-5.67,1.888,25.44,23.38,1,0,0,1,4,30000,92.0,Rural,0
79.47,76.39,-9.44,1.885,34.79,28.47,1,0,0,1,6,10000,53.2,Semi-Urban,0
57.48,64.77,29.85,-3.379,23.57,26.93,1,0,0,1,11,5000,93.1,Urban,1
20.0,21.32,18.21,-2.377,31.48,35.16,1,4,0,0,9,18000,69.8,Rural,1
48.21,45.98,-10.97,3.015,38.33,39.96,1,1,0,1,6,30000,74.0,Rural,1
81.47,81.14,-3.55,0.485,18.72,22.6,1,1,0,1,5,50000,44.2,Semi-Urban,0
26.55,28.34,30.07,-2.04,21.64,16.86,1,0,0,0,16,5000,48.0,Urban,1
63.94,62.65,-18.87,1.55,35.11,38.11,1,0,0,0,15,50000,53.0,Urban,0
85.72,88.5,4.24,-2.118,22.41,21.83,1,3,1,1,3,10000,74.6,Semi-Urban,1
41.73,44.58,17.02,-1.606,6.85,11.48,1,1,1,1,12,10000,90.0,Semi-Urban,1
94.76,88.64,-16.87,2.503,40.0,40.0,1,0,0,0,7,30000,60.2,Rural,0
80.16,78.01,-12.49,2.852,33.75,30.13,1,1,0,0,6,30000,94.5,Rural,0
67.26,65.41,-3.7,3.697,0.0,0.0,0,0,0,1,2,50000,67.2,Semi-Urban,0
23.79,24.98,15.19,-2.981,32.73,24.18,1,0,0,1,6,50000,50.9,Urban,1
26.84,34.92,19.02,-6.227,9.48,7.26,1,0,0,1,4,18000,74.1,Semi-Urban,1
85.24,85.05,5.37,-1.647,17.83,15.95,1,1,1,1,4,5000,82.4,Rural,1
20.74,24.28,32.56,-3.391,13.97,11.27,1,0,0,0,10,5000,52.1,Semi-Urban,1
20.0,20.0,22.43,-2.77,20.29,19.99,1,2,0,0,10,5000,87.7,Rural,1
88.09,85.66,-13.84,1.796,40.0,34.72,1,1,0,1,9,5000,81.8,Semi-Urban,0
59.25,58.16,-5.4,0.934,29.33,31.4,1,1,0,0,8,75000,65.1,Urban,0
71.16,68.22,-15.82,1.2,29.72,32.01,1,1,0,0,13,10000,84.0,Rural,0
100.0,96.67,-17.19,1.192,39.52,36.16,1,0,0,0,14,30000,49.8,Semi-Urban,0
73.81,71.2,-18.97,1.524,34.37,40.0,1,1,0,0,12,30000,94.2,Rural,0
85.17,79.25,-29.72,1.999,25.1,27.89,1,0,0,0,14,75000,95.9,Rural,0
43.39,43.05,20.89,-1.542,15.83,13.58,1,0,0,1,15,5000,89.5,Semi-Urban,1
61.68,60.99,-8.29,0.827,34.43,40.0,1,1,0,1,13,10000,55.5,Urban,0
73.89,74.24,0.72,-0.719,0.0,0.0,0,0,0,0,2,18000,92.6,Rural,0
89.0,85.81,-14.9,1.2,18.1,19.99,1,0,0,1,13,30000,56.7,Urban,0
29.61,33.07,2.84,-0.831,13.41,16.3,1,3,1,1,7,5000,59.1,Semi-Urban,1
26.1,25.15,37.98,-3.075,26.32,25.11,1,0,0,0,15,5000,47.4,Rural,1
97.6,94.25,-9.87,2.393,21.21,27.5,1,0,0,1,5,18000,79.1,Urban,0
49.28,51.08,14.48,-2.749,23.94,23.13,1,0,0,1,7,18000,67.6,Urban,1
92.8,89.44,-6.74,6.738,0.0,0.0,0,3,0,0,2,30000,80.5,Semi-Urban,0
78.88,75.67,-27.49,1.843,40.0,35.54,1,3,0,1,16,50000,81.7,Urban,0
37.43,38.91,0.38,-0.191,26.54,24.02,1,3,0,0,3,75000,60.4,Rural,1
68.09,66.14,-20.2,1.661,33.62,33.93,1,0,0,0,13,75000,50.5,Semi-Urban,0
20.0,20.0,17.78,-1.195,19.57,17.27,1,3,1,0,14,50000,76.1,Urban,1
41.6,41.84,9.83,-2.387,16.98,14.52,1,3,1,1,5,30000,94.7,Urban,1
82.13,77.37,-7.92,0.934,40.0,39.21,1,0,0,0,7,10000,79.0,Rural,0
81.64,78.35,-28.52,1.803,22.1,23.2,1,2,0,1,16,30000,45.3,Semi-Urban,0
65.85,67.48,-3.73,0.42,24.71,20.41,1,0,0,0,11,30000,49.5,Rural,0
61.32,68.46,21.35,-3.272,21.33,23.58,1,0,0,0,7,75000,82.7,Semi-Urban,0
93.47,93.5,1.02,0.131,28.34,28.8,1,0,0,0,9,50000,86.2,Urban,0
57.41,54.78,-5.23,2.384,22.02,24.11,1,2,0,1,4,18000,79.7,Rural,0
62.14,61.57,-7.08,0.563,23.88,23.93,1,1,0,0,12,50000,53.4,Semi-Urban,0
72.01,69.62,-16.01,1.871,34.72,39.61,1,4,0,1,10,30000,89.2,Urban,0
34.55,32.03,15.8,-2.147,12.52,16.95,1,3,1,0,9,10000,91.8,Urban,1
48.76,47.1,-6.59,0.624,29.45,34.55,1,2,0,0,13,50000,60.4,Rural,0
80.71,78.52,-4.22,2.11,35.19,36.51,1,0,0,0,3,30000,80.3,Semi-Urban,0
20.0,20.0,15.5,-1.158,7.58,11.52,1,0,0,1,15,30000,54.2,Rural,1
63.69,71.51,14.41,-4.733,22.29,24.21,1,0,0,1,4,5000,76.9,Urban,1
90.37,89.41,-1.92,1.924,0.0,0.0,0,1,0,0,2,10000,47.0,Semi-Urban,0
85.41,85.19,-0.6,0.303,18.17,22.37,1,1,0,1,10,75000,77.8,Semi-Urban,0
66.23,69.69,10.68,-1.731,28.19,26.26,1,1,0,1,7,5000,66.3,Urban,1
100.0,100.0,-11.63,0.949,33.01,28.62,1,1,0,1,13,10000,63.6,Rural,0
92.82,90.77,-31.59,2.485,35.17,34.36,1,0,0,0,14,50000,64.7,Rural,0
76.32,75.33,-1.99,1.985,0.0,0.0,0,0,0,0,2,18000,84.7,Rural,0
32.01,32.36,7.06,-2.01,20.85,20.35,1,1,0,1,7,10000,54.7,Semi-Urban,1
59.57,61.68,11.12,-1.542,15.64,15.29,1,1,1,0,10,50000,72.9,Rural,1
84.26,78.94,-25.76,2.648,20.74,22.48,1,2,0,1,11,10000,63.2,Semi-Urban,0
20.0,20.0,19.86,-1.247,16.78,20.46,1,0,0,0,14,10000,56.2,Rural,1
44.01,48.09,17.79,-2.001,23.03,24.08,1,0,0,0,11,18000,57.3,Rural,1
28.85,37.28,27.73,-2.889,22.11,26.72,1,0,0,1,10,5000,43.9,Urban,1
41.43,42.49,2.13,-2.126,0.0,0.0,0,1,0,0,2,10000,42.0,Semi-Urban,1
94.63,92.44,-8.68,1.753,30.66,32.42,1,2,0,0,6,18000,55.1,Urban,0
83.88,85.49,10.27,-0.987,7.94,13.38,1,1,1,0,10,75000,91.3,Semi-Urban,0
20.0,24.85,28.11,-3.085,27.62,27.04,1,0,0,0,9,10000,50.4,Urban,1
80.34,80.08,-8.64,1.252,39.22,33.03,1,0,0,0,8,18000,90.9,Urban,0
81.74,79.82,-23.5,2.909,22.97,21.91,1,0,0,1,10,50000,69.6,Rural,0
96.06,93.93,-18.18,2.194,34.54,36.67,1,3,0,0,9,30000,43.8,Rural,0
87.36,81.87,-21.72,2.98,31.87,28.4,1,0,0,1,8,5000,83.0,Semi-Urban,0
66.72,70.95,6.0,-1.796,14.64,12.67,1,0,0,0,5,5000,54.7,Rural,1
81.25,88.19,4.91,-1.404,25.8,21.12,1,1,1,1,5,30000,53.2,Urban,0
34.76,36.79,3.03,-1.513,28.93,28.49,1,0,0,1,3,30000,81.2,Rural,0
63.22,58.36,-5.9,2.064,24.09,22.04,1,0,0,0,4,30000,42.0,Urban,0
32.68,39.2,45.22,-3.125,18.77,19.84,1,4,1,1,15,10000,50.4,Semi-Urban,1
56.35,59.8,13.65,-2.034,10.87,13.06,1,3,1,0,9,5000,79.7,Urban,1
80.96,80.22,-2.3,1.149,35.78,36.68,1,1,0,1,3,10000,62.3,Semi-Urban,0
45.19,47.46,14.87,-1.297,11.4,13.13,1,4,1,1,13,10000,72.2,Rural,1
45.46,47.42,11.22,-1.151,18.75,18.13,1,4,1,1,8,30000,97.6,Semi-Urban,1
97.82,96.42,-5.53,0.871,27.74,27.52,1,0,0,1,7,10000,92.0,Rural,0
67.34,67.42,-15.44,1.371,26.62,27.15,1,1,0,0,13,30000,48.1,Urban,0
67.85,63.82,-13.65,1.521,26.64,22.7,1,0,0,0,9,50000,49.4,Semi-Urban,0
69.95,70.34,-4.6,0.947,24.93,23.75,1,0,0,0,8,30000,46.4,Rural,0
89.63,88.01,-4.33,0.708,34.54,34.31,1,0,0,0,7,30000,53.1,Rural,0
71.88,74.21,4.65,-4.651,0.0,0.0,0,0,0,1,2,10000,76.8,Urban,1
100.0,96.26,-32.21,2.471,30.17,34.01,1,0,0,1,14,75000,40.0,Urban,0
64.29,70.25,26.46,-2.443,15.83,12.73,1,1,1,1,11,5000,50.9,Rural,1
40.73,46.1,42.27,-2.827,30.8,25.67,1,1,1,0,16,50000,98.4,Semi-Urban,1
92.49,86.26,-14.95,2.048,37.59,37.44,1,2,0,0,8,18000,86.3,Urban,0
68.07,69.01,-10.72,0.818,19.25,24.17,1,1,0,1,16,30000,40.6,Semi-Urban,0
20.0,20.0,22.18,-2.588,14.25,16.6,1,0,0,0,10,10000,65.7,Rural,1
63.65,65.05,6.31,-1.235,11.35,13.05,1,3,1,0,7,75000,69.4,Rural,1
62.09,55.48,-21.79,2.037,27.96,30.46,1,0,0,1,10,5000,75.1,Urban,0
76.19,74.71,-5.52,1.146,30.9,30.6,1,1,0,0,6,50000,86.7,Urban,0
54.2,58.91,9.73,-1.766,27.14,25.55,1,0,0,0,5,30000,56.2,Semi-Urban,0
100.0,100.0,-5.67,0.361,34.13,32.82,1,0,0,0,15,30000,40.1,Urban,0
49.18,47.37,-4.02,1.253,32.64,34.44,1,0,0,0,4,5000,45.6,Semi-Urban,0
51.1,54.43,9.02,-1.527,16.14,13.82,1,1,0,1,7,5000,75.2,Rural,1
43.54,41.88,-3.48,1.182,24.32,21.27,1,3,0,0,4,18000,85.2,Semi-Urban,1
80.01,77.41,-7.55,1.066,33.71,36.35,1,3,0,0,8,18000,53.0,Urban,0
50.29,48.02,-7.99,1.197,27.13,24.14,1,1,0,0,8,50000,83.8,Urban,0
58.82,65.81,26.85,-2.886,30.07,24.21,1,0,0,1,9,10000,68.6,Urban,1
48.52,51.95,27.94,-2.059,13.44,9.11,1,1,1,1,15,30000,90.6,Semi-Urban,1
59.3,54.98,-8.64,8.642,0.0,0.0,0,0,0,0,2,30000,95.1,Urban,0
88.46,84.83,-21.65,1.859,30.2,40.0,1,2,0,1,11,10000,74.5,Urban,0
43.19,45.42,21.98,-2.694,28.38,26.64,1,3,0,0,10,5000,45.2,Urban,1
68.58,66.97,-4.16,0.135,21.52,21.61,1,3,0,1,10,5000,80.2,Urban,1
91.04,89.39,-12.23,1.082,27.21,28.73,1,1,0,1,13,50000,64.2,Urban,0
86.57,85.79,-12.9,1.977,36.47,37.83,1,0,0,0,9,50000,49.8,Semi-Urban,0
36.67,39.01,23.15,-2.566,23.9,24.55,1,1,0,0,12,5000,69.0,Rural,1
76.37,78.91,5.09,-5.088,0.0,0.0,0,0,0,1,2,10000,82.8,Semi-Urban,0
87.76,83.84,-5.91,1.368,18.18,21.59,1,0,0,0,5,18000,90.6,Urban,0
48.39,51.89,8.89,-2.378,26.31,29.57,1,0,0,0,5,10000,55.4,Urban,1
34.39,37.39,29.24,-1.919,29.18,29.89,1,0,0,0,16,18000,57.7,Rural,1
64.5,62.75,-23.22,1.686,30.98,36.94,1,3,0,0,15,75000,72.0,Semi-Urban,0
60.53,67.44,16.64,-2.961,24.82,27.3,1,0,0,0,6,75000,83.5,Semi-Urban,0
90.47,87.53,-24.81,1.88,24.43,22.01,1,0,0,1,14,30000,76.5,Rural,0
77.29,74.72,-9.45,1.603,32.29,28.31,1,1,0,0,8,50000,89.2,Semi-Urban,0
49.59,47.96,-3.01,1.374,23.35,24.13,1,0,0,0,4,75000,74.0,Rural,0
50.35,50.4,0.12,-0.117,0.0,0.0,0,0,0,0,2,10000,52.7,Urban,0
65.47,72.98,15.19,-4.332,27.79,28.29,1,0,0,1,4,18000,48.2,Urban,1
53.77,50.89,-15.79,1.754,36.12,34.87,1,0,0,0,10,50000,51.5,Urban,0
73.8,70.44,-9.73,3.459,21.51,21.95,1,0,0,1,4,10000,51.8,Rural,0
58.29,60.98,-7.6,1.108,37.76,36.59,1,1,0,0,11,30000,56.9,Rural,0
73.36,69.17,-8.66,2.893,18.38,24.61,1,1,0,1,4,30000,56.0,Semi-Urban,0
59.53,70.11,21.06,-6.771,16.8,12.73,1,0,0,0,4,18000,86.9,Rural,1
54.27,52.19,-5.53,1.983,22.43,19.77,1,2,0,1,4,18000,69.1,Rural,0
94.33,94.98,-2.55,0.629,27.81,35.2,1,2,0,1,5,5000,74.6,Semi-Urban,0
67.08,66.68,10.42,-2.2,15.02,14.63,1,1,1,1,8,50000,66.6,Semi-Urban,1
50.09,53.13,2.63,-0.433,34.65,33.29,1,0,0,0,5,18000,59.0,Urban,0
100.0,100.0,-21.69,2.311,29.09,29.97,1,2,0,1,11,18000,80.9,Urban,0
100.0,100.0,-9.55,0.793,24.11,27.23,1,2,0,0,12,75000,52.2,Urban,0
47.61,50.46,5.69,-5.695,0.0,0.0,0,0,0,0,2,10000,49.0,Urban,1
96.83,94.71,-28.05,2.56,35.3,32.2,1,0,0,1,13,30000,75.4,Rural,0
56.77,55.67,24.06,-1.861,16.55,14.06,1,0,0,1,16,10000,66.4,Urban,1
66.33,62.57,-8.47,1.579,25.72,24.98,1,0,0,1,7,18000,76.9,Urban,0
83.25,83.94,14.12,-3.356,15.62,19.16,1,1,1,0,6,75000,58.1,Rural,1
81.36,80.03,-7.96,0.881,17.56,18.13,1,2,0,0,11,30000,44.4,Urban,0
64.88,67.78,9.36,-3.124,22.41,19.28,1,0,0,0,4,5000,57.4,Rural,0
20.0,21.36,13.05,-1.728,19.41,21.1,1,0,0,0,10,18000,90.4,Rural,1
45.69,49.25,27.83,-3.329,15.53,17.66,1,0,0,1,10,5000,59.7,Urban,1
91.78,84.35,-44.67,2.958,25.08,27.66,1,0,0,0,16,5000,46.5,Semi-Urban,0
53.53,57.42,29.98,-2.115,28.81,31.18,1,0,0,1,15,50000,58.4,Rural,1
75.29,78.72,4.84,-2.421,24.57,22.03,1,3,0,1,3,10000,75.7,Rural,1
40.01,43.12,6.21,-6.213,0.0,0.0,0,0,0,0,2,75000,91.9,Rural,1
56.07,53.52,-8.73,2.943,19.82,23.84,1,1,0,0,4,10000,83.8,Semi-Urban,0
63.35,59.49,-14.86,2.949,26.55,25.91,1,4,0,0,6,18000,81.5,Rural,0
87.61,83.35,-23.21,2.749,35.44,34.91,1,2,0,1,10,5000,67.6,Urban,0
57.55,64.04,10.03,-1.164,23.02,16.08,1,0,0,0,10,75000,89.7,Rural,0
72.4,71.02,-10.48,1.205,31.38,38.16,1,2,0,1,11,30000,49.1,Urban,0
81.77,80.27,0.41,-0.204,28.25,27.82,1,0,0,0,3,5000,94.4,Semi-Urban,0
100.0,96.13,-7.12,1.798,28.49,25.94,1,1,0,1,5,5000,89.6,Rural,0
70.52,65.36,-9.29,2.125,18.69,22.29,1,0,0,0,5,10000,53.9,Rural,0
60.0,58.49,-3.01,3.014,0.0,0.0,0,0,0,0,2,10000,94.6,Urban,0
28.17,32.83,24.3,-2.621,6.44,9.88,1,0,0,0,10,10000,78.1,Urban,1
59.82,56.5,-7.96,2.311,28.89,29.65,1,0,0,1,4,5000,93.9,Urban,0
62.4,63.06,2.3,-1.152,39.75,37.98,1,0,0,0,3,18000,86.6,Rural,0
79.33,77.92,-2.83,2.826,0.0,0.0,0,0,0,1,2,50000,81.3,Semi-Urban,0
60.25,58.45,-2.61,0.945,18.25,23.25,1,0,0,1,4,75000,94.4,Semi-Urban,0
78.54,75.89,-24.78,2.034,36.2,36.02,1,0,0,0,13,5000,46.1,Rural,0
58.23,66.0,17.34,-3.629,22.28,21.82,1,0,0,0,5,75000,73.1,Rural,0
33.52,37.85,19.48,-3.69,19.35,16.89,1,3,1,1,6,30000,66.8,Semi-Urban,1
38.19,38.44,15.94,-1.068,12.9,14.87,1,1,1,1,14,10000,85.5,Urban,1
35.63,40.25,43.03,-3.911,24.31,26.33,1,0,0,0,12,10000,79.0,Urban,1
42.61,41.4,-4.05,0.846,37.34,39.03,1,0,0,0,5,10000,81.8,Rural,0
29.04,32.74,15.44,-1.509,24.29,26.26,1,0,0,1,11,10000,65.5,Urban,1
51.24,49.39,-10.63,1.078,28.14,32.87,1,3,0,1,11,50000,88.4,Semi-Urban,0
64.96,68.76,16.5,-3.162,14.72,14.39,1,0,0,0,6,18000,91.3,Rural,0
62.4,60.43,-3.94,3.937,0.0,0.0,0,1,0,1,2,18000,44.1,Urban,0
66.68,64.9,-15.06,1.872,23.83,20.13,1,0,0,0,10,10000,51.2,Rural,0
26.32,27.99,12.25,-2.372,23.98,24.54,1,1,0,1,6,30000,92.9,Urban,1
80.37,81.93,-11.82,1.03,21.98,21.14,1,0,0,1,16,18000,45.1,Rural,0
52.17,52.76,-8.24,0.889,37.6,30.02,1,0,0,0,10,18000,50.8,Rural,0
20.0,20.0,21.39,-1.414,11.95,12.04,1,1,1,0,15,5000,64.0,Rural,1
27.66,28.72,6.57,-1.921,4.97,13.23,1,0,0,0,5,18000,89.0,Rural,1
55.1,59.32,11.8,-3.052,31.71,28.0,1,0,0,1,6,10000,87.6,Urban,1
39.63,39.44,18.26,-2.049,7.51,11.5,1,0,0,1,12,30000,97.7,Urban,1
59.72,54.56,-18.52,3.393,29.08,23.85,1,0,0,0,7,75000,75.4,Rural,0
40.92,42.18,2.52,-2.521,0.0,0.0,0,1,0,0,2,10000,80.4,Urban,1
29.6,37.88,19.59,-5.877,17.19,19.12,1,2,1,0,4,50000,95.1,Semi-Urban,1
64.64,62.93,-11.76,1.703,29.88,22.89,1,0,0,0,9,30000,52.9,Semi-Urban,0
79.45,79.15,-5.04,1.404,30.64,24.88,1,2,0,1,7,10000,69.9,Urban,0
100.0,98.58,-18.27,1.6,22.7,29.28,1,1,0,0,11,10000,87.4,Urban,0
84.06,84.5,-7.97,0.996,36.37,40.0,1,0,0,1,13,30000,77.4,Semi-Urban,0
60.86,56.96,-14.38,2.506,33.75,29.11,1,1,0,1,6,18000,99.0,Urban,0
72.39,73.31,5.87,-1.231,29.39,30.95,1,0,0,1,5,30000,95.0,Rural,0
50.43,55.63,6.39,-1.962,21.48,28.3,1,1,1,0,5,30000,92.9,Urban,1
60.21,64.41,11.75,-2.322,14.08,13.24,1,1,1,1,5,30000,72.7,Urban,1
86.24,79.36,-29.78,2.655,32.67,32.31,1,1,0,0,11,30000,48.2,Semi-Urban,0
76.67,71.96,-8.44,3.154,30.29,25.67,1,1,0,1,5,50000,74.1,Semi-Urban,0
41.02,46.18,34.56,-3.018,33.2,30.25,1,0,0,0,12,10000,44.1,Rural,1
68.47,68.96,-1.91,0.713,22.18,25.08,1,2,0,1,11,18000,79.6,Rural,0
53.1,53.26,-7.9,1.123,24.77,17.04,1,1,0,1,9,10000,89.2,Rural,0
85.73,83.82,-4.27,0.467,23.27,21.11,1,2,0,0,10,30000,45.9,Urban,0
37.96,39.84,-0.24,0.119,22.5,23.5,1,0,0,1,3,30000,83.9,Semi-Urban,0
20.0,23.82,27.0,-2.083,18.94,17.69,1,0,0,1,12,5000,90.6,Semi-Urban,1
48.31,47.24,-0.51,-0.525,23.49,24.87,1,0,0,0,4,30000,90.9,Urban,0
71.93,71.72,17.04,-3.196,11.89,9.75,1,1,1,0,8,75000,87.2,Rural,1
93.01,90.69,-17.5,2.288,19.88,26.43,1,0,0,1,9,5000,91.4,Semi-Urban,0
65.86,71.32,10.92,-10.92,0.0,0.0,0,1,1,1,2,18000,69.8,Urban,1
82.6,83.38,-3.58,1.482,38.13,40.0,1,1,0,0,5,10000,53.9,Urban,0
100.0,94.23,-27.26,2.262,23.35,24.05,1,0,0,1,13,30000,75.8,Rural,0
87.93,85.99,-6.3,1.083,26.48,29.19,1,1,0,1,6,18000,42.8,Rural,0
42.02,42.35,-3.24,0.491,29.59,27.64,1,1,0,1,9,5000,61.3,Semi-Urban,1
34.91,35.95,12.14,-0.932,16.91,18.06,1,0,0,1,13,10000,57.5,Urban,1
46.92,46.88,42.41,-2.911,29.91,28.21,1,0,0,0,16,18000,60.0,Rural,1
35.92,39.61,5.87,-2.937,12.97,13.29,1,3,1,0,3,50000,77.3,Rural,1
65.46,66.82,-1.66,0.992,36.51,37.15,1,0,0,1,4,5000,80.6,Rural,0
47.95,53.38,24.84,-1.399,12.57,14.29,1,3,1,0,16,18000,64.4,Urban,1
24.87,26.72,9.75,-1.236,7.27,10.27,1,2,0,1,10,5000,59.6,Urban,1
97.01,96.56,-3.91,0.529,24.21,23.38,1,3,0,0,8,10000,64.0,Urban,0
70.2,74.15,7.9,-7.896,0.0,0.0,0,3,1,0,2,5000,76.1,Semi-Urban,1
66.09,68.77,33.38,-2.168,9.22,8.4,1,0,0,0,14,75000,98.3,Semi-Urban,1
94.3,94.3,-15.86,1.658,35.74,37.61,1,1,0,1,11,50000,93.8,Urban,0
85.18,82.39,-7.04,1.55,33.86,35.97,1,0,0,0,5,50000,52.1,Semi-Urban,0
83.06,82.22,-1.67,1.673,0.0,0.0,0,0,0,0,2,30000,86.2,Semi-Urban,0
100.0,100.0,-7.9,0.991,33.69,30.45,1,0,0,1,10,10000,96.6,Semi-Urban,0
62.51,63.32,14.28,-1.85,20.48,18.69,1,1,1,1,10,10000,91.3,Semi-Urban,1
50.84,51.83,-9.86,1.039,25.51,25.64,1,0,0,1,10,5000,45.4,Semi-Urban,0
97.5,96.48,-16.6,2.382,23.19,19.15,1,0,0,0,8,50000,83.5,Urban,0
66.53,70.71,23.81,-3.294,17.28,9.48,1,4,0,0,8,30000,51.5,Rural,1
72.34,69.77,-4.76,1.365,29.38,32.94,1,3,0,1,5,75000,57.2,Urban,0
90.7,89.08,-2.81,0.946,37.03,39.71,1,0,0,1,4,50000,71.1,Urban,0
100.0,100.0,-25.3,2.307,40.0,40.0,1,0,0,0,14,10000,91.2,Semi-Urban,0
86.15,79.63,-30.9,2.816,27.76,29.73,1,1,0,0,12,10000,45.7,Rural,0
27.08,28.29,34.41,-2.628,17.97,15.89,1,1,1,0,15,50000,89.8,Rural,1
47.17,50.83,34.62,-3.166,13.78,15.31,1,0,0,0,11,75000,59.6,Semi-Urban,1
92.83,91.31,-12.99,1.069,34.94,33.79,1,0,0,1,14,10000,55.4,Semi-Urban,0
53.82,50.96,1.84,-1.21,24.21,23.73,1,0,0,0,6,50000,52.1,Rural,0
97.51,95.66,-11.43,1.685,37.85,36.96,1,0,0,1,7,10000,71.6,Rural,0
71.77,69.75,-14.44,0.955,18.77,21.52,1,2,0,0,15,18000,83.4,Semi-Urban,0
62.46,61.19,-0.74,0.37,35.22,39.24,1,2,0,0,3,50000,44.5,Urban,0
20.0,20.0,23.41,-1.235,23.88,23.3,1,1,1,0,15,75000,40.4,Rural,1
99.71,94.9,-26.96,2.773,29.43,29.0,1,0,0,1,11,5000,72.8,Urban,0
48.77,49.68,0.13,-0.143,39.14,33.97,1,0,0,0,4,5000,53.3,Semi-Urban,0
61.48,62.81,9.39,-1.512,21.24,19.8,1,0,0,1,7,10000,71.5,Rural,0
75.25,79.2,5.59,-2.794,18.49,16.76,1,3,1,1,3,30000,93.5,Rural,1
68.83,66.6,-5.5,0.465,21.81,26.94,1,0,0,0,16,10000,46.1,Semi-Urban,0
80.83,76.41,-25.42,2.856,23.99,23.87,1,4,0,0,9,75000,88.7,Urban,0
73.94,72.39,-4.79,1.545,30.6,31.55,1,2,0,0,4,10000,62.2,Rural,0
49.82,47.69,-4.25,4.252,0.0,0.0,0,3,0,0,2,18000,85.4,Rural,0
66.7,69.77,29.31,-3.042,12.16,14.49,1,0,0,1,11,18000,43.0,Urban,1
86.54,87.2,1.33,-1.326,0.0,0.0,0,1,0,0,2,75000,53.0,Urban,0
28.54,32.36,18.0,-1.336,24.64,32.04,1,4,1,0,13,10000,51.8,Rural,1
100.0,100.0,-14.4,0.883,31.32,34.09,1,0,0,1,14,5000,85.9,Semi-Urban,0
33.13,35.71,38.09,-3.501,17.1,15.77,1,0,0,1,14,10000,51.1,Rural,1
20.0,26.35,36.29,-3.449,29.36,29.36,1,0,0,0,11,75000,58.2,Rural,1
47.02,46.58,-8.71,0.818,24.62,22.05,1,1,0,0,12,30000,70.6,Semi-Urban,0
39.69,48.34,13.21,-6.606,19.91,25.39,1,2,0,1,3,50000,66.6,Rural,1
51.07,50.54,-5.84,0.966,35.06,39.6,1,0,0,1,7,30000,53.1,Semi-Urban,0
100.0,100.0,-6.21,0.325,24.59,20.98,1,0,0,0,16,5000,79.6,Urban,0
80.66,77.14,-14.87,1.845,35.44,31.32,1,0,0,1,8,10000,74.6,Rural,0
71.64,73.12,-1.51,0.574,19.26,24.26,1,3,0,1,6,10000,91.0,Rural,1
64.54,63.18,-2.79,0.314,30.07,34.94,1,0,0,0,10,18000,83.2,Semi-Urban,0
55.13,55.35,9.13,-1.595,8.01,13.23,1,3,0,0,7,10000,61.0,Urban,1
49.77,56.48,15.2,-3.304,19.8,21.15,1,0,0,0,5,10000,78.3,Urban,1
49.99,60.3,20.53,-4.94,26.61,30.5,1,2,1,0,5,30000,96.3,Urban,1
92.88,86.71,-38.76,2.514,35.23,29.73,1,0,0,1,16,5000,66.0,Rural,0
71.08,68.83,-18.36,2.994,38.08,38.09,1,3,0,1,7,18000,90.9,Rural,0
20.0,20.0,25.6,-1.673,32.3,30.09,1,0,0,0,16,50000,76.6,Rural,0
80.38,75.6,-10.12,3.298,30.38,31.38,1,0,0,0,4,75000,74.7,Semi-Urban,0
100.0,100.0,-12.0,1.214,29.39,27.25,1,4,0,0,14,50000,65.4,Urban,0
100.0,100.0,-7.69,0.383,30.7,34.89,1,0,0,0,14,30000,56.6,Semi-Urban,0
20.0,20.0,20.79,-2.041,24.38,21.66,1,3,1,1,11,5000,74.8,Rural,1
91.36,89.02,-18.15,1.4,35.75,35.89,1,3,0,1,14,5000,67.0,Urban,0
48.13,53.63,38.95,-4.156,19.38,18.13,1,0,0,0,11,30000,86.0,Rural,1
20.0,21.9,18.92,-2.361,23.31,24.52,1,2,0,0,9,30000,47.5,Semi-Urban,1
42.06,43.75,3.37,-3.372,0.0,0.0,0,1,1,0,2,75000,46.8,Urban,1
82.67,80.66,-11.48,1.896,19.81,21.96,1,1,0,0,7,30000,54.9,Urban,0
36.76,45.3,52.59,-3.826,25.78,26.58,1,0,0,1,14,5000,57.6,Semi-Urban,1
29.15,34.19,59.09,-3.931,17.68,19.1,1,1,1,0,16,18000,98.2,Semi-Urban,1
87.25,90.25,4.16,-2.082,24.63,25.64,1,0,0,0,3,5000,46.9,Rural,0
26.52,27.11,12.75,-1.168,17.63,17.84,1,0,0,0,13,30000,46.2,Rural,1
20.44,25.63,29.2,-2.63,14.87,12.05,1,3,1,0,11,50000,57.4,Semi-Urban,1
68.46,65.67,15.18,-1.878,18.06,17.49,1,0,0,0,12,18000,89.0,Semi-Urban,0
100.0,100.0,-19.82,1.537,26.46,29.74,1,0,0,1,15,18000,53.2,Rural,0
100.0,96.36,-13.16,1.811,33.24,36.32,1,1,0,0,9,5000,92.2,Semi-Urban,0
75.71,80.55,8.5,-3.199,23.52,28.2,1,0,0,1,4,10000,50.8,Rural,1
28.7,35.18,46.38,-3.382,16.58,20.46,1,1,0,0,13,10000,86.6,Rural,1
84.14,79.95,-6.66,1.347,37.32,38.55,1,1,0,0,6,30000,53.8,Urban,0
62.06,54.41,-23.85,2.371,34.43,31.27,1,0,0,1,9,30000,44.6,Urban,0
84.24,79.63,-38.91,2.66,34.01,29.74,1,4,0,1,15,18000,82.4,Semi-Urban,0
20.0,23.15,13.54,-2.934,22.73,22.11,1,0,0,0,7,10000,61.8,Semi-Urban,1
76.52,74.16,-12.94,1.136,37.62,33.02,1,2,0,0,13,5000,72.5,Rural,0
20.24,22.59,52.64,-3.67,23.25,25.27,1,0,0,1,16,5000,43.6,Semi-Urban,1
92.0,92.84,1.69,-1.686,0.0,0.0,0,0,0,0,2,18000,43.0,Rural,0
62.65,59.55,-4.75,2.375,23.87,24.33,1,0,0,0,3,10000,87.2,Rural,0
47.23,53.67,32.59,-2.671,13.0,12.53,1,0,0,0,13,18000,68.3,Semi-Urban,1
53.1,51.73,-17.47,1.592,37.22,35.98,1,0,0,0,12,18000,46.3,Semi-Urban,0
44.21,52.51,17.28,-3.481,25.42,26.81,1,0,0,0,7,50000,44.7,Semi-Urban,1
59.34,60.03,23.04,-1.781,8.9,17.82,1,0,0,1,15,10000,82.1,Rural,1
59.25,59.47,-0.74,0.257,21.65,22.06,1,0,0,1,6,10000,51.4,Urban,0
34.54,36.53,3.99,-3.988,0.0,0.0,0,0,0,1,2,75000,52.0,Urban,1
20.0,20.0,12.06,-1.921,23.33,16.48,1,0,0,1,9,5000,87.6,Rural,1
94.31,87.92,-27.59,2.636,16.0,21.4,1,2,0,0,11,75000,59.0,Semi-Urban,0
80.83,74.48,-34.07,2.328,21.3,23.33,1,0,0,0,16,18000,54.9,Semi-Urban,0
71.21,66.56,-18.54,2.523,36.1,33.55,1,1,0,0,9,50000,43.7,Rural,0
56.81,56.07,-0.46,0.23,39.24,38.3,1,0,0,1,3,18000,92.5,Semi-Urban,0
55.36,60.13,20.01,-3.39,8.71,13.25,1,3,1,1,6,10000,51.2,Urban,1
92.9,87.19,-9.8,3.102,21.07,21.5,1,0,0,1,4,30000,58.7,Rural,0
60.22,58.41,-17.37,1.105,24.14,26.32,1,3,0,1,14,30000,67.8,Urban,0
20.0,20.0,13.09,-1.687,23.1,29.35,1,1,0,0,10,75000,80.2,Semi-Urban,0
30.43,38.43,55.92,-3.844,15.8,15.81,1,1,1,0,16,30000,65.3,Semi-Urban,1
29.88,36.02,43.55,-3.748,16.06,14.65,1,1,0,0,13,10000,85.6,Semi-Urban,1
60.97,59.44,-4.34,0.999,22.51,21.72,1,1,0,0,7,18000,49.5,Rural,0
81.81,84.49,-0.72,0.423,30.52,29.11,1,0,0,0,10,10000,60.8,Semi-Urban,0
54.83,52.97,-5.51,0.848,34.78,33.92,1,0,0,1,11,10000,47.5,Rural,0
82.51,85.15,11.2,-0.938,21.34,22.54,1,0,0,0,11,5000,64.3,Rural,0
39.99,44.21,42.4,-3.228,27.71,27.73,1,0,0,1,15,30000,51.3,Urban,1
89.67,89.33,-9.84,0.704,33.83,40.0,1,2,0,0,15,5000,68.2,Semi-Urban,0
91.23,88.02,-17.47,2.019,29.64,21.58,1,1,0,0,10,30000,74.4,Urban,0
40.4,45.99,12.23,-1.471,23.05,25.43,1,2,0,1,9,50000,85.9,Urban,1
79.81,80.06,-0.42,-0.04,24.23,25.28,1,0,0,0,4,30000,40.0,Rural,0
89.01,86.18,-17.74,1.396,24.73,22.02,1,2,0,1,14,18000,80.4,Semi-Urban,0
33.19,39.91,39.74,-3.725,10.29,18.11,1,0,0,1,12,10000,94.4,Semi-Urban,1
34.89,40.88,11.34,-1.587,24.11,20.89,1,2,1,0,6,18000,57.9,Rural,1
66.47,64.13,-11.91,1.726,37.91,35.52,1,0,0,1,9,5000,40.0,Rural,0
81.52,82.94,-11.46,1.651,28.84,30.39,1,0,0,0,11,50000,60.9,Rural,0
63.52,63.21,-2.01,1.007,25.9,25.7,1,0,0,1,3,50000,68.2,Urban,0
69.64,67.7,-3.81,0.73,10.13,8.3,1,2,1,0,4,30000,41.0,Rural,0
24.8,28.44,35.92,-2.577,10.12,8.93,1,1,1,1,15,5000,72.7,Semi-Urban,1
71.55,70.65,-1.8,1.798,0.0,0.0,0,0,0,1,2,50000,67.6,Rural,0
75.98,75.74,-7.69,1.014,31.93,35.42,1,1,0,0,9,10000,70.6,Urban,0
83.28,79.71,-14.04,1.985,29.73,37.92,1,4,0,0,7,30000,46.0,Rural,0
46.83,49.65,19.58,-2.867,14.42,20.3,1,2,1,0,8,75000,56.2,Rural,1
49.85,51.54,6.07,-2.564,34.95,23.95,1,3,1,1,4,5000,47.1,Urban,1
96.18,93.09,-17.47,3.105,28.92,28.13,1,0,0,0,7,10000,58.0,Urban,0
72.03,71.94,-1.42,0.988,29.76,33.08,1,1,0,0,6,18000,69.9,Rural,0
80.58,78.13,-12.36,0.848,22.57,26.63,1,1,0,1,13,10000,65.0,Rural,0
23.69,31.83,39.17,-3.44,13.75,13.41,1,0,0,1,12,30000,46.3,Rural,1
20.0,20.0,39.71,-3.046,11.37,12.54,1,0,0,0,16,10000,52.8,Rural,1
76.0,74.32,-7.93,0.512,22.79,20.2,1,1,0,1,16,30000,88.4,Urban,0
86.31,80.94,-15.68,2.729,18.27,21.65,1,1,0,0,7,30000,42.0,Semi-Urban,0
93.39,92.32,-2.15,2.149,0.0,0.0,0,0,0,1,2,10000,65.2,Urban,0
50.36,52.73,23.19,-3.527,23.25,18.68,1,2,1,1,8,50000,60.9,Rural,1
86.06,89.74,7.35,-7.353,0.0,0.0,0,3,0,0,2,50000,78.5,Semi-Urban,1
20.0,21.03,15.97,-1.281,25.02,27.45,1,0,0,0,13,18000,50.6,Urban,0
43.71,43.24,-0.94,0.938,0.0,0.0,0,3,0,0,2,10000,87.5,Urban,1
50.0,47.59,-4.48,0.433,13.35,19.51,1,0,0,0,6,10000,61.9,Urban,0
100.0,100.0,-4.86,0.333,25.16,25.83,1,0,0,0,16,50000,73.8,Semi-Urban,0
62.99,67.67,7.69,-2.526,15.91,15.02,1,0,0,0,4,5000,58.8,Urban,0
43.3,43.25,16.15,-2.909,24.26,24.76,1,1,0,1,9,10000,93.8,Urban,1
73.63,71.64,-2.84,1.422,33.86,35.51,1,0,0,1,3,18000,93.8,Rural,0
100.0,99.5,-31.38,2.45,36.64,29.66,1,0,0,1,15,10000,83.6,Rural,0
70.01,69.03,-1.95,1.954,0.0,0.0,0,0,0,0,2,30000,70.4,Semi-Urban,0
58.13,59.67,3.08,-3.076,0.0,0.0,0,0,0,0,2,30000,55.8,Semi-Urban,0
55.08,56.08,-13.51,1.139,36.51,32.32,1,2,0,1,15,30000,84.5,Urban,0
100.0,97.09,-17.7,2.97,29.93,34.43,1,3,0,0,7,5000,97.9,Rural,0
87.61,84.44,-10.42,1.063,25.31,26.3,1,3,0,1,11,10000,60.4,Urban,0
38.03,43.7,18.07,-2.907,28.37,29.55,1,0,0,0,8,10000,60.3,Urban,1
96.12,89.02,-35.78,2.754,29.09,26.85,1,2,0,0,13,75000,93.1,Semi-Urban,0
80.04,80.7,1.32,-1.317,0.0,0.0,0,3,1,1,2,30000,65.3,Semi-Urban,1
20.0,20.0,18.75,-1.694,25.51,25.09,1,0,0,0,12,30000,75.9,Rural,1
54.36,61.71,11.19,-4.143,13.72,8.01,1,2,1,0,4,18000,73.2,Urban,1
52.11,51.61,15.81,-1.935,19.51,21.74,1,0,0,0,10,30000,46.3,Semi-Urban,0
63.62,65.95,21.39,-2.77,14.62,15.94,1,0,0,1,11,18000,80.9,Urban,1
24.51,30.42,29.93,-3.41,25.07,25.86,1,3,1,0,10,10000,92.1,Rural,1
82.53,81.71,-1.62,0.862,28.43,30.61,1,0,0,1,4,18000,86.3,Urban,0
20.0,20.0,31.6,-2.444,16.67,24.48,1,0,0,1,16,18000,64.3,Rural,1
80.33,75.84,-32.58,2.804,34.46,32.08,1,3,0,1,12,10000,44.0,Semi-Urban,1
32.71,34.59,35.11,-2.954,20.53,11.73,1,0,0,0,14,30000,54.8,Semi-Urban,1
49.44,45.57,-7.01,0.538,24.12,23.21,1,2,0,0,9,50000,50.8,Semi-Urban,0
41.47,41.26,-2.14,1.02,40.0,38.6,1,1,0,0,6,30000,98.0,Semi-Urban,0
96.54,95.39,-10.05,1.318,21.33,19.91,1,0,0,0,8,10000,65.8,Semi-Urban,0
76.47,73.18,-35.04,2.477,40.0,33.34,1,1,0,1,15,18000,81.9,Rural,0
35.82,41.54,34.97,-3.862,10.32,12.15,1,0,0,1,10,30000,59.9,Urban,1
85.61,83.33,-11.44,1.587,38.97,38.17,1,0,0,0,8,75000,96.2,Rural,0
31.33,34.66,9.27,-1.381,19.89,18.85,1,1,1,0,7,5000,90.9,Urban,1
20.0,20.0,34.49,-2.169,21.05,20.88,1,0,0,1,16,30000,87.4,Urban,1
97.55,92.54,-12.31,1.393,40.0,36.64,1,4,0,1,7,10000,60.0,Rural,1
69.62,72.23,10.78,-2.338,13.96,17.26,1,0,0,0,6,10000,94.1,Rural,1
86.49,86.65,-1.03,0.521,27.75,24.53,1,0,0,1,4,5000,48.9,Rural,0
31.27,35.82,31.57,-4.773,26.4,29.17,1,0,0,1,8,30000,86.4,Semi-Urban,1
47.32,44.75,-5.75,0.533,30.59,32.82,1,4,0,1,8,5000,47.7,Rural,1
78.73,74.76,-17.11,1.962,23.8,21.06,1,1,0,0,9,50000,77.8,Rural,0
51.06,50.37,-3.17,1.414,21.66,22.06,1,2,0,1,4,18000,41.6,Rural,1
82.44,79.4,-17.82,1.723,30.43,28.62,1,2,0,0,11,30000,77.1,Urban,0
20.0,22.76,30.92,-2.538,23.1,21.89,1,0,0,1,15,30000,66.1,Rural,1
89.23,84.42,-22.99,2.861,24.16,26.32,1,0,0,0,9,30000,55.4,Urban,0
48.16,55.61,43.41,-2.526,22.47,20.17,1,0,0,1,15,10000,70.2,Rural,1
100.0,100.0,-3.66,0.357,27.61,29.19,1,0,0,0,15,18000,56.4,Semi-Urban,0
73.96,74.93,1.93,-1.929,0.0,0.0,0,1,0,1,2,10000,61.9,Semi-Urban,0
50.56,51.75,18.62,-1.852,16.24,18.58,1,0,0,1,12,30000,71.2,Rural,1
51.23,56.25,26.43,-1.859,19.55,15.29,1,0,0,0,13,18000,47.3,Urban,1
91.93,88.16,-27.18,2.763,24.58,29.72,1,0,0,0,11,5000,91.8,Urban,0
52.33,51.91,3.67,-0.547,10.04,15.67,1,3,1,0,12,5000,77.4,Semi-Urban,1
26.3,29.47,17.44,-2.331,22.06,23.93,1,0,0,0,8,30000,44.1,Rural,1
72.12,78.39,12.01,-1.702,13.3,10.55,1,1,1,1,9,75000,94.5,Rural,1
45.54,44.44,-8.89,1.069,40.0,39.32,1,0,0,1,8,18000,41.6,Rural,1
38.65,43.75,9.71,-2.459,28.62,28.51,1,0,0,0,6,10000,87.1,Semi-Urban,0
22.06,26.52,23.97,-3.753,10.72,14.8,1,2,1,1,8,18000,40.3,Rural,1
76.6,74.67,8.04,-1.444,25.96,23.91,1,0,0,1,8,10000,66.1,Urban,0
65.48,64.64,-1.68,1.685,0.0,0.0,0,0,0,0,2,10000,97.5,Rural,0
60.07,58.01,-2.62,0.457,21.72,24.47,1,1,1,1,6,10000,82.8,Semi-Urban,0
59.57,61.08,23.47,-2.136,31.83,24.77,1,0,0,0,14,18000,62.6,Urban,0
89.83,89.61,-1.78,0.409,26.75,24.6,1,0,0,1,4,5000,69.4,Semi-Urban,0
55.73,55.79,-3.75,0.837,30.93,33.07,1,2,0,1,5,10000,59.1,Rural,1
49.83,49.24,-7.36,1.555,37.78,31.86,1,2,0,0,7,30000,41.4,Urban,0
84.05,79.93,-20.08,1.539,24.96,24.09,1,3,0,0,14,30000,77.5,Semi-Urban,0
100.0,100.0,-9.04,0.437,36.34,31.86,1,0,0,1,16,30000,75.1,Urban,0
66.47,61.56,-13.67,3.625,35.98,33.35,1,0,0,0,5,50000,49.0,Semi-Urban,0
20.0,20.0,22.19,-2.312,19.55,12.08,1,0,0,1,10,5000,55.1,Urban,1
64.09,67.46,29.25,-2.356,17.89,19.47,1,0,0,0,14,75000,82.5,Urban,0
32.18,38.08,40.42,-2.608,16.22,16.34,1,0,0,1,15,10000,71.5,Rural,1
80.35,79.07,-5.43,1.362,40.0,35.81,1,3,0,1,4,10000,57.7,Rural,1
48.54,50.93,29.67,-2.224,22.58,23.42,1,0,0,0,16,10000,67.9,Rural,1
38.47,40.7,30.46,-2.684,25.76,30.36,1,4,0,1,13,30000,50.0,Urban,1
20.0,25.37,50.24,-3.966,7.07,10.02,1,1,1,0,15,18000,56.6,Semi-Urban,1
72.33,69.18,-3.73,1.513,38.13,38.57,1,0,0,0,4,5000,45.4,Urban,0
62.13,61.99,1.65,0.141,22.19,21.22,1,2,0,0,9,75000,65.0,Rural,0
93.57,93.2,-8.05,0.836,19.35,27.82,1,0,0,0,10,75000,50.6,Rural,0
59.03,56.58,-5.06,2.528,29.91,29.55,1,0,0,0,3,50000,60.1,Rural,0
56.25,57.63,2.76,-2.757,0.0,0.0,0,2,0,1,2,75000,94.5,Urban,1
91.64,88.61,-5.62,0.679,34.7,35.67,1,0,0,1,9,30000,97.7,Urban,0
98.68,93.47,-36.33,2.321,21.02,26.33,1,0,0,1,15,18000,57.6,Semi-Urban,0
68.98,65.78,-4.46,1.417,27.51,31.49,1,3,0,1,4,18000,48.6,Semi-Urban,1
59.39,59.15,25.04,-2.552,21.65,16.42,1,2,1,0,11,30000,46.7,Urban,1
92.14,88.94,-6.39,6.392,0.0,0.0,0,1,0,0,2,5000,94.8,Rural,0
78.54,73.31,-9.25,2.019,24.21,32.73,1,0,0,1,5,10000,92.2,Semi-Urban,0
90.99,88.88,-16.75,2.286,29.32,26.08,1,1,0,1,9,10000,90.7,Rural,0
20.0,20.0,23.83,-1.853,30.89,28.8,1,0,0,0,14,30000,56.6,Semi-Urban,0
81.49,81.64,-6.22,1.152,18.71,20.5,1,0,0,1,9,10000,77.8,Semi-Urban,0
64.1,72.71,15.26,-5.402,12.96,14.37,1,0,0,1,4,10000,62.9,Rural,1
94.49,91.62,-14.63,2.781,37.18,34.66,1,0,0,0,7,30000,83.0,Rural,0
59.8,57.57,-2.55,0.388,31.24,26.76,1,3,0,0,6,75000,64.3,Semi-Urban,0
80.63,78.77,-3.72,3.721,0.0,0.0,0,0,0,1,2,30000,74.3,Urban,0
82.94,77.33,-21.59,2.529,39.97,34.83,1,0,0,0,9,30000,84.0,Rural,0
45.65,56.15,22.52,-5.854,18.8,21.62,1,1,1,1,5,50000,44.5,Semi-Urban,1
77.85,84.9,15.99,-2.967,14.73,15.87,1,3,1,1,5,5000,94.0,Semi-Urban,1
46.4,43.85,-5.11,5.111,0.0,0.0,0,0,0,0,2,50000,59.3,Semi-Urban,0
31.56,33.61,6.12,-3.059,31.09,27.14,1,0,0,0,3,50000,57.9,Urban,0
22.5,31.07,24.05,-2.188,23.63,19.2,1,4,1,1,10,30000,43.5,Urban,1
58.72,56.29,-4.55,1.501,38.39,39.62,1,1,0,1,4,5000,45.3,Semi-Urban,1
54.08,47.58,-12.8,2.488,37.28,34.93,1,0,0,0,5,50000,94.8,Urban,0
82.66,77.04,-16.54,2.3,23.27,21.71,1,0,0,1,8,30000,67.2,Semi-Urban,0
95.69,94.13,-17.99,0.985,25.22,26.02,1,0,0,1,16,50000,82.7,Semi-Urban,0
80.26,82.53,13.03,-2.342,25.41,29.21,1,0,0,1,6,10000,55.3,Rural,1
50.84,49.39,12.95,-1.362,30.92,22.63,1,1,0,0,13,10000,91.4,Urban,1
56.7,53.26,-9.64,0.653,25.32,21.54,1,1,0,0,15,30000,67.4,Rural,0
34.83,38.02,15.66,-1.632,19.36,21.97,1,3,0,1,9,5000,66.2,Urban,1
21.85,28.14,29.57,-2.586,21.06,24.34,1,1,1,0,10,5000,69.3,Rural,1
68.17,63.77,-18.35,3.639,40.0,36.6,1,1,0,1,6,18000,69.6,Semi-Urban,0
59.28,59.95,1.34,-1.34,0.0,0.0,0,4,1,1,2,50000,73.3,Semi-Urban,1
64.97,61.81,-21.87,2.861,32.35,36.07,1,0,0,0,9,50000,84.0,Rural,0
99.7,96.82,-10.52,1.24,24.31,24.24,1,1,0,0,9,18000,90.4,Semi-Urban,0
20.0,20.0,15.65,-1.189,26.17,22.04,1,0,0,0,16,30000,94.3,Urban,0
37.03,40.17,7.63,-3.813,14.28,12.9,1,0,0,0,3,30000,67.9,Urban,1
35.7,38.11,5.92,-1.465,9.25,11.05,1,1,1,0,4,5000,80.8,Rural,1
63.46,62.13,-10.06,1.075,35.53,24.98,1,0,0,0,9,5000,88.5,Semi-Urban,0
65.91,63.64,-2.55,1.277,18.87,19.5,1,0,0,0,3,30000,64.9,Urban,0
94.26,89.38,-18.71,2.814,31.39,30.49,1,1,0,1,8,10000,92.0,Rural,0
46.78,47.48,1.41,-1.411,0.0,0.0,0,2,0,1,2,5000,43.9,Rural,1
38.7,42.02,50.4,-4.061,28.8,28.88,1,0,0,1,13,30000,98.9,Semi-Urban,1
91.15,84.25,-26.89,2.385,36.84,36.15,1,0,0,1,12,10000,67.1,Semi-Urban,0
84.32,85.66,-5.37,0.932,34.58,39.97,1,0,0,0,7,18000,52.5,Rural,0
59.43,56.73,-17.04,2.214,32.86,27.75,1,0,0,0,10,75000,94.0,Urban,0
20.0,24.04,18.29,-0.982,32.12,29.45,1,0,0,0,16,10000,97.5,Rural,1
45.09,43.94,-4.53,2.267,36.74,35.81,1,0,0,1,3,50000,77.9,Rural,0
25.97,33.95,38.34,-3.426,26.65,26.69,1,0,0,0,12,18000,84.5,Rural,1
73.42,67.9,-19.53,1.738,40.0,38.28,1,1,0,0,10,50000,44.4,Semi-Urban,0
75.37,75.9,-17.8,1.545,31.64,33.5,1,0,0,0,15,18000,71.8,Semi-Urban,0
100.0,100.0,-12.86,0.979,26.68,19.74,1,2,0,0,12,50000,81.9,Rural,0
46.99,44.85,-4.12,2.058,27.31,30.28,1,1,0,1,3,30000,45.6,Rural,0
84.69,83.32,-26.13,1.878,34.42,27.19,1,1,0,0,15,30000,43.9,Rural,0
20.0,20.0,24.08,-1.494,11.29,14.01,1,1,1,0,14,30000,83.7,Semi-Urban,1
35.05,40.11,49.9,-3.759,14.04,14.57,1,2,1,0,14,30000,41.8,Semi-Urban,1
39.92,41.38,2.94,-2.936,0.0,0.0,0,0,0,0,2,10000,94.3,Semi-Urban,1
91.48,88.05,-6.86,6.856,0.0,0.0,0,1,0,0,2,5000,81.9,Urban,0
98.43,93.27,-23.39,2.903,29.91,33.32,1,1,0,0,9,75000,60.1,Semi-Urban,0
23.11,30.25,16.56,-3.631,17.08,22.06,1,0,0,1,6,10000,42.1,Semi-Urban,1
27.4,28.86,22.59,-2.728,26.34,24.94,1,0,0,1,9,18000,96.7,Semi-Urban,1
20.0,21.51,18.48,-1.755,18.57,22.61,1,4,1,0,10,18000,60.3,Urban,1
100.0,100.0,-13.48,1.388,40.0,35.69,1,0,0,1,9,5000,48.2,Semi-Urban,0
28.75,32.99,24.25,-2.346,16.33,18.97,1,0,0,1,10,10000,54.2,Urban,1
90.21,85.99,-6.9,3.451,34.4,25.07,1,0,0,1,3,75000,94.2,Semi-Urban,0
83.77,83.12,-18.04,2.278,22.36,25.02,1,4,0,1,10,10000,45.4,Urban,1
27.84,31.0,41.0,-3.255,24.05,22.41,1,0,0,0,14,30000,92.3,Semi-Urban,0
57.3,57.47,0.33,-0.333,0.0,0.0,0,0,0,0,2,5000,79.5,Rural,0
100.0,99.11,-11.87,1.423,36.61,33.15,1,1,0,0,10,30000,47.4,Semi-Urban,0
26.68,30.64,11.31,-1.404,20.2,19.48,1,2,1,1,6,30000,45.2,Urban,1
90.01,90.81,-7.33,1.14,40.0,40.0,1,0,0,0,7,50000,42.7,Urban,0
66.37,65.4,-13.11,0.915,26.33,25.43,1,2,0,1,14,50000,73.2,Semi-Urban,0
20.0,21.8,23.17,-2.843,14.98,16.55,1,0,0,0,9,75000,66.1,Urban,1
79.02,76.32,-6.99,3.496,25.25,24.85,1,0,0,0,3,10000,97.2,Rural,0
62.88,59.53,-16.67,2.984,27.89,33.12,1,1,0,0,7,18000,64.1,Semi-Urban,0
100.0,100.0,-3.12,0.286,37.4,40.0,1,0,0,0,14,18000,83.4,Urban,0
90.11,84.86,-35.52,2.445,22.21,21.26,1,0,0,1,15,30000,91.0,Semi-Urban,0
72.31,76.63,8.63,-8.634,0.0,0.0,0,0,0,0,2,10000,41.8,Semi-Urban,0
79.13,75.6,-26.79,1.729,33.2,30.68,1,2,0,0,15,30000,78.1,Semi-Urban,0
57.54,57.22,14.94,-1.74,14.26,17.71,1,0,0,0,10,5000,88.7,Semi-Urban,1
69.85,66.99,-28.55,2.527,31.98,30.2,1,0,0,0,13,30000,90.9,Rural,0
65.7,61.33,-14.97,2.24,36.8,33.11,1,0,0,0,8,30000,40.6,Urban,0
92.91,92.36,-10.98,1.589,28.87,23.72,1,2,0,0,8,5000,45.0,Rural,0
90.76,88.05,-26.03,2.779,23.18,21.9,1,1,0,0,11,18000,50.9,Urban,0
36.53,36.22,-0.6,0.604,0.0,0.0,0,0,0,1,2,50000,74.6,Semi-Urban,0
39.59,45.01,29.04,-2.835,22.63,24.86,1,1,0,0,11,75000,42.7,Urban,1
26.74,34.89,12.26,-3.862,22.1,20.16,1,2,1,0,4,50000,83.5,Rural,1
79.15,78.54,-2.86,-0.015,40.0,35.63,1,1,0,0,6,5000,72.6,Semi-Urban,0
58.14,60.18,8.1,-2.48,14.84,19.25,1,0,0,1,4,5000,92.5,Rural,1
97.06,95.16,-3.8,3.804,0.0,0.0,0,0,0,1,2,18000,69.3,Semi-Urban,0
52.34,49.63,-10.7,1.272,17.84,20.07,1,0,0,1,7,18000,59.2,Semi-Urban,0
38.82,42.74,31.46,-3.281,14.1,17.44,1,0,0,0,10,30000,66.2,Rural,1
69.27,65.21,-15.68,2.041,21.17,21.7,1,1,0,0,9,10000,59.9,Semi-Urban,0
82.2,79.65,-7.71,0.606,32.42,28.81,1,1,0,1,11,30000,89.1,Urban,0
43.22,39.34,-10.89,3.707,20.6,20.58,1,0,0,1,4,5000,97.7,Semi-Urban,1
93.36,87.61,-30.35,2.399,26.55,20.23,1,2,0,1,12,50000,84.0,Semi-Urban,0
60.28,58.5,-7.47,0.379,24.29,24.88,1,0,0,0,13,18000,86.3,Rural,0
21.33,24.33,20.04,-2.885,21.0,28.35,1,0,0,0,8,75000,93.6,Semi-Urban,1
60.51,63.34,1.94,-1.585,23.64,19.24,1,0,0,0,5,30000,61.4,Semi-Urban,0
73.65,70.73,4.65,-1.79,24.03,19.64,1,4,1,0,6,10000,50.0,Rural,1
22.98,21.74,21.38,-2.462,22.98,20.01,1,0,0,1,12,18000,84.7,Rural,1
78.79,83.09,17.77,-4.521,24.31,26.21,1,2,1,0,5,10000,77.1,Semi-Urban,1
40.98,37.22,-7.51,7.511,0.0,0.0,0,3,0,0,2,30000,56.6,Rural,1
100.0,97.31,-14.36,2.12,25.92,27.84,1,0,0,0,8,10000,55.4,Urban,0
53.33,56.96,8.28,-1.451,12.63,17.07,1,0,0,1,8,5000,65.0,Urban,1
37.13,40.01,12.43,-1.398,19.9,21.96,1,3,1,1,10,18000,97.3,Semi-Urban,1
61.74,63.84,19.13,-2.053,32.35,30.78,1,0,0,0,10,10000,70.1,Semi-Urban,0
33.71,35.93,3.27,-1.633,16.91,18.8,1,0,0,0,3,50000,90.7,Urban,0
100.0,99.13,-13.83,1.815,32.46,37.59,1,1,0,1,9,30000,40.1,Rural,0
46.05,48.94,5.77,-5.77,0.0,0.0,0,0,0,1,2,18000,69.9,Semi-Urban,1
79.3,77.08,-16.82,1.343,31.12,34.78,1,3,0,0,12,10000,67.1,Urban,0
62.41,59.21,-17.34,1.097,22.87,23.35,1,4,0,0,16,30000,51.7,Urban,0
100.0,94.54,-37.71,2.743,33.99,34.55,1,2,0,1,15,10000,84.6,Rural,0
65.7,70.26,24.78,-3.373,24.28,26.55,1,0,0,1,9,18000,48.5,Urban,1
20.0,20.0,23.62,-1.007,8.51,11.85,1,4,1,0,16,30000,87.3,Semi-Urban,1
61.86,64.01,3.13,-1.565,16.77,17.28,1,1,1,0,3,50000,91.7,Rural,0
100.0,99.04,-5.39,1.113,26.23,26.06,1,0,0,0,7,75000,47.7,Semi-Urban,0
20.0,20.0,36.55,-2.577,24.28,28.74,1,0,0,0,16,10000,68.4,Urban,1
100.0,98.38,-14.75,1.804,26.55,25.97,1,0,0,0,10,18000,41.7,Rural,0
90.73,89.32,-19.75,1.671,37.93,39.18,1,2,0,1,15,30000,92.5,Semi-Urban,0
30.4,31.83,12.3,-1.629,25.85,24.88,1,0,0,1,8,5000,76.1,Urban,1
96.98,95.11,-4.7,0.392,33.3,39.11,1,0,0,1,12,18000,93.2,Semi-Urban,0
47.13,49.78,21.11,-1.565,22.24,18.03,1,1,0,0,16,30000,86.7,Rural,1
49.05,42.73,-11.07,3.722,18.52,20.27,1,0,0,1,4,50000,71.3,Rural,0
58.52,60.22,17.9,-1.574,13.55,17.68,1,4,1,0,14,75000,69.6,Rural,1
20.0,20.0,24.2,-1.642,7.25,9.36,1,2,1,1,16,30000,73.4,Rural,1
53.55,57.91,14.54,-1.898,23.88,16.38,1,0,0,0,10,18000,81.2,Rural,0
66.35,64.21,-11.33,0.948,22.18,23.06,1,0,0,0,14,50000,52.7,Semi-Urban,0
50.01,54.26,21.76,-2.748,15.38,14.36,1,0,0,1,10,18000,65.4,Urban,1
20.0,28.86,18.76,-5.297,20.31,16.2,1,1,1,0,5,30000,63.6,Semi-Urban,1
63.27,64.8,5.63,-2.815,19.79,20.79,1,0,0,0,3,18000,98.3,Rural,0
95.54,94.19,-1.76,0.417,32.78,33.41,1,0,0,1,4,5000,77.0,Rural,0
82.03,80.57,-16.14,1.236,32.74,40.0,1,1,0,0,15,75000,93.5,Rural,0
85.69,81.77,-22.07,2.269,25.2,25.16,1,1,0,0,11,30000,63.6,Semi-Urban,0
71.05,67.45,-5.83,2.34,35.54,37.34,1,4,0,1,4,18000,92.1,Urban,0
48.63,48.14,3.2,-1.932,7.11,13.31,1,2,0,0,5,18000,76.1,Urban,1
96.39,93.78,-5.77,2.884,39.47,37.02,1,2,0,0,3,10000,46.3,Rural,0
100.0,99.8,-9.85,1.07,35.0,36.93,1,0,0,0,9,5000,78.1,Urban,0
89.62,88.39,-9.47,1.175,31.37,33.32,1,2,0,0,10,75000,98.3,Semi-Urban,0
61.09,68.32,20.47,-4.044,14.43,18.17,1,2,1,0,6,75000,87.1,Semi-Urban,1
83.91,80.43,-11.02,0.717,26.59,31.24,1,0,0,1,13,30000,74.8,Semi-Urban,0
45.48,50.04,1.96,-1.127,26.05,28.56,1,1,1,0,5,18000,78.6,Semi-Urban,0
93.33,89.21,-13.35,2.529,30.61,25.98,1,0,0,1,6,18000,68.1,Rural,0
57.91,56.53,-17.87,1.373,19.47,18.63,1,1,0,1,15,5000,75.8,Urban,0
20.0,22.3,23.28,-2.556,22.15,27.71,1,0,0,0,10,18000,62.7,Urban,1
100.0,100.0,-12.42,0.869,27.73,22.19,1,1,0,1,14,18000,66.9,Rural,0
61.51,61.28,9.46,-1.404,15.91,16.55,1,1,1,1,7,10000,46.7,Urban,1
95.93,92.07,-32.16,2.07,23.42,28.1,1,0,0,1,16,18000,59.6,Urban,0
41.44,39.66,-3.55,3.553,0.0,0.0,0,2,0,0,2,50000,74.9,Rural,0
78.2,82.21,13.71,-2.134,16.34,13.33,1,0,0,1,8,50000,63.8,Rural,0
55.65,54.17,-20.12,2.725,22.01,25.36,1,0,0,0,9,30000,72.1,Rural,0
70.16,65.45,-2.86,1.313,27.85,29.11,1,0,0,0,4,75000,72.9,Semi-Urban,0
100.0,99.8,-19.36,1.618,35.3,36.04,1,0,0,1,14,30000,66.9,Rural,0
88.2,82.98,-33.28,2.735,29.4,30.23,1,4,0,0,13,5000,87.3,Rural,0
99.53,99.66,-15.43,1.497,40.0,37.13,1,0,0,1,11,50000,62.3,Semi-Urban,0
80.66,79.8,-0.09,-0.426,37.14,34.06,1,1,0,0,6,10000,71.1,Rural,0
85.15,81.54,-10.42,0.703,29.62,22.2,1,0,0,1,16,10000,70.0,Urban,0
74.41,74.79,-16.45,1.356,35.33,33.05,1,1,0,1,15,5000,86.5,Urban,0
75.4,70.12,-33.6,1.975,40.0,38.32,1,0,0,0,16,75000,40.7,Urban,0
68.68,69.87,-6.72,1.689,32.1,32.42,1,3,0,1,7,5000,70.6,Rural,0
58.82,62.47,38.07,-3.571,23.2,31.07,1,1,1,1,12,10000,70.3,Urban,1
94.89,91.99,-17.83,2.317,20.82,21.36,1,0,0,1,9,5000,82.2,Rural,0
53.07,53.84,2.29,-0.093,32.77,31.78,1,0,0,1,6,10000,48.8,Semi-Urban,1
20.0,21.02,16.34,-2.923,13.73,19.17,1,1,1,0,8,18000,55.2,Rural,1
76.12,82.66,10.37,-0.484,19.35,17.44,1,0,0,0,8,50000,43.3,Semi-Urban,0
95.47,93.78,-25.1,2.661,33.17,31.29,1,1,0,0,11,50000,61.1,Urban,0
20.0,20.0,16.58,-1.388,16.2,11.22,1,0,0,1,15,5000,43.3,Rural,1
94.13,89.55,-13.46,1.207,30.29,31.16,1,0,0,0,11,50000,46.1,Rural,0
73.66,69.41,-23.39,2.507,37.17,37.03,1,2,0,1,9,10000,65.9,Urban,0
81.3,81.89,-4.55,0.823,38.42,33.57,1,3,0,1,6,18000,67.7,Rural,0
77.26,81.32,8.12,-8.119,0.0,0.0,0,1,1,0,2,18000,50.8,Rural,1
78.77,77.28,-10.1,2.186,32.09,34.28,1,0,0,1,6,30000,76.7,Rural,0
42.83,43.99,3.42,-0.77,13.95,15.37,1,4,1,0,7,75000,92.0,Semi-Urban,1
100.0,100.0,-13.16,1.151,40.0,36.05,1,0,0,0,15,10000,92.9,Urban,0
86.45,82.69,-19.32,2.984,28.36,26.52,1,3,0,0,7,10000,55.7,Rural,0
100.0,98.48,-16.0,1.739,21.11,24.68,1,0,0,0,11,75000,66.0,Semi-Urban,0
48.78,54.15,14.91,-4.249,28.47,19.73,1,0,0,1,5,5000,57.7,Semi-Urban,1
41.96,42.94,11.7,-1.176,22.24,30.02,1,1,1,1,12,50000,78.9,Semi-Urban,1
61.38,67.34,20.99,-1.212,19.03,28.06,1,0,0,0,16,5000,78.6,Semi-Urban,0
59.47,58.67,23.74,-3.698,10.58,12.11,1,0,0,1,9,10000,80.7,Semi-Urban,1
63.22,62.3,-12.19,1.725,37.87,39.3,1,0,0,0,9,10000,79.4,Rural,0
22.71,27.83,18.94,-3.248,16.13,16.73,1,3,0,0,7,75000,57.3,Urban,1
100.0,99.87,-9.21,0.941,31.23,29.78,1,0,0,1,10,50000,50.2,Semi-Urban,0
42.38,49.71,47.51,-3.728,26.42,25.58,1,3,1,1,13,5000,67.5,Urban,1
91.28,89.42,-9.84,0.613,32.37,31.84,1,0,0,0,15,50000,63.5,Semi-Urban,0
54.54,54.01,36.0,-3.277,6.57,10.71,1,0,0,0,13,30000,95.9,Semi-Urban,1
37.86,42.6,47.92,-3.101,19.17,19.21,1,3,0,1,15,10000,84.4,Rural,1
100.0,99.94,-14.25,1.056,36.72,33.41,1,0,0,0,15,75000,73.1,Rural,0
20.0,22.07,15.36,-1.439,11.88,12.57,1,0,0,0,12,30000,50.6,Semi-Urban,1
100.0,97.13,-30.81,2.584,19.27,20.77,1,2,0,0,13,10000,81.2,Rural,0
38.65,44.51,31.44,-1.977,25.86,25.01,1,0,0,1,14,30000,87.0,Semi-Urban,0
46.34,45.04,0.01,-0.005,21.46,22.68,1,0,0,0,3,5000,62.6,Urban,1
100.0,100.0,-12.74,0.888,33.68,32.62,1,0,0,0,16,30000,49.7,Urban,0
67.74,68.03,-2.07,0.489,27.32,21.55,1,2,0,0,8,75000,49.0,Urban,0
55.35,62.91,20.96,-2.281,24.73,23.29,1,0,0,1,10,30000,90.5,Rural,1
82.11,81.82,-1.93,0.965,31.23,31.58,1,4,0,0,3,30000,42.2,Urban,0
59.95,57.37,-23.4,1.655,27.77,29.08,1,0,0,0,14,10000,76.5,Rural,0
23.73,27.58,41.8,-2.775,10.7,12.41,1,1,1,0,15,30000,98.7,Rural,1
80.86,79.48,-2.98,1.489,27.94,25.7,1,1,0,1,3,30000,86.3,Semi-Urban,0
82.19,83.06,-9.24,0.861,27.81,27.86,1,0,0,1,15,5000,54.6,Urban,0
61.75,62.29,8.27,-1.551,22.53,27.12,1,1,1,0,6,18000,92.1,Rural,0
70.74,68.72,-0.35,-0.265,25.75,29.11,1,0,0,0,5,30000,49.4,Semi-Urban,0
37.24,40.3,6.13,-6.125,0.0,0.0,0,0,0,1,2,18000,72.5,Semi-Urban,1
89.13,89.88,1.51,-1.507,0.0,0.0,0,0,0,0,2,30000,76.7,Rural,0
51.7,57.85,30.33,-3.715,17.81,14.25,1,1,0,1,9,75000,60.8,Urban,1
56.9,52.11,-17.24,2.688,39.8,40.0,1,1,0,0,8,30000,67.1,Semi-Urban,0
44.97,41.56,-5.76,2.882,28.81,31.24,1,1,0,1,3,50000,92.5,Urban,0
44.22,47.64,6.83,-6.834,0.0,0.0,0,2,1,1,2,5000,56.7,Urban,1
40.91,37.46,-6.9,6.901,0.0,0.0,0,0,0,1,2,50000,45.3,Semi-Urban,0
32.97,36.47,9.73,-3.214,13.7,10.87,1,0,0,1,4,30000,79.0,Rural,1
93.55,92.77,0.48,0.018,15.67,22.34,1,0,0,1,4,5000,45.8,Urban,0
99.55,96.47,-24.94,2.618,32.66,32.08,1,0,0,1,11,30000,63.0,Semi-Urban,0
88.24,83.83,-9.19,3.024,29.47,30.43,1,1,0,1,4,10000,73.6,Semi-Urban,0
71.93,69.13,-23.3,1.89,29.71,32.34,1,0,0,1,14,30000,93.7,Rural,0
98.58,97.72,-5.08,1.187,38.94,33.52,1,0,0,0,5,30000,93.8,Urban,0
95.86,91.93,-27.86,2.823,32.46,25.47,1,0,0,0,12,10000,76.2,Semi-Urban,0
47.64,53.98,23.1,-2.765,16.72,18.15,1,0,0,1,8,5000,40.6,Urban,1
71.18,75.82,17.3,-1.137,14.25,18.57,1,0,0,0,15,5000,52.0,Rural,1
22.75,25.75,11.1,-0.976,17.18,19.72,1,4,1,0,12,50000,70.1,Urban,1
20.0,20.0,33.16,-2.857,12.65,15.55,1,4,1,0,14,18000,44.5,Urban,1
51.66,53.83,11.55,-1.363,19.52,18.28,1,0,0,1,11,5000,49.6,Urban,1
97.84,94.14,-11.95,2.232,20.72,17.85,1,4,0,0,6,10000,74.2,Rural,1
68.19,68.79,-24.44,2.062,19.4,29.31,1,0,0,0,14,10000,79.3,Urban,0
20.0,20.29,17.77,-1.915,26.06,22.48,1,0,0,1,10,75000,93.4,Rural,1
75.68,71.51,-21.59,2.42,31.5,35.96,1,0,0,1,10,30000,61.8,Urban,0
67.36,65.9,-15.47,1.923,40.0,37.62,1,1,0,1,10,30000,69.2,Urban,0
74.41,73.99,-2.71,1.004,23.06,22.8,1,0,0,1,4,30000,57.0,Semi-Urban,0
100.0,100.0,-11.67,1.658,31.07,29.43,1,3,0,0,9,30000,61.8,Rural,0
96.34,92.58,-17.27,1.484,36.77,37.54,1,0,0,1,12,18000,43.6,Urban,0
65.14,65.82,5.31,-2.654,21.2,20.62,1,0,0,0,3,50000,79.6,Rural,0
44.65,49.34,16.98,-1.827,8.63,14.74,1,0,0,1,11,18000,72.0,Urban,1
94.56,91.99,-20.12,3.024,27.53,26.65,1,2,0,0,8,50000,80.6,Urban,0
66.12,68.23,4.13,-1.454,25.84,28.12,1,0,0,1,5,5000,73.3,Rural,0
90.64,87.09,-13.35,2.172,37.8,36.78,1,0,0,1,6,5000,89.3,Semi-Urban,0
68.76,63.69,-16.1,2.554,23.06,26.24,1,0,0,0,6,75000,47.7,Semi-Urban,0
64.11,65.62,-1.06,0.443,33.84,36.99,1,1,0,1,10,18000,57.3,Semi-Urban,0
57.68,59.99,4.62,-4.621,0.0,0.0,0,1,1,1,2,18000,41.3,Rural,1
21.5,25.05,27.77,-1.957,31.61,27.14,1,1,1,1,13,18000,58.2,Urban,1
96.99,95.55,-2.02,1.012,20.6,21.24,1,0,0,1,3,5000,63.2,Rural,0
88.38,87.74,-1.29,1.285,0.0,0.0,0,4,0,0,2,75000,51.8,Rural,0
85.89,86.63,9.69,-1.988,8.19,9.18,1,0,0,0,6,10000,66.5,Rural,0
72.79,69.64,-19.78,1.128,38.68,36.84,1,0,0,0,16,50000,66.9,Semi-Urban,0
98.8,96.0,-29.43,2.44,20.34,22.94,1,3,0,1,13,30000,42.1,Urban,0
59.2,62.84,29.29,-4.26,17.01,18.87,1,0,0,0,8,30000,64.0,Rural,1
70.83,71.25,0.83,-0.829,0.0,0.0,0,0,0,1,2,75000,41.9,Rural,0
100.0,99.34,-6.62,0.963,20.9,30.53,1,0,0,0,7,5000,87.4,Semi-Urban,0
21.33,23.72,28.97,-2.059,27.27,29.18,1,0,0,1,15,10000,74.4,Rural,1
54.82,52.38,-18.53,1.589,27.76,27.29,1,4,0,1,13,5000,40.3,Semi-Urban,1
48.14,49.29,-7.79,1.344,27.18,27.19,1,3,0,0,10,50000,50.7,Urban,1
69.09,64.09,-7.82,2.626,36.39,39.18,1,2,0,1,4,10000,76.7,Rural,1
56.29,61.36,20.67,-3.405,20.63,25.45,1,1,1,1,7,10000,89.4,Rural,1
75.92,81.36,13.16,-5.046,28.7,26.95,1,1,1,0,4,5000,93.9,Rural,1
60.53,62.78,15.7,-1.958,16.08,18.34,1,2,1,0,9,18000,50.1,Rural,1
99.51,95.26,-11.85,0.844,38.03,38.31,1,1,0,1,11,10000,53.4,Urban,0
20.0,20.0,14.28,-1.523,20.41,14.45,1,0,0,0,14,18000,79.4,Urban,1
43.31,44.46,28.34,-2.561,16.69,20.91,1,0,0,0,12,30000,90.9,Semi-Urban,1
24.4,29.13,8.47,-1.672,11.55,15.68,1,4,1,0,6,75000,87.9,Urban,1
90.08,86.67,-7.93,3.965,38.38,40.0,1,0,0,1,3,18000,70.0,Urban,0
100.0,100.0,-6.63,0.503,21.83,23.88,1,0,0,0,13,30000,79.1,Semi-Urban,0
100.0,98.72,-21.27,2.832,20.08,23.02,1,1,0,0,9,75000,62.9,Rural,0
41.15,48.77,20.95,-2.931,12.16,11.8,1,2,1,0,8,30000,96.5,Semi-Urban,1
58.11,57.69,-0.84,0.84,0.0,0.0,0,0,0,1,2,10000,60.1,Rural,0
90.01,87.32,-10.03,2.671,35.47,35.0,1,3,0,0,5,50000,93.3,Rural,0
30.29,36.55,37.95,-2.615,25.83,27.19,1,4,1,0,14,18000,70.1,Urban,1
29.01,34.6,20.98,-3.067,16.98,16.92,1,4,1,0,8,75000,56.4,Urban,1
100.0,99.2,-10.67,1.596,33.54,35.83,1,0,0,0,9,50000,94.1,Rural,0
80.02,81.65,16.72,-3.18,15.89,15.16,1,1,0,1,7,30000,42.8,Urban,1
87.79,87.0,-12.12,1.363,32.13,31.39,1,1,0,0,12,50000,61.1,Semi-Urban,0
20.0,20.0,25.62,-1.508,20.8,15.46,1,0,0,1,16,50000,59.4,Rural,1
81.65,76.93,-9.45,9.453,0.0,0.0,0,3,0,0,2,18000,69.6,Semi-Urban,0
66.97,63.22,-15.5,1.242,26.83,29.27,1,0,0,1,12,18000,56.1,Rural,0
87.94,84.84,-7.22,3.611,32.11,33.18,1,1,0,1,3,5000,79.3,Urban,0
63.68,65.39,-8.58,0.835,37.16,33.62,1,1,0,0,15,50000,76.9,Semi-Urban,0
57.49,57.86,0.75,-0.748,0.0,0.0,0,1,0,1,2,50000,60.8,Urban,0
21.67,29.09,40.79,-4.265,26.26,21.55,1,1,0,0,10,5000,63.8,Urban,1
20.0,20.77,20.43,-2.438,25.73,23.16,1,1,1,1,10,10000,77.1,Urban,1
57.62,53.5,-12.32,2.448,30.16,33.76,1,0,0,0,7,75000,85.4,Rural,0
52.75,44.35,-19.74,3.416,36.82,34.83,1,0,0,0,6,75000,44.0,Semi-Urban,0
88.76,84.94,-33.17,2.887,38.28,34.43,1,4,0,1,12,5000,56.8,Semi-Urban,1
70.55,67.18,-8.65,4.324,24.8,27.57,1,0,0,1,3,5000,42.6,Rural,0
100.0,99.49,-9.45,1.318,31.06,33.14,1,2,0,0,8,75000,75.8,Rural,0
58.18,55.25,-21.47,2.411,35.91,29.13,1,2,0,0,10,10000,90.4,Rural,0
63.61,61.2,-11.8,0.935,24.32,22.42,1,0,0,1,10,18000,50.5,Rural,0
42.67,45.12,3.96,-1.008,9.36,8.82,1,2,0,1,4,50000,64.9,Urban,1
47.13,51.27,45.05,-2.94,30.05,27.02,1,0,0,1,16,5000,48.4,Urban,1
20.0,22.35,45.16,-3.156,18.8,20.13,1,4,1,0,16,18000,96.5,Semi-Urban,1
84.42,81.33,-3.35,1.183,15.72,23.05,1,0,0,1,4,30000,96.2,Rural,0
80.38,81.17,13.37,-1.252,8.63,10.69,1,0,0,1,12,10000,54.8,Semi-Urban,1
69.99,69.87,0.68,-0.341,25.99,24.84,1,1,1,0,3,75000,79.7,Semi-Urban,0
100.0,100.0,-7.68,0.629,31.87,30.95,1,0,0,1,9,5000,40.7,Rural,0
48.82,52.71,15.16,-1.725,13.1,9.7,1,1,1,1,8,5000,79.1,Rural,1
20.0,23.65,31.55,-2.444,27.19,22.43,1,1,0,0,15,10000,48.3,Urban,1
100.0,98.31,-33.43,2.553,40.0,38.52,1,4,0,0,14,10000,85.0,Rural,0
57.57,59.45,10.09,-1.347,15.91,17.44,1,2,0,0,10,10000,44.9,Urban,1
61.81,58.72,-23.95,1.938,15.85,24.83,1,0,0,0,14,75000,43.7,Urban,0
22.8,27.0,24.37,-4.125,21.58,16.42,1,0,0,1,7,10000,98.4,Rural,1
25.24,29.52,34.14,-2.812,18.04,17.09,1,0,0,0,13,50000,79.5,Rural,1
97.33,93.88,-4.71,1.874,32.45,27.41,1,0,0,0,4,75000,96.3,Semi-Urban,0
66.63,66.21,-8.33,1.141,30.41,24.33,1,0,0,0,9,75000,94.1,Semi-Urban,0
97.83,90.53,-17.87,2.498,25.46,32.1,1,0,0,0,7,10000,80.0,Semi-Urban,0
62.9,60.81,-22.08,1.521,28.86,19.38,1,1,0,0,15,30000,93.9,Semi-Urban,0
20.0,20.0,17.45,-1.336,28.79,30.39,1,4,1,0,15,18000,74.4,Semi-Urban,1
30.13,36.53,18.91,-3.154,26.54,27.65,1,0,0,1,7,30000,52.2,Urban,1
74.92,74.8,-0.25,0.254,0.0,0.0,0,2,0,1,2,50000,66.6,Semi-Urban,0
20.0,20.0,20.92,-2.417,24.72,28.59,1,1,1,1,10,18000,94.9,Rural,1
29.07,36.66,49.92,-3.599,30.63,26.55,1,0,0,0,16,50000,49.1,Rural,1
31.67,34.42,17.56,-1.085,14.04,11.07,1,0,0,0,13,50000,67.1,Semi-Urban,1
74.48,72.14,-5.65,1.662,33.08,40.0,1,1,0,1,4,50000,85.0,Semi-Urban,0
59.39,64.76,10.75,-10.746,0.0,0.0,0,0,0,1,2,5000,43.7,Urban,1
20.0,20.26,23.11,-2.661,23.8,24.67,1,0,0,0,12,30000,57.1,Urban,1
67.13,63.55,-7.91,2.672,17.3,28.09,1,1,1,1,4,10000,67.5,Rural,1
100.0,96.95,-24.91,2.799,36.27,33.46,1,0,0,1,10,18000,69.8,Semi-Urban,0
61.94,57.57,-11.88,1.791,26.3,30.87,1,2,0,1,7,30000,64.6,Semi-Urban,0
20.0,25.2,36.72,-3.163,9.75,9.3,1,0,0,1,12,10000,83.0,Semi-Urban,1
48.13,48.05,4.79,-0.177,38.22,35.43,1,0,0,1,7,30000,43.3,Semi-Urban,0
58.07,65.7,28.13,-4.391,22.47,18.5,1,3,1,1,7,50000,98.0,Rural,1
37.68,38.62,37.27,-3.762,9.36,12.76,1,0,0,0,11,30000,94.0,Rural,1
30.85,35.58,28.53,-2.3,18.05,14.16,1,1,0,0,12,10000,92.1,Rural,1
71.27,69.77,-4.8,2.4,29.96,31.46,1,0,0,0,3,5000,67.9,Rural,0
75.79,73.95,-13.6,1.626,39.12,35.95,1,0,0,0,8,30000,83.4,Urban,0
81.5,77.06,-19.95,2.683,38.8,37.68,1,1,0,1,8,30000,71.7,Rural,0
100.0,100.0,-18.04,1.176,32.43,36.76,1,0,0,1,16,30000,50.1,Rural,0
100.0,100.0,-15.8,1.197,37.63,36.3,1,0,0,0,15,18000,86.9,Urban,0
63.1,72.45,28.57,-3.098,9.88,14.6,1,0,0,1,9,10000,57.4,Urban,1
100.0,97.29,-0.24,-0.061,25.5,27.6,1,1,0,1,7,10000,70.5,Semi-Urban,0
67.57,64.77,-21.3,1.852,31.33,32.03,1,2,0,0,13,10000,96.7,Urban,0
62.6,62.27,0.28,-0.138,15.86,17.68,1,0,0,1,3,5000,82.1,Urban,0
20.0,23.11,22.92,-3.223,29.07,30.31,1,0,0,0,8,30000,52.1,Rural,1
22.61,29.79,54.96,-3.625,22.6,20.34,1,1,1,1,16,50000,83.6,Urban,1
80.67,79.57,-35.23,2.488,35.48,31.52,1,4,0,1,16,30000,71.0,Semi-Urban,0
26.5,28.05,13.65,-1.521,13.76,15.45,1,1,1,1,9,10000,57.4,Rural,1
97.1,94.04,-6.79,2.109,33.28,28.09,1,0,0,0,4,10000,62.3,Semi-Urban,0
72.62,69.96,-11.69,0.789,39.76,39.47,1,0,0,1,11,30000,67.1,Rural,0
44.0,43.46,-1.07,1.069,0.0,0.0,0,2,1,0,2,30000,56.2,Rural,1
68.02,71.48,10.59,-2.852,19.13,10.61,1,1,1,0,5,5000,85.3,Rural,1
90.36,92.11,3.5,-3.499,0.0,0.0,0,0,0,1,2,18000,79.0,Rural,0
47.61,44.89,-5.45,5.448,0.0,0.0,0,0,0,1,2,10000,94.0,Semi-Urban,0
67.09,70.94,13.68,-2.906,22.58,20.06,1,0,0,0,5,18000,78.4,Urban,0
100.0,100.0,-8.3,1.142,30.01,26.58,1,3,0,1,9,5000,57.3,Rural,1
100.0,98.36,-31.23,2.928,34.22,34.35,1,0,0,1,11,30000,82.0,Rural,0
92.98,91.72,-14.49,1.436,39.79,38.65,1,0,0,1,11,18000,95.4,Semi-Urban,0
73.04,81.86,19.84,-4.159,22.14,29.0,1,1,0,1,5,18000,66.9,Urban,1
70.18,71.41,-1.96,0.37,40.0,39.81,1,1,0,1,10,18000,88.5,Urban,0
94.06,89.13,-7.04,2.574,36.34,37.13,1,0,0,1,4,50000,53.7,Semi-Urban,0
20.0,20.0,17.47,-1.069,17.84,21.46,1,2,0,0,15,30000,86.6,Urban,1
20.0,20.0,13.14,-1.505,27.65,22.37,1,2,1,0,12,5000,57.6,Semi-Urban,1
92.43,91.39,-7.71,1.472,35.61,35.49,1,2,0,0,6,10000,80.8,Rural,0
56.84,56.46,-4.24,0.494,38.17,38.21,1,1,0,1,16,50000,61.8,Semi-Urban,0
92.15,90.1,-17.97,2.177,32.23,34.33,1,0,0,0,9,18000,78.0,Semi-Urban,0
59.95,52.52,-21.14,1.862,32.61,35.89,1,2,0,0,11,30000,85.2,Urban,0
67.84,65.08,-5.08,0.386,18.04,22.39,1,0,0,0,8,75000,66.2,Rural,0
48.86,49.27,0.23,-0.117,33.41,38.54,1,0,0,0,3,30000,68.7,Rural,0
34.85,40.03,33.78,-3.056,16.92,17.9,1,2,1,1,12,5000,48.6,Rural,1
78.22,75.92,-3.57,1.783,29.72,24.13,1,0,0,1,3,30000,64.9,Rural,0
88.02,87.39,-5.22,0.864,25.78,30.09,1,1,0,0,8,18000,49.1,Rural,0
36.14,38.77,5.26,-5.261,0.0,0.0,0,1,1,1,2,5000,60.0,Rural,1
20.0,20.0,22.78,-1.737,9.47,12.19,1,2,0,0,16,18000,43.6,Urban,1
25.7,29.72,16.68,-1.159,16.48,14.38,1,3,0,1,13,5000,50.5,Rural,1
41.78,41.61,-3.11,0.538,17.21,16.33,1,0,0,1,12,75000,62.3,Urban,0
79.14,74.02,-25.31,1.907,23.72,26.01,1,3,0,0,14,5000,69.8,Urban,0
27.81,29.65,26.75,-2.653,24.73,25.91,1,0,0,0,12,18000,73.4,Rural,1
94.58,90.62,-33.03,2.193,22.56,21.5,1,0,0,0,16,50000,93.3,Rural,0
78.53,73.91,-23.44,1.317,19.51,22.81,1,0,0,0,16,5000,59.9,Urban,0
70.76,71.75,4.32,-1.446,10.18,13.28,1,1,1,1,4,5000,97.5,Urban,1
86.32,88.03,2.89,-1.447,18.19,16.74,1,2,1,0,3,18000,89.2,Rural,0
99.5,97.83,-12.93,2.652,30.25,33.6,1,3,0,1,6,30000,82.3,Rural,0
75.84,74.25,-13.94,1.518,24.07,27.18,1,2,0,1,11,5000,79.5,Urban,0
59.6,62.99,13.76,-2.503,31.04,31.62,1,2,1,0,7,50000,69.2,Rural,1
81.98,84.82,5.68,-5.677,0.0,0.0,0,0,0,1,2,10000,69.7,Urban,1
49.94,55.91,22.4,-2.935,18.47,16.38,1,2,1,0,8,10000,86.5,Rural,1
74.86,73.04,-15.8,1.12,24.15,26.43,1,1,0,0,15,75000,94.1,Urban,0
67.54,63.99,-7.58,3.788,30.22,33.11,1,4,0,1,3,50000,68.8,Urban,0
48.82,49.15,20.29,-2.61,23.07,20.58,1,0,0,0,9,75000,49.3,Rural,1
53.36,55.61,4.5,-4.499,0.0,0.0,0,1,1,1,2,10000,93.4,Urban,1
86.47,84.81,-17.05,1.864,36.89,34.29,1,2,0,0,12,10000,92.0,Rural,0
56.89,50.94,-15.36,2.198,21.51,24.68,1,0,0,1,7,5000,71.5,Rural,0
49.63,51.23,8.07,-1.095,16.88,12.72,1,0,0,0,6,18000,48.0,Urban,0
28.57,34.12,41.71,-2.785,15.82,16.27,1,0,0,1,16,30000,46.2,Urban,1
87.59,86.43,5.7,-2.445,12.21,9.97,1,0,0,1,5,30000,42.5,Semi-Urban,1
74.89,72.51,-13.28,1.092,29.84,28.21,1,0,0,1,12,5000,45.4,Rural,0
34.87,38.11,6.48,-6.482,0.0,0.0,0,3,1,1,2,30000,77.0,Urban,1
35.38,39.73,29.15,-3.876,21.34,21.4,1,0,0,1,9,30000,40.6,Semi-Urban,1
80.88,79.42,-2.91,2.907,0.0,0.0,0,3,0,1,2,18000,75.4,Rural,0
72.34,72.6,14.92,-2.336,31.02,26.75,1,0,0,0,8,75000,92.6,Semi-Urban,0
64.83,66.04,14.61,-2.091,17.42,21.97,1,0,0,1,10,5000,93.5,Urban,1
62.1,63.7,-3.26,0.332,31.71,32.82,1,0,0,0,8,18000,98.6,Rural,0
51.1,52.49,1.53,-0.764,16.69,22.09,1,0,0,0,3,5000,96.6,Semi-Urban,0
93.49,90.55,-12.57,1.496,23.54,25.95,1,0,0,0,10,10000,81.9,Urban,0
80.61,76.42,-18.87,1.924,37.39,36.53,1,0,0,0,9,30000,89.7,Urban,0
86.49,81.18,-4.88,0.959,28.03,21.94,1,0,0,0,6,75000,91.4,Semi-Urban,0
20.0,20.0,20.6,-1.414,29.46,25.57,1,0,0,1,13,50000,57.8,Urban,1
38.19,39.3,28.11,-2.355,7.97,10.44,1,1,0,0,15,30000,47.7,Rural,1
42.89,44.21,11.04,-1.357,27.12,32.3,1,0,0,0,12,10000,85.0,Urban,0
79.32,83.95,8.94,-3.057,11.69,11.54,1,0,0,0,4,10000,50.7,Semi-Urban,0
41.47,43.0,13.26,-1.644,22.72,22.07,1,0,0,1,8,30000,58.0,Urban,1
65.76,62.82,-16.62,1.432,32.72,37.71,1,1,0,1,13,10000,53.8,Semi-Urban,0
43.6,44.32,10.26,-1.611,15.95,17.44,1,0,0,1,8,30000,72.8,Urban,1
100.0,100.0,-10.68,0.657,22.58,21.41,1,0,0,0,16,10000,77.9,Semi-Urban,0
59.62,54.38,-23.81,1.485,32.04,28.18,1,0,0,0,15,18000,88.7,Semi-Urban,0
53.35,50.34,-4.4,2.198,32.34,32.49,1,4,0,0,3,18000,54.4,Semi-Urban,1
86.73,82.86,-8.7,2.262,21.79,20.38,1,2,0,1,5,18000,70.8,Rural,0
68.2,64.21,-22.39,2.171,23.58,23.31,1,1,0,0,11,30000,97.3,Semi-Urban,0
100.0,100.0,-22.48,1.795,29.31,27.56,1,0,0,0,15,50000,79.6,Rural,0
82.01,77.33,-7.2,2.221,21.17,21.13,1,0,0,1,5,10000,64.7,Rural,0
40.89,40.22,-1.34,1.344,0.0,0.0,0,2,1,1,2,18000,97.1,Rural,1
69.59,64.54,-11.91,2.44,23.2,26.25,1,1,0,0,5,75000,43.3,Rural,0
83.9,81.28,-5.24,5.242,0.0,0.0,0,1,0,0,2,5000,92.2,Rural,0
86.77,84.48,-3.83,1.917,23.07,24.93,1,3,0,1,3,10000,82.6,Urban,0
51.24,55.15,7.83,-7.832,0.0,0.0,0,0,0,0,2,18000,55.3,Semi-Urban,1
70.58,70.55,-14.38,1.449,25.97,24.58,1,2,0,0,12,10000,67.1,Semi-Urban,0
49.49,47.77,-7.55,0.805,23.9,26.06,1,2,0,0,12,5000,58.5,Urban,1
67.63,73.68,25.16,-2.602,24.23,22.71,1,3,0,1,11,5000,71.2,Semi-Urban,1
47.45,44.2,-5.42,1.704,30.77,27.48,1,0,0,0,4,18000,64.8,Rural,0
38.37,44.29,21.93,-4.037,19.37,14.63,1,3,1,0,7,30000,43.8,Semi-Urban,1
65.67,62.93,-30.75,2.469,30.57,33.14,1,0,0,0,14,10000,83.5,Rural,0
96.43,94.27,-12.34,0.91,30.17,25.05,1,4,0,0,16,5000,55.4,Semi-Urban,0
32.01,34.45,13.32,-3.071,23.31,18.1,1,3,1,0,5,50000,44.0,Rural,1
20.0,20.58,17.38,-2.201,19.46,15.88,1,0,0,1,11,5000,46.4,Rural,1
79.46,72.68,-15.79,2.714,33.03,30.98,1,0,0,1,6,50000,76.3,Semi-Urban,0
49.77,44.91,-6.6,2.248,29.3,32.57,1,0,0,1,4,30000,98.0,Rural,0
36.64,34.96,25.32,-2.048,26.49,27.02,1,0,0,0,15,18000,65.4,Semi-Urban,1
40.32,42.82,5.0,-4.999,0.0,0.0,0,0,0,0,2,75000,97.9,Urban,1
96.41,92.14,-15.71,1.876,21.42,22.03,1,0,0,0,9,10000,48.2,Urban,0
47.28,47.33,31.24,-2.303,30.32,29.29,1,0,0,0,15,5000,72.1,Rural,1
54.71,49.72,-15.66,2.131,24.79,23.42,1,3,0,1,7,10000,52.7,Semi-Urban,1
96.43,94.79,-6.73,0.593,31.2,25.31,1,3,0,0,12,18000,64.7,Rural,0
91.46,86.34,-43.31,2.778,40.0,34.58,1,3,0,0,16,50000,71.8,Urban,0
57.72,57.71,11.91,-1.424,20.11,22.3,1,0,0,1,14,18000,42.5,Semi-Urban,1
96.32,93.92,-10.66,0.706,28.14,26.84,1,2,0,1,16,18000,96.5,Urban,0
50.98,47.47,-9.96,1.435,38.71,39.06,1,3,0,1,6,50000,54.2,Semi-Urban,0
66.08,64.71,-3.57,1.422,27.86,32.02,1,3,0,0,4,5000,57.1,Rural,1
57.29,55.77,-3.03,3.027,0.0,0.0,0,0,0,0,2,30000,46.2,Semi-Urban,0
47.19,49.02,21.38,-1.387,23.14,28.39,1,0,0,0,14,75000,70.2,Semi-Urban,0
70.4,67.91,4.99,-1.674,13.59,18.08,1,1,0,0,7,10000,66.0,Rural,1
85.73,82.08,-18.32,2.432,39.06,35.47,1,0,0,0,10,75000,75.6,Rural,0
59.07,54.83,-15.89,0.707,23.48,21.49,1,0,0,1,15,18000,67.1,Rural,0
20.0,21.72,19.96,-2.628,23.29,24.79,1,4,0,0,8,75000,61.8,Urban,1
53.72,51.9,-2.27,1.136,22.24,20.97,1,3,0,0,3,18000,65.1,Semi-Urban,0
32.18,32.48,23.81,-2.591,30.68,29.97,1,0,0,0,12,30000,88.3,Urban,0
100.0,98.61,-10.22,1.75,24.73,26.14,1,0,0,0,7,50000,91.1,Urban,0
98.54,98.09,-11.28,0.938,30.6,29.72,1,0,0,0,14,30000,62.4,Rural,0
39.31,37.04,-2.42,1.195,26.83,25.07,1,1,0,0,4,30000,55.2,Rural,0
80.25,82.12,2.37,-1.184,21.06,18.43,1,0,0,1,3,18000,42.3,Urban,0
58.0,53.99,-11.19,2.474,19.88,21.11,1,0,0,1,6,18000,98.1,Rural,1
74.06,69.81,-2.87,0.651,32.89,29.09,1,0,0,1,5,10000,58.2,Semi-Urban,0
37.09,41.47,4.82,-1.363,15.68,13.52,1,4,1,0,6,30000,96.7,Urban,1
84.68,87.78,7.44,-1.599,20.88,12.66,1,0,0,0,6,18000,40.3,Urban,0
100.0,100.0,-11.12,0.522,27.25,27.77,1,0,0,1,15,18000,77.1,Urban,0
60.57,57.2,-7.98,3.989,15.91,24.2,1,2,0,1,3,30000,40.0,Urban,0
72.18,70.5,-10.13,1.462,20.2,18.76,1,0,0,0,7,75000,77.6,Semi-Urban,0
58.81,58.3,-1.02,1.016,0.0,0.0,0,1,0,0,2,18000,57.7,Rural,0
47.15,52.67,23.36,-3.61,23.74,19.55,1,1,1,0,8,30000,59.0,Urban,1
85.98,84.76,-6.3,2.276,27.78,34.28,1,0,0,0,5,5000,84.0,Rural,0
100.0,100.0,-9.91,0.541,20.24,22.2,1,1,0,0,14,5000,80.8,Rural,0
61.33,55.74,-17.72,0.935,32.69,29.42,1,3,0,1,14,5000,53.5,Semi-Urban,1
63.25,63.3,-1.08,0.351,24.64,34.53,1,1,0,0,5,75000,68.1,Semi-Urban,0
39.16,41.63,16.5,-2.059,29.03,31.25,1,0,0,0,11,30000,80.2,Semi-Urban,0
39.48,40.57,7.53,-1.781,24.77,27.32,1,0,0,0,6,50000,88.2,Semi-Urban,0
72.71,77.38,5.79,-0.474,15.19,12.88,1,0,0,0,11,5000,84.4,Semi-Urban,0
60.94,61.38,2.92,-1.459,35.46,28.77,1,0,0,0,3,50000,57.5,Semi-Urban,0
20.0,20.0,41.82,-3.185,22.09,21.48,1,3,1,0,14,18000,63.8,Rural,1
76.3,73.86,-27.68,2.885,36.49,34.64,1,0,0,0,12,75000,75.0,Semi-Urban,0
67.96,70.87,13.66,-1.505,23.46,26.54,1,1,0,1,10,30000,59.7,Urban,1
76.8,74.48,-6.05,0.72,28.96,31.84,1,0,0,0,11,30000,48.8,Rural,0
32.47,33.98,17.31,-1.395,13.88,15.82,1,1,1,1,12,30000,61.6,Semi-Urban,1
100.0,97.19,-21.05,1.867,35.06,35.65,1,0,0,1,12,50000,51.7,Rural,0
32.99,33.01,3.43,-0.531,9.59,12.65,1,0,0,1,7,10000,74.6,Urban,1
39.9,47.34,37.73,-3.4,18.31,11.12,1,0,0,0,12,50000,46.7,Semi-Urban,1
100.0,100.0,-9.29,0.728,36.67,37.16,1,3,0,0,13,10000,98.0,Semi-Urban,0
20.0,21.09,23.39,-2.351,33.23,28.19,1,0,0,0,12,10000,74.6,Semi-Urban,1
48.95,49.61,27.64,-2.038,27.39,26.08,1,0,0,1,14,50000,71.0,Semi-Urban,1
85.6,82.33,-4.32,2.162,19.47,22.56,1,1,1,0,3,30000,85.4,Urban,0
74.53,75.43,2.74,-0.314,19.9,19.68,1,3,1,1,4,5000,76.0,Rural,1
81.23,79.95,-4.19,2.095,30.85,31.8,1,1,0,0,3,18000,86.9,Rural,0
82.28,76.85,6.53,-1.028,25.75,26.16,1,1,0,0,10,50000,45.7,Semi-Urban,0
27.2,29.27,27.37,-3.175,29.48,26.32,1,0,0,1,11,5000,95.3,Urban,1
64.02,68.95,21.91,-5.732,25.9,24.14,1,4,1,1,5,10000,94.8,Urban,1
100.0,99.23,-19.76,2.402,28.41,21.3,1,1,0,1,10,30000,73.8,Urban,0
36.55,37.5,12.81,-1.611,9.66,12.57,1,0,0,1,9,30000,95.2,Rural,1
42.77,43.06,12.67,-3.143,30.27,30.93,1,0,0,0,6,5000,86.6,Rural,1
28.06,31.79,23.93,-3.22,17.71,19.15,1,0,0,0,9,30000,78.1,Rural,1
50.96,55.59,35.26,-2.35,11.53,7.84,1,0,0,0,16,30000,80.7,Rural,1
20.0,20.0,20.61,-1.654,18.05,20.21,1,0,0,0,14,18000,93.5,Semi-Urban,1
20.0,24.28,22.13,-3.109,17.78,20.46,1,0,0,0,8,50000,92.3,Rural,1
49.05,49.22,-12.6,1.529,32.06,33.47,1,2,0,1,11,75000,51.2,Urban,1
59.0,56.83,-4.12,2.061,29.46,29.52,1,2,0,0,3,10000,76.9,Urban,0
46.27,44.13,-7.81,1.555,29.16,27.76,1,1,0,0,6,18000,87.9,Urban,0
94.74,92.81,-10.1,1.48,22.51,24.14,1,0,0,1,8,18000,91.9,Semi-Urban,0
52.44,52.87,-0.09,0.001,27.6,29.44,1,0,0,0,4,10000,66.6,Semi-Urban,0
83.15,81.89,10.95,-1.679,26.62,28.79,1,2,0,1,8,10000,67.0,Rural,1
35.99,37.19,6.85,-1.42,19.93,15.73,1,0,0,0,8,50000,74.1,Semi-Urban,0
20.43,23.17,27.78,-2.985,10.6,18.5,1,0,0,0,11,10000,77.3,Rural,1
53.21,52.16,-14.26,0.888,36.86,38.56,1,0,0,0,11,50000,52.4,Urban,0
77.12,73.73,-20.54,1.565,31.44,30.1,1,0,0,1,13,50000,66.4,Urban,0
23.59,25.61,33.65,-2.527,14.35,7.45,1,0,0,0,15,30000,42.1,Rural,1
78.01,72.23,-39.9,2.986,35.65,34.54,1,2,0,1,14,10000,61.0,Semi-Urban,0
73.46,72.62,-1.67,1.669,0.0,0.0,0,0,0,0,2,5000,98.3,Rural,0
44.95,51.97,11.06,-3.586,17.12,18.64,1,0,0,1,4,75000,95.4,Rural,1
64.81,67.67,19.51,-2.913,25.28,24.84,1,0,0,1,9,18000,63.2,Rural,1
100.0,100.0,-4.89,0.367,25.06,32.71,1,3,0,0,13,5000,61.3,Rural,0
46.41,40.13,-8.31,1.942,24.85,28.82,1,1,0,1,5,5000,70.1,Rural,1
89.8,88.43,-14.03,1.208,37.61,37.78,1,2,0,1,13,5000,78.6,Semi-Urban,0
78.99,75.16,-14.5,1.07,40.0,40.0,1,1,0,0,15,50000,54.9,Semi-Urban,0
80.53,79.53,-7.57,1.867,33.17,37.61,1,0,0,1,5,5000,86.7,Semi-Urban,0
45.87,54.26,31.24,-3.883,10.95,10.37,1,0,0,1,9,30000,57.7,Urban,1
100.0,98.35,-34.62,2.719,35.58,31.55,1,3,0,1,14,5000,55.7,Rural,1
20.0,21.45,14.45,-1.062,31.86,29.35,1,1,1,1,16,5000,47.0,Urban,1
49.35,50.11,-8.66,0.92,22.24,19.81,1,3,0,0,13,18000,69.1,Semi-Urban,0
94.08,89.3,-13.33,1.658,19.91,26.77,1,1,0,1,8,10000,74.8,Semi-Urban,0
95.58,91.66,-31.36,1.992,36.94,34.69,1,1,0,0,16,10000,83.0,Rural,0
91.72,89.77,-24.03,2.205,33.3,34.88,1,3,0,0,14,50000,95.1,Rural,0
80.15,79.27,-19.71,1.707,33.63,32.32,1,0,0,0,13,18000,60.4,Semi-Urban,0
65.93,70.99,20.39,-2.402,10.15,8.42,1,1,0,1,9,10000,84.7,Semi-Urban,1
99.47,98.52,-14.03,1.209,32.36,33.64,1,1,0,1,13,10000,78.7,Semi-Urban,0
89.06,91.73,0.16,0.303,27.99,25.13,1,0,0,0,14,75000,74.9,Urban,0
63.43,69.62,12.39,-12.39,0.0,0.0,0,0,0,0,2,30000,97.5,Rural,0
20.0,20.95,26.63,-2.812,25.39,30.72,1,1,0,1,12,50000,93.4,Semi-Urban,1
100.0,100.0,-20.2,1.917,34.03,31.75,1,2,0,1,13,30000,75.1,Semi-Urban,0
65.93,63.02,-5.8,5.801,0.0,0.0,0,1,0,1,2,10000,57.3,Rural,0
86.65,89.5,10.67,-3.507,8.62,11.51,1,1,1,0,4,75000,54.6,Rural,1
44.23,43.71,13.12,-1.439,12.34,11.16,1,3,0,1,12,30000,54.3,Semi-Urban,1
65.18,65.19,-4.04,2.019,25.42,28.74,1,4,0,1,3,18000,41.0,Rural,1
85.16,87.25,2.6,-0.773,31.18,28.29,1,0,0,0,4,18000,72.5,Semi-Urban,0
20.0,20.0,29.3,-1.887,12.06,14.69,1,0,0,0,13,50000,88.7,Semi-Urban,1
67.0,64.17,-4.7,1.23,38.69,34.45,1,0,0,1,5,10000,93.7,Rural,0
69.87,71.86,22.7,-1.379,21.13,26.25,1,0,0,1,16,18000,85.8,Urban,1
83.79,77.18,-26.98,2.003,33.7,30.52,1,0,0,0,12,18000,93.4,Urban,0
78.02,74.28,-16.76,1.34,21.73,18.91,1,0,0,0,12,30000,84.4,Urban,0
44.14,39.98,-8.32,8.325,0.0,0.0,0,0,0,1,2,5000,43.7,Urban,1
36.28,39.59,15.31,-1.405,26.95,24.99,1,1,1,1,11,30000,88.8,Semi-Urban,1
100.0,100.0,-11.42,0.855,38.89,31.92,1,2,0,0,14,50000,41.4,Semi-Urban,0
57.61,53.82,-5.07,0.909,25.08,20.35,1,4,0,1,6,30000,95.5,Urban,0
54.14,56.09,3.9,-3.897,0.0,0.0,0,0,0,0,2,18000,79.1,Urban,0
63.34,62.42,-13.46,2.564,19.74,23.77,1,1,0,0,7,75000,45.6,Rural,0
84.87,84.25,-1.24,1.242,0.0,0.0,0,0,0,1,2,30000,79.3,Rural,0
45.83,50.91,16.2,-1.442,20.67,13.98,1,1,1,0,12,18000,46.9,Urban,1
23.43,30.43,30.2,-4.533,20.92,16.53,1,0,0,1,8,50000,68.6,Urban,1
50.78,47.43,-9.86,1.805,23.0,22.91,1,0,0,0,7,50000,80.0,Semi-Urban,0
96.86,94.43,-10.23,1.513,26.25,28.42,1,0,0,0,9,30000,53.3,Rural,0
40.23,45.03,5.89,-1.278,26.63,29.52,1,1,1,0,5,5000,78.3,Rural,1
27.93,33.93,26.24,-2.887,27.65,26.07,1,1,1,0,9,75000,94.8,Semi-Urban,1
59.56,56.47,-14.08,3.428,32.86,33.01,1,3,0,0,5,30000,80.2,Urban,0
90.56,91.46,1.78,-1.782,0.0,0.0,0,0,0,1,2,10000,46.4,Semi-Urban,0
68.23,62.98,-17.69,2.823,35.47,35.57,1,0,0,1,7,18000,96.7,Semi-Urban,0
52.87,48.01,-12.79,0.949,19.38,22.85,1,2,0,0,12,50000,52.3,Urban,0
79.12,78.51,-10.25,1.749,39.25,40.0,1,1,0,0,8,50000,81.1,Semi-Urban,0
94.61,91.24,-16.16,1.934,40.0,39.1,1,0,0,1,10,10000,97.6,Urban,0
43.25,42.91,-0.5,0.534,23.91,23.46,1,0,0,1,6,10000,89.9,Semi-Urban,0
44.97,44.72,28.88,-2.614,20.85,20.17,1,0,0,1,14,50000,61.0,Semi-Urban,1
77.09,80.53,15.53,-3.691,10.73,11.11,1,0,0,1,5,30000,86.6,Semi-Urban,1
30.04,34.61,27.11,-1.915,17.9,23.89,1,0,0,0,13,18000,67.7,Rural,1
67.59,65.42,-17.92,1.672,21.1,23.74,1,2,0,1,11,30000,57.2,Urban,0
34.46,37.91,51.49,-3.666,31.1,29.4,1,1,1,0,16,18000,61.4,Rural,1
57.79,61.6,26.47,-2.605,29.53,27.46,1,1,0,1,10,18000,92.2,Urban,1
42.49,41.76,-3.81,0.708,33.44,30.41,1,2,0,1,8,18000,41.9,Semi-Urban,1
20.0,20.11,14.64,-1.335,28.72,27.73,1,0,0,1,13,18000,81.8,Urban,1
28.14,27.47,39.61,-3.149,15.56,16.72,1,1,1,1,15,10000,81.9,Rural,1
57.26,63.59,28.96,-2.542,30.67,28.9,1,0,0,1,11,18000,94.6,Semi-Urban,1
56.41,60.67,27.94,-1.954,25.93,23.52,1,1,0,0,14,5000,44.9,Rural,1
79.2,82.23,8.42,-1.669,11.22,10.25,1,1,1,1,5,18000,95.4,Urban,1
87.31,82.43,-43.58,2.844,38.96,40.0,1,0,0,0,16,10000,46.8,Urban,0
59.51,58.6,-4.7,1.392,27.37,36.06,1,1,0,0,5,5000,85.1,Urban,0
69.68,67.03,-5.41,1.193,22.77,17.88,1,0,0,0,6,30000,91.5,Urban,0
59.95,60.51,-13.93,1.67,29.93,23.51,1,0,0,1,10,30000,63.0,Urban,0
100.0,99.6,-7.59,0.545,29.37,27.7,1,0,0,1,15,18000,49.7,Semi-Urban,0
20.6,26.37,14.49,-3.313,23.93,26.28,1,0,0,1,5,18000,97.0,Urban,1
92.7,89.93,-19.98,2.181,25.47,25.36,1,0,0,0,10,75000,69.7,Semi-Urban,0
72.01,72.43,3.52,-1.263,15.16,8.13,1,0,0,1,5,10000,40.7,Rural,1
20.0,20.0,19.37,-1.377,18.72,12.59,1,4,1,1,16,10000,76.2,Semi-Urban,1
44.81,49.85,20.84,-2.702,28.06,25.63,1,0,0,1,9,10000,40.8,Rural,1
41.16,42.66,16.57,-1.321,17.77,18.79,1,2,1,0,12,18000,88.5,Rural,1
50.75,48.84,-8.57,2.153,40.0,38.22,1,0,0,0,5,50000,93.7,Urban,0
52.73,51.73,-11.93,2.618,30.15,31.83,1,2,0,1,6,50000,58.7,Semi-Urban,0
87.27,82.47,2.52,-1.128,13.29,13.08,1,0,0,1,10,30000,45.6,Semi-Urban,1
89.19,88.36,-1.67,1.668,0.0,0.0,0,0,0,0,2,50000,59.5,Rural,0
93.28,89.63,-12.21,0.995,29.39,32.7,1,0,0,0,14,75000,65.9,Urban,0
100.0,99.79,-18.06,1.891,23.81,28.04,1,0,0,0,12,5000,60.1,Rural,0
91.83,90.36,-21.01,1.732,37.92,37.53,1,0,0,1,14,10000,88.9,Semi-Urban,0
38.94,39.58,-1.24,0.813,26.0,32.13,1,0,0,1,7,30000,51.7,Semi-Urban,0
58.46,55.01,-18.97,2.138,33.99,30.74,1,0,0,0,9,18000,94.1,Urban,0
46.45,46.74,0.75,-0.56,17.26,14.15,1,3,0,0,4,10000,76.8,Urban,1
49.11,50.22,-1.32,0.827,21.82,21.82,1,0,0,1,5,75000,63.6,Semi-Urban,0
100.0,100.0,-10.87,1.11,36.8,32.83,1,0,0,0,10,50000,59.8,Urban,0
64.87,65.72,-5.31,0.466,37.12,33.79,1,0,0,0,16,10000,42.3,Semi-Urban,0
79.94,77.83,-4.21,4.212,0.0,0.0,0,0,0,0,2,10000,90.1,Semi-Urban,0
24.97,27.68,11.75,-1.638,17.97,13.12,1,0,0,0,8,50000,50.4,Rural,1
65.41,62.15,-18.35,1.556,35.88,32.08,1,4,0,1,12,30000,66.4,Semi-Urban,0
20.0,24.96,28.14,-2.775,25.75,31.02,1,4,0,1,9,18000,75.7,Urban,1
45.81,44.31,2.09,-0.652,20.24,22.44,1,0,0,1,4,5000,47.4,Urban,1
91.55,90.75,-5.45,0.652,38.43,40.0,1,0,0,0,15,30000,40.2,Urban,0
39.44,44.3,8.23,-1.062,13.4,12.36,1,0,0,0,8,18000,45.3,Urban,1
77.78,75.59,-5.88,1.7,26.77,28.3,1,3,0,0,4,30000,83.4,Rural,0
100.0,96.33,-32.87,2.553,24.85,21.67,1,1,0,1,14,18000,54.5,Semi-Urban,0
70.91,68.75,-14.05,2.086,29.98,32.98,1,0,0,1,8,50000,46.3,Urban,0
34.09,39.07,19.3,-3.543,22.38,23.24,1,0,0,1,6,18000,92.6,Rural,1
56.28,53.87,-18.45,1.415,22.31,23.38,1,4,0,0,15,50000,89.7,Rural,0
94.74,96.25,-9.65,1.524,23.78,22.89,1,0,0,0,7,75000,75.1,Urban,0
40.71,38.55,-6.13,3.065,24.12,27.1,1,1,0,0,3,75000,63.3,Semi-Urban,0
20.0,27.39,27.26,-3.428,22.6,23.22,1,0,0,0,8,75000,79.2,Urban,0
38.49,40.66,22.21,-2.008,12.06,11.94,1,0,0,0,15,50000,45.6,Rural,1
67.13,66.69,-15.43,1.809,37.31,40.0,1,3,0,0,11,18000,68.9,Urban,0
85.44,88.0,5.45,-2.723,21.19,23.74,1,0,0,1,3,50000,80.9,Rural,0
38.63,41.65,11.42,-1.234,21.78,19.17,1,2,0,0,10,50000,93.4,Semi-Urban,1
30.47,42.3,43.99,-4.491,28.96,28.22,1,0,0,1,10,75000,60.5,Urban,1
75.0,70.94,-14.58,2.858,30.2,30.69,1,0,0,1,6,10000,46.2,Semi-Urban,0
79.7,79.6,-16.29,2.681,21.08,22.76,1,0,0,0,9,10000,52.7,Urban,0
71.29,71.98,22.21,-2.233,26.15,22.4,1,0,0,1,12,18000,55.9,Semi-Urban,1
67.13,63.45,-14.83,2.002,17.14,16.09,1,0,0,1,9,10000,73.7,Rural,0
64.76,66.43,1.16,0.027,28.2,28.14,1,1,0,1,4,10000,94.9,Rural,0
92.91,88.24,-23.59,1.49,30.63,29.81,1,1,0,1,16,30000,74.7,Urban,0
41.34,41.09,-0.39,0.504,34.41,36.2,1,0,0,0,7,50000,88.6,Semi-Urban,0
84.74,82.02,-13.23,0.814,21.35,23.43,1,0,0,0,16,50000,98.5,Urban,0
20.0,26.89,20.69,-2.133,13.28,16.82,1,1,1,0,8,5000,77.7,Semi-Urban,1
100.0,97.21,-37.33,2.901,39.93,37.81,1,3,0,0,14,75000,79.7,Urban,0
45.04,51.08,21.17,-3.51,31.75,25.9,1,0,0,0,7,75000,96.6,Rural,1
61.83,61.71,-7.61,0.698,24.33,22.71,1,0,0,1,12,50000,43.6,Rural,0
39.55,44.23,33.34,-3.963,22.75,24.34,1,0,0,0,9,50000,48.7,Rural,1
61.81,60.23,-12.15,1.194,26.42,26.04,1,0,0,1,13,5000,71.1,Rural,0
57.79,58.43,-11.93,1.111,26.66,22.84,1,4,0,1,14,30000,70.1,Semi-Urban,0
23.63,26.66,36.25,-2.906,16.16,18.3,1,0,0,0,13,50000,67.1,Rural,1
46.63,44.79,-3.68,3.682,0.0,0.0,0,0,0,0,2,10000,58.4,Urban,0
36.34,43.59,29.98,-3.428,19.37,18.49,1,0,0,1,10,30000,47.3,Semi-Urban,1
47.84,46.8,-4.28,1.616,40.0,40.0,1,0,0,1,4,30000,68.7,Urban,0
98.08,92.87,-16.73,3.076,38.96,32.55,1,1,0,1,6,18000,44.4,Semi-Urban,0
100.0,100.0,-10.58,0.872,40.0,38.24,1,1,0,0,14,50000,57.6,Semi-Urban,0
100.0,100.0,-10.04,0.621,35.52,34.04,1,0,0,0,12,50000,85.4,Semi-Urban,0
81.73,78.74,-6.76,1.798,33.99,31.07,1,0,0,0,4,18000,88.5,Semi-Urban,0
67.09,69.98,10.67,-3.029,14.37,17.78,1,0,0,0,5,75000,96.8,Semi-Urban,0
49.21,48.64,14.39,-2.199,13.19,11.5,1,1,0,1,9,30000,98.6,Urban,1
57.98,57.28,18.62,-2.346,23.0,17.12,1,0,0,0,10,5000,57.6,Urban,1
86.39,84.44,-3.57,1.285,22.85,20.58,1,0,0,0,5,18000,66.4,Rural,0
20.0,20.0,19.11,-1.577,18.41,22.12,1,0,0,1,14,18000,70.4,Rural,1
42.37,44.01,31.35,-3.53,31.25,29.98,1,1,0,1,10,50000,73.4,Rural,1
99.55,96.41,-7.76,2.735,22.78,22.26,1,0,0,1,4,18000,98.4,Urban,0
76.27,72.14,-12.86,2.345,35.7,34.7,1,1,0,1,6,30000,56.9,Urban,0
74.08,71.37,-19.02,2.046,22.91,20.79,1,1,0,0,12,10000,93.4,Rural,0
20.0,25.34,22.71,-3.45,30.58,21.43,1,0,0,0,7,30000,88.0,Rural,1
67.6,63.84,-7.19,3.596,36.44,39.48,1,0,0,0,3,30000,73.9,Urban,0
20.0,24.89,35.66,-3.622,26.95,23.47,1,0,0,1,11,30000,50.1,Urban,1
62.47,54.54,-8.12,1.868,17.33,19.06,1,0,0,0,5,10000,78.7,Semi-Urban,0
100.0,100.0,-4.23,0.364,16.49,19.85,1,0,0,1,13,30000,51.5,Semi-Urban,0
65.33,61.13,-10.6,3.616,22.62,22.21,1,3,0,1,4,5000,47.1,Semi-Urban,1
26.5,31.82,17.38,-3.112,23.87,22.16,1,1,1,0,7,18000,79.3,Urban,1
60.98,58.56,-12.49,1.538,36.14,29.2,1,3,0,0,9,10000,73.1,Semi-Urban,0
62.14,62.52,8.38,-1.152,29.29,26.54,1,2,0,0,10,10000,87.4,Urban,0
77.03,76.73,-17.58,1.255,27.51,27.47,1,2,0,1,14,18000,67.0,Semi-Urban,0
100.0,100.0,-8.88,0.487,28.37,25.01,1,3,0,0,14,50000,62.6,Rural,0
76.09,75.64,-3.7,0.811,22.78,22.38,1,3,0,0,10,50000,57.6,Rural,0
46.49,47.87,23.21,-1.63,26.14,18.81,1,4,1,1,14,5000,82.0,Urban,1
99.99,97.71,-12.37,2.804,16.89,20.84,1,0,0,1,5,5000,97.2,Urban,0
72.58,67.29,-17.14,2.826,30.8,31.21,1,2,0,0,7,18000,41.1,Urban,0
50.54,49.19,-2.24,1.119,34.65,34.37,1,1,0,1,3,10000,70.1,Urban,0
48.61,46.21,-14.85,1.91,31.49,29.43,1,0,0,0,8,18000,79.3,Rural,0
56.16,59.2,9.98,-2.564,16.8,16.03,1,1,1,1,4,10000,69.2,Urban,1
71.52,68.64,-9.01,0.921,22.39,24.45,1,0,0,1,9,30000,45.8,Semi-Urban,0
70.26,75.7,15.77,-1.056,27.95,26.32,1,0,0,0,14,5000,71.1,Semi-Urban,0
73.7,71.89,-7.85,1.571,25.8,24.2,1,2,0,0,5,50000,83.7,Urban,0
50.91,48.55,-3.71,1.521,22.47,24.1,1,0,0,1,4,10000,70.9,Rural,0
52.32,49.99,-8.12,0.998,34.74,32.03,1,2,0,1,7,5000,56.5,Rural,1
23.24,23.1,11.59,-2.606,15.78,18.59,1,0,0,0,7,5000,92.9,Semi-Urban,1
29.22,35.13,23.72,-2.43,36.84,31.32,1,0,0,1,9,75000,82.2,Rural,1
86.65,86.23,-14.4,1.554,36.41,35.47,1,0,0,1,12,30000,58.1,Semi-Urban,0
74.96,79.76,22.36,-3.933,27.43,27.46,1,1,0,1,6,50000,89.2,Rural,1
57.25,54.8,-4.51,1.437,25.56,25.26,1,0,0,1,4,18000,66.4,Urban,0
84.19,82.68,-4.97,0.58,31.79,39.47,1,1,0,0,8,18000,81.5,Urban,0
31.45,37.61,24.95,-3.496,10.52,14.67,1,1,1,1,9,10000,94.1,Urban,1
74.91,72.96,-1.96,0.981,26.46,21.27,1,0,0,1,3,30000,79.3,Rural,0
71.01,71.87,-1.46,0.39,28.53,29.42,1,1,0,0,5,10000,87.0,Rural,0
100.0,96.96,-25.86,2.634,26.67,22.88,1,4,0,1,11,18000,70.3,Rural,0
84.9,79.91,-19.39,2.616,32.43,29.97,1,1,0,1,8,18000,70.2,Rural,0
87.13,85.82,-17.8,2.622,36.75,30.8,1,1,0,0,8,18000,91.1,Rural,0
28.97,30.6,10.31,-1.988,18.83,17.23,1,0,0,0,7,5000,66.1,Urban,1
86.94,79.37,-31.25,2.856,20.06,22.88,1,0,0,0,12,10000,79.1,Urban,0
83.27,83.13,-12.93,1.546,22.97,26.65,1,3,0,0,12,50000,78.7,Semi-Urban,0
79.27,80.09,-1.77,0.736,22.27,19.11,1,0,0,0,10,75000,66.0,Semi-Urban,0
90.54,87.47,-12.54,1.241,35.67,40.0,1,0,0,1,10,10000,97.4,Rural,0
82.58,80.85,-25.39,1.809,33.25,34.01,1,0,0,1,16,10000,59.0,Urban,0
100.0,99.18,-31.32,2.657,35.58,33.51,1,1,0,0,13,18000,70.4,Rural,0
97.98,95.22,-45.7,2.948,34.1,34.4,1,4,0,1,16,50000,98.7,Urban,0
69.79,67.93,-13.39,1.91,28.27,32.46,1,1,0,0,7,30000,88.4,Semi-Urban,0
52.47,52.51,11.27,-2.105,26.72,23.39,1,3,1,0,5,5000,84.1,Urban,1
46.44,48.76,5.14,-1.109,16.51,12.78,1,0,0,1,6,18000,55.5,Rural,1
82.66,85.54,4.96,-2.479,34.56,40.0,1,0,0,0,3,10000,96.4,Rural,0
46.78,51.36,7.6,-1.294,26.21,24.32,1,0,0,0,5,10000,60.9,Urban,0
67.91,71.78,8.72,-1.896,20.59,18.49,1,0,0,1,5,5000,86.1,Semi-Urban,0
77.52,77.69,11.9,-1.885,19.02,17.41,1,0,0,1,8,10000,93.4,Rural,1
73.51,73.47,-2.75,0.959,35.76,32.87,1,1,0,1,4,30000,91.5,Rural,0
89.27,85.42,-6.37,1.589,28.19,26.45,1,3,0,0,5,50000,52.7,Semi-Urban,0
75.79,72.14,-9.49,2.21,29.28,31.22,1,0,0,1,5,10000,85.9,Rural,0
75.15,71.02,-25.73,2.233,35.42,38.45,1,2,0,0,11,10000,45.3,Rural,0
59.67,58.96,-1.42,1.424,0.0,0.0,0,2,0,1,2,5000,59.4,Urban,1
92.09,90.41,-24.45,2.072,35.37,35.77,1,2,0,0,15,75000,94.3,Rural,0
79.54,80.53,13.46,-2.247,17.06,11.16,1,1,1,1,8,10000,88.9,Urban,1
20.0,24.23,37.69,-3.753,24.14,27.12,1,1,1,1,10,30000,55.2,Rural,1
94.48,89.65,-9.4,3.089,35.79,36.66,1,0,0,0,4,50000,47.7,Semi-Urban,0
79.0,76.23,-20.22,2.066,35.13,36.92,1,3,0,1,12,10000,46.7,Rural,1
56.88,57.39,-14.43,1.989,31.43,29.95,1,1,0,0,10,10000,51.2,Rural,0
68.85,69.86,17.33,-2.444,13.67,18.9,1,0,0,1,9,75000,87.3,Rural,1
73.97,72.32,-0.19,-0.043,21.06,21.76,1,0,0,0,5,5000,97.8,Urban,0
68.54,67.2,-3.99,1.996,40.0,38.13,1,1,0,0,3,50000,55.4,Semi-Urban,0
75.05,73.24,-4.71,0.315,28.97,25.13,1,3,0,0,10,5000,56.7,Urban,0
100.0,97.0,-15.57,1.833,30.45,34.01,1,0,0,1,11,5000,61.1,Rural,0
98.58,95.98,-7.18,1.839,34.41,33.11,1,2,0,0,4,30000,50.5,Semi-Urban,0
66.12,63.46,-5.89,0.989,31.19,31.8,1,1,0,1,6,10000,98.0,Urban,0
82.7,79.0,-8.96,1.197,31.05,32.76,1,0,0,1,7,10000,41.4,Semi-Urban,0
63.59,68.31,13.53,-1.334,15.93,17.39,1,1,0,1,9,18000,48.7,Urban,0
100.0,100.0,-0.72,0.257,24.79,20.38,1,0,0,0,11,50000,46.2,Rural,0
75.72,72.64,-27.03,2.117,20.27,24.84,1,1,0,1,15,50000,41.3,Urban,0
100.0,100.0,-17.82,1.786,16.01,16.61,1,0,0,0,11,75000,58.0,Rural,0
68.5,67.04,7.09,-1.208,8.18,12.07,1,1,0,0,7,75000,43.6,Rural,1
56.75,57.92,5.03,-1.375,26.67,26.02,1,0,0,0,7,30000,74.1,Urban,0
67.71,61.47,-12.5,1.261,40.0,36.73,1,2,0,0,8,30000,93.9,Rural,0
78.24,81.02,8.19,-2.268,18.15,28.25,1,0,0,1,6,10000,62.8,Semi-Urban,0
32.14,36.53,26.51,-2.875,16.15,15.97,1,0,0,0,10,5000,81.7,Rural,1
87.89,84.21,-13.28,1.874,25.72,24.68,1,3,0,0,7,75000,92.3,Semi-Urban,0
51.27,52.29,0.15,0.287,27.87,31.88,1,0,0,0,6,30000,88.6,Rural,0
62.37,59.4,-8.13,0.915,27.85,21.92,1,4,0,0,10,18000,46.9,Rural,1
42.74,39.67,-3.27,0.563,21.78,27.21,1,2,0,0,4,30000,44.2,Rural,1
82.49,75.75,-23.75,2.75,35.09,33.84,1,0,0,1,9,30000,71.5,Rural,0
90.07,91.75,-19.99,2.39,21.72,17.69,1,1,0,1,11,30000,84.5,Urban,0
22.96,27.72,29.12,-1.602,26.01,27.96,1,1,1,1,16,50000,70.3,Rural,1
91.85,90.17,-7.01,0.75,26.0,20.77,1,0,0,1,9,5000,74.1,Semi-Urban,0
64.38,62.71,-10.94,1.423,38.04,37.92,1,1,0,1,11,10000,66.9,Semi-Urban,0
39.25,44.63,22.26,-2.358,20.52,20.86,1,1,1,1,10,18000,74.2,Urban,1
52.55,54.6,10.18,-3.551,20.34,22.34,1,1,1,1,4,18000,43.5,Urban,1
20.0,22.18,52.51,-3.536,21.12,15.22,1,0,0,1,16,30000,84.0,Semi-Urban,1
86.65,82.97,-7.45,3.727,28.19,32.72,1,0,0,0,3,75000,91.7,Semi-Urban,0
100.0,100.0,-12.19,0.763,34.21,35.52,1,1,0,0,16,10000,61.5,Urban,0
100.0,100.0,-5.74,0.371,22.51,21.43,1,0,0,0,15,10000,82.4,Rural,0
83.14,84.13,5.15,-1.105,15.68,16.06,1,0,0,1,5,50000,80.8,Semi-Urban,0
83.52,78.92,-26.22,2.503,29.91,36.41,1,2,0,0,11,50000,56.9,Semi-Urban,0
59.96,58.19,-4.78,1.412,23.33,26.61,1,0,0,0,4,18000,94.3,Urban,0
94.23,97.11,5.77,-5.774,0.0,0.0,0,1,0,0,2,50000,79.3,Urban,0
42.99,39.44,-6.21,0.318,27.7,27.17,1,0,0,0,11,5000,76.1,Urban,0
53.38,49.89,-7.42,2.243,36.42,40.0,1,0,0,0,4,50000,65.8,Urban,0
60.0,61.33,27.01,-1.866,20.93,20.32,1,1,1,1,15,30000,54.5,Semi-Urban,1
95.64,94.22,-1.17,0.527,23.56,27.89,1,0,0,0,4,18000,94.4,Semi-Urban,0
79.66,84.97,9.87,-0.933,19.91,17.02,1,0,0,0,8,18000,53.5,Semi-Urban,0
29.89,32.28,6.29,-1.563,33.14,26.53,1,0,0,1,7,30000,49.1,Rural,1
53.13,48.36,-16.2,1.615,21.85,26.51,1,0,0,1,10,10000,85.8,Rural,0
68.36,72.17,8.45,-2.758,29.77,33.24,1,0,0,0,4,5000,83.6,Rural,0
78.36,73.95,-15.32,1.894,20.69,20.9,1,1,0,0,8,10000,67.9,Semi-Urban,0
20.0,21.27,26.93,-2.11,21.07,24.29,1,0,0,1,13,5000,97.0,Semi-Urban,1
91.15,90.81,-0.68,0.683,0.0,0.0,0,2,0,0,2,18000,59.3,Rural,0
100.0,96.28,-34.36,2.674,40.0,36.36,1,0,0,0,14,5000,76.9,Semi-Urban,0
91.36,90.97,-10.4,1.295,34.39,35.96,1,1,0,1,8,5000,41.0,Semi-Urban,0
25.76,32.01,11.15,-3.815,26.79,30.36,1,4,1,1,4,5000,57.1,Semi-Urban,1
44.5,44.59,1.39,-0.179,12.69,16.1,1,0,0,1,9,30000,74.5,Urban,1
56.11,54.32,3.05,-1.018,13.56,15.53,1,0,0,0,5,75000,54.4,Semi-Urban,1
67.5,73.96,15.99,-2.654,26.31,24.43,1,3,1,1,7,18000,91.4,Urban,1
86.67,87.78,2.22,-2.224,0.0,0.0,0,0,0,1,2,10000,96.6,Urban,0
49.65,54.45,36.67,-3.055,25.31,28.97,1,0,0,1,13,75000,89.5,Semi-Urban,1
35.05,37.56,1.41,-0.873,14.76,12.25,1,0,0,0,5,10000,44.0,Semi-Urban,1
34.39,38.98,6.46,-1.893,10.8,9.04,1,3,1,0,6,5000,56.0,Urban,1
76.93,71.26,-33.02,2.507,37.93,33.13,1,1,0,1,13,10000,69.5,Rural,0
28.97,30.45,6.95,-2.14,24.8,23.64,1,4,0,0,6,10000,44.7,Urban,1
100.0,100.0,-10.08,0.794,37.22,40.0,1,0,0,0,14,5000,81.7,Rural,0
88.22,83.24,-22.71,1.338,27.49,33.22,1,1,0,1,15,18000,74.2,Rural,0
71.99,70.88,-4.21,0.619,40.0,32.58,1,1,0,1,9,50000,58.4,Semi-Urban,0
39.97,44.97,15.38,-2.064,20.49,20.84,1,0,0,1,8,30000,82.9,Rural,1
66.12,65.16,-9.31,2.524,25.79,30.72,1,0,0,0,5,50000,89.3,Urban,0
91.02,89.06,-21.44,1.64,34.52,30.45,1,3,0,1,14,50000,93.0,Semi-Urban,0
87.16,86.96,-5.78,0.735,38.41,36.09,1,0,0,0,10,50000,66.5,Rural,0
100.0,99.04,-27.2,2.431,25.14,21.46,1,0,0,1,13,5000,45.5,Rural,0
54.27,55.1,6.1,-0.997,15.94,17.8,1,0,0,1,10,30000,92.9,Urban,1
69.63,71.35,20.65,-2.756,13.95,13.6,1,0,0,0,9,10000,78.1,Rural,1
37.21,37.02,-0.4,0.397,0.0,0.0,0,0,0,0,2,30000,70.2,Rural,0
73.73,77.19,6.8,-3.398,27.51,22.74,1,2,0,0,3,50000,68.2,Rural,0
40.29,41.52,26.31,-3.427,18.58,18.89,1,1,0,1,11,10000,82.3,Rural,1
51.51,49.64,-9.54,2.403,25.9,26.47,1,1,0,1,5,50000,46.6,Semi-Urban,0
53.93,62.19,31.44,-3.584,18.32,20.79,1,1,1,0,10,75000,45.0,Semi-Urban,1
98.4,96.28,-32.29,1.995,36.51,33.28,1,0,0,0,16,50000,91.3,Urban,0
61.1,57.79,-7.72,3.86,23.44,26.32,1,0,0,1,3,18000,52.8,Semi-Urban,0
100.0,99.86,-20.04,1.533,28.42,32.96,1,1,0,0,14,30000,63.1,Rural,0
82.0,80.72,-2.56,2.565,0.0,0.0,0,1,0,0,2,10000,89.5,Semi-Urban,0
74.96,78.77,16.36,-1.443,19.93,19.02,1,0,0,0,13,18000,73.0,Rural,0
85.95,82.57,-5.94,1.848,19.65,24.34,1,1,0,1,4,50000,48.0,Semi-Urban,0
72.77,69.58,-15.25,2.323,31.84,29.48,1,2,0,1,7,75000,45.7,Rural,0
82.99,86.47,10.61,-2.222,28.19,23.01,1,3,1,1,6,75000,95.1,Rural,1
90.28,86.4,-32.25,3.011,36.34,37.62,1,3,0,0,12,30000,80.9,Rural,0
20.0,20.0,16.2,-2.156,15.67,12.39,1,2,0,1,10,50000,41.3,Urban,1
80.53,77.33,-9.99,1.086,20.74,23.91,1,2,0,0,9,75000,51.7,Semi-Urban,0
51.04,62.86,23.76,-2.803,14.61,15.77,1,2,1,1,8,10000,82.3,Rural,1
52.22,52.13,-0.18,0.183,0.0,0.0,0,2,0,0,2,50000,55.0,Rural,0
74.04,68.95,-10.82,1.244,34.06,39.37,1,1,0,0,8,75000,57.7,Urban,0
64.1,67.36,19.58,-2.006,24.52,16.99,1,2,1,1,11,50000,89.2,Rural,1
61.71,63.92,19.58,-1.723,17.15,18.55,1,1,0,1,14,30000,87.7,Rural,1
96.5,92.61,-7.92,2.018,34.29,33.51,1,0,0,0,5,75000,40.4,Urban,0
85.84,87.18,7.79,-1.871,20.26,15.17,1,0,0,0,5,50000,55.3,Semi-Urban,0
56.42,57.41,1.25,-0.625,35.74,37.24,1,0,0,1,3,10000,80.3,Rural,1
65.51,65.5,-10.77,0.788,32.89,34.95,1,4,0,0,15,75000,52.2,Urban,0
23.75,27.48,23.85,-2.994,28.5,28.49,1,0,0,0,9,30000,76.0,Semi-Urban,1
85.89,82.29,-6.3,1.854,30.85,26.03,1,0,0,0,4,75000,66.9,Urban,0
72.49,72.11,4.64,-1.811,10.83,17.77,1,0,0,0,5,75000,68.8,Rural,0
67.61,64.35,-11.04,1.467,21.41,23.0,1,1,0,1,9,5000,73.6,Urban,0
100.0,99.83,-7.52,1.319,37.92,34.14,1,2,0,1,7,18000,76.9,Rural,0
68.37,67.57,-1.59,1.591,0.0,0.0,0,0,0,0,2,50000,81.2,Rural,0
70.79,67.99,-22.75,2.669,29.44,26.37,1,2,0,0,10,18000,47.8,Rural,0
81.97,83.42,12.67,-2.168,11.27,7.75,1,4,1,1,7,10000,44.3,Semi-Urban,1
95.87,91.35,-11.38,1.207,26.19,25.83,1,0,0,0,9,75000,84.2,Rural,0
41.92,47.16,13.47,-4.152,13.59,12.14,1,0,0,1,4,18000,47.8,Semi-Urban,1
51.28,53.92,25.21,-3.917,8.66,16.25,1,0,0,1,8,5000,83.4,Urban,1
88.69,87.32,-11.44,1.351,21.45,25.48,1,0,0,1,11,30000,66.9,Semi-Urban,0
34.48,35.59,39.27,-3.245,20.85,19.69,1,3,1,1,14,18000,70.0,Rural,1
98.01,95.68,-14.31,1.008,33.65,35.95,1,0,0,1,16,5000,71.7,Semi-Urban,0
78.59,75.46,-10.83,2.143,27.43,18.89,1,0,0,1,6,30000,64.8,Rural,0
77.02,78.23,14.45,-0.988,26.83,23.77,1,3,0,1,16,75000,59.2,Semi-Urban,1
66.52,72.76,6.57,-0.889,22.19,19.19,1,2,1,1,8,18000,56.0,Semi-Urban,1
100.0,98.01,-23.72,2.557,32.55,24.95,1,3,0,0,11,50000,89.2,Rural,0
100.0,100.0,-7.76,1.101,25.69,20.67,1,0,0,0,7,75000,97.4,Rural,0
67.76,64.27,-13.67,0.949,24.67,29.44,1,3,0,1,14,30000,41.2,Rural,0
43.81,45.26,2.4,-1.199,26.46,21.9,1,3,1,1,3,30000,47.6,Semi-Urban,1
84.22,80.88,-14.97,1.661,34.38,33.8,1,4,0,0,10,50000,93.0,Urban,0
96.38,92.1,-8.28,2.791,20.82,23.08,1,0,0,0,4,18000,68.2,Rural,0
66.2,60.41,-29.36,2.437,28.74,28.09,1,2,0,1,11,18000,40.1,Semi-Urban,1
90.68,92.15,-7.53,0.691,30.63,34.05,1,0,0,0,16,50000,76.3,Rural,0
44.28,48.55,9.51,-4.756,26.48,27.79,1,1,0,0,3,75000,76.0,Urban,0
73.66,72.54,-8.93,2.205,35.48,34.21,1,1,0,0,6,75000,64.5,Rural,0
41.52,39.47,17.57,-2.094,20.25,20.53,1,1,1,0,10,75000,89.3,Semi-Urban,1
42.6,44.56,17.48,-2.174,23.96,24.81,1,0,0,1,9,18000,63.6,Urban,1
94.3,92.94,-4.78,0.939,21.81,21.43,1,0,0,1,7,18000,76.3,Semi-Urban,0
100.0,100.0,-14.44,1.463,40.0,36.07,1,0,0,0,12,18000,56.1,Urban,0
100.0,97.81,-4.7,2.351,19.76,23.33,1,2,0,1,3,5000,42.8,Rural,0
83.69,81.85,-32.63,2.344,28.2,28.37,1,1,0,0,16,50000,51.7,Semi-Urban,0
51.85,59.47,40.48,-3.399,9.22,12.48,1,1,1,0,13,30000,84.9,Semi-Urban,1
34.16,35.36,25.02,-2.397,28.69,30.66,1,1,1,0,13,50000,44.2,Semi-Urban,1
68.26,67.21,-4.84,2.421,36.81,40.0,1,2,0,0,3,30000,80.7,Urban,0
63.05,63.13,0.17,-0.17,0.0,0.0,0,0,0,0,2,18000,72.0,Semi-Urban,0
80.91,76.66,-11.63,2.554,38.25,34.92,1,0,0,1,6,18000,82.1,Urban,0
97.1,92.57,-10.1,3.339,33.06,27.77,1,2,0,1,4,75000,65.4,Urban,0
76.88,72.77,-12.75,1.871,34.4,35.75,1,0,0,1,9,10000,63.8,Semi-Urban,0
72.45,72.48,-11.02,1.084,26.51,21.36,1,0,0,1,16,30000,92.0,Rural,0
98.53,93.12,-20.34,2.842,21.2,22.75,1,0,0,1,8,30000,80.8,Rural,0
90.64,89.32,-2.63,2.635,0.0,0.0,0,2,1,1,2,18000,61.3,Semi-Urban,0
73.31,73.67,20.79,-1.649,26.7,26.33,1,0,0,1,14,18000,60.3,Semi-Urban,0
24.09,35.01,51.77,-2.922,22.81,32.21,1,1,1,1,16,18000,79.2,Urban,1
29.92,36.44,25.59,-1.825,28.36,26.36,1,1,0,1,15,30000,67.2,Urban,1
96.63,94.72,-22.81,1.723,34.65,35.28,1,0,0,1,15,10000,77.5,Urban,0
88.26,87.97,-0.58,0.576,0.0,0.0,0,1,0,0,2,30000,64.9,Rural,0
70.85,66.87,-7.71,0.657,23.97,23.05,1,1,0,1,9,50000,63.8,Urban,0
80.65,75.63,-14.57,1.261,21.53,23.37,1,0,0,1,12,18000,47.5,Urban,0
47.47,45.41,-4.18,0.664,31.25,33.17,1,0,0,0,8,30000,61.3,Urban,0
51.34,50.91,-8.21,0.737,23.06,25.89,1,1,0,1,15,75000,63.0,Semi-Urban,0
85.08,81.79,-31.36,3.238,27.95,31.11,1,0,0,0,11,50000,75.6,Semi-Urban,0
90.74,91.19,2.8,-0.905,27.58,30.67,1,0,0,1,4,10000,55.1,Rural,0
83.34,83.92,-0.29,0.477,26.33,25.34,1,1,0,0,7,50000,45.3,Urban,0
87.13,85.45,-3.55,1.775,36.82,38.5,1,1,0,0,3,10000,89.0,Semi-Urban,0
89.29,87.01,-4.57,4.568,0.0,0.0,0,0,0,1,2,5000,90.4,Urban,0
50.23,48.02,-5.2,0.436,27.23,24.82,1,0,0,1,10,18000,83.0,Urban,0
62.92,61.89,-2.42,0.433,29.8,28.77,1,3,0,0,6,30000,64.4,Rural,0
60.39,60.77,22.43,-1.473,18.17,19.33,1,0,0,0,16,50000,98.7,Rural,0
74.57,70.49,-17.08,2.252,30.32,32.01,1,2,0,0,9,5000,70.6,Urban,0
73.11,70.68,-13.41,0.813,37.56,37.29,1,1,0,0,16,50000,54.0,Rural,0
20.0,24.15,10.44,-1.23,21.77,24.61,1,3,1,0,11,5000,98.7,Rural,1
29.05,38.27,16.82,-3.938,20.01,17.37,1,3,1,1,5,18000,82.3,Urban,1
47.99,56.33,46.54,-3.295,12.18,14.85,1,1,1,1,14,5000,96.6,Semi-Urban,1
71.17,67.78,-4.42,0.348,26.35,26.48,1,0,0,0,9,10000,61.0,Rural,0
43.85,43.24,-3.61,0.709,21.69,24.3,1,0,0,1,6,18000,54.7,Urban,1
51.14,49.11,-4.08,4.077,0.0,0.0,0,1,1,1,2,10000,74.3,Rural,0
20.0,20.0,44.1,-3.087,10.26,11.28,1,1,0,0,16,5000,66.5,Urban,1
28.32,32.5,16.86,-1.326,17.55,13.32,1,1,1,1,12,50000,61.6,Rural,1
24.33,26.37,29.87,-2.309,12.41,11.6,1,0,0,0,14,18000,75.0,Urban,1
79.03,81.73,5.39,-5.391,0.0,0.0,0,0,0,1,2,30000,90.5,Urban,0
82.0,78.8,-34.38,2.869,28.85,32.15,1,0,0,1,14,30000,89.0,Urban,0
76.98,82.41,16.18,-1.303,26.05,22.42,1,0,0,0,12,18000,97.4,Semi-Urban,0
85.03,84.0,-17.78,1.484,40.0,35.16,1,0,0,1,16,18000,90.0,Rural,0
78.41,80.22,0.67,-0.335,28.91,29.57,1,2,0,1,3,18000,87.4,Rural,0
100.0,100.0,-9.23,0.476,17.98,23.1,1,0,0,0,16,5000,50.2,Semi-Urban,0
65.27,61.64,-10.04,2.411,22.11,26.97,1,0,0,0,5,30000,48.8,Semi-Urban,0
53.31,57.49,25.77,-2.885,13.92,13.18,1,1,0,1,10,10000,72.7,Rural,1
100.0,100.0,-22.47,1.589,22.76,24.88,1,0,0,0,16,30000,71.8,Urban,0
100.0,100.0,-3.24,0.316,39.04,38.62,1,0,0,0,11,30000,83.5,Rural,0
41.66,45.5,19.59,-4.896,30.32,22.83,1,0,0,0,5,50000,53.0,Semi-Urban,1
78.16,81.2,10.56,-2.534,13.97,12.03,1,0,0,1,7,18000,72.7,Rural,1
20.76,26.02,26.06,-2.091,18.92,17.1,1,1,1,0,12,30000,93.7,Semi-Urban,1
24.58,30.96,25.35,-3.537,26.89,26.54,1,0,0,1,7,10000,93.5,Rural,1
84.67,77.9,-21.41,2.271,35.99,40.0,1,0,0,1,10,30000,79.8,Urban,0
69.13,64.43,-16.01,1.366,19.3,23.6,1,0,0,0,10,30000,43.8,Rural,0
25.98,26.42,27.12,-2.218,18.56,21.13,1,1,1,0,15,18000,89.8,Semi-Urban,1
20.0,24.07,10.64,-1.752,22.27,23.22,1,0,0,0,8,5000,65.5,Rural,1
53.78,53.51,-8.08,0.618,36.03,36.41,1,1,0,1,13,30000,79.3,Urban,0
88.22,87.86,-10.23,0.807,21.8,24.33,1,0,0,0,13,10000,98.0,Rural,0
100.0,100.0,-15.17,1.267,26.35,29.92,1,0,0,0,12,30000,96.1,Rural,0
65.47,67.34,13.99,-2.074,25.64,25.33,1,0,0,0,8,50000,80.6,Urban,0
81.15,81.2,10.89,-1.711,9.81,6.54,1,0,0,1,6,5000,48.1,Semi-Urban,1
63.67,62.94,7.81,-1.386,9.54,14.27,1,0,0,0,8,10000,77.1,Urban,0
77.61,72.83,-18.64,2.149,24.16,24.37,1,1,0,0,9,10000,88.2,Urban,0
98.48,97.98,-5.62,1.159,40.0,35.04,1,1,0,0,7,10000,98.9,Urban,0
33.16,34.97,25.41,-2.283,26.72,27.0,1,0,0,0,12,10000,52.3,Semi-Urban,1
20.0,20.0,22.33,-1.897,17.14,13.97,1,0,0,1,13,5000,48.4,Rural,1
20.0,20.41,21.9,-2.37,5.51,12.54,1,0,0,0,11,75000,85.6,Semi-Urban,1
71.32,72.43,10.34,-2.396,27.4,29.68,1,0,0,1,6,5000,89.2,Rural,0
77.25,77.15,-7.46,1.187,40.0,39.85,1,0,0,0,8,10000,42.8,Semi-Urban,0
58.24,54.46,-16.23,2.164,39.39,31.87,1,0,0,0,8,10000,53.9,Semi-Urban,0
48.81,46.84,-5.27,1.305,26.84,25.97,1,0,0,0,4,10000,98.3,Rural,0
46.33,51.48,18.87,-2.926,23.67,23.8,1,0,0,1,7,50000,89.8,Semi-Urban,1
67.61,63.99,-23.06,2.788,40.0,40.0,1,2,0,1,10,30000,55.2,Urban,0
72.94,72.38,-1.11,1.108,0.0,0.0,0,4,0,0,2,18000,93.4,Rural,0
85.69,82.62,-17.11,1.771,31.28,27.9,1,1,0,1,11,50000,48.5,Rural,0
92.6,91.76,-19.69,1.992,32.46,31.26,1,0,0,1,12,5000,58.7,Semi-Urban,0
57.31,55.93,-18.58,1.326,33.36,33.07,1,1,0,0,16,75000,41.3,Semi-Urban,0
20.0,20.0,26.53,-2.418,23.77,20.7,1,0,0,0,13,5000,47.2,Semi-Urban,1
56.26,57.16,1.79,-1.794,0.0,0.0,0,0,0,0,2,75000,63.7,Urban,0
79.84,74.07,-28.84,2.895,40.0,38.27,1,1,0,1,10,18000,64.8,Semi-Urban,0
100.0,100.0,-21.51,1.729,38.66,35.88,1,4,0,0,13,5000,80.4,Semi-Urban,0
58.57,57.76,-7.92,1.011,18.55,25.76,1,1,0,0,9,10000,53.5,Semi-Urban,0
78.12,73.66,-10.87,3.566,23.53,18.76,1,0,0,0,4,5000,51.1,Semi-Urban,0
56.03,54.97,-5.86,1.158,27.22,22.66,1,4,0,0,8,30000,48.3,Semi-Urban,0
100.0,97.53,-6.52,1.717,31.33,36.76,1,3,0,1,5,18000,48.6,Urban,0
62.91,62.06,29.57,-2.6,24.35,27.84,1,0,0,1,12,30000,54.4,Rural,1
58.07,61.13,13.6,-3.14,10.73,13.53,1,3,0,1,5,30000,63.3,Rural,1
20.0,20.0,24.48,-2.436,19.11,25.21,1,0,0,1,12,18000,44.8,Semi-Urban,1
34.21,41.79,23.24,-3.461,15.96,15.71,1,1,1,1,8,50000,75.2,Urban,1
83.56,78.41,-40.36,2.889,23.86,27.16,1,0,0,1,16,50000,96.1,Semi-Urban,0
50.52,50.46,8.41,-1.33,12.6,14.17,1,0,0,0,12,10000,63.1,Semi-Urban,1
51.54,57.99,43.78,-3.85,8.32,13.56,1,0,0,1,12,18000,64.3,Urban,1
41.09,46.22,9.97,-1.761,10.07,11.81,1,1,1,0,6,10000,98.3,Rural,1
54.92,54.62,9.65,-0.761,22.44,19.87,1,1,0,1,9,18000,47.9,Semi-Urban,1
54.73,53.98,3.08,-0.855,33.25,28.58,1,4,1,1,10,10000,97.4,Semi-Urban,1
90.66,84.97,-27.4,2.883,39.44,38.65,1,0,0,0,10,18000,41.5,Rural,0
55.26,58.16,29.38,-2.111,17.24,16.54,1,1,0,0,15,50000,60.2,Semi-Urban,1
63.23,68.02,15.22,-4.659,22.77,22.82,1,1,0,1,5,75000,72.9,Rural,1
63.09,66.36,23.81,-2.333,25.9,28.29,1,3,0,0,11,50000,70.8,Rural,1
65.42,63.51,-3.81,3.815,0.0,0.0,0,3,0,1,2,30000,96.1,Semi-Urban,0
65.46,66.87,15.58,-2.762,23.84,24.47,1,1,1,1,8,10000,86.4,Rural,1
97.54,94.62,-14.2,0.874,28.05,31.07,1,0,0,1,15,10000,42.9,Urban,0
35.8,38.07,28.29,-3.384,8.66,12.48,1,2,1,0,10,30000,61.2,Semi-Urban,1
53.94,52.74,-4.64,0.667,40.0,40.0,1,4,0,0,5,10000,86.9,Urban,1
46.37,48.21,1.81,-0.903,16.21,22.9,1,0,0,0,3,30000,78.6,Semi-Urban,0
55.23,56.1,13.76,-1.582,26.0,24.8,1,1,1,0,10,10000,65.5,Rural,1
77.09,83.2,12.66,-1.404,15.97,16.65,1,2,0,1,6,75000,59.5,Urban,1
80.91,84.53,18.56,-2.416,26.2,29.15,1,4,1,0,8,10000,63.4,Semi-Urban,1
52.82,49.72,-4.76,1.871,40.0,36.52,1,1,0,0,4,50000,75.8,Semi-Urban,0
87.24,86.76,-4.39,1.564,20.62,18.98,1,0,0,1,4,30000,87.2,Urban,0
42.39,41.54,12.03,-1.757,22.98,25.31,1,4,0,0,10,75000,50.7,Semi-Urban,1
53.92,53.69,-5.91,1.117,27.12,30.4,1,3,0,1,6,5000,50.1,Rural,1
58.07,61.49,22.06,-3.424,15.89,16.7,1,2,0,1,8,30000,87.5,Urban,1
99.75,96.2,-9.43,2.223,26.61,24.57,1,4,0,0,5,30000,96.6,Semi-Urban,0
65.71,72.92,18.28,-3.076,32.3,27.29,1,0,0,0,6,5000,60.2,Urban,0
82.47,89.33,10.45,-2.855,24.06,28.26,1,2,0,0,4,50000,42.5,Rural,1
100.0,100.0,-6.27,0.911,21.02,20.63,1,0,0,1,9,5000,63.5,Rural,0
56.26,64.95,18.96,-2.955,22.57,25.86,1,0,0,1,7,10000,59.1,Semi-Urban,1
72.01,73.68,-4.08,0.49,36.82,38.16,1,0,0,0,15,10000,77.8,Rural,0
72.44,70.01,-24.75,1.492,17.54,20.27,1,0,0,0,16,10000,73.1,Semi-Urban,0
51.28,56.34,23.78,-2.26,25.25,22.55,1,1,0,1,11,30000,54.2,Urban,1
94.79,92.7,-29.98,2.06,29.13,34.86,1,1,0,0,15,50000,66.7,Semi-Urban,0
46.82,54.1,16.46,-2.578,7.3,11.84,1,0,0,1,7,10000,97.1,Semi-Urban,1
23.47,30.89,40.94,-3.009,16.68,14.77,1,0,0,1,14,5000,70.0,Urban,1
63.94,64.14,15.55,-2.003,29.61,27.66,1,0,0,1,11,10000,45.7,Rural,1
63.0,61.02,-6.54,1.365,27.68,26.34,1,0,0,0,6,30000,52.7,Semi-Urban,0
55.68,53.81,-13.24,0.916,21.82,28.49,1,0,0,1,12,10000,46.0,Semi-Urban,0
55.07,59.28,18.16,-2.007,15.21,17.45,1,0,0,0,11,75000,98.0,Urban,0
43.25,44.88,3.29,-1.645,23.65,24.49,1,0,0,1,3,30000,86.7,Rural,1
72.08,69.06,-3.91,0.179,35.78,38.82,1,1,0,1,9,30000,43.0,Semi-Urban,0
29.56,38.18,25.03,-1.746,22.0,22.14,1,0,0,0,11,10000,86.0,Urban,0
59.4,65.5,36.29,-3.144,15.67,18.3,1,2,0,1,12,18000,48.3,Rural,1
52.96,53.21,-8.1,0.927,23.61,30.63,1,2,0,0,13,50000,63.6,Urban,0
100.0,95.7,-16.97,1.918,34.37,32.69,1,2,0,0,10,5000,88.5,Semi-Urban,0
71.91,70.47,-6.37,0.514,36.4,33.09,1,0,0,0,13,50000,67.2,Semi-Urban,0
20.0,24.83,38.83,-3.661,12.5,13.35,1,0,0,0,13,5000,85.5,Urban,1
62.06,63.12,31.79,-2.457,12.64,8.66,1,0,0,0,14,75000,43.5,Urban,1
62.22,60.13,-22.51,2.305,30.71,25.08,1,0,0,1,12,18000,83.1,Semi-Urban,0
61.18,58.42,-21.49,1.877,40.0,37.83,1,0,0,1,11,5000,89.1,Semi-Urban,0
94.81,92.24,-21.48,1.826,35.15,35.45,1,2,0,1,13,30000,67.3,Semi-Urban,0
23.24,25.63,23.78,-2.453,24.8,26.66,1,0,0,0,12,10000,95.6,Urban,1
29.02,34.74,34.55,-3.6,28.08,25.62,1,0,0,1,10,18000,46.1,Urban,1
100.0,100.0,-33.42,2.4,35.25,34.67,1,0,0,0,16,50000,90.7,Urban,0
44.25,44.33,0.16,-0.164,0.0,0.0,0,0,0,0,2,18000,73.3,Rural,0
46.76,48.1,4.44,-1.637,11.16,14.74,1,0,0,1,4,18000,74.3,Rural,1
87.04,85.67,-2.75,2.747,0.0,0.0,0,0,0,0,2,75000,67.9,Urban,0
71.88,72.21,-9.8,1.719,36.02,40.0,1,0,0,1,9,5000,95.3,Rural,0
59.42,63.86,21.44,-3.179,27.55,26.27,1,0,0,1,6,10000,61.1,Semi-Urban,1
46.85,45.77,6.73,-1.103,12.72,12.7,1,2,1,1,11,10000,40.3,Urban,1
54.02,57.51,5.71,-2.856,28.69,31.58,1,2,0,0,3,5000,50.4,Semi-Urban,1
49.77,54.77,20.88,-3.219,18.86,12.46,1,0,0,0,7,18000,87.4,Rural,1
59.68,57.25,-22.51,1.788,33.76,33.1,1,4,0,0,14,50000,87.3,Semi-Urban,0
83.46,78.12,-33.95,2.617,34.99,38.64,1,1,0,0,13,30000,42.3,Semi-Urban,0
20.0,20.0,26.3,-1.957,24.1,19.74,1,2,1,0,16,30000,47.8,Urban,1
21.66,26.5,19.36,-1.094,20.13,21.54,1,1,1,0,14,10000,45.1,Rural,1
47.68,47.28,-5.66,0.653,38.65,35.02,1,0,0,0,10,75000,74.2,Rural,0
90.41,89.26,-32.17,2.052,27.6,29.92,1,1,0,1,16,75000,61.0,Urban,0
52.1,57.92,7.79,-2.753,13.02,13.06,1,0,0,0,4,30000,61.1,Semi-Urban,1
67.94,65.79,-28.38,1.926,29.55,26.93,1,3,0,0,16,30000,67.0,Urban,0
89.59,87.82,-5.23,1.462,40.0,40.0,1,0,0,0,6,75000,42.9,Semi-Urban,0
97.25,96.13,-4.49,1.305,21.81,18.45,1,0,0,0,5,50000,74.4,Rural,0
64.6,63.86,6.83,-1.015,17.77,17.63,1,0,0,1,11,18000,87.2,Semi-Urban,0
95.13,91.73,-6.03,2.106,30.26,31.34,1,1,0,0,4,30000,85.9,Rural,0
49.96,49.98,8.71,-1.848,16.3,17.27,1,4,1,1,6,75000,93.4,Urban,1
90.16,93.19,6.13,-3.067,17.61,14.01,1,1,0,0,3,10000,84.6,Rural,1
24.68,27.08,17.2,-2.722,25.42,25.66,1,2,0,1,8,10000,54.4,Rural,1
68.2,60.66,-28.33,2.2,34.58,36.01,1,4,0,1,13,10000,53.6,Urban,1
84.84,85.45,-30.7,2.265,25.75,36.44,1,1,0,0,16,18000,92.4,Rural,0
34.21,34.07,-0.42,0.209,29.48,26.91,1,2,0,0,3,50000,45.7,Semi-Urban,0
100.0,99.86,-21.41,1.933,16.48,22.7,1,0,0,1,12,10000,90.0,Rural,0
67.99,66.66,-3.65,0.55,25.24,25.83,1,2,0,1,6,75000,45.0,Urban,0
88.3,86.82,-9.48,1.631,29.58,32.63,1,3,0,0,6,50000,73.2,Rural,0
59.6,56.08,-12.34,1.16,34.14,35.22,1,1,0,1,10,10000,43.1,Urban,0
99.64,96.42,-20.85,1.406,31.43,25.31,1,2,0,1,14,10000,88.0,Urban,0
93.33,88.98,-41.01,2.579,24.3,25.19,1,1,0,1,16,10000,44.2,Semi-Urban,0
24.66,28.13,40.47,-2.837,16.51,17.03,1,0,0,1,16,75000,92.3,Rural,1
96.32,96.6,-23.87,1.769,32.37,30.03,1,1,0,0,16,30000,69.4,Urban,0
50.93,56.33,12.38,-3.796,15.99,17.58,1,1,0,0,4,75000,63.2,Semi-Urban,1
57.73,64.16,32.5,-4.05,25.44,25.87,1,0,0,0,8,50000,91.6,Rural,1
84.08,77.61,-19.43,2.31,20.07,19.03,1,0,0,1,8,18000,76.5,Rural,0
100.0,99.7,-10.37,1.307,16.82,20.09,1,0,0,1,7,18000,71.7,Semi-Urban,0
53.95,50.09,-5.38,2.692,33.89,35.89,1,3,0,1,3,50000,56.1,Urban,1
90.29,87.86,-13.88,1.549,24.38,24.15,1,0,0,0,10,50000,69.9,Semi-Urban,0
85.12,80.32,-39.34,2.84,35.19,35.22,1,1,0,0,15,18000,43.8,Urban,0
58.95,59.03,1.62,-0.691,25.72,22.41,1,1,0,1,6,5000,83.5,Rural,1
82.92,80.18,-34.68,2.598,30.56,29.14,1,4,0,0,16,30000,51.0,Urban,0
66.72,70.76,11.22,-3.909,14.3,11.37,1,3,1,0,4,30000,77.0,Semi-Urban,1
52.81,64.4,43.37,-3.333,21.05,21.18,1,0,0,1,12,5000,42.0,Semi-Urban,1
20.0,21.34,30.41,-3.059,20.8,17.23,1,2,0,1,12,18000,91.2,Rural,1
62.52,73.09,24.81,-4.209,14.01,13.75,1,1,1,0,6,30000,47.6,Rural,1
47.22,45.26,-4.26,2.129,20.49,25.28,1,1,0,0,3,50000,75.3,Semi-Urban,0
28.52,28.71,30.9,-2.532,26.73,27.53,1,4,1,0,14,50000,55.6,Semi-Urban,1
100.0,98.85,-20.39,2.457,34.22,34.71,1,0,0,0,9,75000,63.6,Semi-Urban,0
81.96,80.22,-14.1,1.92,28.17,31.08,1,3,0,0,8,50000,70.0,Rural,0
20.0,20.7,47.94,-3.463,21.31,18.67,1,0,0,0,15,30000,64.3,Rural,1
29.52,37.76,21.64,-2.998,25.85,28.5,1,0,0,0,7,10000,75.2,Rural,1
20.0,21.64,34.4,-2.967,23.52,22.73,1,0,0,0,13,75000,84.7,Urban,1
47.07,49.5,3.79,-1.104,15.26,17.3,1,2,1,0,5,5000,58.9,Semi-Urban,1
49.59,53.58,16.16,-2.421,11.3,8.62,1,1,0,0,7,10000,83.9,Rural,1
49.98,49.4,-11.21,1.14,20.74,24.76,1,0,0,0,12,30000,64.4,Semi-Urban,0
54.83,52.38,-15.9,1.572,18.2,22.68,1,1,0,1,11,50000,84.4,Rural,1
100.0,99.74,-5.13,1.069,24.68,27.51,1,0,0,0,6,30000,42.7,Urban,0
78.56,73.7,-9.04,1.945,39.11,36.46,1,1,0,1,5,5000,91.7,Semi-Urban,0
70.05,72.64,5.17,-5.168,0.0,0.0,0,2,0,0,2,75000,55.9,Urban,1
20.0,20.0,19.35,-1.484,11.11,14.25,1,0,0,0,12,50000,74.2,Semi-Urban,1
63.31,62.14,-6.02,0.427,19.02,20.88,1,0,0,0,16,75000,92.3,Semi-Urban,0
72.08,73.57,7.51,-1.241,19.81,20.98,1,0,0,1,8,10000,49.8,Semi-Urban,0
81.23,80.08,-27.58,2.303,23.42,31.4,1,0,0,0,14,10000,90.1,Semi-Urban,0
50.76,49.89,-5.38,0.934,37.88,38.94,1,0,0,1,7,75000,94.1,Semi-Urban,0
61.17,55.05,-10.25,5.126,21.89,20.35,1,3,0,0,3,50000,66.0,Semi-Urban,0
77.96,74.58,-11.33,1.909,27.49,33.93,1,1,0,0,7,50000,69.6,Urban,0
100.0,100.0,-10.54,0.598,38.27,34.6,1,0,0,0,13,10000,51.6,Rural,0
55.88,58.9,19.48,-1.292,15.6,16.52,1,1,1,0,12,50000,83.1,Urban,1
29.1,33.06,36.43,-3.03,13.26,16.54,1,1,1,0,13,10000,71.5,Urban,1
99.89,93.12,-11.95,4.102,26.19,27.96,1,2,0,0,4,30000,69.0,Rural,0
76.41,76.65,1.02,0.231,25.99,26.67,1,0,0,1,5,30000,70.3,Semi-Urban,0
29.38,33.82,16.23,-3.272,15.51,15.49,1,2,0,1,7,30000,93.5,Rural,1
27.66,33.18,28.45,-3.088,14.4,12.51,1,1,1,0,9,5000,81.4,Rural,1
90.95,90.42,-10.79,1.52,16.97,16.65,1,1,0,0,9,50000,66.5,Rural,0
97.91,97.89,-15.48,1.567,39.82,37.29,1,0,0,0,12,18000,62.0,Rural,0
65.18,65.89,1.43,-1.426,0.0,0.0,0,1,0,1,2,10000,46.2,Semi-Urban,1
90.29,89.1,-17.59,1.257,17.14,27.04,1,2,0,0,15,18000,92.2,Semi-Urban,0
24.72,29.42,23.78,-1.557,10.4,18.31,1,0,0,1,16,50000,78.1,Rural,1
100.0,100.0,-4.06,0.807,17.71,19.97,1,0,0,1,8,18000,62.2,Urban,0
98.04,95.05,-6.67,3.335,31.98,33.95,1,0,0,0,3,75000,41.2,Urban,0
56.67,59.76,10.77,-2.636,17.68,19.54,1,0,0,1,6,30000,76.3,Rural,1
99.37,94.09,-23.42,2.921,34.2,32.96,1,0,0,1,9,30000,71.5,Semi-Urban,0
73.27,70.6,-20.79,1.671,25.57,27.27,1,0,0,0,13,30000,89.7,Semi-Urban,0
37.81,39.73,1.46,-0.281,25.49,28.8,1,0,0,0,5,10000,47.3,Semi-Urban,1
77.91,78.16,-3.15,0.828,40.0,40.0,1,3,0,1,6,50000,96.3,Semi-Urban,0
57.6,58.57,9.3,-1.341,18.49,22.06,1,3,1,1,9,5000,48.9,Urban,1
100.0,100.0,-6.76,0.513,18.6,22.53,1,0,0,0,12,75000,80.6,Rural,0
99.05,98.56,-3.03,0.549,37.79,37.52,1,2,0,1,8,5000,53.2,Rural,1
57.58,60.51,6.96,-2.227,17.17,7.35,1,0,0,1,4,18000,62.2,Rural,1
20.0,20.1,27.3,-1.705,16.21,15.02,1,0,0,0,16,10000,91.4,Urban,1
100.0,100.0,-7.64,0.377,38.49,40.0,1,3,0,1,15,75000,78.3,Urban,0
92.35,90.33,-18.45,1.259,21.59,23.6,1,4,0,0,16,75000,48.3,Rural,1
81.68,80.92,-1.52,1.525,0.0,0.0,0,0,0,1,2,18000,64.9,Urban,0
100.0,100.0,-6.67,0.966,38.34,32.74,1,0,0,1,8,10000,89.7,Rural,0
64.56,61.55,-7.22,1.464,22.69,23.59,1,0,0,0,7,75000,96.5,Semi-Urban,0
56.35,52.8,-19.23,1.825,33.71,29.01,1,4,0,1,10,10000,58.6,Urban,1
62.95,62.33,-11.5,1.44,32.31,32.4,1,0,0,1,9,75000,95.3,Urban,0
28.08,28.04,23.13,-2.868,26.99,22.21,1,4,0,0,11,30000,73.9,Rural,1
50.89,50.24,7.54,-1.335,10.44,15.84,1,1,0,0,9,50000,85.1,Rural,0
43.04,48.9,37.49,-2.931,23.72,20.37,1,0,0,0,14,5000,43.9,Semi-Urban,1
34.67,37.02,7.57,-1.352,30.12,28.53,1,3,1,0,5,5000,95.9,Urban,1
38.74,39.19,0.91,-0.906,0.0,0.0,0,0,0,0,2,50000,62.2,Urban,0
36.54,41.36,19.59,-1.543,22.13,21.89,1,1,1,1,12,18000,97.7,Urban,1
67.97,70.5,1.95,-0.773,15.58,16.6,1,0,0,0,5,30000,88.4,Urban,0
72.92,71.55,-21.95,2.074,33.46,33.0,1,3,0,0,12,50000,78.4,Rural,0
68.42,62.84,-14.61,3.746,32.05,28.12,1,0,0,0,5,50000,97.2,Rural,0
76.58,76.75,1.2,-0.599,35.64,34.38,1,1,0,0,3,18000,97.1,Rural,0
37.01,37.85,2.67,-1.333,26.18,22.85,1,1,0,0,3,75000,68.7,Urban,0
47.73,50.78,6.64,-1.099,16.32,14.03,1,0,0,1,8,50000,83.4,Urban,0
69.16,74.54,17.08,-1.31,11.84,11.28,1,0,0,1,14,30000,76.6,Semi-Urban,1
45.01,49.13,24.47,-3.276,21.78,24.2,1,0,0,0,8,75000,50.3,Urban,1
100.0,96.46,-6.23,2.449,28.22,30.19,1,2,0,1,4,50000,59.4,Urban,0
97.51,95.6,-30.31,2.737,27.59,23.99,1,0,0,1,12,10000,41.2,Urban,0
76.82,74.47,-10.97,0.707,30.74,28.72,1,1,0,0,15,30000,97.5,Semi-Urban,0
58.31,53.92,-5.06,2.531,27.82,31.12,1,0,0,0,3,10000,45.7,Urban,0
96.45,94.88,-11.76,2.003,21.89,23.27,1,2,0,0,8,30000,90.5,Rural,0
47.14,52.36,24.93,-3.823,22.12,20.32,1,0,0,1,8,75000,41.6,Rural,1
20.0,20.0,26.25,-1.607,9.74,17.43,1,1,1,0,16,18000,87.3,Semi-Urban,1
20.0,20.0,36.47,-2.544,14.01,12.85,1,0,0,0,15,5000,51.3,Urban,1
78.32,78.83,-12.36,1.069,25.22,31.89,1,0,0,1,14,50000,55.6,Rural,0
70.6,68.77,-10.23,0.887,36.35,36.52,1,1,0,0,12,75000,98.1,Semi-Urban,0
20.0,24.46,24.42,-1.351,21.9,28.44,1,0,0,1,15,30000,56.9,Semi-Urban,1
93.07,88.17,-13.04,0.845,26.98,29.63,1,1,0,1,14,18000,87.0,Rural,0
61.69,61.21,-0.96,0.965,0.0,0.0,0,1,0,1,2,18000,87.3,Semi-Urban,0
94.9,92.6,-19.91,1.383,24.59,28.67,1,0,0,0,13,5000,94.3,Rural,0
20.0,23.26,19.73,-3.208,15.7,16.91,1,0,0,0,7,18000,79.5,Rural,1
63.51,61.31,-3.89,0.677,38.05,37.45,1,0,0,1,6,50000,54.9,Rural,0
97.46,90.46,-22.57,2.365,23.6,24.43,1,1,0,0,9,30000,59.7,Rural,0
58.92,62.57,15.36,-2.23,24.96,25.71,1,0,0,0,8,30000,95.0,Rural,0
49.31,52.72,7.89,-1.84,21.8,26.33,1,1,1,0,5,10000,61.6,Urban,1
71.45,68.17,-11.91,1.286,20.15,24.35,1,0,0,0,9,18000,87.6,Urban,0
66.27,63.1,9.79,-1.763,26.4,29.12,1,0,0,0,8,10000,84.6,Urban,0
88.25,87.75,-5.08,0.416,27.4,28.46,1,0,0,0,14,75000,49.1,Urban,0
70.78,69.08,-4.06,2.029,29.49,31.13,1,0,0,1,3,50000,79.5,Semi-Urban,0
68.79,65.93,-12.28,0.878,31.03,24.47,1,3,0,1,16,5000,78.3,Rural,1
30.42,33.04,26.53,-3.852,14.93,10.89,1,0,0,1,9,30000,95.3,Semi-Urban,1
68.22,74.62,9.45,-2.74,22.99,29.27,1,2,0,1,4,18000,54.7,Rural,1
20.0,23.58,29.89,-3.935,27.59,29.81,1,0,0,1,9,10000,46.3,Urban,1
73.65,78.98,18.14,-1.511,15.49,20.63,1,0,0,0,11,50000,93.6,Urban,0
20.24,22.07,20.16,-1.32,26.34,27.05,1,0,0,0,15,10000,96.7,Semi-Urban,1
53.64,59.57,29.4,-3.537,29.99,24.94,1,1,1,0,9,18000,56.1,Rural,1
26.34,32.15,17.41,-1.748,15.74,15.81,1,0,0,1,10,10000,73.5,Urban,1
45.1,51.84,39.91,-2.365,12.52,8.27,1,0,0,1,16,18000,96.1,Urban,1
62.21,71.34,13.65,-6.827,21.69,16.66,1,2,0,0,3,50000,87.9,Urban,1
100.0,98.58,-35.52,2.474,27.2,27.92,1,0,0,1,16,50000,75.7,Rural,0
86.44,88.56,-10.17,0.897,21.88,26.52,1,0,0,1,15,30000,96.3,Semi-Urban,0
72.4,76.37,21.56,-1.334,22.54,24.78,1,2,1,0,16,18000,64.5,Rural,0
83.25,80.99,5.12,-2.127,19.29,15.84,1,2,1,1,6,75000,91.3,Semi-Urban,1
79.9,80.61,10.05,-2.969,14.41,18.59,1,0,0,0,5,50000,79.5,Rural,0
84.29,81.64,-29.81,2.397,34.95,32.11,1,0,0,0,13,18000,78.4,Urban,0
100.0,100.0,-22.14,1.811,27.41,25.02,1,0,0,0,15,18000,52.7,Rural,0
57.6,59.18,13.41,-3.263,27.6,24.3,1,0,0,0,5,18000,53.4,Urban,0
35.87,40.29,18.31,-1.58,32.28,29.73,1,4,1,0,13,30000,98.8,Urban,1
45.52,46.98,2.91,-2.912,0.0,0.0,0,1,0,0,2,30000,71.2,Rural,0
84.98,83.28,-11.86,1.935,20.05,29.06,1,0,0,1,9,75000,91.8,Rural,0
88.23,82.25,-9.45,2.801,27.73,28.54,1,3,0,0,4,75000,41.3,Rural,0
94.38,93.78,-8.7,2.066,21.42,28.05,1,0,0,1,6,5000,88.2,Rural,0
31.82,36.89,28.73,-2.194,23.1,22.84,1,3,1,1,13,5000,43.6,Rural,1
93.41,93.56,-14.42,1.188,21.9,28.99,1,0,0,0,16,10000,94.5,Urban,0
20.0,20.0,9.42,-1.341,17.81,14.54,1,1,1,0,11,50000,85.2,Semi-Urban,1
69.33,70.89,3.12,-3.116,0.0,0.0,0,3,0,0,2,75000,56.3,Semi-Urban,0
73.05,74.08,21.3,-2.919,10.97,11.55,1,4,1,0,9,50000,46.1,Urban,1
76.76,79.15,6.37,-3.186,18.47,19.55,1,0,0,1,3,50000,64.4,Urban,0
84.64,79.65,-30.24,2.04,27.74,25.53,1,2,0,1,15,30000,40.9,Rural,0
49.09,48.53,-4.14,1.194,25.92,26.1,1,0,0,0,6,50000,94.1,Semi-Urban,0
37.56,40.38,26.7,-2.251,15.32,14.22,1,0,0,0,12,10000,87.7,Semi-Urban,1
85.27,86.97,-19.17,1.682,20.78,18.2,1,0,0,0,16,50000,59.6,Rural,0
28.1,32.17,23.89,-3.755,28.64,24.45,1,1,0,1,8,5000,69.0,Semi-Urban,1
86.95,83.87,-9.92,2.162,30.39,32.82,1,1,0,0,5,50000,75.5,Urban,0
49.26,54.6,5.2,-2.6,25.4,24.15,1,1,1,0,3,75000,72.2,Semi-Urban,1
28.7,30.1,8.01,-1.384,20.37,22.94,1,3,0,0,7,30000,40.3,Semi-Urban,1
20.0,20.0,17.69,-2.062,24.0,19.65,1,0,0,1,10,75000,85.3,Rural,1
50.41,45.89,-8.97,2.235,21.42,23.36,1,0,0,0,5,30000,93.1,Rural,0
61.89,59.24,-5.3,5.302,0.0,0.0,0,0,0,0,2,75000,55.8,Semi-Urban,0
91.94,88.92,-9.71,1.246,34.87,27.48,1,2,0,0,8,30000,77.5,Rural,0
20.0,21.52,33.51,-2.197,23.19,27.64,1,0,0,0,16,30000,61.6,Urban,0
20.0,20.57,22.42,-2.198,27.1,21.34,1,1,0,1,11,50000,96.4,Rural,1
47.33,42.82,-8.11,4.054,28.96,37.2,1,0,0,0,3,5000,47.1,Urban,0
100.0,100.0,-12.15,0.865,39.21,39.3,1,1,0,0,15,10000,40.5,Semi-Urban,0
87.71,86.32,-1.17,0.587,19.25,19.99,1,1,0,0,3,18000,73.8,Semi-Urban,0
36.47,38.01,1.35,-0.371,19.94,19.76,1,0,0,1,4,18000,65.8,Rural,1
86.9,85.32,-2.93,0.734,23.46,28.72,1,0,0,0,6,30000,93.7,Rural,0
84.64,81.31,-17.66,1.381,36.28,29.6,1,1,0,1,12,30000,73.4,Rural,0
22.88,26.94,54.86,-4.068,21.61,19.98,1,0,0,1,15,5000,74.7,Semi-Urban,1
100.0,100.0,-13.52,0.698,23.82,23.35,1,0,0,1,15,5000,97.1,Urban,0
20.0,20.37,27.17,-2.04,20.58,15.42,1,0,0,0,16,30000,88.0,Semi-Urban,1
68.06,65.94,-8.02,1.852,24.14,25.87,1,4,0,0,5,50000,51.6,Semi-Urban,0
20.0,20.0,30.22,-2.231,27.06,31.58,1,0,0,1,16,30000,64.5,Urban,1
100.0,100.0,-18.78,1.157,23.35,23.0,1,1,0,0,15,18000,81.3,Rural,0
66.0,70.42,21.79,-2.616,33.0,31.93,1,1,1,0,9,5000,78.7,Rural,1
35.53,41.92,9.26,-2.762,14.07,12.4,1,1,1,1,4,18000,75.6,Urban,1
50.36,53.68,12.64,-1.939,22.54,19.92,1,0,0,0,9,75000,88.5,Urban,0
20.46,23.78,16.94,-3.409,20.56,21.2,1,2,1,1,7,75000,52.1,Rural,1
52.96,48.72,-5.73,1.215,31.95,35.17,1,1,0,1,5,50000,82.6,Rural,0
60.43,64.31,14.16,-3.276,26.71,24.61,1,0,0,0,5,50000,43.6,Semi-Urban,0
92.39,90.31,-4.37,1.226,26.05,30.48,1,4,0,1,4,10000,78.0,Rural,0
78.69,75.45,-28.24,2.856,29.65,26.72,1,0,0,1,11,18000,95.5,Urban,0
76.23,75.72,-2.79,0.408,38.0,33.38,1,0,0,0,7,30000,64.9,Urban,0
70.66,68.75,-7.49,0.61,36.71,36.69,1,4,0,1,14,30000,82.2,Rural,0
79.83,77.11,-15.43,1.933,21.85,26.19,1,1,0,0,9,50000,50.6,Urban,0
90.21,86.61,-30.36,2.159,37.99,39.19,1,0,0,0,15,18000,92.9,Semi-Urban,0
100.0,99.45,-18.69,1.768,23.34,25.67,1,0,0,0,12,10000,92.3,Rural,0
73.44,75.73,4.13,-1.342,37.54,32.31,1,3,0,0,4,30000,82.2,Rural,0
68.76,68.32,14.28,-1.573,20.09,23.59,1,1,0,1,14,5000,68.0,Rural,1
100.0,100.0,-6.25,0.676,23.59,21.68,1,0,0,0,12,10000,92.2,Semi-Urban,0
89.15,85.57,-23.98,1.98,40.0,36.63,1,0,0,0,13,30000,74.9,Urban,0
43.55,47.21,9.1,-1.594,14.47,19.33,1,0,0,0,6,18000,94.2,Rural,1
52.5,57.45,11.56,-5.781,24.77,23.91,1,4,0,1,3,18000,58.0,Rural,1
84.91,81.86,-8.28,2.083,20.12,22.51,1,0,0,0,5,18000,71.1,Semi-Urban,0
100.0,99.59,-18.71,2.153,40.0,39.1,1,0,0,1,10,30000,86.1,Semi-Urban,0
50.55,50.45,-6.52,0.903,33.27,31.34,1,1,0,0,10,5000,49.3,Semi-Urban,0
46.32,47.81,2.98,-2.978,0.0,0.0,0,0,0,0,2,18000,71.6,Semi-Urban,0
74.19,69.74,-1.2,-0.702,19.02,25.43,1,0,0,0,6,30000,64.8,Urban,0
43.48,49.44,24.15,-2.034,17.02,16.32,1,0,0,1,12,10000,48.6,Semi-Urban,1
100.0,100.0,-26.98,2.144,39.11,39.63,1,0,0,0,15,30000,63.5,Semi-Urban,0
45.34,53.02,15.93,-3.754,23.05,21.2,1,0,0,0,5,75000,52.3,Semi-Urban,0
64.58,61.9,-19.57,1.797,28.4,31.14,1,2,0,1,12,10000,45.0,Urban,0
100.0,100.0,-8.52,0.544,35.97,38.27,1,0,0,0,12,30000,76.0,Semi-Urban,0
75.21,75.1,-3.67,0.273,22.14,24.53,1,2,0,0,9,10000,49.0,Rural,0
36.83,40.79,42.77,-2.825,19.82,27.38,1,0,0,1,16,30000,42.4,Semi-Urban,1
49.04,50.53,1.57,0.219,29.01,31.54,1,0,0,0,6,18000,79.2,Urban,0
57.58,56.78,-19.38,2.217,23.92,29.54,1,0,0,1,10,18000,70.4,Rural,0
39.47,38.58,15.41,-1.083,11.87,16.8,1,0,0,1,15,50000,85.0,Urban,1
96.52,95.25,-9.32,0.749,25.28,22.33,1,1,0,0,15,50000,89.8,Urban,0
27.61,31.76,25.77,-1.924,16.6,15.66,1,3,0,0,13,30000,45.8,Rural,1
100.0,94.42,-20.71,2.328,39.81,30.6,1,0,0,1,9,50000,63.5,Semi-Urban,0
60.05,62.01,-4.24,0.621,22.78,23.28,1,0,0,1,16,10000,43.1,Rural,0
77.47,78.72,13.91,-4.08,28.0,30.8,1,1,0,1,5,50000,45.1,Rural,1
95.56,91.75,-5.98,1.135,27.65,20.52,1,0,0,1,6,10000,54.8,Semi-Urban,0
80.14,76.25,-23.56,2.174,21.2,24.67,1,1,0,0,11,5000,89.7,Rural,0
75.65,72.29,9.31,-1.227,17.94,18.44,1,0,0,0,15,30000,61.0,Urban,0
33.28,42.28,27.69,-3.512,16.51,17.47,1,0,0,0,8,50000,83.4,Urban,1
83.92,83.12,-12.07,2.176,23.77,27.9,1,1,0,0,7,75000,86.8,Rural,0
39.12,41.44,26.99,-2.962,15.34,14.94,1,0,0,0,11,5000,41.0,Urban,1
20.0,20.47,33.93,-3.323,18.43,20.92,1,3,1,0,12,5000,87.4,Rural,1
81.05,79.4,-10.92,1.508,24.28,26.06,1,0,0,1,10,10000,84.8,Urban,0
100.0,98.91,-7.81,1.672,40.0,40.0,1,0,0,1,7,5000,75.3,Semi-Urban,0
51.53,50.38,-15.81,1.085,39.34,33.44,1,0,0,0,16,18000,80.8,Semi-Urban,0
58.33,62.17,7.06,-1.977,13.84,15.19,1,3,0,1,5,30000,71.3,Semi-Urban,1
20.0,20.0,14.33,-1.117,21.2,18.31,1,0,0,1,16,5000,74.9,Rural,1
79.92,75.25,-20.15,1.951,28.09,29.72,1,1,0,1,11,18000,84.3,Semi-Urban,0
95.13,89.87,-11.03,2.627,36.11,37.94,1,0,0,0,5,5000,51.4,Urban,0
68.97,73.08,17.37,-2.278,25.78,30.42,1,0,0,0,7,10000,90.9,Urban,0
57.53,64.0,8.73,-2.526,11.78,9.61,1,0,0,0,4,18000,83.9,Rural,1
97.18,96.28,-6.34,1.376,34.12,28.93,1,2,0,1,6,10000,88.7,Semi-Urban,0
40.64,45.24,28.17,-2.69,21.86,18.59,1,1,0,0,10,10000,67.9,Rural,1
20.0,25.22,32.74,-3.431,23.47,21.78,1,0,0,1,10,10000,42.7,Semi-Urban,1
88.86,84.12,-9.47,9.474,0.0,0.0,0,0,0,1,2,50000,79.3,Semi-Urban,0
20.0,20.0,26.89,-1.615,9.54,11.82,1,0,0,1,16,10000,42.8,Semi-Urban,1
27.11,26.94,20.31,-1.731,23.57,20.39,1,1,0,0,15,30000,47.7,Rural,1
49.36,50.24,-4.0,0.557,35.29,34.22,1,4,0,0,13,75000,88.2,Semi-Urban,1
76.54,75.94,0.23,0.483,20.17,23.52,1,4,0,1,4,50000,47.0,Rural,1
60.38,59.83,-1.1,1.104,0.0,0.0,0,2,0,0,2,50000,62.5,Semi-Urban,0
64.82,65.85,2.06,-2.061,0.0,0.0,0,1,0,1,2,75000,41.2,Rural,1
50.69,52.78,15.08,-2.07,15.73,18.04,1,0,0,1,9,18000,92.7,Rural,1
20.0,20.0,22.71,-1.473,14.7,22.03,1,1,1,1,14,5000,72.3,Urban,1
90.18,87.86,-17.42,3.123,24.65,18.33,1,0,0,0,7,30000,92.1,Semi-Urban,0
93.16,90.99,-3.65,1.395,25.19,29.44,1,1,0,0,4,30000,60.1,Semi-Urban,0
38.8,42.72,16.75,-2.439,14.1,13.69,1,0,0,1,7,10000,50.2,Rural,1
20.0,23.27,26.27,-2.112,27.95,27.63,1,1,0,1,11,30000,51.4,Rural,1
69.79,73.34,12.71,-1.197,26.35,24.82,1,1,1,0,7,75000,44.9,Rural,0
70.55,70.63,-8.27,0.93,39.24,38.29,1,1,0,1,13,30000,95.9,Rural,0
94.1,88.83,-13.09,0.617,24.76,26.14,1,1,0,0,16,50000,91.1,Semi-Urban,0
43.25,45.42,15.22,-1.416,18.7,18.66,1,2,1,0,12,50000,57.8,Semi-Urban,1
76.12,72.41,-22.66,2.408,30.75,40.0,1,0,0,0,10,5000,99.0,Urban,0
43.36,45.52,8.97,-1.119,17.43,16.71,1,1,1,1,6,50000,86.5,Rural,1
23.37,32.52,35.37,-2.444,28.16,25.91,1,0,0,1,14,18000,84.6,Urban,1
65.41,65.62,20.36,-1.464,26.1,23.71,1,1,0,0,15,75000,91.8,Rural,0
56.46,60.35,34.04,-2.963,14.8,18.32,1,0,0,0,13,75000,84.3,Urban,1
70.02,63.8,-33.62,1.771,34.34,30.72,1,2,0,1,16,5000,71.2,Semi-Urban,0
73.91,71.39,-11.51,2.346,20.15,23.13,1,0,0,1,7,50000,45.9,Urban,0
93.92,89.17,-37.19,2.738,21.18,23.68,1,1,0,1,15,18000,92.0,Urban,0
44.03,50.6,25.68,-3.744,30.43,27.53,1,3,0,0,7,18000,94.0,Rural,1
50.96,50.05,-2.56,1.279,31.83,27.95,1,0,0,1,3,5000,45.0,Urban,0
78.3,75.17,-26.89,2.963,29.58,25.81,1,0,0,0,10,30000,83.6,Urban,0
89.84,90.98,-9.54,1.061,34.17,37.47,1,0,0,0,10,75000,54.8,Rural,0
100.0,96.27,-34.16,2.463,29.71,31.14,1,0,0,1,15,18000,89.2,Rural,0
33.63,39.9,9.6,-3.17,18.37,16.88,1,1,0,0,4,18000,66.7,Rural,1
37.91,43.63,10.92,-1.141,27.33,31.37,1,2,0,1,7,10000,78.4,Urban,1
74.04,71.75,-5.33,2.667,28.16,28.33,1,0,0,0,3,50000,41.0,Rural,0
68.47,65.85,-11.86,2.864,26.66,26.11,1,0,0,1,5,18000,97.0,Rural,0
86.13,83.22,-4.92,2.458,40.0,39.55,1,1,0,0,3,5000,93.2,Semi-Urban,0
38.3,39.93,10.72,-2.796,18.1,19.56,1,2,0,0,6,5000,83.2,Urban,1
98.84,95.45,-39.43,2.83,38.07,35.56,1,4,0,1,16,30000,88.1,Urban,0
52.72,52.18,21.24,-1.833,25.01,22.66,1,2,1,0,15,50000,94.5,Rural,1
100.0,100.0,-11.27,0.875,23.53,20.65,1,0,0,0,15,18000,65.8,Semi-Urban,0
29.82,36.87,12.87,-3.563,21.25,24.8,1,0,0,0,5,18000,53.0,Semi-Urban,1
62.67,60.0,-16.14,1.814,32.98,38.81,1,0,0,0,10,30000,87.6,Urban,0
30.41,36.96,34.88,-3.717,11.48,15.48,1,1,1,0,10,18000,83.0,Semi-Urban,1
79.1,75.37,-10.21,1.428,37.02,32.25,1,0,0,0,6,50000,72.4,Semi-Urban,0
20.0,20.0,26.98,-2.028,12.56,16.23,1,4,1,1,13,5000,43.2,Urban,1
74.33,76.16,8.18,-1.837,16.36,17.42,1,0,0,1,8,5000,81.6,Semi-Urban,0
87.74,87.4,-12.58,0.552,22.34,25.16,1,1,0,0,16,18000,50.5,Semi-Urban,0
73.71,75.41,13.39,-1.929,29.3,23.54,1,0,0,0,10,5000,97.4,Rural,0
23.23,28.39,30.71,-3.884,21.93,18.3,1,1,1,1,9,5000,61.0,Semi-Urban,1
20.0,20.0,19.2,-1.19,13.58,16.09,1,0,0,0,15,5000,81.0,Rural,1
32.17,35.13,26.62,-2.519,10.48,11.98,1,1,1,0,11,18000,84.9,Rural,1
60.38,59.58,-4.47,0.688,30.3,30.89,1,0,0,0,8,10000,61.9,Urban,0
56.85,62.39,20.98,-3.269,17.64,22.32,1,0,0,1,8,18000,49.8,Rural,1
55.15,57.61,11.79,-2.259,17.29,13.26,1,1,1,0,6,5000,57.3,Urban,1
30.78,30.99,15.39,-1.446,20.65,21.05,1,0,0,1,12,10000,74.7,Semi-Urban,1
47.11,41.47,-8.53,2.074,28.09,24.76,1,1,0,0,5,30000,76.2,Semi-Urban,0
100.0,98.49,-5.85,0.837,21.33,26.54,1,0,0,0,11,18000,64.2,Semi-Urban,0
80.54,77.04,-6.95,2.05,32.39,36.85,1,0,0,0,4,18000,68.6,Urban,0
32.81,39.34,12.35,-1.929,16.96,12.86,1,1,0,1,6,10000,85.9,Semi-Urban,1
92.59,93.66,-1.28,0.675,31.48,35.9,1,2,0,1,8,30000,97.5,Semi-Urban,0
30.41,37.94,26.86,-2.95,20.49,21.62,1,0,0,0,9,30000,44.5,Semi-Urban,1
72.2,68.95,-24.22,2.409,24.93,25.12,1,0,0,1,11,5000,41.9,Urban,0
57.1,54.13,-14.8,2.301,31.43,33.19,1,4,0,1,9,30000,81.8,Rural,1
76.13,77.3,13.05,-1.282,25.3,25.35,1,0,0,0,10,30000,98.8,Urban,0
94.03,89.84,-8.3,0.884,21.13,22.06,1,0,0,0,8,5000,94.2,Semi-Urban,0
69.78,65.84,-28.06,2.034,20.1,22.89,1,3,0,1,15,18000,88.9,Urban,0
76.34,71.68,-6.72,3.359,31.83,28.96,1,0,0,1,3,18000,49.0,Semi-Urban,0
50.38,57.37,24.76,-2.459,16.0,15.46,1,2,0,1,9,5000,90.9,Rural,1
45.91,45.24,-5.64,1.142,32.38,31.2,1,2,0,0,7,18000,84.9,Rural,0
69.94,63.67,-32.16,3.109,15.96,22.51,1,0,0,1,11,5000,61.2,Semi-Urban,0
94.41,92.94,-9.97,2.088,23.61,21.61,1,1,0,1,7,30000,75.5,Semi-Urban,0
98.18,97.4,-6.52,0.974,27.67,26.58,1,0,0,0,9,18000,57.8,Rural,0
100.0,99.21,-29.74,2.461,22.57,23.22,1,1,0,1,14,50000,48.5,Rural,0
92.32,90.06,-11.04,2.195,20.98,26.89,1,0,0,0,6,30000,91.9,Rural,0
84.47,85.93,2.92,-2.918,0.0,0.0,0,1,1,0,2,18000,71.2,Rural,0
72.02,71.44,-8.16,0.759,26.88,21.51,1,3,0,1,13,18000,94.2,Urban,0
58.72,55.96,-8.3,1.134,29.0,28.1,1,2,0,0,11,10000,92.9,Urban,0
43.48,47.19,11.03,-3.256,22.94,26.91,1,0,0,0,4,30000,73.0,Urban,0
44.36,48.19,1.43,0.077,19.91,24.04,1,1,0,0,9,50000,98.9,Rural,0
20.0,20.0,26.78,-2.328,7.28,14.04,1,2,1,1,15,18000,93.9,Semi-Urban,1
64.84,59.58,-25.29,3.068,32.51,32.88,1,0,0,0,9,30000,51.2,Urban,0
98.4,91.57,-39.4,2.527,36.93,38.49,1,0,0,0,16,75000,95.4,Rural,0
45.56,49.07,33.8,-3.136,7.65,12.85,1,1,1,1,12,18000,90.5,Rural,1
100.0,100.0,-12.03,1.044,36.19,39.6,1,0,0,1,11,18000,63.0,Semi-Urban,0
43.85,45.41,8.66,-1.053,12.13,15.88,1,0,0,0,13,18000,64.4,Urban,1
70.49,65.33,-7.61,1.862,27.11,24.94,1,2,0,1,4,10000,68.4,Urban,0
67.22,69.76,5.48,-2.739,16.91,10.67,1,0,0,0,3,30000,77.4,Semi-Urban,0
90.37,89.16,-3.22,1.609,26.15,26.43,1,2,0,1,3,30000,92.0,Semi-Urban,0
55.13,62.96,25.34,-2.87,15.37,18.89,1,0,0,0,9,18000,49.3,Urban,1
51.9,52.86,28.15,-3.086,19.94,16.63,1,2,1,0,11,18000,56.1,Rural,1
98.47,95.72,-2.75,0.881,22.84,26.31,1,1,0,0,4,75000,42.9,Urban,0
75.84,80.94,8.66,-4.332,16.38,12.98,1,0,0,1,3,75000,75.5,Urban,0
34.68,35.29,25.61,-2.22,19.06,21.11,1,1,0,0,14,18000,72.5,Rural,1
96.34,93.59,-15.81,2.051,34.4,35.47,1,0,0,0,9,50000,82.7,Urban,0
48.47,50.3,20.83,-4.654,19.12,18.43,1,0,0,0,5,10000,49.4,Rural,1
100.0,100.0,-5.13,0.326,28.33,26.47,1,0,0,0,11,50000,73.6,Urban,0
66.46,65.22,-14.76,1.327,18.95,20.82,1,0,0,1,13,18000,90.1,Rural,0
86.42,77.15,-20.54,3.308,40.0,40.0,1,4,0,1,6,18000,97.8,Rural,0
43.18,46.36,38.08,-2.835,26.81,24.22,1,1,0,0,16,10000,96.5,Rural,1
79.08,77.12,-10.42,2.156,21.24,20.84,1,4,0,0,6,10000,78.8,Rural,0
100.0,99.75,-15.59,1.502,22.28,21.85,1,2,0,1,12,5000,66.6,Rural,0
61.47,55.78,-16.35,3.123,31.22,32.14,1,0,0,0,6,30000,94.9,Rural,0
20.0,20.96,33.46,-2.18,35.72,24.7,1,0,0,0,16,30000,52.8,Semi-Urban,1
41.08,40.84,-1.19,0.595,39.28,37.12,1,1,0,1,3,5000,98.1,Semi-Urban,1
20.0,20.0,19.8,-1.061,30.64,31.96,1,0,0,0,16,75000,45.8,Rural,0
62.87,62.51,21.09,-2.686,21.93,25.18,1,4,1,0,9,75000,98.4,Urban,1
53.42,56.59,15.69,-2.156,23.37,25.7,1,0,0,0,8,18000,46.1,Rural,1
59.31,60.3,4.03,-2.013,31.28,31.33,1,3,1,0,3,10000,55.1,Semi-Urban,1
97.54,96.12,-27.51,2.878,34.82,35.01,1,0,0,0,11,30000,76.9,Urban,0
100.0,100.0,-7.98,0.506,39.73,39.05,1,0,0,0,14,75000,89.4,Urban,0
37.67,38.4,53.28,-3.902,14.33,8.09,1,0,0,1,15,75000,95.4,Rural,1
98.27,95.66,-18.04,1.143,40.0,40.0,1,4,0,0,14,10000,65.7,Rural,0
20.0,20.0,24.87,-2.268,12.37,13.34,1,1,1,1,14,30000,92.1,Semi-Urban,1
89.72,86.57,-25.7,1.849,35.1,35.92,1,0,0,0,16,30000,63.3,Rural,0
87.89,85.04,-13.6,1.093,22.93,24.89,1,1,0,0,15,30000,68.0,Rural,0
85.01,84.77,-10.39,1.819,26.31,26.62,1,0,0,0,6,18000,75.5,Urban,0
83.01,79.42,-6.82,3.412,32.95,33.13,1,1,0,0,3,30000,49.0,Rural,0
76.73,81.61,9.75,-9.747,0.0,0.0,0,1,1,0,2,75000,89.5,Rural,1
63.41,61.5,-15.89,1.406,29.59,19.34,1,3,0,0,14,50000,61.9,Urban,0
82.25,80.78,-1.59,0.236,32.08,33.62,1,1,0,0,8,10000,66.4,Rural,0
67.96,67.29,14.51,-1.614,22.14,19.18,1,0,0,0,11,18000,40.3,Rural,0
47.1,52.29,36.07,-3.682,27.42,27.07,1,1,1,1,12,30000,45.1,Semi-Urban,1
79.53,79.04,2.31,-1.155,11.62,11.65,1,1,1,1,3,30000,50.3,Semi-Urban,1
71.82,68.5,-6.78,1.773,22.0,25.63,1,0,0,0,4,10000,76.2,Urban,0
26.12,31.75,33.77,-3.182,14.52,11.77,1,0,0,1,11,10000,81.4,Rural,1
96.9,94.92,-7.39,0.869,25.97,27.42,1,1,0,1,11,50000,74.5,Semi-Urban,0
41.72,51.25,29.5,-4.611,7.92,12.45,1,2,1,0,8,10000,58.3,Rural,1
88.94,85.48,-14.04,3.136,30.35,27.84,1,1,0,0,5,30000,53.8,Semi-Urban,0
86.13,82.43,-21.34,1.614,32.77,31.44,1,1,0,0,13,50000,62.0,Semi-Urban,0
94.45,90.18,-7.17,1.961,23.76,29.21,1,0,0,0,4,18000,47.7,Urban,0
91.71,89.52,-8.34,1.964,29.64,29.73,1,1,0,0,6,30000,63.1,Semi-Urban,0
82.92,77.95,-18.19,0.91,36.95,40.0,1,3,0,0,16,50000,62.5,Semi-Urban,0
80.26,71.76,-20.62,3.308,26.41,25.94,1,0,0,0,7,18000,91.4,Urban,0
69.85,77.54,26.04,-1.726,32.06,26.9,1,0,0,1,14,10000,65.4,Semi-Urban,0
72.2,75.93,15.82,-1.441,21.36,26.0,1,3,0,1,13,10000,95.7,Urban,1
49.88,54.41,9.23,-2.114,8.15,9.15,1,0,0,1,5,5000,86.7,Rural,1
83.46,84.31,-2.18,0.664,26.21,22.9,1,0,0,0,4,75000,44.9,Rural,0
90.46,87.05,-15.5,2.738,28.18,30.84,1,0,0,1,7,5000,98.4,Rural,0
96.87,95.16,-4.11,1.187,29.83,29.68,1,0,0,1,5,10000,62.9,Semi-Urban,0
43.82,46.2,12.6,-2.564,10.94,9.63,1,0,0,0,6,18000,60.2,Rural,1
64.0,61.8,-9.76,1.664,28.99,29.68,1,0,0,0,6,10000,61.6,Semi-Urban,0
37.61,40.61,17.6,-1.686,19.46,21.76,1,1,1,1,13,30000,52.3,Urban,1
40.03,42.63,21.42,-1.515,26.68,26.13,1,0,0,0,13,75000,81.0,Urban,0
43.12,45.52,42.85,-3.047,7.89,16.96,1,1,0,0,15,18000,92.4,Urban,1
78.07,82.72,10.95,-3.477,15.71,16.75,1,0,0,0,4,18000,43.6,Rural,0
53.98,53.42,-3.47,1.415,25.92,24.87,1,0,0,1,4,5000,73.3,Semi-Urban,0
38.86,45.65,52.24,-3.841,10.46,11.12,1,0,0,1,14,18000,70.0,Rural,1
50.43,49.09,-10.59,1.447,23.09,25.13,1,2,0,0,10,75000,42.3,Semi-Urban,0
49.58,51.43,27.51,-3.717,10.28,10.03,1,2,1,1,9,10000,85.6,Urban,1
68.86,64.82,-8.07,8.07,0.0,0.0,0,2,0,1,2,30000,74.9,Rural,0
20.0,20.0,34.27,-2.725,20.12,21.71,1,0,0,1,15,18000,66.4,Semi-Urban,1
50.94,45.82,-13.75,2.576,25.98,21.05,1,1,0,1,6,10000,46.1,Rural,1
38.75,42.65,7.6,-3.007,21.08,17.2,1,0,0,1,4,18000,70.7,Semi-Urban,1
47.71,47.62,-3.64,0.648,31.72,31.27,1,2,0,0,7,10000,44.6,Rural,1
69.92,70.73,1.62,-1.625,0.0,0.0,0,0,0,1,2,10000,57.9,Urban,0
100.0,97.06,-24.21,1.449,34.39,31.79,1,0,0,1,15,50000,44.6,Rural,0
77.69,76.69,3.66,-1.345,26.91,29.96,1,1,1,1,5,18000,41.9,Semi-Urban,1
27.66,31.13,29.28,-2.703,21.69,30.22,1,0,0,0,12,75000,67.2,Urban,1
55.2,53.3,-6.15,1.244,30.21,33.33,1,0,0,0,7,18000,61.9,Rural,0
87.27,86.12,-2.29,2.294,0.0,0.0,0,2,0,0,2,50000,54.9,Semi-Urban,0
40.3,38.81,-4.56,0.903,29.51,28.24,1,4,0,1,5,5000,60.9,Semi-Urban,1
90.24,88.28,-22.42,2.331,33.47,31.8,1,0,0,0,11,50000,60.8,Urban,0
51.42,48.46,-8.35,1.087,32.99,32.78,1,3,0,1,8,5000,47.0,Rural,1
93.07,91.74,-13.35,0.807,37.32,38.15,1,3,0,0,16,30000,48.8,Rural,0
94.91,92.14,-19.22,2.302,22.3,26.54,1,2,0,1,10,10000,70.2,Semi-Urban,0
59.05,58.81,-2.01,0.708,20.13,24.87,1,3,0,0,8,5000,57.5,Rural,1
20.0,22.79,16.59,-3.416,25.84,19.23,1,0,0,1,7,10000,96.8,Rural,1
82.55,75.2,-19.85,3.084,34.32,40.0,1,0,0,1,7,18000,74.5,Urban,0
77.42,74.21,-10.07,3.755,35.05,36.58,1,0,0,1,4,50000,66.2,Rural,0
53.72,58.44,44.58,-2.758,24.41,28.73,1,0,0,1,16,18000,96.0,Semi-Urban,1
47.17,48.39,3.06,-1.529,30.31,32.04,1,1,0,1,3,5000,55.0,Urban,1
98.37,96.5,-8.76,0.81,23.37,24.62,1,1,0,0,13,18000,57.6,Rural,0
20.0,20.0,20.84,-1.345,15.46,18.29,1,0,0,1,15,75000,87.2,Urban,1
44.58,45.37,-0.9,0.338,13.7,10.23,1,1,0,1,4,5000,77.4,Rural,1
88.44,86.46,-19.83,2.021,21.7,21.9,1,0,0,0,11,10000,93.0,Rural,0
74.81,70.01,-9.07,4.535,28.49,23.12,1,0,0,1,3,30000,96.3,Urban,0
47.68,51.58,8.16,-4.082,22.55,23.34,1,2,1,0,3,30000,49.3,Semi-Urban,1
99.11,96.88,-10.1,2.381,30.07,32.35,1,2,0,0,6,50000,74.9,Rural,0
33.3,32.57,-1.45,1.448,0.0,0.0,0,0,0,0,2,10000,56.4,Urban,0
20.0,20.91,31.32,-2.447,12.33,13.13,1,3,1,1,15,30000,71.9,Urban,1
20.04,24.78,19.69,-2.778,22.67,24.76,1,1,1,0,8,75000,80.0,Rural,1
41.51,47.11,5.2,-1.622,12.55,12.85,1,0,0,1,5,10000,78.2,Urban,1
92.04,89.81,-7.34,2.137,34.66,35.29,1,0,0,0,5,30000,68.3,Rural,0
98.34,96.84,-37.47,2.627,32.06,31.29,1,1,0,1,15,18000,63.7,Rural,0
80.86,82.26,9.71,-1.315,21.24,23.95,1,0,0,0,7,18000,95.8,Rural,0
86.52,81.87,-9.07,3.052,32.73,34.66,1,0,0,1,4,18000,61.5,Rural,0
65.11,70.86,9.12,-4.562,13.59,7.3,1,0,0,1,3,5000,70.7,Rural,1
90.27,90.64,-30.25,2.232,27.11,20.36,1,0,0,0,16,75000,89.7,Rural,0
97.1,94.29,-12.65,2.372,40.0,39.57,1,3,0,1,7,18000,77.6,Semi-Urban,0
100.0,96.91,-22.83,2.181,29.19,24.06,1,0,0,1,13,18000,53.6,Urban,0
23.51,29.67,20.44,-3.427,18.79,16.92,1,0,0,1,7,50000,76.5,Urban,1
72.62,69.0,-17.71,1.559,34.22,35.32,1,0,0,1,12,10000,90.7,Rural,0
20.0,20.34,18.01,-1.638,13.75,7.67,1,1,1,0,11,75000,59.7,Rural,1
43.15,40.47,18.07,-1.289,16.94,14.33,1,1,0,1,15,18000,71.8,Urban,1
50.74,47.51,-16.88,2.802,34.57,27.97,1,0,0,0,6,50000,78.4,Semi-Urban,0
88.71,88.22,-8.79,0.859,18.32,18.47,1,4,0,1,10,5000,76.5,Rural,1
76.78,80.0,13.08,-1.35,8.99,11.39,1,2,0,0,9,50000,47.0,Rural,1
81.6,79.58,-32.95,2.209,29.18,26.77,1,0,0,0,15,50000,45.8,Rural,0
87.3,85.65,-22.02,2.212,35.55,34.58,1,0,0,1,12,50000,42.6,Rural,0
41.87,41.83,14.06,-1.203,14.3,13.57,1,0,0,0,12,10000,78.3,Urban,1
49.7,50.19,0.99,-0.987,0.0,0.0,0,0,0,1,2,30000,47.2,Semi-Urban,1
73.14,72.12,-4.85,0.647,36.24,40.0,1,4,0,0,10,5000,83.3,Semi-Urban,0
69.31,67.53,-10.03,0.777,20.55,21.55,1,1,0,0,12,50000,77.2,Urban,0
38.08,42.23,19.44,-2.114,9.21,11.12,1,2,1,0,10,50000,86.3,Rural,1
90.93,87.44,-7.42,2.056,24.33,30.49,1,0,0,1,4,30000,50.3,Urban,0
100.0,98.53,-6.48,1.647,22.28,24.04,1,2,0,0,5,10000,98.7,Rural,0
35.81,39.16,7.12,-3.559,11.71,15.14,1,0,0,1,3,5000,93.7,Rural,1
69.04,63.99,-11.36,2.422,21.79,22.85,1,0,0,0,7,18000,93.7,Rural,0
30.38,34.85,11.99,-1.85,27.0,21.71,1,0,0,1,6,50000,78.1,Urban,0
20.0,20.0,12.98,-2.067,25.63,23.51,1,2,1,0,9,18000,83.5,Semi-Urban,1
90.39,83.6,-37.39,2.471,25.38,24.33,1,1,0,1,15,18000,41.0,Rural,0
74.55,69.74,-8.2,1.995,23.14,21.39,1,1,0,0,5,50000,84.2,Urban,0
32.23,36.9,21.29,-2.55,28.33,24.1,1,0,0,1,10,10000,86.3,Rural,1
52.96,49.83,-17.03,2.278,27.48,28.5,1,1,0,0,8,50000,58.9,Rural,0
100.0,100.0,-7.96,0.507,25.57,32.94,1,0,0,0,16,10000,40.5,Urban,0
81.61,78.0,-26.73,2.31,36.72,27.75,1,1,0,0,12,30000,95.3,Urban,0
88.66,93.66,9.99,-9.987,0.0,0.0,0,2,1,1,2,18000,97.8,Rural,1
63.11,63.92,7.29,-2.191,23.1,22.01,1,1,0,1,6,10000,49.5,Urban,1
95.52,97.02,-13.03,1.138,35.98,35.76,1,4,0,0,16,18000,75.1,Urban,0
53.33,57.15,27.12,-3.599,9.79,16.29,1,3,1,1,8,18000,55.4,Semi-Urban,1
53.83,49.68,-14.69,2.581,28.33,27.99,1,1,0,0,7,18000,77.1,Rural,0
93.07,88.52,-25.84,2.612,16.85,25.91,1,0,0,0,10,30000,71.1,Urban,0
71.67,67.33,-28.84,2.067,27.94,28.91,1,1,0,1,14,50000,80.9,Rural,0
58.05,56.18,-16.19,1.112,40.0,40.0,1,0,0,1,16,10000,75.6,Urban,0
63.34,60.29,-17.37,1.554,34.64,32.85,1,3,0,0,10,30000,64.4,Semi-Urban,0
20.0,25.27,22.35,-2.117,9.97,10.89,1,0,0,0,11,5000,55.0,Rural,1
84.44,82.61,-4.31,0.878,27.57,30.14,1,0,0,0,7,5000,42.5,Rural,0
28.11,30.33,23.46,-3.825,10.97,10.5,1,1,0,0,9,5000,61.5,Rural,1
58.31,57.11,-5.79,0.581,35.78,35.02,1,0,0,1,11,50000,44.8,Semi-Urban,0
72.72,68.55,-28.38,2.527,30.61,34.18,1,0,0,0,13,10000,62.8,Rural,0
60.5,63.12,23.38,-3.137,12.5,19.09,1,0,0,1,9,5000,50.1,Rural,1
28.7,27.29,7.96,-1.298,15.42,15.53,1,4,1,1,9,5000,80.2,Rural,1
57.61,61.0,6.65,-3.117,14.4,14.87,1,3,1,0,4,18000,85.2,Semi-Urban,1
96.35,94.35,-2.52,0.245,37.58,36.84,1,0,0,0,11,30000,94.0,Rural,0
90.39,88.62,-4.16,0.813,32.17,26.39,1,0,0,0,6,10000,77.9,Urban,0
20.0,20.0,22.65,-1.533,27.67,28.43,1,0,0,1,15,30000,46.0,Urban,1
80.26,81.81,12.55,-1.5,14.5,18.6,1,0,0,0,10,30000,89.2,Semi-Urban,0
83.89,81.39,-22.91,2.392,27.35,29.33,1,1,0,1,10,50000,62.6,Urban,0
20.0,20.0,29.19,-2.167,14.32,18.86,1,0,0,0,16,10000,70.0,Semi-Urban,1
64.97,60.86,-7.05,3.524,23.14,19.79,1,1,0,0,3,10000,74.9,Rural,0
100.0,100.0,-10.79,0.543,26.19,23.88,1,2,0,1,11,30000,91.5,Rural,0
76.97,71.51,-16.22,0.948,28.36,27.12,1,1,0,0,16,10000,92.9,Urban,0
20.0,20.61,15.37,-1.795,18.87,19.64,1,0,0,0,11,18000,75.9,Urban,0
95.69,92.61,-13.27,2.029,19.33,18.75,1,0,0,0,8,50000,51.1,Urban,0
20.0,20.0,15.83,-2.11,21.9,24.26,1,1,1,0,10,30000,90.2,Semi-Urban,1
51.16,54.65,31.55,-3.183,22.59,24.33,1,1,0,1,11,75000,70.2,Semi-Urban,1
73.13,67.11,-34.72,2.707,33.39,32.12,1,0,0,0,13,5000,49.7,Semi-Urban,0
67.18,67.12,-0.13,0.131,0.0,0.0,0,0,0,1,2,75000,42.7,Rural,0
78.08,75.51,-2.7,0.258,30.26,26.6,1,0,0,1,10,30000,62.6,Rural,0
99.76,98.06,-14.81,1.572,34.17,31.65,1,1,0,1,10,10000,54.4,Rural,0
61.71,61.05,-1.32,1.317,0.0,0.0,0,0,0,1,2,30000,55.6,Rural,0
20.0,20.55,23.52,-2.953,11.63,12.29,1,0,0,0,9,30000,76.0,Rural,1
57.25,55.02,-4.52,0.616,35.74,30.67,1,3,0,0,8,18000,94.0,Rural,0
38.39,45.63,34.0,-3.961,28.74,27.11,1,3,1,1,10,30000,85.4,Urban,1
64.64,63.8,0.25,-0.124,26.98,20.62,1,2,0,0,3,10000,66.3,Rural,0
85.17,79.6,-8.39,1.535,19.06,20.92,1,0,0,0,5,5000,79.5,Rural,0
69.59,70.1,-3.23,0.731,21.32,23.55,1,0,0,1,8,18000,88.2,Rural,0
54.27,51.93,-17.48,2.296,29.41,28.66,1,0,0,0,9,10000,69.9,Urban,0
81.71,79.74,-36.97,2.584,25.42,27.78,1,1,0,0,16,30000,49.7,Semi-Urban,0
81.4,79.93,-6.85,1.044,35.32,38.75,1,2,0,0,9,10000,84.9,Rural,0
78.48,80.59,3.24,-1.621,23.05,32.61,1,0,0,1,3,5000,62.3,Urban,0
71.69,80.79,21.68,-5.05,8.39,11.5,1,0,0,0,5,50000,83.4,Semi-Urban,1
71.51,69.86,-8.5,0.588,36.32,33.67,1,2,0,0,12,75000,53.8,Semi-Urban,0
36.35,40.3,9.82,-4.908,19.36,16.19,1,0,0,0,3,10000,69.5,Rural,1
35.21,36.7,9.5,-1.987,13.2,14.04,1,0,0,0,7,18000,96.1,Semi-Urban,1
60.93,65.38,3.36,-1.321,15.69,12.16,1,0,0,1,4,30000,90.5,Rural,0
64.06,60.9,-22.33,2.858,35.8,32.64,1,0,0,0,10,75000,83.7,Rural,0
44.33,41.12,-9.25,0.868,30.11,23.99,1,0,0,0,7,5000,75.5,Urban,0
49.58,47.52,-13.16,2.737,31.73,29.75,1,0,0,0,6,75000,85.4,Urban,0
84.85,81.86,-3.82,1.912,37.72,37.06,1,3,0,0,3,10000,86.1,Rural,0
64.51,69.76,10.16,-5.079,33.35,27.3,1,1,1,1,3,10000,85.6,Semi-Urban,1
58.82,57.32,-12.09,2.729,34.32,36.17,1,0,0,1,6,18000,44.1,Rural,0
100.0,99.17,-15.68,2.144,27.86,25.58,1,0,0,0,9,50000,79.5,Rural,0
68.69,67.77,1.58,-0.792,28.7,27.63,1,0,0,0,3,50000,81.2,Rural,0
53.12,49.98,-6.4,1.241,26.34,26.11,1,0,0,1,5,30000,52.8,Rural,0
32.02,38.75,10.0,-1.551,25.22,24.93,1,0,0,0,6,5000,69.6,Semi-Urban,0
71.81,71.89,14.68,-1.522,26.27,28.9,1,4,0,0,11,75000,67.9,Urban,0
50.59,54.4,14.56,-2.423,17.47,20.53,1,0,0,1,6,5000,54.4,Urban,1
65.18,66.26,3.2,-0.84,24.54,28.28,1,3,0,1,7,18000,57.1,Rural,1
54.09,55.92,3.65,-3.654,0.0,0.0,0,0,0,1,2,75000,42.8,Semi-Urban,0
59.39,57.36,-15.52,2.748,21.03,24.47,1,0,0,0,7,18000,59.9,Rural,0
88.64,85.81,-12.59,2.569,32.08,33.83,1,1,0,0,6,10000,96.8,Semi-Urban,0
67.48,62.75,-17.04,2.751,23.61,27.17,1,1,0,0,7,18000,89.2,Urban,0
62.04,65.23,6.38,-6.383,0.0,0.0,0,0,0,1,2,18000,68.6,Semi-Urban,1
39.55,43.18,46.8,-3.832,18.34,15.85,1,0,0,0,14,30000,79.4,Urban,1
74.58,70.05,-12.18,3.427,20.49,20.33,1,1,0,0,5,50000,79.9,Semi-Urban,0
52.73,55.96,9.14,-1.318,16.42,14.55,1,0,0,1,7,10000,76.5,Semi-Urban,1
100.0,100.0,-13.35,0.732,40.0,40.0,1,1,0,0,14,5000,91.3,Rural,0
76.19,74.8,-2.4,0.843,29.86,31.06,1,0,0,1,5,30000,63.7,Rural,0
61.46,66.81,7.62,-3.81,24.57,22.7,1,0,0,0,3,18000,95.3,Urban,0
97.06,91.37,-15.11,0.851,31.34,26.59,1,0,0,1,14,10000,57.1,Urban,0
70.03,68.44,-24.95,2.069,24.66,25.16,1,0,0,1,14,30000,91.8,Rural,0
59.29,58.25,-21.61,1.887,22.52,28.21,1,0,0,0,14,30000,63.7,Semi-Urban,0
68.63,69.61,17.78,-1.298,19.31,17.66,1,0,0,1,16,10000,50.4,Urban,1
20.0,22.35,47.9,-3.878,31.64,30.27,1,0,0,0,14,10000,42.4,Rural,1
55.89,53.79,-18.8,1.791,31.03,30.79,1,0,0,1,10,5000,47.9,Urban,0
84.87,79.83,-41.44,2.877,22.83,23.42,1,4,0,0,15,75000,51.2,Semi-Urban,0
86.0,85.76,-32.75,2.693,34.62,38.84,1,2,0,1,14,5000,61.8,Rural,0
65.07,61.39,-28.9,2.533,39.34,35.29,1,0,0,1,12,18000,93.2,Semi-Urban,0
72.82,72.11,-4.12,0.597,25.08,24.18,1,0,0,0,5,50000,64.9,Rural,0
44.63,42.0,8.68,-1.679,26.26,30.8,1,4,0,1,8,30000,69.9,Urban,1
42.31,38.57,11.55,-1.442,15.77,15.42,1,0,0,1,16,50000,41.5,Urban,1
39.37,39.71,0.68,-0.681,0.0,0.0,0,2,0,0,2,30000,74.7,Urban,0
44.18,47.74,9.99,-2.377,15.52,23.27,1,0,0,0,6,50000,87.7,Semi-Urban,0
89.32,86.04,-27.02,2.5,22.65,17.95,1,0,0,1,12,50000,90.4,Urban,0
47.69,47.54,-12.41,1.308,27.42,28.36,1,0,0,1,12,10000,72.8,Rural,0
72.96,73.58,-12.41,1.515,21.31,22.22,1,0,0,1,10,18000,78.0,Urban,0
81.09,81.85,6.06,-0.797,11.12,11.42,1,0,0,0,7,30000,85.1,Rural,0
77.6,75.58,-4.43,2.215,21.95,22.84,1,0,0,0,3,10000,48.5,Rural,0
55.25,52.56,-6.89,1.1,29.39,28.59,1,1,0,1,7,30000,83.2,Semi-Urban,0
90.35,88.59,-27.19,2.598,28.07,28.14,1,0,0,1,13,5000,55.2,Urban,0
23.99,21.0,12.91,-1.276,20.23,20.21,1,1,1,1,13,50000,47.4,Semi-Urban,1
20.0,20.0,18.33,-1.41,22.54,22.27,1,0,0,0,15,10000,82.8,Urban,1
57.1,55.84,-17.01,1.339,26.44,27.82,1,0,0,0,13,10000,53.3,Rural,0
91.13,88.7,-25.61,2.139,37.3,36.31,1,0,0,1,13,18000,71.2,Urban,0
69.73,71.87,11.02,-1.232,27.71,24.24,1,0,0,1,11,30000,77.7,Urban,0
57.43,57.39,-7.0,0.672,21.88,22.26,1,1,0,1,13,50000,81.4,Urban,0
69.11,68.33,-26.68,1.967,40.0,32.64,1,1,0,0,16,18000,82.0,Rural,0
60.86,60.43,-0.27,0.134,23.77,23.37,1,0,0,1,3,10000,65.1,Urban,0
49.53,54.95,13.25,-2.965,19.02,17.31,1,0,0,0,5,18000,77.1,Rural,1
49.66,44.0,-12.79,2.257,34.45,33.79,1,0,0,1,6,10000,91.9,Urban,0
100.0,98.45,-20.9,2.097,25.6,22.65,1,0,0,1,11,10000,64.6,Semi-Urban,0
55.59,60.19,19.82,-2.78,30.36,28.58,1,2,1,1,8,50000,41.8,Rural,1
97.86,92.78,-4.41,1.026,38.95,27.17,1,3,0,0,5,50000,90.2,Rural,0
67.9,63.7,-19.87,1.707,33.49,25.54,1,0,0,0,11,30000,70.8,Semi-Urban,0
99.14,93.19,-18.22,1.579,22.44,20.44,1,0,0,1,12,30000,49.4,Rural,0
49.72,47.6,-14.18,1.988,32.8,27.23,1,2,0,0,8,50000,43.5,Urban,0
48.62,46.3,-7.52,1.82,23.16,26.89,1,1,0,0,7,75000,75.5,Urban,0
20.0,20.0,24.92,-1.795,12.24,16.41,1,0,0,0,16,5000,58.5,Rural,1
34.4,39.44,6.81,-2.14,35.74,30.02,1,4,1,0,4,75000,66.7,Rural,1
58.49,56.13,-19.43,2.03,23.81,27.85,1,0,0,1,13,30000,77.6,Rural,0
20.0,23.45,30.73,-2.466,26.35,24.9,1,1,1,1,15,50000,44.4,Urban,1
52.42,53.56,13.79,-1.547,24.23,25.15,1,0,0,1,14,30000,81.6,Rural,0
73.25,73.47,-10.41,1.457,20.37,21.04,1,0,0,0,10,30000,50.5,Rural,0
58.3,67.15,18.61,-4.145,15.4,11.04,1,0,0,1,5,50000,71.6,Rural,1
45.66,48.7,9.16,-1.397,14.94,21.3,1,1,0,1,10,75000,58.5,Semi-Urban,1
57.14,65.29,13.16,-1.841,17.19,15.31,1,3,1,0,6,30000,50.1,Rural,1
96.54,94.64,-12.3,1.073,29.06,29.65,1,0,0,1,9,50000,53.4,Semi-Urban,0
47.51,46.54,-1.94,1.941,0.0,0.0,0,0,0,1,2,10000,63.4,Semi-Urban,0
41.06,43.32,1.81,-0.904,27.74,28.67,1,4,0,1,3,30000,66.9,Rural,1
41.6,44.04,-5.7,0.875,24.55,26.26,1,0,0,1,9,50000,86.8,Rural,0
100.0,98.34,-38.71,2.848,40.0,37.37,1,1,0,0,16,10000,85.2,Rural,0
80.09,78.3,-3.08,1.539,26.34,29.87,1,2,0,0,3,10000,45.0,Urban,0
42.46,42.28,0.09,-0.043,24.93,24.5,1,0,0,1,3,30000,50.0,Urban,0
27.75,29.68,20.88,-1.795,22.79,18.75,1,1,1,0,11,75000,49.5,Semi-Urban,1
45.0,44.82,-3.7,0.669,40.0,37.36,1,0,0,0,8,75000,98.2,Urban,0
43.59,46.52,5.86,-5.861,0.0,0.0,0,2,0,0,2,30000,85.7,Rural,1
66.09,63.64,-25.93,1.742,31.71,28.96,1,1,0,0,15,75000,69.3,Rural,0
82.93,84.38,2.9,-2.903,0.0,0.0,0,0,0,1,2,18000,72.3,Rural,0
69.29,73.62,8.93,-2.171,17.55,17.2,1,2,0,1,5,30000,69.7,Rural,1
45.88,43.56,-8.05,1.242,36.48,38.36,1,1,0,0,7,75000,52.5,Urban,0
70.29,67.21,-13.77,1.788,37.28,35.75,1,3,0,0,7,75000,95.7,Urban,0
37.25,39.08,2.93,-1.465,14.76,16.97,1,1,0,0,3,50000,55.9,Urban,1
35.9,41.67,21.96,-1.247,29.85,29.07,1,0,0,0,16,50000,98.9,Urban,0
59.37,58.77,-2.65,0.485,38.84,40.0,1,3,0,0,9,5000,43.7,Semi-Urban,1
46.49,49.05,21.68,-3.705,22.52,26.52,1,0,0,1,8,5000,86.5,Urban,1
59.7,57.38,-5.11,0.59,15.12,20.73,1,0,0,1,10,30000,92.5,Rural,0
31.45,31.6,15.0,-1.664,4.85,7.74,1,0,0,0,12,5000,75.1,Semi-Urban,1
31.31,38.04,22.34,-4.138,23.33,16.34,1,0,0,0,6,75000,59.6,Semi-Urban,1
90.4,86.45,-17.08,2.519,39.21,37.02,1,2,0,1,8,10000,64.8,Semi-Urban,0
44.52,43.83,38.42,-3.38,25.14,24.03,1,0,0,1,14,10000,50.8,Rural,1
83.33,78.19,-25.22,2.235,27.38,29.06,1,2,0,0,11,18000,81.4,Semi-Urban,0
22.38,24.91,38.25,-2.704,9.75,7.58,1,0,0,1,16,50000,75.5,Urban,1
100.0,100.0,-16.59,1.218,35.6,31.81,1,4,0,1,14,18000,40.2,Semi-Urban,0
77.4,77.64,0.49,-0.491,0.0,0.0,0,2,1,0,2,5000,42.4,Semi-Urban,0
69.33,68.86,-0.93,0.934,0.0,0.0,0,0,0,0,2,30000,61.6,Semi-Urban,0
96.98,94.63,-29.42,2.591,26.52,24.69,1,0,0,1,13,30000,49.5,Rural,0
32.15,35.75,9.73,-1.745,24.75,21.83,1,2,1,0,6,10000,74.8,Urban,1
49.75,47.36,-13.63,2.475,37.09,31.72,1,0,0,1,7,10000,71.3,Urban,0
33.08,38.45,19.77,-2.993,16.27,22.15,1,1,0,1,8,50000,77.9,Semi-Urban,1
57.71,58.08,15.37,-2.895,12.39,8.19,1,1,1,0,9,30000,46.9,Semi-Urban,1
58.9,56.72,-12.58,1.678,29.23,26.59,1,4,0,0,9,30000,50.3,Rural,0
61.23,63.42,5.97,-2.119,21.27,13.69,1,0,0,1,5,18000,56.9,Rural,1
54.95,58.48,19.43,-1.238,28.71,30.3,1,0,0,1,14,30000,65.8,Rural,0
47.54,46.93,-3.97,1.187,15.58,22.09,1,0,0,1,6,18000,80.1,Rural,0
65.54,64.78,-22.51,2.007,24.75,26.64,1,3,0,0,13,50000,44.3,Urban,0
20.71,30.08,37.56,-4.122,12.16,14.57,1,1,1,0,10,75000,96.8,Rural,1
60.86,58.98,-11.92,1.081,40.0,36.88,1,0,0,1,10,30000,48.6,Urban,0
22.94,29.07,18.24,-1.812,26.54,20.86,1,1,0,1,9,50000,52.5,Semi-Urban,1
73.95,73.02,1.6,-1.582,18.94,21.25,1,0,0,0,5,18000,91.1,Semi-Urban,0
29.31,36.65,46.09,-2.908,18.93,26.96,1,0,0,0,16,18000,71.0,Urban,1
78.3,77.0,-2.6,2.603,0.0,0.0,0,4,0,1,2,5000,62.5,Semi-Urban,0
91.92,90.39,-26.5,1.672,28.09,29.95,1,2,0,1,16,5000,68.6,Rural,0
34.84,37.1,5.82,-2.591,25.0,22.11,1,1,1,0,4,50000,54.1,Semi-Urban,1
100.0,99.24,-19.87,1.845,33.73,29.77,1,1,0,0,14,18000,58.6,Urban,0
63.36,63.71,5.18,-2.592,15.57,19.65,1,0,0,1,3,50000,87.1,Semi-Urban,0
100.0,100.0,-12.48,0.549,40.0,38.65,1,0,0,1,16,10000,50.6,Semi-Urban,0
51.81,54.8,18.17,-1.618,10.32,9.76,1,0,0,0,13,18000,43.8,Urban,1
72.12,68.77,-8.68,0.436,19.43,16.25,1,1,0,0,16,10000,56.2,Rural,0
49.11,51.39,18.13,-1.427,26.55,21.62,1,0,0,0,14,30000,70.6,Rural,0
100.0,99.05,-23.16,1.954,27.55,27.58,1,0,0,1,14,5000,51.1,Semi-Urban,0
76.85,76.58,-0.53,0.265,18.64,17.96,1,0,0,0,3,75000,72.0,Rural,0
71.77,67.56,-38.81,3.075,18.53,22.57,1,2,0,0,13,18000,85.0,Rural,0
90.37,89.17,-27.34,1.912,21.55,19.83,1,1,0,1,16,5000,41.4,Semi-Urban,0
50.62,54.35,14.29,-2.175,24.04,27.85,1,3,1,1,8,10000,52.2,Rural,1
93.46,93.25,-13.34,1.065,33.76,36.22,1,3,0,0,15,10000,47.9,Rural,0
32.43,39.53,53.81,-3.61,29.2,25.85,1,1,0,0,15,50000,72.3,Rural,1
90.87,88.76,-20.76,2.895,40.0,38.99,1,0,0,1,9,10000,65.6,Rural,0
62.86,67.25,16.69,-2.611,22.44,21.97,1,1,1,0,7,18000,58.1,Semi-Urban,1
100.0,100.0,-3.81,0.241,25.82,22.71,1,0,0,1,15,30000,86.8,Rural,0
98.86,95.6,-13.39,1.613,17.86,19.12,1,1,0,1,8,30000,75.9,Semi-Urban,0
92.93,89.48,-17.38,2.402,27.39,22.51,1,4,0,1,8,18000,84.7,Rural,0
61.26,69.85,11.06,-0.886,25.16,30.77,1,0,0,1,8,10000,95.9,Urban,0
82.43,82.88,-11.24,0.986,24.82,36.05,1,0,0,0,11,30000,97.4,Semi-Urban,0
96.37,93.18,-12.97,2.116,28.82,27.84,1,2,0,1,6,30000,43.1,Semi-Urban,0
44.39,43.1,-1.97,0.986,32.82,34.88,1,1,0,0,3,75000,49.6,Urban,0
95.24,92.49,-30.13,2.894,26.69,27.26,1,1,0,0,11,50000,72.7,Urban,0
99.92,94.18,-19.05,2.719,33.55,26.71,1,0,0,1,7,18000,82.7,Semi-Urban,0
79.6,76.69,-10.21,0.99,36.38,40.0,1,1,0,0,11,18000,50.2,Urban,0
60.68,60.48,-0.74,0.371,32.92,28.19,1,0,0,1,3,10000,77.3,Rural,0
40.25,39.67,0.37,0.351,24.31,17.49,1,0,0,1,4,18000,92.5,Rural,0
66.87,73.64,15.33,-2.098,10.82,10.98,1,3,1,0,9,10000,71.8,Urban,1
60.58,65.26,30.51,-2.086,26.08,20.8,1,2,1,1,16,50000,60.8,Semi-Urban,1
62.19,58.5,-23.0,2.938,30.14,29.9,1,2,0,1,9,50000,65.9,Semi-Urban,0
36.28,42.03,10.45,-4.485,28.91,23.85,1,2,1,0,4,10000,70.2,Urban,1
62.22,60.98,-5.13,0.539,32.53,30.49,1,1,0,1,10,10000,57.9,Rural,0
48.85,49.01,-8.39,0.718,32.76,30.92,1,2,0,1,14,18000,45.3,Urban,1
68.16,64.37,-26.54,2.74,27.38,31.91,1,1,0,1,12,10000,93.1,Rural,0
100.0,100.0,-9.63,0.539,23.2,27.92,1,1,0,0,16,5000,71.9,Urban,0
64.68,63.69,-11.13,0.899,34.97,34.8,1,4,0,1,12,5000,67.0,Semi-Urban,1
90.33,87.06,-16.63,1.405,27.45,27.61,1,1,0,1,13,18000,97.8,Urban,0
53.45,52.2,-11.95,1.395,31.68,39.94,1,0,0,0,9,30000,55.4,Rural,0
100.0,99.2,-40.02,2.778,32.07,32.77,1,1,0,0,16,50000,95.9,Urban,0
65.76,63.27,-17.33,2.088,38.94,33.19,1,2,0,1,9,5000,85.9,Rural,0
98.16,96.33,-3.82,1.912,37.26,40.0,1,0,0,0,3,18000,75.0,Semi-Urban,0
48.78,49.67,-10.83,0.822,21.51,25.88,1,1,0,0,13,10000,72.3,Rural,1
65.96,67.87,-2.8,0.652,25.59,25.87,1,0,0,0,12,10000,79.9,Urban,0
73.15,80.56,21.13,-4.813,27.97,22.12,1,2,0,1,5,18000,84.6,Rural,1
34.19,37.77,14.78,-2.637,12.95,15.08,1,0,0,1,7,5000,59.9,Semi-Urban,1
22.96,34.1,36.68,-4.062,20.57,20.82,1,3,0,0,10,30000,60.6,Urban,1
69.91,70.89,-12.13,1.137,27.42,30.48,1,0,0,0,12,30000,45.4,Rural,0
62.2,74.06,17.91,-4.21,16.24,16.86,1,4,1,1,5,30000,66.3,Rural,1
89.56,85.7,-23.61,2.782,24.93,24.21,1,2,0,0,10,30000,49.7,Urban,0
44.57,44.1,6.3,-1.044,10.64,11.44,1,0,0,1,10,18000,48.7,Rural,1
44.24,44.2,9.82,-1.788,14.21,12.52,1,0,0,0,7,30000,51.9,Semi-Urban,1
67.38,66.69,12.23,-1.394,11.86,7.83,1,0,0,0,12,18000,73.2,Urban,0
75.88,75.16,-4.86,0.314,20.9,23.85,1,0,0,1,9,30000,77.8,Semi-Urban,0
77.23,79.25,6.16,-1.092,30.93,30.28,1,0,0,1,7,50000,59.9,Rural,0
42.39,44.41,1.46,-0.729,35.43,31.15,1,0,0,0,3,50000,87.1,Semi-Urban,0
65.3,70.49,17.98,-1.214,19.91,22.02,1,0,0,1,16,30000,84.3,Rural,0
73.76,70.14,-7.81,1.818,26.37,26.97,1,0,0,1,5,75000,92.2,Semi-Urban,0
87.66,85.8,-19.7,2.131,36.54,35.75,1,0,0,1,11,18000,62.1,Rural,0
20.0,20.0,19.71,-1.776,16.45,8.83,1,0,0,1,12,30000,59.0,Semi-Urban,1
77.8,71.45,-9.45,4.725,30.66,31.77,1,0,0,0,3,30000,57.8,Rural,0
66.88,73.34,25.33,-5.156,14.11,14.55,1,2,1,1,6,10000,60.7,Rural,1
66.58,74.61,17.55,-5.081,28.94,28.02,1,0,0,0,4,5000,81.4,Rural,1
69.14,63.16,-9.61,2.876,39.22,38.74,1,0,0,0,5,75000,42.6,Semi-Urban,0
38.79,37.67,1.2,-0.602,33.87,28.1,1,1,0,1,3,30000,55.8,Rural,1
49.8,49.02,-11.07,2.483,33.74,32.5,1,0,0,1,5,10000,82.2,Rural,0
66.19,65.78,-8.12,1.379,26.47,28.74,1,0,0,0,7,18000,86.7,Rural,0
67.64,64.57,-12.19,2.334,32.89,31.34,1,0,0,1,7,18000,52.3,Rural,0
56.23,53.79,-13.75,1.746,40.0,36.88,1,0,0,0,9,30000,56.9,Urban,0
62.19,61.5,-1.37,1.374,0.0,0.0,0,3,0,1,2,18000,69.5,Urban,0
96.36,93.05,-16.22,2.077,27.88,27.63,1,4,0,0,8,50000,55.2,Urban,0
93.8,90.9,-10.71,1.348,31.74,39.36,1,0,0,0,7,75000,53.7,Rural,0
64.43,67.95,14.79,-3.369,11.84,9.05,1,0,0,1,6,18000,88.5,Semi-Urban,1
20.0,20.0,22.42,-2.088,17.7,18.87,1,1,0,0,15,10000,98.6,Urban,1
40.62,42.25,11.21,-2.217,19.75,20.84,1,3,1,0,6,50000,93.1,Urban,1
46.85,48.56,3.41,-3.41,0.0,0.0,0,2,1,1,2,10000,81.4,Urban,1
86.95,83.82,-25.32,2.085,18.58,26.49,1,3,0,0,14,50000,75.9,Rural,0
95.44,92.17,-16.48,3.08,38.0,34.88,1,1,0,1,6,18000,63.0,Urban,0
51.3,50.39,-7.02,0.804,40.0,36.11,1,1,0,0,9,18000,48.0,Semi-Urban,0
100.0,100.0,-23.45,1.726,26.92,24.83,1,0,0,0,16,18000,46.0,Urban,0
43.18,44.78,40.26,-3.952,25.52,23.23,1,4,0,1,12,50000,44.0,Urban,1
24.83,23.98,27.08,-2.803,17.1,9.94,1,0,0,1,11,50000,63.3,Urban,1
60.15,66.6,14.03,-2.164,11.25,8.81,1,3,1,1,7,5000,66.0,Semi-Urban,1
64.98,67.86,5.76,-5.756,0.0,0.0,0,0,0,0,2,50000,87.0,Semi-Urban,0
51.95,50.75,-2.41,2.408,0.0,0.0,0,0,0,0,2,30000,69.0,Urban,0
70.84,67.47,-17.26,2.4,31.81,29.99,1,4,0,0,8,5000,75.0,Urban,0
74.18,72.81,-5.56,0.344,23.68,25.43,1,0,0,0,6,30000,41.1,Urban,0
73.57,73.06,-0.64,0.321,33.83,38.04,1,0,0,1,3,18000,92.5,Rural,0
57.12,55.92,-2.4,2.397,0.0,0.0,0,1,0,1,2,30000,84.5,Rural,0
96.9,94.13,-11.53,0.93,24.3,22.0,1,1,0,1,14,10000,97.7,Rural,0
86.27,86.51,0.49,-0.486,0.0,0.0,0,2,0,1,2,18000,64.3,Rural,0
69.89,64.81,-22.65,2.564,24.21,28.12,1,3,0,1,10,10000,63.6,Urban,0
86.44,84.99,-10.79,0.874,28.43,26.49,1,0,0,1,13,30000,63.5,Rural,0
66.04,64.14,6.15,-1.592,9.69,12.28,1,1,0,0,6,18000,84.9,Urban,0
46.92,45.24,-3.37,3.372,0.0,0.0,0,0,0,1,2,30000,90.8,Rural,0
74.05,72.86,-3.32,1.124,22.37,24.51,1,2,0,0,4,75000,59.1,Rural,0
74.58,69.0,-14.53,1.328,28.31,26.16,1,3,0,1,9,10000,51.2,Semi-Urban,1
83.31,81.53,-3.55,3.553,0.0,0.0,0,4,0,1,2,50000,97.5,Rural,0
67.04,72.52,17.97,-4.664,22.64,27.26,1,0,0,1,5,10000,64.5,Urban,1
46.58,43.3,-5.72,2.858,20.39,22.98,1,0,0,1,3,50000,70.5,Urban,0
69.34,66.38,-8.48,0.829,31.01,29.99,1,2,0,0,8,18000,77.7,Semi-Urban,0
48.3,50.82,20.91,-1.743,21.15,26.4,1,1,0,1,14,5000,48.9,Rural,1
58.86,58.49,4.51,-1.283,18.42,15.61,1,0,0,1,7,5000,44.0,Rural,1
98.39,96.95,-5.82,1.308,19.97,23.42,1,0,0,1,6,10000,56.1,Rural,0
77.98,84.37,5.8,-1.605,14.0,11.07,1,0,0,0,5,18000,41.3,Semi-Urban,0
41.37,45.14,15.24,-1.606,24.63,19.1,1,0,0,1,12,10000,95.2,Urban,1
71.92,70.53,1.59,-0.793,16.94,15.02,1,0,0,0,3,50000,98.6,Semi-Urban,0
66.28,65.21,-7.79,1.244,36.25,32.04,1,0,0,0,7,75000,41.5,Urban,0
20.62,25.21,46.56,-3.034,10.51,10.9,1,2,1,0,16,5000,71.4,Urban,1
45.38,42.13,-7.94,1.993,35.92,35.75,1,0,0,0,5,10000,48.5,Urban,0
63.04,64.92,5.29,-1.496,18.57,19.74,1,2,0,0,4,30000,95.6,Semi-Urban,0
66.36,62.8,-25.57,1.999,25.66,22.36,1,0,0,0,14,75000,58.9,Urban,0
91.95,91.3,-9.62,1.253,24.51,29.31,1,1,0,1,8,50000,48.4,Semi-Urban,0
82.96,78.03,-16.44,2.442,38.6,34.76,1,1,0,1,8,30000,89.2,Urban,0
58.81,56.25,-17.85,1.899,39.88,34.99,1,1,0,0,11,30000,82.2,Rural,0
69.78,64.87,-31.52,1.975,26.82,26.71,1,1,0,1,16,10000,54.7,Rural,0
70.07,69.08,-7.15,1.582,26.3,30.53,1,0,0,0,7,75000,94.9,Urban,0
39.93,38.55,-3.43,-0.626,21.42,23.38,1,0,0,0,6,50000,82.8,Rural,0
56.66,58.08,23.9,-1.845,14.9,19.72,1,2,0,1,15,30000,76.7,Rural,1
79.27,78.42,-11.41,1.486,30.79,30.01,1,4,0,0,9,30000,49.6,Rural,0
83.18,78.64,-12.57,0.663,30.65,33.17,1,0,0,0,15,50000,45.8,Urban,0
58.67,54.45,-15.27,1.018,35.95,39.25,1,1,0,1,14,10000,81.6,Urban,0
65.58,70.4,9.83,-1.455,15.65,11.62,1,1,1,1,10,75000,46.9,Semi-Urban,1
59.73,59.24,12.42,-1.507,26.0,29.36,1,0,0,1,12,18000,45.3,Semi-Urban,1
78.48,73.76,-35.81,2.609,30.71,32.15,1,2,0,0,15,18000,54.1,Rural,0
97.02,93.9,-33.87,2.854,26.87,26.52,1,0,0,0,12,75000,59.1,Urban,0
67.86,71.22,6.71,-6.71,0.0,0.0,0,0,0,1,2,50000,79.2,Urban,0
76.84,74.39,-19.34,1.697,31.72,35.81,1,2,0,0,12,18000,79.7,Semi-Urban,0
46.47,43.7,-3.54,1.77,26.43,26.88,1,2,0,0,3,50000,61.9,Urban,0
97.93,96.91,-12.25,0.62,24.3,22.54,1,2,0,0,15,10000,87.5,Rural,0
80.14,80.9,-7.32,1.487,18.09,23.31,1,0,0,1,6,5000,74.5,Semi-Urban,0
63.13,64.61,11.82,-0.915,29.36,28.88,1,0,0,0,13,10000,82.9,Rural,0
25.06,29.12,28.79,-2.827,18.05,15.75,1,0,0,0,10,10000,47.7,Urban,1
61.27,61.6,-5.1,0.887,30.06,32.85,1,0,0,1,9,10000,57.7,Semi-Urban,0
53.55,48.8,-9.32,2.44,16.81,21.12,1,1,0,1,5,50000,62.8,Semi-Urban,0
37.62,40.77,6.99,-2.07,22.82,25.92,1,2,1,1,4,30000,45.1,Rural,1
44.91,50.93,13.2,-1.644,25.81,25.73,1,0,0,0,7,30000,92.8,Rural,0
94.33,91.18,-25.13,1.845,21.4,21.92,1,1,0,0,15,30000,48.0,Rural,0
87.57,84.89,-20.23,1.934,24.2,24.74,1,0,0,0,11,18000,84.1,Urban,0
20.0,20.0,16.74,-1.294,16.86,13.53,1,4,0,1,12,18000,86.0,Semi-Urban,1
100.0,97.52,-18.13,1.891,28.86,36.74,1,0,0,0,9,30000,58.1,Rural,0
39.86,37.15,-2.49,1.243,39.17,39.63,1,0,0,1,3,5000,60.0,Rural,1
51.35,58.1,37.87,-3.56,2.7,11.38,1,2,1,0,12,10000,83.8,Semi-Urban,1
53.95,53.76,-9.94,0.752,27.97,28.3,1,0,0,1,16,10000,96.8,Rural,0
100.0,100.0,-9.69,0.673,30.02,30.44,1,0,0,1,16,50000,91.1,Rural,0
36.34,39.44,5.77,-0.823,30.09,27.33,1,0,0,0,9,18000,72.9,Semi-Urban,0
27.05,31.82,42.22,-2.905,25.68,26.39,1,1,1,0,15,10000,88.4,Rural,1
41.16,40.28,-1.75,1.753,0.0,0.0,0,0,0,0,2,30000,78.4,Urban,0
93.63,86.43,-33.22,2.626,21.38,20.94,1,0,0,1,12,10000,68.5,Rural,0
41.33,40.66,-5.8,1.424,35.49,34.44,1,2,0,0,5,18000,71.9,Urban,0
53.43,60.01,11.73,-3.406,17.78,17.29,1,2,1,0,4,18000,98.5,Urban,1
80.78,84.25,6.93,-6.93,0.0,0.0,0,2,1,0,2,10000,93.3,Semi-Urban,1
62.33,66.52,12.51,-3.291,25.48,21.29,1,2,0,1,5,5000,53.1,Rural,1
41.16,39.77,11.51,-1.798,18.51,24.57,1,0,0,1,10,30000,46.8,Semi-Urban,1
68.03,62.99,-19.28,2.618,34.37,34.0,1,0,0,1,8,50000,90.0,Urban,0
70.28,71.32,10.74,-2.289,20.45,21.01,1,0,0,1,7,18000,86.0,Rural,1
85.64,88.41,8.02,-4.012,22.86,29.74,1,0,0,0,3,30000,98.8,Semi-Urban,0
41.71,47.52,43.13,-3.327,21.21,16.02,1,2,0,1,14,30000,64.0,Rural,1
20.0,22.72,29.09,-3.176,11.19,19.05,1,4,0,1,11,18000,86.9,Urban,1
20.0,20.0,18.37,-1.527,11.4,9.02,1,3,1,0,12,30000,73.8,Urban,1
49.23,54.83,21.48,-1.66,36.48,26.25,1,0,0,0,15,18000,85.8,Urban,0
68.11,69.4,5.04,-1.939,24.81,29.24,1,1,1,1,4,50000,65.9,Rural,0
87.83,87.25,-7.49,0.771,34.3,32.15,1,2,0,0,12,50000,45.0,Rural,0
74.59,72.79,-6.05,1.711,37.49,34.75,1,1,0,0,5,18000,76.7,Rural,0
25.05,27.42,38.74,-2.687,15.15,11.55,1,0,0,1,16,50000,66.7,Semi-Urban,1
77.09,74.72,-18.66,1.784,35.88,39.74,1,0,0,0,12,18000,60.6,Rural,0
59.91,59.26,-1.3,1.296,0.0,0.0,0,0,0,0,2,75000,55.9,Semi-Urban,0
51.88,54.19,38.65,-2.832,27.35,20.88,1,4,0,0,16,18000,72.0,Rural,1
57.1,54.33,-10.1,1.813,35.11,36.41,1,0,0,1,5,50000,67.6,Semi-Urban,0
82.94,81.08,-16.8,2.153,28.61,30.75,1,0,0,1,9,18000,98.2,Rural,0
60.91,62.52,3.22,-3.215,0.0,0.0,0,0,0,0,2,18000,63.0,Urban,0
100.0,98.18,-19.43,1.208,30.23,38.91,1,4,0,0,15,10000,41.0,Semi-Urban,0
25.85,29.94,34.27,-1.958,20.9,22.14,1,1,1,0,16,18000,74.7,Semi-Urban,1
41.21,45.57,15.15,-2.715,20.48,23.43,1,0,0,0,7,50000,41.0,Rural,1
40.04,39.45,7.04,-1.001,22.58,22.89,1,4,1,1,7,30000,95.0,Urban,1
80.02,79.81,-22.38,1.85,20.94,21.25,1,2,0,0,13,50000,81.2,Semi-Urban,0
100.0,100.0,-14.83,1.674,35.4,39.09,1,2,0,0,11,50000,41.1,Semi-Urban,0
41.74,45.85,16.25,-2.891,19.15,20.04,1,1,1,0,7,30000,40.0,Semi-Urban,1
20.86,29.43,30.58,-2.23,15.01,12.57,1,0,0,0,13,75000,96.6,Semi-Urban,1
78.34,79.98,3.26,-3.264,0.0,0.0,0,0,0,1,2,18000,81.2,Semi-Urban,0
55.66,51.93,-6.96,1.476,13.81,21.66,1,0,0,0,5,5000,73.2,Urban,0
93.93,94.64,1.42,-1.415,0.0,0.0,0,1,0,0,2,75000,53.3,Urban,0
20.0,20.0,35.51,-2.315,19.22,16.99,1,3,1,1,16,5000,89.8,Urban,1
62.8,59.82,-10.69,1.532,33.95,34.52,1,3,0,0,9,5000,62.3,Rural,0
51.6,52.76,37.82,-2.699,12.34,14.29,1,0,0,1,16,5000,80.1,Semi-Urban,1
42.18,47.7,26.64,-2.675,22.3,27.85,1,2,1,0,9,30000,43.4,Semi-Urban,1
55.76,59.42,22.35,-2.007,18.98,12.89,1,3,1,1,12,30000,98.2,Semi-Urban,1
73.74,70.27,-11.61,0.671,19.75,20.46,1,0,0,1,12,30000,79.7,Semi-Urban,0
37.91,41.51,28.17,-2.183,27.1,22.32,1,0,0,1,14,18000,79.7,Rural,1
63.05,63.18,-1.41,0.576,21.94,22.25,1,0,0,1,7,30000,63.7,Semi-Urban,0
69.24,70.37,10.31,-1.373,10.84,9.02,1,0,0,1,7,18000,67.5,Urban,1
82.37,81.36,-0.42,0.208,38.69,38.95,1,0,0,1,3,5000,88.1,Urban,0
26.07,31.16,25.02,-2.029,23.99,25.21,1,4,1,1,12,10000,63.9,Rural,1
91.53,89.82,-11.55,1.288,34.4,31.85,1,2,0,0,11,30000,91.7,Rural,0
65.12,66.62,-10.14,0.955,30.85,29.65,1,0,0,1,14,10000,52.0,Semi-Urban,0
62.43,56.32,-17.67,2.226,38.36,35.74,1,0,0,0,7,10000,75.3,Urban,0
97.56,95.24,-15.09,1.733,26.41,29.95,1,0,0,0,10,10000,68.7,Semi-Urban,0
41.58,49.15,36.57,-2.373,20.56,11.8,1,0,0,1,16,5000,71.1,Urban,1
24.33,27.42,24.59,-2.839,26.42,25.39,1,2,0,0,11,75000,53.6,Urban,1
62.56,60.01,-4.6,0.85,40.0,39.64,1,4,0,1,7,75000,68.5,Semi-Urban,0
20.0,20.0,14.88,-1.256,30.12,23.44,1,3,1,0,13,18000,48.2,Semi-Urban,1
47.54,47.55,18.28,-3.638,14.42,16.18,1,0,0,0,8,5000,69.2,Urban,1
77.83,84.13,13.23,-4.601,8.69,14.0,1,1,0,0,4,30000,42.3,Urban,1
95.3,92.81,-7.22,0.892,39.42,40.0,1,2,0,0,9,50000,89.7,Urban,0
20.0,20.0,19.58,-1.405,26.52,20.79,1,0,0,0,13,30000,83.5,Urban,0
59.66,55.38,-7.47,3.734,34.94,30.63,1,0,0,1,3,10000,54.8,Rural,0
63.74,61.81,-3.86,3.86,0.0,0.0,0,0,0,1,2,5000,47.4,Semi-Urban,0
49.32,54.71,13.83,-2.411,19.93,14.38,1,0,0,0,7,5000,56.3,Urban,1
100.0,100.0,-5.46,0.299,23.83,24.05,1,0,0,0,15,75000,47.4,Rural,0
71.73,68.44,-29.32,2.159,27.83,24.39,1,2,0,0,14,5000,53.0,Rural,0
97.73,98.13,-5.64,0.437,29.82,27.52,1,3,0,0,15,18000,61.1,Urban,0
43.93,41.55,-8.98,0.875,31.68,33.21,1,0,0,1,9,50000,51.0,Rural,0
74.71,77.55,5.68,-5.68,0.0,0.0,0,0,0,0,2,30000,84.5,Rural,0
24.63,28.5,32.12,-2.712,24.04,19.38,1,0,0,0,13,75000,52.4,Urban,1
62.65,63.2,1.09,-1.091,0.0,0.0,0,4,0,1,2,18000,77.0,Urban,1
92.06,88.32,-21.03,1.394,31.15,38.13,1,0,0,1,14,50000,82.2,Urban,0
56.09,58.47,7.12,-0.92,34.68,27.83,1,2,1,0,6,50000,49.1,Rural,1
76.82,79.7,12.98,-2.509,16.03,18.06,1,0,0,1,6,5000,74.2,Rural,1
99.44,95.65,-26.48,2.032,23.21,26.23,1,0,0,1,13,5000,92.1,Urban,0
75.08,72.47,-5.2,5.204,0.0,0.0,0,1,0,1,2,50000,82.7,Rural,0
46.2,51.3,10.07,-2.416,14.79,12.5,1,0,0,0,4,50000,94.8,Rural,1
91.28,90.49,-3.84,0.529,33.65,31.55,1,2,0,0,10,10000,91.8,Rural,0
100.0,97.03,-12.2,1.147,29.84,28.95,1,0,0,1,10,30000,84.2,Semi-Urban,0
100.0,100.0,-12.13,1.257,32.3,37.68,1,0,0,0,9,75000,96.0,Rural,0
70.86,68.81,-13.11,1.127,22.33,21.48,1,0,0,1,12,10000,45.3,Semi-Urban,0
100.0,100.0,-13.05,0.913,15.44,19.4,1,2,0,0,12,30000,60.6,Semi-Urban,0
41.46,45.05,22.13,-1.963,19.51,17.07,1,2,1,0,14,75000,57.9,Rural,1
56.99,54.76,-6.69,1.254,25.33,18.4,1,0,0,0,6,30000,73.7,Urban,0
91.1,87.74,-21.35,3.174,31.04,37.87,1,0,0,1,8,10000,71.9,Rural,0
56.57,60.35,5.24,-2.619,11.1,14.17,1,0,0,0,3,75000,91.3,Semi-Urban,1
69.27,71.28,6.22,-3.112,24.29,18.93,1,0,0,0,3,18000,48.8,Urban,0
69.75,74.26,14.14,-2.255,22.88,26.04,1,0,0,0,6,5000,63.6,Urban,0
47.87,50.14,2.44,-0.871,18.68,19.39,1,2,0,0,4,5000,46.0,Rural,1
20.0,20.0,16.83,-1.036,16.84,10.16,1,0,0,0,15,30000,68.5,Semi-Urban,0
53.38,49.96,-5.61,0.372,31.16,28.1,1,0,0,1,12,30000,74.7,Urban,0
20.0,20.39,21.09,-1.427,30.23,27.69,1,4,0,0,16,30000,76.0,Semi-Urban,1
69.95,72.7,11.39,-1.784,20.71,27.09,1,0,0,1,7,10000,61.2,Rural,1
60.6,58.67,-5.18,2.589,32.9,27.25,1,0,0,0,3,5000,66.3,Semi-Urban,0
72.85,71.69,-2.91,0.258,17.09,21.18,1,1,0,0,6,5000,51.8,Urban,0
78.15,73.51,-13.72,1.08,30.75,25.8,1,1,0,1,12,30000,53.9,Urban,0
43.6,43.45,9.07,-1.388,23.57,24.33,1,0,0,0,8,50000,69.4,Rural,0
86.8,87.53,5.33,-2.667,25.98,27.07,1,0,0,1,3,30000,88.0,Rural,0
100.0,100.0,-11.26,0.584,32.09,34.11,1,3,0,0,14,50000,66.8,Semi-Urban,0
81.68,79.55,-30.06,2.333,32.52,38.4,1,2,0,0,15,18000,40.1,Rural,0
83.97,77.86,-25.23,3.421,28.87,24.88,1,0,0,0,8,30000,90.3,Rural,0
70.29,71.7,-11.22,1.545,30.73,30.85,1,0,0,0,10,30000,56.7,Semi-Urban,0
70.04,66.51,-13.75,2.04,23.69,24.18,1,0,0,1,7,5000,42.4,Semi-Urban,0
85.43,82.07,-17.74,2.361,26.25,25.6,1,0,0,0,8,50000,42.8,Urban,0
73.62,74.96,2.67,-2.674,0.0,0.0,0,0,0,1,2,50000,47.2,Urban,1
66.45,64.5,-2.97,0.649,39.08,37.34,1,0,0,0,7,30000,73.4,Urban,0
68.36,66.01,-8.1,0.904,23.08,21.51,1,1,0,0,8,18000,60.3,Rural,0
20.0,21.24,37.4,-2.537,18.29,20.0,1,1,0,1,16,10000,40.9,Rural,1
69.45,72.35,16.97,-3.114,11.41,13.77,1,0,0,1,6,30000,94.5,Semi-Urban,1
48.79,54.99,34.14,-3.766,9.74,13.5,1,0,0,1,11,30000,85.7,Rural,1
47.63,48.32,9.05,-1.197,12.31,9.06,1,0,0,1,9,75000,77.0,Urban,1
48.41,46.85,29.48,-1.989,8.88,16.56,1,0,0,0,16,30000,47.7,Semi-Urban,1
31.22,36.29,12.66,-3.381,21.72,23.59,1,0,0,0,5,50000,75.0,Rural,1
60.61,60.13,-0.95,0.946,0.0,0.0,0,0,0,1,2,18000,74.8,Semi-Urban,0
83.67,83.03,2.03,-1.474,5.23,8.73,1,0,0,1,4,18000,60.0,Rural,1
59.36,58.63,-4.04,1.314,21.61,24.02,1,0,0,0,4,50000,90.1,Urban,0
40.21,46.44,35.02,-2.548,9.15,7.69,1,3,1,1,15,10000,60.3,Urban,1
26.56,28.6,34.54,-3.219,14.7,12.96,1,1,1,1,13,30000,44.7,Urban,1
100.0,100.0,-7.2,0.743,39.83,37.15,1,0,0,0,11,50000,97.8,Semi-Urban,0
20.0,22.65,47.58,-3.85,11.16,11.14,1,0,0,1,14,5000,91.3,Urban,1
100.0,98.64,-20.58,2.373,24.34,23.94,1,4,0,0,10,18000,67.9,Semi-Urban,0
52.21,50.39,-3.64,3.644,0.0,0.0,0,0,0,0,2,10000,43.2,Rural,0
55.12,55.8,1.35,-1.35,0.0,0.0,0,0,0,0,2,75000,96.0,Urban,0
42.72,43.18,0.92,-0.917,0.0,0.0,0,0,0,0,2,75000,74.6,Urban,0
57.86,63.78,23.68,-2.221,29.73,21.88,1,1,0,1,11,10000,78.4,Rural,1
72.0,76.23,7.71,-2.343,25.69,25.07,1,0,0,1,4,10000,50.5,Semi-Urban,1
92.56,95.5,-25.24,1.979,25.94,25.03,1,0,0,0,15,5000,85.4,Semi-Urban,0
65.04,62.41,-6.51,3.256,35.02,29.84,1,0,0,0,3,18000,41.9,Rural,0
92.3,94.06,-1.16,0.582,27.29,27.23,1,0,0,0,3,30000,77.9,Semi-Urban,0
60.31,54.47,-10.93,3.648,25.26,22.09,1,0,0,1,4,5000,94.6,Rural,0
70.66,69.9,-1.51,1.515,0.0,0.0,0,0,0,0,2,50000,95.1,Rural,0
84.51,85.83,0.64,-0.322,35.74,39.64,1,0,0,0,3,5000,66.2,Semi-Urban,0
82.25,79.52,-18.47,2.95,21.17,27.58,1,1,0,1,8,75000,80.5,Urban,0
90.34,88.42,-3.84,3.844,0.0,0.0,0,1,0,1,2,30000,71.3,Semi-Urban,0
86.76,86.25,0.2,-0.102,37.68,38.76,1,0,0,0,3,75000,82.9,Rural,0
28.86,30.63,20.92,-1.917,20.63,13.37,1,2,0,1,11,30000,81.6,Rural,1
27.04,33.69,40.05,-3.583,23.42,26.17,1,2,0,1,13,5000,44.9,Urban,1
41.67,48.42,13.51,-13.51,0.0,0.0,0,0,0,0,2,10000,65.1,Rural,1
100.0,96.42,-32.66,2.59,26.94,27.58,1,1,0,1,14,5000,58.8,Urban,0
31.55,37.3,21.23,-2.855,16.68,19.75,1,2,0,0,7,10000,84.0,Urban,1
49.41,48.63,13.99,-1.656,22.59,25.33,1,0,0,0,11,75000,94.0,Urban,0
49.6,51.19,11.64,-1.784,17.63,17.89,1,0,0,0,7,50000,94.8,Semi-Urban,0
36.68,40.31,16.14,-1.344,25.76,26.3,1,0,0,0,12,50000,73.8,Semi-Urban,0
92.23,88.8,-22.64,1.557,39.28,33.08,1,0,0,1,15,5000,48.1,Semi-Urban,0
80.65,80.31,-1.04,0.521,35.17,36.46,1,0,0,1,3,18000,96.0,Rural,0
57.46,62.34,8.24,-3.208,22.38,18.69,1,1,1,1,4,18000,83.1,Rural,1
68.22,64.4,-10.04,2.703,13.85,21.7,1,1,0,1,5,10000,61.5,Rural,1
88.54,83.65,-25.47,2.722,33.4,34.27,1,1,0,1,10,75000,60.5,Urban,0
58.8,61.5,8.72,-0.739,25.23,21.65,1,0,0,0,11,50000,83.8,Semi-Urban,0
50.13,47.43,-4.68,2.339,26.59,26.09,1,3,0,0,3,10000,60.5,Urban,0
81.46,80.65,-23.28,2.13,29.1,26.87,1,4,0,0,13,50000,63.0,Semi-Urban,0
48.5,56.56,17.99,-2.98,23.72,28.79,1,3,0,0,6,10000,87.1,Rural,1
100.0,100.0,-21.36,1.66,28.38,22.54,1,0,0,1,16,50000,81.7,Rural,0
39.96,39.02,-1.88,1.878,0.0,0.0,0,0,0,1,2,5000,76.8,Rural,0
69.18,66.03,-8.73,1.847,23.12,25.16,1,1,0,0,6,30000,40.4,Semi-Urban,0
51.95,51.81,-13.09,2.077,27.78,28.11,1,3,0,1,9,5000,55.2,Rural,1
68.93,65.84,-12.46,1.857,34.83,35.96,1,0,0,0,9,75000,52.6,Semi-Urban,0
31.49,36.43,59.83,-4.119,10.39,13.63,1,1,0,0,16,75000,83.6,Urban,1
50.75,50.98,14.8,-1.504,21.06,25.14,1,0,0,0,13,10000,72.4,Rural,0
100.0,100.0,-21.55,2.067,37.08,34.19,1,3,0,1,13,30000,55.3,Urban,0
89.27,86.06,-17.82,1.71,28.81,29.16,1,0,0,0,11,50000,59.8,Rural,0
91.49,90.2,-6.27,2.396,33.77,34.54,1,4,0,0,4,30000,72.8,Semi-Urban,0
100.0,99.29,-10.81,0.702,17.54,23.02,1,0,0,1,14,30000,40.5,Urban,0
39.8,43.04,4.77,-2.387,22.56,20.15,1,4,1,1,3,30000,70.3,Semi-Urban,1
67.49,73.94,20.64,-3.75,28.73,24.35,1,0,0,1,6,18000,47.4,Semi-Urban,1
78.81,76.35,-2.04,0.435,27.46,29.68,1,0,0,0,8,18000,46.5,Urban,0
53.66,56.18,15.62,-1.598,24.3,25.12,1,0,0,0,12,18000,96.8,Semi-Urban,0
87.51,81.92,-33.93,3.206,39.71,35.73,1,0,0,1,12,30000,75.6,Semi-Urban,0
37.98,41.32,31.68,-2.424,10.8,13.93,1,1,0,0,16,18000,43.6,Semi-Urban,1
24.67,28.87,21.38,-1.966,23.61,20.75,1,0,0,1,13,18000,77.1,Urban,1
37.32,39.27,24.51,-2.235,12.64,15.8,1,0,0,0,13,30000,68.5,Urban,1
45.71,47.03,5.42,-0.259,25.66,26.81,1,0,0,1,8,30000,98.6,Semi-Urban,0
93.61,91.37,-37.0,3.008,31.61,34.33,1,0,0,1,14,18000,91.5,Urban,0
44.51,46.83,17.97,-1.258,13.35,17.68,1,4,0,1,16,50000,41.5,Semi-Urban,1
100.0,100.0,-5.64,1.103,38.98,39.12,1,0,0,1,7,18000,47.3,Semi-Urban,0
42.41,42.09,0.9,-0.744,18.95,14.98,1,0,0,1,4,5000,82.4,Semi-Urban,1
100.0,98.4,-18.55,2.121,35.49,31.24,1,0,0,0,10,30000,74.3,Semi-Urban,0
98.87,94.02,-19.86,3.253,39.08,39.5,1,2,0,1,7,18000,92.0,Urban,0
51.73,57.22,35.38,-3.608,23.89,23.43,1,0,0,1,11,30000,69.7,Rural,1
36.12,36.73,25.36,-2.906,15.5,15.85,1,1,1,1,11,10000,90.6,Urban,1
31.63,35.76,25.84,-3.089,13.61,11.71,1,1,1,1,10,50000,46.2,Urban,1
24.02,28.86,16.18,-2.055,29.88,31.79,1,0,0,0,8,50000,94.0,Rural,1
80.56,78.35,-38.5,3.153,24.61,26.21,1,0,0,1,14,10000,68.4,Rural,0
32.26,34.98,40.74,-2.876,20.99,22.01,1,0,0,0,16,10000,77.7,Semi-Urban,1
44.36,47.83,6.95,-6.949,0.0,0.0,0,1,1,1,2,18000,72.8,Rural,1
33.5,40.4,11.21,-4.0,11.62,17.18,1,2,1,1,4,18000,54.2,Urban,1
66.48,63.79,-14.94,1.228,17.53,16.8,1,0,0,0,11,30000,85.7,Rural,0
56.8,60.07,14.46,-3.431,10.34,9.31,1,0,0,1,5,18000,70.8,Urban,1
37.54,48.72,38.84,-3.656,20.89,19.86,1,0,0,1,10,5000,85.9,Rural,1
100.0,100.0,-7.75,0.419,23.79,24.71,1,1,0,1,16,30000,81.1,Rural,0
20.0,20.0,14.46,-1.181,13.84,17.89,1,2,0,0,15,75000,74.0,Urban,1
76.44,76.74,0.61,-0.609,0.0,0.0,0,1,0,0,2,18000,67.8,Semi-Urban,0
48.23,46.02,-4.41,4.409,0.0,0.0,0,0,0,0,2,30000,65.5,Semi-Urban,0
56.88,59.81,12.61,-1.311,23.69,25.06,1,0,0,0,9,50000,96.2,Rural,0
53.5,50.83,-16.2,1.786,21.7,26.36,1,0,0,1,10,30000,81.8,Semi-Urban,0
40.23,46.74,14.35,-5.311,25.63,24.78,1,1,1,0,4,10000,80.6,Rural,1
100.0,100.0,-8.28,0.999,21.31,24.98,1,0,0,0,12,50000,91.6,Semi-Urban,0
30.79,32.11,6.43,-1.043,16.11,19.12,1,1,1,1,11,10000,99.0,Urban,1
65.1,59.77,-18.3,1.6,27.82,34.02,1,1,0,0,10,18000,94.4,Rural,0
20.0,20.0,22.6,-1.471,14.92,14.86,1,2,0,1,14,10000,51.1,Rural,1
67.98,68.96,-0.86,0.482,23.3,21.74,1,1,0,1,12,10000,84.3,Urban,0
97.54,94.34,-13.02,1.701,38.7,33.1,1,0,0,1,8,10000,41.6,Rural,0
64.08,62.26,-13.27,0.895,33.07,34.91,1,1,0,0,15,75000,91.8,Urban,0
20.0,20.0,27.31,-1.908,19.67,18.45,1,0,0,0,16,18000,83.0,Rural,1
81.92,88.84,12.25,-6.125,25.54,20.9,1,2,0,0,3,30000,87.1,Urban,0
55.42,60.44,10.17,-3.429,20.9,24.97,1,0,0,1,4,18000,79.7,Rural,1
94.43,89.23,-19.69,1.212,25.21,20.4,1,2,0,1,15,10000,47.7,Semi-Urban,0
74.91,74.09,13.02,-1.767,25.7,27.72,1,1,0,1,9,10000,49.9,Urban,1
55.35,53.5,-6.93,0.929,28.53,27.85,1,2,0,1,6,30000,47.2,Semi-Urban,0
84.54,79.99,-9.93,1.98,32.47,31.86,1,0,0,0,7,5000,52.6,Semi-Urban,0
52.43,62.17,27.09,-6.28,14.44,13.86,1,1,0,1,5,18000,65.5,Urban,1
49.28,45.86,-15.75,2.569,31.48,29.82,1,0,0,0,7,5000,78.7,Rural,0
63.39,62.81,-5.06,1.194,26.76,27.95,1,1,0,1,5,10000,43.0,Rural,1
45.29,55.31,25.64,-3.571,26.38,27.86,1,0,0,1,8,10000,98.8,Urban,1
56.95,61.4,13.18,-1.941,17.2,20.32,1,0,0,0,9,18000,71.2,Rural,0
76.17,74.54,-8.92,1.298,33.25,34.56,1,0,0,1,8,18000,77.0,Semi-Urban,0
48.23,51.18,42.97,-2.923,24.67,25.54,1,0,0,0,16,75000,96.0,Semi-Urban,0
43.92,44.86,1.86,-1.862,0.0,0.0,0,0,0,1,2,10000,53.7,Rural,1
41.45,43.94,6.42,-2.161,28.98,26.88,1,3,1,0,4,10000,68.3,Rural,1
100.0,100.0,-5.46,0.773,21.76,27.1,1,1,0,1,8,50000,57.3,Semi-Urban,0
99.02,95.93,-9.08,1.858,25.23,29.81,1,4,0,0,6,75000,47.0,Rural,0
43.07,43.31,23.9,-1.999,21.6,20.62,1,2,0,0,13,75000,89.3,Rural,1
22.58,28.48,34.03,-2.564,21.17,22.86,1,0,0,1,13,30000,44.7,Rural,1
62.16,66.44,12.6,-3.832,23.04,27.49,1,3,1,0,4,18000,81.8,Urban,1
85.49,81.79,-21.02,2.871,31.69,30.84,1,0,0,0,9,50000,66.3,Semi-Urban,0
40.08,40.42,21.58,-3.431,23.92,24.0,1,1,1,0,8,30000,46.3,Urban,1
88.24,86.31,-6.59,1.164,28.78,26.77,1,2,0,0,7,10000,96.5,Urban,0
49.93,50.74,-4.23,0.783,21.82,21.48,1,4,0,0,10,75000,56.1,Urban,1
82.87,82.93,-10.97,1.687,22.78,19.58,1,0,0,1,9,18000,44.8,Urban,0
100.0,97.55,-20.59,2.323,31.1,26.98,1,0,0,0,11,30000,68.3,Semi-Urban,0
47.77,58.57,32.79,-2.878,31.45,28.5,1,0,0,0,10,30000,49.7,Rural,1
60.25,60.84,-0.61,0.303,34.33,30.54,1,0,0,0,3,10000,50.9,Urban,0
33.62,33.35,14.11,-2.354,10.09,11.76,1,1,0,0,9,30000,71.3,Urban,1
20.0,25.25,36.89,-2.534,19.43,17.54,1,0,0,0,15,50000,56.5,Urban,1
65.94,67.42,-3.56,0.517,28.76,31.7,1,1,0,0,11,50000,65.9,Rural,0
98.1,96.64,-16.51,1.463,37.29,35.06,1,2,0,1,13,50000,66.1,Semi-Urban,0
53.14,53.73,2.79,-1.165,20.28,27.43,1,1,1,0,4,18000,78.0,Urban,1
95.32,93.43,-5.22,0.992,21.33,24.85,1,1,0,0,10,50000,74.8,Rural,0
94.74,90.7,-10.7,0.658,40.0,40.0,1,2,0,0,11,50000,40.8,Urban,0
32.92,36.57,13.49,-1.951,17.4,23.28,1,1,0,1,8,30000,95.1,Rural,1
46.68,52.77,14.71,-0.961,10.82,8.41,1,0,0,0,10,18000,72.1,Urban,1
94.75,92.83,-9.64,0.863,28.37,29.3,1,2,0,1,13,18000,61.3,Rural,0
82.95,87.09,4.85,-1.683,20.79,14.72,1,0,0,1,4,10000,97.4,Urban,0
67.21,65.87,-2.31,1.154,30.27,27.53,1,0,0,1,3,30000,90.8,Semi-Urban,0
20.0,22.86,40.2,-3.001,31.78,29.3,1,1,1,1,15,50000,41.6,Semi-Urban,1
55.98,55.13,-2.29,0.366,36.23,38.19,1,0,0,0,4,30000,65.5,Rural,0
100.0,100.0,-5.67,1.309,23.5,17.5,1,0,0,0,6,18000,79.8,Semi-Urban,0
58.55,54.09,-10.28,2.042,25.77,17.93,1,2,0,1,6,18000,40.2,Semi-Urban,1
96.51,94.33,-10.32,1.616,30.76,30.04,1,1,0,0,8,10000,91.6,Urban,0
68.15,69.32,3.03,-1.517,13.86,17.6,1,3,0,0,3,18000,42.9,Semi-Urban,1
63.39,67.91,29.15,-2.7,26.16,26.01,1,1,1,0,11,5000,86.6,Urban,1
65.13,63.53,-20.49,1.336,32.08,32.4,1,0,0,0,15,30000,78.0,Urban,0
20.0,20.06,44.39,-3.108,20.08,17.72,1,4,0,0,15,30000,68.0,Urban,1
76.17,75.4,-1.54,1.543,0.0,0.0,0,2,0,0,2,30000,46.5,Semi-Urban,0
52.39,56.91,14.5,-2.418,18.72,22.91,1,0,0,1,7,75000,48.7,Urban,1
45.52,42.92,-9.0,1.076,26.37,26.12,1,1,0,1,8,18000,47.6,Urban,1
81.51,80.72,-1.59,1.59,0.0,0.0,0,4,0,1,2,18000,98.1,Rural,0
91.88,89.34,-13.58,0.998,31.74,24.62,1,0,0,1,15,50000,87.1,Semi-Urban,0
84.76,81.53,-15.12,2.695,27.74,26.54,1,4,0,1,7,10000,53.6,Rural,1
20.0,20.0,25.62,-1.16,17.24,11.49,1,0,0,1,16,50000,60.4,Urban,1
53.66,51.08,-2.47,0.985,32.35,34.05,1,0,0,1,4,5000,51.2,Urban,0
41.45,46.92,6.69,-3.344,31.04,27.41,1,0,0,0,3,18000,42.3,Urban,1
69.87,66.78,-6.19,6.195,0.0,0.0,0,1,0,0,2,30000,68.9,Urban,0
95.49,93.14,-4.7,4.7,0.0,0.0,0,0,0,0,2,30000,43.7,Rural,0
88.22,87.8,-9.31,1.286,20.9,20.56,1,1,0,0,10,75000,73.7,Urban,0
52.29,50.65,-3.27,3.274,0.0,0.0,0,1,0,0,2,50000,85.8,Rural,0
24.5,28.43,15.35,-3.728,18.83,12.11,1,3,1,1,5,18000,45.9,Semi-Urban,1
89.44,85.14,-15.05,1.871,21.1,29.61,1,1,0,0,8,5000,82.0,Rural,0
89.51,88.2,-0.33,0.164,32.42,35.54,1,0,0,0,3,50000,97.7,Semi-Urban,0
100.0,99.44,-11.89,1.236,33.22,28.45,1,0,0,1,10,18000,55.3,Urban,0
91.44,90.42,-11.02,1.162,30.88,30.53,1,0,0,0,11,30000,58.0,Semi-Urban,0
68.54,65.44,-6.31,1.304,36.13,38.39,1,0,0,1,6,5000,83.9,Rural,0
27.85,30.97,11.31,-1.574,9.08,11.38,1,0,0,1,9,30000,94.6,Rural,1
39.55,40.44,31.94,-3.033,28.95,28.81,1,0,0,1,12,30000,89.7,Rural,1
28.74,31.29,11.2,-1.226,30.39,30.18,1,0,0,1,11,30000,88.5,Semi-Urban,1
100.0,100.0,-20.04,1.769,30.68,32.02,1,1,0,0,14,50000,66.7,Urban,0
43.22,45.24,55.98,-3.523,23.54,26.84,1,0,0,0,16,10000,87.7,Urban,1
23.59,29.33,40.55,-3.471,17.42,21.18,1,4,1,1,13,50000,71.2,Urban,1
78.12,75.74,-32.4,2.437,33.11,33.5,1,0,0,1,14,50000,52.9,Urban,0
21.85,25.57,16.78,-1.972,12.79,18.68,1,0,0,0,10,10000,84.5,Semi-Urban,1
97.71,92.13,-8.79,3.3,20.04,23.52,1,0,0,0,4,75000,73.4,Semi-Urban,0
96.13,92.26,-31.41,2.483,38.12,34.9,1,0,0,1,14,10000,85.9,Urban,0
93.36,92.69,-2.65,0.537,35.32,33.59,1,0,0,0,5,30000,51.8,Rural,0
96.57,91.23,-11.91,3.729,40.0,40.0,1,0,0,0,5,50000,77.0,Rural,0
20.0,20.0,14.35,-1.145,26.85,22.63,1,1,1,0,12,10000,45.3,Semi-Urban,1
72.19,67.02,-14.83,1.488,23.65,19.81,1,0,0,1,9,30000,67.6,Rural,0
93.93,91.33,-5.19,5.19,0.0,0.0,0,0,0,1,2,50000,72.5,Rural,0
73.77,72.82,-4.74,2.372,29.57,33.03,1,1,0,1,3,10000,67.5,Semi-Urban,0
100.0,99.65,-21.32,2.057,29.82,26.74,1,1,0,0,11,50000,74.6,Semi-Urban,0
49.95,56.1,27.75,-2.214,26.58,30.81,1,0,0,1,13,5000,70.1,Urban,1
100.0,99.88,-6.19,0.6,27.12,26.72,1,1,0,0,15,30000,72.2,Rural,0
27.86,33.37,30.76,-2.928,16.12,14.99,1,1,1,1,11,50000,49.7,Semi-Urban,1
68.73,69.71,8.35,-1.954,9.45,10.54,1,0,0,0,6,50000,64.5,Semi-Urban,0
20.18,24.58,25.11,-3.499,8.96,12.24,1,1,0,0,9,10000,48.0,Urban,1
43.78,43.08,-7.1,0.774,40.0,38.45,1,0,0,1,10,5000,53.6,Rural,1
59.07,59.27,13.8,-2.036,22.96,24.62,1,3,1,0,8,50000,90.5,Semi-Urban,1
54.56,57.72,32.48,-3.271,28.56,27.92,1,0,0,0,11,18000,93.4,Urban,0
79.46,77.12,-4.3,2.151,20.09,25.46,1,2,0,0,3,30000,73.3,Urban,0
82.21,82.2,-0.02,0.017,0.0,0.0,0,0,0,1,2,10000,90.8,Semi-Urban,0
65.52,62.93,-16.41,1.25,31.95,29.24,1,0,0,1,15,18000,77.8,Rural,0
89.33,91.35,-0.99,0.675,34.78,35.92,1,0,0,0,7,50000,64.8,Rural,0
72.89,68.18,-11.88,2.091,34.16,37.66,1,3,0,0,7,5000,52.4,Urban,0
86.67,81.77,-43.25,3.12,23.38,26.22,1,0,0,1,14,18000,85.9,Rural,0
51.71,51.21,-1.0,1.0,0.0,0.0,0,0,0,0,2,18000,87.7,Semi-Urban,0
27.92,35.22,26.92,-2.142,16.14,18.91,1,2,1,0,13,10000,49.5,Urban,1
100.0,100.0,-8.69,0.837,29.51,28.29,1,1,0,0,15,30000,67.2,Semi-Urban,0
47.65,43.34,-6.96,2.322,39.55,40.0,1,1,0,1,4,10000,51.7,Semi-Urban,1
20.0,21.43,16.37,-1.157,10.42,12.6,1,0,0,0,15,50000,73.7,Rural,1
37.52,41.41,11.83,-1.682,12.51,10.19,1,0,0,1,7,75000,69.9,Semi-Urban,1
71.17,66.89,-11.05,0.825,29.39,30.21,1,0,0,1,9,30000,43.4,Urban,0
42.6,47.25,38.23,-2.99,25.44,27.72,1,3,1,0,15,10000,82.8,Rural,1
35.67,35.67,-0.01,0.006,0.0,0.0,0,0,0,0,2,50000,46.1,Rural,0
100.0,100.0,-12.4,0.896,35.86,32.48,1,0,0,0,15,75000,61.6,Rural,0
52.31,50.64,-6.04,0.96,24.2,23.15,1,0,0,0,7,30000,85.0,Urban,0
54.25,54.1,-0.92,0.397,17.16,16.05,1,0,0,1,4,10000,84.3,Rural,0
46.72,52.22,38.13,-2.868,20.82,22.99,1,0,0,0,14,30000,43.7,Semi-Urban,1
60.06,57.38,-5.67,1.701,37.5,37.15,1,0,0,0,5,30000,70.4,Rural,0
97.56,93.96,-16.68,1.854,25.93,30.8,1,0,0,0,9,75000,75.0,Rural,0
82.04,80.57,-4.19,0.698,34.87,35.69,1,0,0,1,6,18000,96.3,Rural,0
66.8,71.18,28.87,-2.174,28.49,30.44,1,1,1,0,13,50000,84.4,Semi-Urban,1
68.93,72.5,22.9,-1.692,29.86,28.3,1,2,1,1,13,30000,87.0,Rural,1
76.37,81.13,16.82,-1.281,28.57,24.52,1,3,1,0,13,18000,45.0,Urban,1
83.16,81.45,-11.53,2.263,39.07,35.15,1,0,0,1,7,5000,52.0,Urban,0
20.0,20.0,15.61,-1.215,10.43,8.0,1,0,0,1,14,10000,67.2,Rural,1
20.0,20.0,34.36,-2.652,19.47,13.06,1,0,0,1,16,10000,96.8,Urban,1
55.38,52.98,-9.62,1.185,29.5,27.97,1,2,0,0,10,75000,77.5,Semi-Urban,0
50.76,49.4,2.55,-0.978,22.29,21.71,1,0,0,0,7,18000,59.8,Rural,0
42.44,40.92,-5.26,0.516,32.03,34.98,1,4,0,1,9,10000,44.8,Urban,1
60.99,62.04,2.1,-2.103,0.0,0.0,0,0,0,1,2,50000,69.5,Rural,0
43.35,42.32,5.85,-2.027,32.76,27.8,1,0,0,1,4,18000,84.4,Rural,1
100.0,98.7,-25.54,1.639,29.04,35.84,1,0,0,0,16,30000,51.1,Semi-Urban,0
69.03,68.59,-6.51,0.934,37.47,32.37,1,0,0,1,11,18000,74.2,Rural,0
55.69,58.06,10.59,-1.018,28.42,30.2,1,0,0,1,13,18000,97.9,Semi-Urban,0
50.2,58.12,15.45,-3.521,27.93,26.24,1,2,0,0,5,30000,47.1,Rural,1
65.73,69.22,10.46,-1.427,27.09,30.99,1,0,0,1,9,5000,61.8,Urban,1
92.9,88.7,-11.63,2.501,35.42,34.69,1,0,0,1,5,10000,60.0,Rural,0
68.8,72.73,26.07,-1.95,29.54,29.83,1,4,1,1,14,5000,83.3,Semi-Urban,1
20.0,20.0,20.39,-1.525,24.1,21.81,1,0,0,0,13,30000,66.2,Semi-Urban,0
57.08,60.69,6.98,-0.565,27.74,23.41,1,2,1,0,7,18000,72.2,Rural,0
69.0,74.5,7.47,-1.093,15.48,15.89,1,0,0,0,7,30000,43.1,Rural,0
85.7,82.08,-11.99,1.738,33.88,34.43,1,0,0,1,8,5000,53.4,Urban,0
73.09,74.2,-1.23,0.267,31.7,30.8,1,0,0,1,4,5000,55.1,Urban,0
88.73,89.49,8.36,-3.275,23.1,22.81,1,1,0,0,4,5000,63.9,Urban,0
69.46,71.43,4.13,-2.067,24.17,27.51,1,0,0,1,3,18000,81.8,Semi-Urban,0
80.54,81.47,-15.88,1.763,34.04,30.77,1,0,0,0,14,30000,91.8,Rural,0
85.46,85.93,1.32,-0.295,24.52,26.12,1,1,0,0,5,50000,55.8,Rural,0
55.11,52.98,-8.57,1.721,22.19,22.32,1,3,0,0,7,75000,62.1,Rural,0
62.81,68.39,30.48,-2.291,14.77,11.92,1,2,1,1,13,18000,98.1,Rural,1
83.84,82.26,-23.07,1.533,26.11,27.02,1,1,0,0,16,75000,96.7,Urban,0
66.85,67.03,15.81,-1.385,18.08,16.22,1,0,0,1,13,30000,74.0,Urban,0
89.89,91.47,-12.23,1.09,24.82,22.03,1,1,0,0,13,30000,57.0,Rural,0
61.5,59.34,-7.14,1.813,27.71,21.27,1,1,0,0,5,30000,47.6,Semi-Urban,0
100.0,97.89,-24.11,1.683,36.6,39.25,1,0,0,0,16,5000,63.0,Semi-Urban,0
85.6,82.17,-18.37,2.366,18.35,22.23,1,0,0,0,9,10000,80.6,Rural,0
71.03,71.45,0.45,-0.786,16.27,19.07,1,3,0,1,4,18000,70.1,Rural,1
57.82,57.31,-9.36,0.895,24.34,25.01,1,1,0,1,14,18000,96.1,Rural,0
22.98,27.08,33.98,-2.634,24.78,23.45,1,1,1,0,15,18000,42.9,Rural,1
48.37,44.52,-7.57,3.783,28.44,37.58,1,0,0,1,3,18000,83.8,Urban,0
37.62,37.28,-0.68,0.682,0.0,0.0,0,1,0,1,2,10000,89.6,Semi-Urban,0
77.38,74.22,-8.64,4.321,25.36,24.55,1,2,0,0,3,50000,78.8,Urban,0
55.32,51.62,-22.58,1.938,36.72,33.66,1,0,0,1,11,30000,63.4,Rural,0
90.81,84.98,-18.19,2.414,24.97,23.55,1,4,0,0,8,5000,97.6,Semi-Urban,0
20.0,20.0,28.12,-2.17,15.57,20.28,1,1,0,1,14,50000,42.5,Rural,1
73.8,70.81,-38.73,2.571,32.23,37.69,1,0,0,0,16,18000,46.0,Semi-Urban,0
87.79,83.13,-20.92,1.368,33.69,32.99,1,0,0,1,13,30000,70.2,Semi-Urban,0
32.24,35.17,49.62,-4.047,27.78,20.83,1,0,0,0,14,5000,94.0,Urban,1
59.75,57.97,-23.91,2.179,25.43,25.67,1,0,0,1,12,10000,88.6,Urban,0
100.0,100.0,-17.08,1.086,18.97,21.49,1,1,0,1,15,75000,95.7,Semi-Urban,0
64.27,69.25,20.4,-2.529,18.48,18.49,1,3,0,1,10,10000,93.3,Semi-Urban,1
76.99,75.14,-19.0,1.383,26.3,23.7,1,0,0,1,15,30000,48.2,Urban,0
74.17,72.89,-18.12,1.021,25.47,23.95,1,1,0,0,15,75000,58.1,Rural,0
39.07,35.84,-6.46,6.462,0.0,0.0,0,0,0,1,2,10000,52.8,Urban,0
89.01,90.13,2.8,-1.78,13.15,10.78,1,0,0,1,4,18000,54.8,Rural,1
64.83,60.73,-9.25,2.784,19.32,23.72,1,0,0,0,4,10000,97.8,Urban,0
67.91,67.22,1.53,-0.767,9.12,10.82,1,4,1,1,3,75000,69.9,Urban,1
72.73,68.73,-18.8,2.512,29.93,24.94,1,2,0,1,8,5000,59.3,Rural,1
67.27,71.61,10.57,-3.552,19.86,22.08,1,0,0,0,4,75000,83.4,Semi-Urban,0
72.5,66.71,-15.43,1.5,30.65,24.74,1,0,0,0,10,5000,57.4,Urban,0
100.0,98.41,-3.66,0.484,23.66,28.57,1,1,0,0,13,18000,64.5,Semi-Urban,0
78.38,73.03,-13.57,2.206,32.48,30.51,1,0,0,0,6,30000,52.8,Urban,0
54.66,51.3,-12.53,0.982,33.09,27.12,1,0,0,0,9,18000,59.7,Rural,0
39.9,38.2,5.88,-0.65,10.34,14.38,1,2,0,0,11,75000,68.3,Rural,1
52.6,52.06,-3.91,1.06,23.18,23.36,1,1,0,0,6,50000,43.9,Urban,0
100.0,100.0,-26.98,2.189,19.03,25.79,1,0,0,0,15,30000,52.5,Rural,0
33.36,34.83,4.01,-2.005,38.82,40.0,1,2,0,1,3,5000,95.4,Rural,1
20.0,20.0,12.19,-0.637,20.08,25.11,1,0,0,0,16,75000,84.3,Urban,1
79.77,79.47,-9.18,1.586,38.42,40.0,1,0,0,1,8,18000,51.3,Semi-Urban,0
60.56,54.63,-6.98,3.489,18.63,20.08,1,2,0,0,3,30000,68.4,Semi-Urban,0
49.27,56.11,20.24,-4.387,15.26,19.02,1,0,0,0,6,18000,88.5,Semi-Urban,1
100.0,99.81,-10.57,0.851,31.34,33.23,1,0,0,0,13,10000,63.3,Semi-Urban,0
58.32,55.64,-9.05,2.148,32.55,35.43,1,0,0,1,6,18000,56.7,Rural,0
99.55,99.88,-20.07,1.534,30.2,24.15,1,0,0,0,16,50000,91.7,Semi-Urban,0
100.0,96.07,-15.13,2.791,28.98,31.74,1,3,0,1,7,18000,86.4,Rural,0
100.0,100.0,-14.46,1.18,28.38,23.91,1,2,0,1,15,18000,83.6,Semi-Urban,0
33.93,40.11,22.35,-2.817,31.61,28.18,1,0,0,1,7,18000,59.1,Urban,1
45.49,50.87,10.62,-1.452,23.78,18.29,1,0,0,1,7,18000,95.0,Rural,1
86.92,76.99,-37.19,2.722,39.53,38.21,1,2,0,1,13,10000,67.2,Urban,0
36.29,39.57,30.94,-1.839,12.8,16.1,1,2,0,0,14,18000,72.8,Rural,1
49.4,55.73,35.54,-3.261,11.93,14.04,1,0,0,0,12,30000,84.8,Semi-Urban,1
33.1,36.05,28.65,-3.43,14.68,13.68,1,3,1,0,10,5000,42.7,Rural,1
33.57,39.18,35.58,-3.786,20.47,16.3,1,1,1,1,10,75000,42.1,Urban,1
87.58,87.5,2.47,-0.61,10.2,11.31,1,0,0,0,7,10000,73.7,Rural,0
100.0,97.68,-18.34,1.938,23.02,21.41,1,0,0,1,9,50000,86.6,Rural,0
99.62,96.16,-9.9,1.027,21.64,21.16,1,4,0,1,8,10000,94.2,Semi-Urban,1
94.29,91.43,-7.53,1.32,40.0,36.56,1,0,0,0,7,50000,88.6,Rural,0
60.93,55.89,-14.18,1.883,17.78,18.78,1,2,0,1,8,18000,50.9,Rural,1
43.38,46.13,6.08,-2.233,24.02,23.09,1,1,0,1,4,10000,52.2,Semi-Urban,1
67.3,62.85,-18.63,2.289,38.43,32.85,1,1,0,1,9,50000,96.3,Rural,0
100.0,100.0,-23.44,1.673,23.49,23.4,1,3,0,0,15,50000,60.7,Semi-Urban,0
59.24,54.8,-13.36,2.208,31.65,35.08,1,1,0,1,7,30000,76.5,Urban,0
47.67,53.73,14.03,-3.206,12.84,9.92,1,0,0,1,5,10000,97.0,Rural,1
86.22,83.51,-2.31,0.33,20.93,22.22,1,0,0,1,5,10000,42.9,Urban,0
50.83,50.47,0.03,-0.228,21.04,21.54,1,0,0,0,4,75000,66.0,Urban,0
32.53,34.06,12.81,-2.684,16.32,15.46,1,1,1,0,6,18000,77.6,Rural,1
35.56,36.19,5.62,-1.514,9.16,9.34,1,0,0,0,5,10000,78.3,Semi-Urban,1
66.37,63.95,-6.86,0.848,37.4,38.39,1,2,0,0,9,30000,84.6,Urban,0
90.82,86.98,-18.9,2.24,33.94,34.14,1,0,0,1,9,10000,43.5,Urban,0
66.29,69.93,26.43,-1.762,29.06,23.75,1,0,0,0,15,10000,98.9,Semi-Urban,0
100.0,96.45,-32.04,3.051,23.48,22.05,1,0,0,0,12,18000,81.3,Rural,0
54.37,52.24,-14.22,1.097,30.76,33.23,1,0,0,0,15,30000,74.9,Urban,0
91.67,90.71,-9.91,0.762,31.4,32.36,1,0,0,0,12,50000,72.6,Rural,0
66.49,74.66,18.11,-0.94,23.83,18.64,1,1,1,0,12,10000,74.5,Rural,0
54.07,51.81,-14.36,2.255,40.0,37.34,1,1,0,0,8,50000,67.7,Semi-Urban,0
78.46,77.83,-1.27,1.271,0.0,0.0,0,0,0,1,2,30000,47.1,Urban,0
96.1,94.36,-4.48,1.98,24.79,30.5,1,2,0,1,4,10000,83.3,Rural,0
24.78,30.69,30.24,-2.635,10.75,14.74,1,0,0,1,12,30000,83.9,Rural,1
62.28,63.89,3.21,-3.207,0.0,0.0,0,0,0,1,2,30000,68.0,Semi-Urban,0
32.95,36.68,27.3,-3.667,22.19,16.84,1,1,0,1,9,10000,48.2,Rural,1
73.45,73.93,0.96,-0.959,0.0,0.0,0,0,0,1,2,5000,96.4,Semi-Urban,0
78.64,77.28,-12.17,1.05,27.67,29.85,1,1,0,0,12,30000,81.0,Rural,0
68.19,70.19,21.76,-1.565,25.47,28.26,1,1,1,1,15,10000,71.5,Urban,1
46.36,46.84,8.82,-0.837,12.05,19.37,1,1,0,0,8,75000,68.7,Urban,1
20.0,24.01,19.9,-2.052,11.16,12.59,1,1,1,1,11,5000,98.7,Urban,1
42.08,41.88,-8.76,0.884,34.52,31.0,1,3,0,1,10,5000,48.3,Rural,1
100.0,100.0,-20.08,1.52,31.36,27.23,1,2,0,0,15,30000,80.8,Semi-Urban,0
100.0,100.0,-8.28,0.437,35.38,31.83,1,1,0,1,14,10000,81.4,Urban,0
91.37,86.65,-20.39,2.603,28.15,25.08,1,1,0,1,9,18000,65.7,Rural,0
100.0,100.0,-16.98,1.247,20.67,22.43,1,0,0,0,16,10000,61.3,Rural,0
21.35,25.48,15.74,-1.819,26.03,24.11,1,2,1,0,11,50000,66.2,Rural,1
64.11,68.08,26.58,-1.845,17.16,18.57,1,1,1,1,13,5000,87.9,Rural,1
54.82,63.32,25.16,-4.575,19.49,19.24,1,0,0,1,6,18000,92.4,Urban,1
65.59,62.17,-29.58,2.413,24.5,30.53,1,1,0,1,13,18000,89.0,Urban,0
69.3,73.85,21.86,-2.9,27.39,26.44,1,0,0,0,8,30000,75.8,Rural,0
20.0,20.96,32.52,-2.886,18.33,15.5,1,1,1,1,14,5000,80.1,Urban,1
42.45,46.98,19.73,-1.776,23.09,23.42,1,1,1,1,9,30000,96.1,Urban,1
79.26,78.22,-20.1,1.579,19.58,20.29,1,0,0,0,16,5000,79.3,Semi-Urban,0
100.0,98.22,-9.71,1.885,30.27,30.22,1,4,0,0,7,18000,57.3,Urban,0
66.05,69.06,9.01,-2.994,27.03,29.34,1,0,0,1,4,18000,63.8,Urban,0
65.92,69.08,31.53,-3.481,15.24,12.92,1,1,0,1,10,10000,52.4,Urban,1
75.12,69.82,-9.01,2.033,25.7,23.0,1,0,0,0,5,30000,41.5,Semi-Urban,0
100.0,99.71,-17.32,1.988,25.25,25.31,1,0,0,1,9,10000,79.2,Semi-Urban,0
20.0,20.0,27.15,-2.067,25.39,27.85,1,0,0,0,14,30000,40.1,Semi-Urban,1
44.41,51.25,17.21,-4.67,19.04,17.8,1,1,1,1,5,5000,84.4,Rural,1
47.52,49.87,22.05,-1.375,18.6,17.66,1,0,0,1,16,18000,51.8,Urban,1
61.5,64.46,14.47,-1.777,8.87,14.53,1,0,0,1,10,18000,84.5,Semi-Urban,1
73.58,72.82,-5.83,1.224,22.67,21.54,1,0,0,1,6,18000,53.9,Semi-Urban,0
37.16,39.74,24.23,-1.773,27.8,25.39,1,0,0,0,14,18000,75.7,Urban,0
67.45,70.46,12.46,-1.202,11.09,13.52,1,0,0,1,8,30000,62.5,Rural,1
75.68,72.94,-28.15,2.04,35.76,35.86,1,1,0,0,16,5000,95.1,Rural,0
53.4,56.06,-2.19,0.663,19.16,17.5,1,3,1,1,4,10000,65.9,Rural,1
64.18,61.05,-22.96,1.593,22.69,22.47,1,0,0,1,15,75000,75.8,Rural,0
59.68,63.2,7.06,-7.057,0.0,0.0,0,3,1,1,2,18000,69.6,Urban,1
30.88,36.32,24.95,-3.007,20.18,25.5,1,0,0,1,8,18000,55.8,Rural,1
25.26,28.29,19.4,-3.471,21.12,16.09,1,0,0,0,7,30000,59.8,Urban,1
43.4,44.53,0.95,-0.473,32.09,31.67,1,0,0,0,3,50000,68.4,Urban,0
60.69,58.53,-20.53,1.648,25.9,29.54,1,0,0,0,14,10000,56.6,Rural,0
65.5,62.39,-9.87,2.413,24.83,25.44,1,0,0,1,5,10000,47.3,Rural,0
43.28,40.07,-8.68,0.582,37.84,35.39,1,1,0,1,10,18000,45.0,Semi-Urban,1
20.0,22.99,28.47,-2.612,19.96,18.4,1,4,1,1,11,50000,69.7,Rural,1
96.23,94.1,-11.7,1.664,22.29,22.73,1,1,0,0,7,5000,62.9,Rural,0
64.95,67.19,10.36,-0.904,19.56,17.52,1,2,0,0,12,10000,51.3,Urban,1
95.81,94.46,1.96,0.307,26.4,27.91,1,2,0,1,4,30000,83.9,Rural,0
26.96,25.62,15.18,-1.782,28.82,27.54,1,0,0,0,10,30000,65.6,Urban,0
83.71,87.49,7.1,-3.551,12.53,12.43,1,0,0,1,3,18000,40.5,Semi-Urban,1
52.28,58.15,17.44,-2.429,15.83,15.98,1,4,1,0,9,10000,47.4,Rural,1
88.49,84.13,-18.31,1.739,28.05,26.13,1,0,0,0,11,30000,60.3,Urban,0
20.0,20.64,32.83,-2.864,13.6,13.39,1,0,0,1,15,10000,98.8,Urban,1
70.37,68.14,-4.47,4.467,0.0,0.0,0,0,0,0,2,30000,52.0,Rural,0
50.4,50.27,-3.58,1.15,33.44,27.18,1,0,0,1,4,18000,68.4,Rural,0
68.05,64.35,-6.62,2.053,19.31,20.8,1,1,0,0,4,30000,51.3,Urban,0
24.08,34.7,34.34,-2.569,17.34,10.75,1,0,0,1,11,10000,69.6,Semi-Urban,1
59.26,58.02,-21.01,1.566,32.11,27.22,1,1,0,0,16,30000,76.5,Semi-Urban,0
97.68,92.63,-9.1,1.52,35.08,34.42,1,3,0,1,7,10000,85.4,Rural,0
64.15,63.12,-2.05,2.052,0.0,0.0,0,0,0,0,2,5000,93.1,Urban,0
100.0,100.0,-14.88,0.967,30.56,33.47,1,1,0,0,15,50000,92.7,Rural,0
41.14,41.01,-0.79,0.393,24.34,27.64,1,0,0,0,3,5000,47.2,Rural,0
53.75,50.67,-12.45,2.328,26.31,31.75,1,0,0,1,7,18000,98.3,Rural,0
78.88,80.83,-7.51,0.754,15.91,24.96,1,3,0,0,15,18000,78.8,Semi-Urban,0
100.0,100.0,-11.12,0.953,38.36,34.37,1,0,0,0,15,10000,72.8,Semi-Urban,0
20.0,20.0,24.5,-1.778,16.39,19.53,1,0,0,0,15,18000,62.0,Urban,0
69.67,71.36,3.04,-1.52,19.57,22.73,1,0,0,1,3,5000,64.9,Semi-Urban,0
61.92,60.47,-3.12,0.697,26.45,29.27,1,0,0,0,8,30000,86.5,Rural,0
36.11,38.88,22.62,-2.855,23.69,21.3,1,0,0,1,10,50000,79.7,Urban,1
100.0,97.97,-7.29,0.354,17.43,21.8,1,0,0,0,12,50000,93.1,Rural,0
46.82,51.6,20.26,-1.599,18.84,21.06,1,4,1,0,11,18000,58.5,Semi-Urban,1
83.89,81.09,-27.84,2.01,18.98,21.78,1,1,0,0,15,75000,83.3,Semi-Urban,0
37.2,42.02,19.67,-1.843,28.92,26.92,1,0,0,0,11,75000,67.1,Rural,0
94.3,91.16,-31.26,2.502,36.31,34.07,1,0,0,1,13,50000,86.7,Rural,0
49.04,56.86,16.82,-3.385,13.07,15.51,1,0,0,1,6,5000,69.3,Semi-Urban,1
100.0,100.0,-9.69,0.746,23.96,24.88,1,0,0,1,14,30000,64.5,Urban,0
61.56,58.35,-13.65,2.371,40.0,39.11,1,0,0,1,7,10000,47.4,Urban,0
89.96,87.77,-11.14,1.051,36.47,35.59,1,0,0,0,11,18000,63.9,Urban,0
20.0,20.0,27.61,-1.827,12.75,10.43,1,0,0,0,14,10000,53.6,Urban,1
78.45,73.5,-32.83,2.277,39.44,33.02,1,3,0,0,14,50000,67.9,Semi-Urban,0
75.81,73.96,-17.3,1.408,33.24,32.45,1,0,0,1,13,50000,55.4,Rural,0
49.36,47.82,-8.85,0.987,31.4,25.36,1,0,0,1,9,30000,41.1,Semi-Urban,0
39.9,45.86,14.59,-5.178,13.81,15.29,1,0,0,0,4,30000,75.8,Rural,1
98.39,96.27,-11.3,1.313,26.34,29.76,1,4,0,0,11,50000,93.3,Semi-Urban,0
66.26,63.06,-4.55,2.274,13.25,20.73,1,1,1,1,3,50000,61.3,Rural,1
69.62,67.93,-12.97,1.724,40.0,36.95,1,0,0,1,9,10000,59.1,Rural,0
59.54,62.77,23.81,-2.405,22.75,21.51,1,0,0,1,12,10000,66.0,Urban,1
89.34,86.38,-5.82,2.908,40.0,40.0,1,0,0,1,3,5000,94.3,Semi-Urban,0
74.82,70.82,-9.67,1.819,18.93,26.33,1,0,0,1,7,50000,55.0,Semi-Urban,0
20.0,25.97,16.82,-3.202,15.56,15.76,1,0,0,1,6,18000,80.3,Rural,1
97.2,95.95,-2.51,2.508,0.0,0.0,0,0,0,0,2,10000,85.8,Urban,0
76.74,78.0,-3.83,0.557,33.24,26.8,1,0,0,0,11,30000,91.2,Urban,0
58.17,58.09,-0.16,0.16,0.0,0.0,0,0,0,1,2,18000,79.0,Rural,0
20.0,21.08,18.63,-1.8,9.43,12.93,1,0,0,0,12,30000,61.0,Semi-Urban,0
20.0,20.0,29.82,-2.299,20.84,23.83,1,3,1,1,15,5000,93.8,Semi-Urban,1
70.53,71.95,10.45,-1.422,20.1,17.99,1,1,1,1,8,18000,85.2,Rural,1
100.0,97.71,-15.7,0.987,38.84,36.69,1,1,0,1,14,30000,92.5,Semi-Urban,0
100.0,100.0,-13.01,1.162,25.69,20.58,1,0,0,0,13,75000,47.1,Semi-Urban,0
75.73,73.55,-20.08,1.465,25.32,24.18,1,0,0,0,16,5000,86.3,Urban,0
20.0,20.0,25.42,-2.421,21.07,17.99,1,2,0,1,12,18000,81.0,Urban,1
43.48,49.1,28.85,-2.993,24.84,30.39,1,0,0,1,10,18000,90.4,Urban,1
43.1,53.1,41.03,-4.114,24.84,26.77,1,3,1,1,10,18000,83.5,Urban,1
94.68,92.7,-25.42,1.841,21.92,28.96,1,0,0,0,15,18000,83.3,Urban,0
66.88,70.14,12.84,-1.516,20.91,24.0,1,0,0,1,9,10000,43.4,Rural,1
62.11,57.84,1.42,-0.735,26.0,31.87,1,1,1,1,5,5000,88.2,Semi-Urban,1
46.64,51.79,44.27,-3.807,26.08,23.96,1,2,0,1,13,30000,55.9,Urban,1
44.37,49.65,25.19,-2.556,20.07,15.92,1,0,0,0,10,50000,96.7,Semi-Urban,1
83.47,84.42,-3.84,0.428,36.94,35.59,1,0,0,0,10,30000,87.7,Urban,0
67.24,66.27,-8.07,0.853,33.6,34.31,1,0,0,1,11,10000,97.1,Rural,0
80.45,78.51,-3.87,3.868,0.0,0.0,0,2,0,1,2,18000,62.9,Urban,0
67.05,63.81,10.71,-1.376,12.32,13.89,1,0,0,1,15,5000,90.1,Rural,1
73.46,70.65,-7.27,2.722,22.95,23.54,1,1,0,0,4,18000,79.0,Rural,0
100.0,98.51,-15.34,1.172,21.38,22.24,1,1,0,0,16,30000,62.6,Semi-Urban,0
62.05,60.66,-6.08,1.992,39.64,36.75,1,4,0,1,4,18000,84.8,Urban,1
22.1,24.18,11.08,-1.937,30.05,26.47,1,1,1,0,7,75000,50.9,Semi-Urban,1
76.45,76.22,-0.45,0.454,0.0,0.0,0,0,0,0,2,18000,91.3,Urban,0
44.8,49.09,9.33,-2.041,15.39,15.52,1,0,0,1,5,50000,54.8,Semi-Urban,1
85.25,78.26,-43.99,2.916,34.46,37.57,1,2,0,0,15,50000,52.9,Semi-Urban,0
42.19,46.44,20.07,-4.187,13.7,11.77,1,2,1,1,6,18000,93.0,Rural,1
94.53,93.21,-2.64,2.643,0.0,0.0,0,0,0,1,2,5000,87.0,Urban,0
43.14,42.52,-2.55,1.038,32.34,34.72,1,2,0,0,6,10000,86.8,Rural,1
20.36,20.82,15.59,-1.306,26.12,23.77,1,0,0,1,13,10000,84.4,Rural,1
51.94,50.7,-2.48,2.477,0.0,0.0,0,2,0,1,2,18000,76.9,Semi-Urban,0
70.67,71.44,11.49,-0.873,12.57,9.95,1,2,1,1,15,10000,47.2,Urban,1
78.03,78.68,-2.21,0.925,38.73,32.9,1,0,0,0,5,18000,50.0,Urban,0
49.52,55.95,24.03,-2.61,7.79,12.26,1,0,0,0,10,30000,73.0,Semi-Urban,1
79.4,75.27,-11.72,1.49,34.56,34.37,1,1,0,0,8,10000,65.2,Rural,0
68.14,64.65,-16.65,2.525,19.86,20.42,1,3,0,1,8,10000,65.9,Semi-Urban,1
30.54,39.28,24.9,-4.129,15.9,20.6,1,1,1,0,6,30000,40.0,Urban,1
80.34,81.9,4.41,-1.512,20.72,23.61,1,2,1,0,5,10000,92.3,Rural,1
42.49,44.82,43.63,-3.146,16.78,18.0,1,1,1,0,15,5000,69.4,Semi-Urban,1
100.0,96.85,-23.94,2.289,39.89,39.17,1,0,0,1,12,50000,54.5,Semi-Urban,0
49.14,56.31,18.64,-3.72,17.09,16.04,1,0,0,0,6,5000,64.9,Rural,1
57.7,55.91,-18.96,2.032,33.23,36.37,1,0,0,0,11,18000,52.4,Rural,0
72.69,74.09,5.59,-1.282,27.34,25.33,1,0,0,0,4,50000,40.7,Rural,0
70.94,74.04,6.21,-6.214,0.0,0.0,0,4,0,1,2,18000,45.5,Rural,1
20.0,20.0,31.89,-2.631,13.71,10.8,1,0,0,1,15,18000,83.2,Rural,1
47.63,54.06,16.84,-6.553,28.71,27.87,1,0,0,1,4,5000,97.4,Urban,1
31.37,34.4,32.01,-2.079,19.46,24.37,1,0,0,0,15,18000,67.3,Urban,1
92.88,92.7,-0.36,0.36,0.0,0.0,0,0,0,0,2,18000,75.0,Urban,0
63.03,61.46,-17.4,1.555,31.97,36.87,1,3,0,1,14,50000,73.2,Urban,0
43.82,47.36,6.61,-3.305,33.43,31.37,1,0,0,0,3,10000,58.8,Urban,1
96.71,91.23,-15.79,3.163,40.0,35.63,1,4,0,0,6,50000,60.7,Urban,0
20.0,22.09,37.11,-2.574,18.77,14.21,1,0,0,0,16,75000,72.4,Urban,1
23.38,30.1,41.72,-3.785,28.07,26.72,1,1,1,0,12,18000,48.0,Rural,1
95.35,93.35,-41.63,3.079,18.05,22.66,1,1,0,0,15,5000,75.3,Rural,0
100.0,100.0,-7.92,0.782,32.64,35.29,1,2,0,0,12,10000,65.1,Semi-Urban,0
53.01,58.73,27.72,-3.364,20.11,18.88,1,1,0,1,10,5000,83.6,Rural,1
42.8,43.61,-3.92,1.135,33.91,35.0,1,1,0,0,7,18000,72.4,Urban,0
20.0,20.0,21.9,-1.376,22.16,23.41,1,2,0,0,14,10000,77.3,Semi-Urban,1
81.2,81.61,-18.23,1.703,32.47,27.62,1,2,0,1,14,5000,94.7,Urban,0
100.0,100.0,-10.07,0.45,24.53,20.04,1,0,0,1,13,5000,57.8,Urban,0
62.86,67.23,11.39,-2.657,25.32,24.89,1,2,1,1,5,30000,59.3,Rural,1
83.34,82.77,-11.1,2.214,29.23,35.81,1,0,0,0,7,10000,78.9,Urban,0
48.06,44.42,-7.77,2.561,22.1,25.37,1,0,0,1,5,10000,74.6,Semi-Urban,0
35.6,36.98,2.78,-2.776,0.0,0.0,0,0,0,0,2,18000,69.9,Urban,0
97.88,96.97,-4.07,2.034,25.53,30.02,1,0,0,0,3,18000,83.9,Urban,0
61.61,68.93,21.12,-2.479,27.4,26.32,1,0,0,1,9,18000,81.9,Urban,1
28.92,33.36,12.45,-0.926,16.56,15.82,1,0,0,1,9,18000,82.7,Urban,1
61.93,58.25,-13.51,1.788,38.22,31.0,1,2,0,0,8,75000,87.5,Urban,0
100.0,96.98,-30.13,2.337,25.52,26.78,1,1,0,0,15,50000,97.1,Rural,0
54.67,65.66,20.01,-3.62,25.59,22.59,1,2,0,0,6,75000,94.8,Semi-Urban,1
45.18,49.94,12.35,-1.711,10.85,7.84,1,0,0,1,10,18000,67.8,Urban,1
48.2,47.59,-1.09,0.545,30.55,34.68,1,0,0,1,3,30000,48.0,Rural,0
94.27,92.61,3.51,-0.459,9.06,12.49,1,1,0,1,7,5000,84.7,Rural,1
62.3,58.55,-12.15,2.951,35.11,37.99,1,0,0,0,6,30000,91.6,Rural,0
99.17,98.83,-13.37,1.638,39.2,39.7,1,0,0,0,12,50000,51.8,Semi-Urban,0
78.11,74.98,-8.95,1.191,24.94,18.68,1,1,0,1,9,30000,57.3,Semi-Urban,0
48.05,50.69,14.99,-2.538,16.58,16.69,1,2,1,0,6,5000,72.6,Urban,1
49.16,47.83,-4.18,2.091,26.73,27.0,1,1,0,0,3,18000,96.2,Semi-Urban,0
73.25,70.83,-14.16,1.935,30.76,33.94,1,1,0,0,8,10000,89.6,Urban,0
100.0,100.0,-6.93,0.516,35.26,40.0,1,0,0,1,15,18000,77.0,Semi-Urban,0
20.0,26.41,21.08,-1.5,30.07,23.56,1,1,1,0,13,18000,95.5,Semi-Urban,1
36.58,44.09,41.48,-2.981,14.5,17.66,1,1,1,1,12,30000,52.1,Urban,1
100.0,100.0,-14.61,1.318,27.37,32.3,1,1,0,1,14,10000,88.8,Urban,0
50.81,51.3,0.33,-0.166,19.81,22.07,1,1,1,1,3,50000,95.6,Rural,1
98.83,94.57,-25.21,2.971,33.35,38.4,1,1,0,1,10,30000,48.2,Urban,0
92.31,86.67,-17.15,2.67,29.45,33.91,1,0,0,1,7,10000,77.9,Semi-Urban,0
20.0,25.57,45.39,-3.902,10.53,15.46,1,1,1,0,13,10000,69.1,Rural,1
65.96,68.75,10.67,-1.757,9.1,11.46,1,0,0,1,8,18000,53.8,Semi-Urban,1
100.0,98.82,-21.14,2.082,36.52,35.6,1,1,0,0,12,18000,86.4,Rural,0
57.1,67.46,33.55,-2.82,26.13,26.38,1,0,0,0,12,30000,74.2,Urban,0
70.11,64.83,-35.22,2.172,35.47,36.71,1,0,0,1,16,18000,97.7,Urban,0
21.69,26.27,38.05,-2.744,23.02,23.41,1,0,0,0,14,30000,97.8,Urban,1
67.69,71.24,23.37,-2.982,23.26,17.08,1,0,0,0,9,18000,89.1,Rural,0
100.0,100.0,-14.79,1.393,25.04,24.15,1,3,0,1,10,75000,58.5,Rural,0
69.73,71.95,4.44,-4.437,0.0,0.0,0,0,0,1,2,18000,46.1,Rural,1
85.55,81.83,-7.38,3.689,28.77,27.47,1,1,0,0,3,30000,57.4,Urban,0
61.72,58.88,-19.13,1.808,23.02,22.02,1,3,0,0,12,18000,76.5,Rural,0
50.06,57.94,44.73,-3.91,29.28,22.4,1,0,0,0,12,30000,42.6,Semi-Urban,0
31.4,35.71,36.6,-3.885,13.88,7.54,1,0,0,1,11,30000,96.9,Rural,1
81.11,79.47,-4.91,0.754,32.47,34.35,1,1,0,1,8,18000,73.0,Semi-Urban,0
62.65,66.96,26.86,-3.002,17.96,15.49,1,1,1,0,9,50000,47.7,Rural,1
72.48,73.99,16.76,-2.591,30.3,27.43,1,4,1,0,8,30000,59.9,Rural,1
51.4,50.98,19.9,-2.838,22.74,16.34,1,0,0,1,10,5000,64.1,Rural,1
34.53,38.73,17.55,-2.696,20.73,21.34,1,0,0,1,7,10000,95.3,Rural,1
86.53,86.92,-11.74,1.988,40.0,35.42,1,0,0,1,8,75000,58.1,Urban,0
35.08,38.41,31.44,-2.121,27.85,26.73,1,1,0,0,15,50000,81.1,Urban,1
86.78,83.75,-19.4,1.513,19.59,20.8,1,0,0,1,14,50000,52.9,Rural,0
46.11,50.2,10.2,-3.172,14.93,15.14,1,3,1,1,4,18000,75.5,Urban,1
21.5,25.73,30.28,-2.024,16.42,17.04,1,1,0,1,14,5000,88.2,Urban,1
78.07,79.26,2.37,-2.368,0.0,0.0,0,1,1,1,2,30000,55.3,Rural,1
49.16,48.95,21.13,-2.854,24.74,27.44,1,0,0,0,10,10000,61.5,Urban,1
86.71,86.22,-4.56,0.544,23.0,27.35,1,0,0,1,9,10000,46.1,Semi-Urban,0
58.83,57.76,-3.31,1.654,27.92,29.93,1,0,0,1,3,5000,95.8,Semi-Urban,0
79.67,77.7,-2.66,1.331,22.27,20.17,1,1,0,1,3,5000,76.3,Urban,0
91.48,90.17,-11.23,0.676,29.42,29.57,1,0,0,1,16,30000,63.3,Rural,0
59.88,61.16,16.5,-2.756,9.22,12.36,1,3,0,0,7,5000,91.4,Rural,1
54.8,55.35,-8.06,0.595,30.33,33.46,1,2,0,1,16,18000,96.7,Urban,0
45.71,45.3,-0.44,-0.227,23.45,26.13,1,0,0,1,5,18000,86.2,Urban,1
89.05,91.33,7.73,-3.866,11.88,12.03,1,0,0,1,3,5000,94.0,Urban,1
97.86,91.49,-17.8,2.003,24.84,27.8,1,1,0,0,8,18000,89.0,Semi-Urban,0
28.84,34.95,25.66,-2.176,16.94,10.54,1,1,0,1,14,5000,80.5,Rural,1
70.27,69.29,12.59,-1.066,14.94,19.4,1,0,0,0,16,50000,92.1,Urban,0
92.55,92.46,-6.56,0.573,33.43,32.66,1,1,0,0,16,10000,69.8,Semi-Urban,0
69.44,70.88,17.98,-3.464,25.82,27.77,1,2,0,1,6,30000,76.1,Semi-Urban,1
30.7,33.87,33.37,-4.165,20.44,21.9,1,0,0,0,9,30000,66.9,Rural,1
95.14,93.92,-2.44,2.442,0.0,0.0,0,0,0,1,2,10000,61.6,Urban,0
59.07,57.7,-15.05,1.972,39.15,37.78,1,0,0,0,10,50000,57.2,Semi-Urban,0
100.0,100.0,-18.08,0.892,30.29,31.15,1,0,0,0,16,75000,69.4,Urban,0
67.32,66.9,-0.83,0.831,0.0,0.0,0,0,0,0,2,75000,77.0,Urban,0
79.65,80.37,-5.11,1.402,30.17,28.72,1,0,0,0,7,30000,89.5,Semi-Urban,0
26.13,30.95,50.14,-3.557,15.41,11.14,1,0,0,1,15,50000,62.6,Rural,1
37.88,41.72,13.29,-2.414,23.01,26.96,1,0,0,0,6,10000,43.8,Urban,1
53.28,49.66,-11.32,2.543,20.98,15.71,1,4,0,0,5,50000,91.2,Rural,0
39.98,40.88,10.97,-1.425,26.35,26.2,1,2,1,0,8,5000,44.0,Rural,1
100.0,99.58,-17.65,2.245,26.91,27.54,1,3,0,1,12,10000,86.7,Semi-Urban,0
100.0,95.91,-37.38,2.669,28.28,26.19,1,0,0,1,14,75000,54.0,Rural,0
97.38,95.71,-12.78,2.011,36.41,36.25,1,1,0,1,8,50000,67.9,Urban,0
100.0,100.0,-19.21,1.911,37.52,40.0,1,4,0,1,13,75000,46.6,Urban,0
100.0,97.08,-24.92,1.78,22.46,26.75,1,3,0,0,16,50000,78.2,Rural,0
31.4,38.54,51.75,-4.051,14.6,17.41,1,3,1,0,13,30000,64.7,Urban,1
100.0,100.0,-14.8,1.076,32.09,28.35,1,3,0,1,16,50000,55.7,Urban,0
20.0,25.12,41.66,-2.631,23.67,20.97,1,0,0,1,16,5000,86.1,Semi-Urban,1
70.4,73.75,6.71,-6.714,0.0,0.0,0,0,0,1,2,10000,51.3,Semi-Urban,1
62.5,64.65,2.84,-1.421,14.02,15.07,1,0,0,0,3,75000,51.3,Urban,0
52.4,59.81,21.36,-3.443,21.13,21.4,1,0,0,0,7,30000,77.9,Semi-Urban,1
72.44,69.02,-13.68,1.944,29.94,27.0,1,2,0,1,8,30000,94.4,Urban,0
44.53,42.95,-3.15,3.146,0.0,0.0,0,0,0,0,2,30000,44.0,Urban,0
20.0,20.0,16.38,-1.261,23.29,22.5,1,1,1,0,13,75000,70.7,Rural,0
48.56,47.11,-10.26,1.179,31.0,29.47,1,0,0,0,10,10000,45.6,Rural,0
92.38,90.15,-10.48,0.545,18.55,22.75,1,1,0,0,14,30000,46.0,Rural,0
20.0,21.14,24.88,-2.673,29.76,26.6,1,0,0,1,12,50000,44.4,Urban,1
89.51,87.29,-10.48,1.297,21.54,26.75,1,0,0,0,8,10000,60.6,Rural,0
75.19,74.38,-19.81,2.669,27.54,29.83,1,1,0,1,9,75000,90.7,Urban,0
89.19,83.98,-17.0,2.663,34.42,32.02,1,2,0,0,8,5000,69.0,Rural,0
81.34,79.73,-5.51,0.457,29.22,36.08,1,3,0,0,10,75000,41.1,Urban,0
100.0,94.45,-12.47,2.363,27.8,26.33,1,2,0,0,6,18000,83.8,Semi-Urban,0
24.92,28.48,16.83,-2.714,30.68,28.57,1,3,0,0,7,18000,75.3,Semi-Urban,1
59.05,57.35,-7.36,1.575,32.22,31.22,1,0,0,0,5,5000,90.4,Semi-Urban,0
71.92,67.56,-23.32,2.215,40.0,36.68,1,0,0,0,11,75000,88.3,Urban,0
100.0,99.2,-27.3,1.914,15.91,27.02,1,1,0,0,16,10000,90.3,Semi-Urban,0
100.0,97.88,-41.56,2.82,32.55,34.43,1,0,0,0,16,10000,59.3,Semi-Urban,0
63.19,67.66,25.28,-3.716,21.64,25.43,1,0,0,1,8,10000,59.2,Urban,1
56.42,59.81,18.29,-1.558,25.99,29.74,1,0,0,1,11,10000,41.1,Urban,1
98.42,95.7,-23.64,2.91,23.24,28.62,1,2,0,0,9,18000,73.6,Urban,0
20.0,20.0,16.57,-1.476,13.62,15.03,1,0,0,0,14,10000,95.8,Rural,1
77.77,78.62,-10.95,2.088,40.0,40.0,1,0,0,1,6,5000,59.8,Urban,0
32.14,36.01,15.12,-2.569,23.34,23.39,1,3,1,1,6,18000,48.9,Rural,1
60.13,64.84,11.25,-3.639,19.74,17.11,1,0,0,1,4,30000,45.4,Urban,1
62.32,61.72,-5.59,0.762,24.53,23.11,1,0,0,0,6,30000,64.5,Semi-Urban,0
31.33,37.8,44.02,-3.115,19.6,19.47,1,0,0,0,15,10000,93.9,Rural,1
57.01,57.27,21.82,-1.731,25.35,21.81,1,2,0,0,13,5000,86.7,Semi-Urban,1
89.55,90.65,2.18,-2.183,0.0,0.0,0,0,0,0,2,30000,68.7,Semi-Urban,0
47.27,42.51,-7.55,2.484,30.37,36.57,1,0,0,1,4,5000,62.6,Semi-Urban,0
90.65,82.61,-38.13,2.4,23.02,22.8,1,2,0,1,15,5000,66.6,Semi-Urban,0
54.27,56.67,4.82,-4.815,0.0,0.0,0,0,0,1,2,30000,61.1,Rural,1
39.76,44.39,9.29,-4.643,25.15,23.6,1,0,0,0,3,30000,72.5,Rural,1
87.56,85.09,-3.39,0.988,24.19,25.59,1,1,0,1,4,5000,76.5,Urban,0
73.45,74.8,2.69,-2.694,0.0,0.0,0,1,0,1,2,5000,86.6,Semi-Urban,1
100.0,99.91,-4.95,0.585,37.99,37.25,1,1,0,0,12,5000,49.1,Urban,0
57.79,57.05,-2.39,0.182,38.08,38.83,1,0,0,0,11,30000,42.2,Rural,0
95.56,92.14,-5.13,1.64,39.02,36.66,1,4,0,1,5,30000,67.7,Urban,0
100.0,100.0,-5.67,0.685,19.06,25.28,1,0,0,1,8,75000,72.4,Semi-Urban,0
75.87,76.66,13.35,-2.552,11.6,17.6,1,0,0,1,6,75000,86.7,Urban,1
42.65,50.72,38.93,-3.584,19.15,18.48,1,0,0,0,11,30000,97.1,Semi-Urban,1
21.86,29.49,45.91,-4.131,17.46,20.29,1,0,0,1,12,18000,55.7,Semi-Urban,1
59.6,57.87,-15.49,1.667,31.33,30.33,1,0,0,0,10,75000,57.8,Semi-Urban,0
20.0,21.72,35.68,-2.721,17.24,14.28,1,2,1,0,16,50000,80.4,Rural,1
20.68,26.3,17.07,-1.655,33.3,30.76,1,0,0,1,10,10000,83.3,Urban,1
61.79,60.45,-12.42,0.827,21.99,20.42,1,0,0,1,15,18000,46.1,Semi-Urban,0
100.0,99.53,-10.81,1.134,40.0,33.07,1,1,0,1,10,10000,85.0,Rural,0
20.0,20.0,12.42,-1.396,13.81,18.87,1,0,0,1,11,18000,77.9,Urban,1
29.02,32.57,15.94,-2.336,19.52,10.08,1,0,0,0,7,30000,89.4,Urban,1
52.46,51.12,-4.21,1.265,23.65,21.59,1,0,0,0,4,30000,92.8,Semi-Urban,0
30.75,34.61,15.71,-3.162,22.24,22.57,1,0,0,1,7,30000,87.9,Rural,1
38.19,45.54,13.56,-3.255,26.75,25.27,1,3,1,0,5,50000,50.1,Rural,1
90.07,89.36,-2.38,0.734,33.23,40.0,1,2,0,0,4,5000,51.2,Urban,0
20.0,22.47,27.61,-2.713,18.67,10.59,1,1,0,0,11,18000,78.1,Semi-Urban,1
52.85,49.91,-6.03,2.028,19.34,23.67,1,2,0,1,4,50000,64.8,Semi-Urban,0
70.15,65.42,-17.32,1.309,29.49,30.19,1,2,0,1,14,30000,57.4,Rural,0
50.1,55.89,10.89,-3.455,20.45,17.0,1,0,0,0,4,30000,89.3,Rural,0
75.7,70.13,-23.87,1.922,32.29,32.81,1,0,0,1,12,30000,46.0,Semi-Urban,0
29.04,38.99,17.66,-3.074,21.98,26.55,1,0,0,1,6,18000,81.1,Semi-Urban,1
98.97,97.81,-7.0,1.298,25.5,28.47,1,0,0,0,6,10000,81.8,Semi-Urban,0
32.39,39.32,13.82,-4.308,25.51,26.98,1,0,0,0,4,50000,55.9,Rural,1
20.0,21.05,20.67,-2.248,11.2,14.8,1,0,0,1,10,30000,69.0,Urban,1
100.0,100.0,-18.24,1.276,33.15,33.31,1,3,0,0,15,30000,74.5,Semi-Urban,0
39.66,41.44,16.67,-1.292,27.28,24.44,1,2,0,0,12,18000,88.2,Rural,1
45.1,45.16,0.11,-0.105,0.0,0.0,0,4,1,1,2,10000,48.5,Semi-Urban,1
38.43,40.68,1.26,-0.632,25.59,29.59,1,0,0,1,3,18000,54.8,Urban,1
53.62,57.01,14.47,-1.518,20.43,21.0,1,0,0,1,14,30000,66.1,Rural,1
100.0,99.71,-8.67,1.255,23.77,21.52,1,2,0,0,11,30000,92.5,Semi-Urban,0
68.41,65.87,-12.47,0.688,25.27,29.94,1,1,0,0,15,5000,52.9,Urban,0
74.0,76.99,18.61,-1.49,25.39,23.01,1,2,1,0,11,10000,93.3,Urban,0
65.23,71.12,17.42,-2.692,15.09,15.21,1,0,0,1,6,10000,49.9,Rural,1
43.68,50.33,43.6,-3.237,22.33,27.44,1,2,0,0,14,30000,74.7,Rural,1
20.0,20.0,21.41,-1.658,16.87,18.88,1,0,0,0,15,5000,72.4,Rural,1
20.0,22.46,24.8,-2.386,16.47,15.67,1,0,0,1,12,50000,56.5,Rural,1
53.3,48.94,-15.29,2.41,23.64,18.65,1,1,0,0,7,50000,63.2,Urban,0
77.31,76.99,-0.46,0.229,30.0,31.29,1,0,0,0,3,75000,91.5,Semi-Urban,0
46.48,47.17,1.37,-0.684,6.3,8.09,1,2,0,1,3,10000,50.0,Rural,1
29.09,30.43,4.48,-0.659,17.63,19.26,1,0,0,1,6,30000,80.6,Urban,1
88.67,86.17,-22.34,2.128,22.58,29.91,1,0,0,0,13,30000,61.6,Semi-Urban,0
100.0,99.52,-15.24,1.562,25.28,25.55,1,2,0,0,11,5000,80.1,Rural,0
41.22,48.88,31.79,-2.556,24.84,25.41,1,3,0,0,12,30000,75.5,Urban,1
57.78,57.6,-0.71,0.147,35.88,33.95,1,1,0,0,4,50000,48.2,Rural,0
92.79,93.4,-9.59,1.942,31.71,33.05,1,0,0,0,7,10000,85.1,Semi-Urban,0
100.0,100.0,-18.12,2.019,27.43,31.93,1,0,0,1,11,50000,63.5,Rural,0
67.09,65.86,-9.05,0.79,28.57,30.69,1,0,0,0,8,18000,56.6,Rural,0
82.4,80.01,-4.78,4.775,0.0,0.0,0,1,0,0,2,50000,85.1,Urban,0
30.04,27.35,7.26,-1.171,29.86,32.78,1,0,0,0,12,10000,59.8,Urban,0
65.17,64.92,2.04,-1.022,10.56,9.02,1,0,0,0,3,75000,74.0,Urban,0
99.86,98.32,-6.64,0.995,37.66,35.45,1,2,0,1,7,18000,83.1,Semi-Urban,0
79.66,77.92,-13.08,2.425,22.33,20.81,1,1,0,0,7,10000,42.3,Rural,0
100.0,100.0,-6.35,0.361,31.63,29.06,1,0,0,1,14,50000,82.4,Rural,0
61.46,65.72,28.02,-3.327,12.69,14.98,1,0,0,0,10,50000,85.4,Urban,1
78.61,76.13,-9.97,2.463,35.13,36.86,1,0,0,0,5,5000,58.6,Semi-Urban,0
87.4,88.7,-0.83,0.417,17.39,19.37,1,0,0,0,3,50000,68.0,Urban,0
100.0,100.0,-7.1,0.432,35.83,37.3,1,0,0,0,11,75000,49.5,Rural,0
100.0,100.0,-15.76,1.108,23.9,25.42,1,0,0,0,13,18000,59.8,Semi-Urban,0
44.76,44.1,-1.32,1.323,0.0,0.0,0,0,0,0,2,18000,93.2,Urban,0
71.83,69.0,-19.39,1.414,26.21,32.02,1,0,0,1,13,30000,46.6,Urban,0
72.14,69.02,-11.61,0.691,29.16,29.48,1,1,0,1,13,18000,87.4,Urban,0
41.43,46.04,12.45,-0.977,26.47,20.9,1,1,0,1,9,18000,58.7,Rural,1
76.28,70.79,-28.72,1.991,32.69,31.18,1,0,0,0,15,18000,80.9,Urban,0
82.24,79.3,-12.63,2.33,22.6,20.8,1,1,0,1,6,30000,54.4,Rural,0
57.64,52.58,-15.42,1.729,37.33,27.98,1,0,0,0,9,10000,89.7,Semi-Urban,0
82.01,78.61,-15.79,1.585,40.0,34.55,1,0,0,1,12,18000,92.8,Semi-Urban,0
67.23,72.39,16.35,-3.799,22.4,24.68,1,2,0,1,5,5000,80.1,Rural,1
48.21,51.86,14.63,-2.09,22.32,17.07,1,0,0,0,7,18000,79.8,Semi-Urban,0
20.0,20.0,17.12,-1.118,14.96,15.34,1,0,0,1,16,18000,48.2,Urban,1
46.46,50.64,14.14,-3.691,11.52,9.96,1,4,0,1,5,18000,44.3,Semi-Urban,1
20.0,20.41,32.47,-3.098,26.19,25.69,1,2,1,1,13,18000,63.4,Semi-Urban,1
69.1,76.6,12.42,-6.21,26.94,27.02,1,0,0,0,3,10000,62.2,Rural,1
20.0,23.71,33.2,-3.546,16.44,14.58,1,0,0,1,11,10000,67.6,Rural,1
79.48,78.96,-8.26,1.63,35.33,29.44,1,0,0,1,6,30000,92.4,Urban,0
77.79,75.09,-5.4,5.397,0.0,0.0,0,2,0,0,2,10000,43.9,Semi-Urban,0
100.0,100.0,-17.25,2.2,24.38,25.57,1,4,0,0,10,50000,98.7,Urban,0
100.0,100.0,-25.76,1.957,40.0,38.04,1,0,0,1,15,5000,92.6,Semi-Urban,0
86.25,89.03,2.11,-1.057,18.08,18.05,1,0,0,1,3,10000,80.9,Urban,0
85.87,79.5,-25.82,2.389,37.19,39.25,1,0,0,1,11,18000,93.6,Rural,0
72.02,69.72,-20.58,2.194,19.13,22.53,1,0,0,0,12,30000,83.1,Urban,0
46.86,49.34,3.8,-0.652,20.4,20.69,1,0,0,0,4,18000,40.9,Semi-Urban,1
53.4,52.31,-2.62,1.308,24.56,22.39,1,0,0,1,3,10000,41.1,Rural,0
89.57,85.4,-10.35,1.25,35.17,31.07,1,0,0,1,7,30000,51.8,Rural,0
77.61,74.8,-5.2,2.601,25.16,26.03,1,1,0,1,3,5000,94.0,Urban,0
49.88,52.36,28.4,-2.231,25.03,23.16,1,2,0,1,14,30000,56.2,Urban,1
34.76,42.85,23.23,-3.676,12.89,19.91,1,0,0,1,6,5000,94.2,Rural,1
62.98,60.41,-4.45,2.226,20.69,21.02,1,1,0,1,3,50000,53.5,Semi-Urban,0
38.33,42.21,34.83,-2.567,20.18,20.24,1,4,1,1,14,10000,94.8,Semi-Urban,1
86.38,84.19,-2.42,0.848,28.47,30.24,1,0,0,1,4,10000,59.9,Semi-Urban,0
87.9,82.5,-16.41,1.056,39.81,38.76,1,1,0,1,14,5000,42.3,Rural,0
99.12,96.12,-15.95,1.089,31.22,27.29,1,3,0,0,15,30000,96.0,Rural,0
38.43,48.53,33.04,-3.601,29.26,29.12,1,2,0,1,9,10000,48.1,Urban,1
48.57,48.52,-10.32,0.974,21.93,19.12,1,0,0,1,12,18000,42.3,Urban,1
20.0,20.67,22.18,-2.348,16.97,16.08,1,2,0,1,9,30000,88.8,Rural,1
44.69,44.74,26.76,-3.347,19.11,22.39,1,0,0,0,10,10000,87.7,Rural,1
68.85,67.42,-2.85,2.854,0.0,0.0,0,2,0,1,2,30000,75.8,Urban,0
73.41,72.04,0.31,0.213,38.45,35.71,1,2,0,1,4,5000,78.5,Urban,0
39.08,45.63,34.22,-2.972,31.86,25.61,1,2,1,1,13,30000,86.8,Urban,1
100.0,99.7,-20.83,2.535,22.55,22.32,1,2,0,1,9,50000,49.2,Urban,0
35.37,38.64,19.55,-2.257,16.21,14.17,1,4,1,0,9,18000,80.3,Rural,1
100.0,100.0,-27.03,2.088,19.41,22.72,1,0,0,0,15,50000,83.4,Urban,0
78.62,75.02,-26.78,2.316,35.56,29.45,1,1,0,1,12,30000,72.7,Rural,0
47.45,53.55,27.63,-1.938,6.65,8.59,1,0,0,0,14,5000,97.5,Semi-Urban,1
45.64,55.98,37.71,-3.979,23.85,17.25,1,2,1,0,10,10000,44.0,Semi-Urban,1
92.52,91.85,-8.37,0.612,24.92,25.93,1,0,0,0,11,50000,70.4,Semi-Urban,0
64.01,62.8,-1.02,0.509,12.25,12.19,1,0,0,1,3,18000,58.0,Rural,1
41.89,39.33,-5.12,5.122,0.0,0.0,0,0,0,1,2,30000,52.6,Rural,0
30.37,33.97,18.72,-1.574,23.41,16.49,1,1,0,0,15,30000,69.9,Semi-Urban,0
75.87,74.25,-13.56,1.219,22.19,18.47,1,1,0,0,14,50000,98.3,Urban,0
77.56,74.04,-7.76,3.882,36.72,34.65,1,3,0,0,3,75000,87.9,Urban,0
41.72,48.81,38.42,-4.006,7.92,11.43,1,0,0,0,11,5000,91.0,Urban,1
43.97,52.92,15.44,-2.748,24.82,26.41,1,0,0,0,6,10000,50.4,Rural,1
54.53,54.91,0.76,-0.762,0.0,0.0,0,0,0,0,2,50000,87.9,Semi-Urban,0
50.28,54.63,12.77,-1.644,17.15,12.97,1,4,1,0,11,5000,97.3,Urban,1
41.47,42.67,15.61,-2.038,8.96,13.35,1,1,1,1,9,18000,82.3,Semi-Urban,1
100.0,99.82,-15.73,1.058,26.47,23.25,1,1,0,0,15,10000,66.8,Semi-Urban,0
100.0,100.0,-11.61,1.181,37.23,36.55,1,1,0,0,11,50000,49.6,Rural,0
50.99,52.06,32.8,-2.579,24.92,30.38,1,0,0,0,14,18000,81.6,Semi-Urban,1
100.0,99.1,-22.86,1.747,31.4,30.92,1,0,0,0,15,10000,59.0,Rural,0
21.69,25.78,18.67,-3.193,9.06,9.39,1,2,0,0,7,75000,74.6,Semi-Urban,1
70.42,75.48,10.12,-10.124,0.0,0.0,0,0,0,1,2,18000,40.9,Semi-Urban,1
38.89,39.72,5.66,-1.223,26.29,20.45,1,0,0,1,8,5000,78.9,Urban,0
28.03,35.64,57.54,-3.957,30.06,22.27,1,4,0,0,15,5000,86.8,Rural,1
20.0,26.07,48.65,-3.85,24.11,25.18,1,2,1,1,13,5000,91.8,Semi-Urban,1
41.33,44.65,6.62,-6.623,0.0,0.0,0,0,0,0,2,30000,60.6,Rural,1
78.27,81.43,8.39,-4.195,7.51,9.35,1,0,0,0,3,10000,78.8,Semi-Urban,1
52.83,57.57,28.95,-2.41,16.75,17.96,1,1,1,1,13,18000,61.0,Urban,1
85.24,82.95,-18.36,1.558,27.06,27.25,1,0,0,0,12,5000,69.0,Urban,0
20.0,23.72,36.26,-3.017,21.31,18.44,1,1,1,0,12,10000,61.2,Rural,1
42.23,44.78,5.09,-5.094,0.0,0.0,0,0,0,1,2,18000,90.5,Rural,1
33.1,34.62,12.1,-0.958,15.23,19.78,1,0,0,1,14,30000,94.1,Rural,1
81.91,80.81,-23.53,1.715,34.86,29.02,1,1,0,0,16,75000,67.1,Semi-Urban,0
20.0,21.97,13.66,-2.0,26.3,26.05,1,0,0,1,8,50000,57.1,Urban,1
31.04,32.28,49.61,-3.643,21.28,23.19,1,0,0,0,16,50000,53.0,Semi-Urban,1
67.42,65.79,-16.14,1.272,32.96,28.24,1,0,0,0,12,50000,41.5,Rural,0
75.26,76.05,12.01,-3.34,19.98,18.83,1,0,0,0,6,50000,67.3,Rural,0
50.0,47.22,-9.62,1.635,34.1,36.26,1,0,0,0,7,5000,71.7,Rural,0
87.06,85.91,-19.24,2.646,26.11,29.71,1,1,0,1,8,5000,82.7,Rural,0
82.62,80.69,-16.73,2.658,30.06,22.96,1,0,0,1,8,10000,78.0,Semi-Urban,0
36.87,38.68,9.14,-1.868,16.02,15.18,1,0,0,1,6,30000,48.1,Semi-Urban,1
72.9,73.52,-7.15,1.464,33.36,29.83,1,0,0,1,8,30000,51.0,Rural,0
100.0,100.0,-9.83,0.862,18.29,20.01,1,0,0,0,13,75000,78.0,Rural,0
78.88,76.77,-23.08,2.009,31.84,30.03,1,4,0,0,13,50000,82.0,Rural,0
25.32,30.8,39.91,-3.406,10.93,14.11,1,3,1,0,12,50000,81.1,Urban,1
34.61,38.47,26.87,-1.959,13.11,17.78,1,0,0,0,13,75000,92.3,Urban,1
47.79,47.13,-4.51,0.805,26.55,27.56,1,0,0,0,7,10000,74.8,Rural,0
20.0,20.0,26.92,-1.892,9.91,9.03,1,0,0,1,15,10000,62.3,Rural,1
49.69,53.32,22.19,-2.473,27.41,23.8,1,4,0,0,11,50000,78.7,Rural,1
28.86,32.52,13.01,-2.952,25.57,24.75,1,0,0,1,5,50000,94.5,Rural,1
96.57,94.55,-10.31,0.761,30.25,26.99,1,1,0,0,13,30000,47.8,Semi-Urban,0
76.88,77.03,17.82,-2.273,20.72,22.26,1,0,0,0,10,50000,80.2,Urban,0
41.56,49.44,17.85,-5.155,19.77,22.46,1,0,0,0,4,18000,93.2,Semi-Urban,1
41.02,41.28,1.35,-0.676,29.24,30.88,1,1,0,0,3,5000,87.4,Rural,0
95.31,93.38,-2.87,1.433,24.19,33.16,1,1,0,1,3,10000,41.0,Rural,0
76.56,75.37,-1.03,0.187,31.17,28.04,1,0,0,1,4,30000,90.0,Rural,0
65.15,63.04,7.92,-1.448,23.51,30.49,1,4,1,1,13,18000,63.7,Semi-Urban,1
100.0,98.59,-22.71,2.255,27.21,25.84,1,0,0,1,11,10000,53.1,Urban,0
78.12,81.16,6.08,-6.078,0.0,0.0,0,4,1,0,2,50000,70.7,Semi-Urban,1
48.69,46.97,-1.4,0.278,39.41,34.76,1,2,0,1,4,10000,93.6,Rural,1
58.74,66.46,26.86,-3.317,15.87,13.47,1,3,0,0,8,10000,97.5,Urban,1
71.14,70.8,-2.86,0.535,39.05,31.92,1,0,0,1,11,18000,57.2,Urban,0
73.0,70.83,17.87,-2.336,14.74,14.35,1,3,1,1,10,10000,92.2,Urban,1
78.91,77.4,-5.09,0.665,28.97,25.35,1,1,0,1,10,10000,97.0,Semi-Urban,0
49.2,47.76,-2.88,2.879,0.0,0.0,0,3,0,1,2,30000,98.0,Rural,1
55.95,61.38,13.41,-2.382,12.29,12.22,1,1,1,0,6,10000,52.0,Semi-Urban,1
70.51,74.87,11.45,-1.554,17.64,13.06,1,1,1,0,7,18000,43.3,Rural,1
26.13,34.46,27.91,-2.187,30.61,25.97,1,0,0,1,13,50000,61.7,Semi-Urban,1
49.91,53.6,20.54,-3.431,15.39,15.59,1,0,0,1,8,10000,49.3,Urban,1
28.48,30.96,35.86,-2.292,25.43,28.73,1,0,0,0,16,50000,58.8,Semi-Urban,1
20.0,20.0,17.29,-1.46,12.79,5.93,1,0,0,0,14,75000,49.1,Semi-Urban,1
50.13,51.11,31.7,-2.317,11.61,11.54,1,4,1,1,16,18000,64.2,Semi-Urban,1
53.22,56.02,7.01,-0.757,24.2,19.07,1,0,0,1,10,10000,85.2,Urban,1
36.89,44.85,56.53,-3.735,9.93,13.06,1,0,0,0,14,5000,74.7,Semi-Urban,1
54.39,51.95,-8.15,0.937,34.87,33.8,1,0,0,1,6,30000,46.7,Rural,0
100.0,100.0,-13.82,1.038,28.28,28.66,1,1,0,1,14,18000,59.3,Semi-Urban,0
83.52,82.16,-26.27,2.544,21.61,25.05,1,0,0,0,14,30000,66.8,Rural,0
77.05,76.05,-1.56,0.607,34.76,32.68,1,0,0,0,4,5000,60.9,Urban,0
96.25,95.4,-13.6,1.037,40.0,40.0,1,0,0,1,16,50000,55.6,Urban,0
65.17,62.1,-24.84,2.26,33.63,34.52,1,4,0,1,13,18000,80.6,Rural,1
76.17,72.24,-27.54,1.841,29.81,27.59,1,0,0,1,16,75000,56.4,Semi-Urban,0
58.39,56.55,-4.33,2.165,27.67,29.73,1,2,0,1,3,18000,62.9,Semi-Urban,0
20.39,23.31,28.79,-2.048,27.06,26.84,1,0,0,1,15,50000,72.9,Semi-Urban,1
64.06,65.13,16.64,-1.376,32.78,21.18,1,0,0,0,16,50000,98.7,Semi-Urban,0
77.34,73.61,-24.95,2.459,40.0,37.72,1,0,0,1,12,30000,90.1,Semi-Urban,0
91.21,91.46,-12.26,1.292,24.67,27.27,1,0,0,0,11,18000,54.9,Semi-Urban,0
20.0,21.76,18.29,-1.886,26.5,30.98,1,0,0,0,11,10000,54.6,Rural,1
72.98,70.29,-2.38,1.036,38.87,34.93,1,0,0,1,5,30000,71.6,Urban,0
82.56,83.59,12.12,-2.294,17.13,18.31,1,2,1,0,6,75000,66.8,Urban,1
100.0,100.0,-16.41,0.968,33.01,33.6,1,2,0,1,15,50000,59.4,Semi-Urban,0
72.67,72.92,21.17,-2.302,16.64,14.65,1,3,0,1,10,75000,72.5,Rural,1
38.77,38.38,19.54,-2.53,20.18,16.14,1,0,0,0,10,5000,80.8,Semi-Urban,1
77.09,75.08,-16.1,1.393,13.32,20.94,1,1,0,0,13,30000,46.2,Rural,0
100.0,98.5,-7.86,1.646,40.0,31.3,1,0,0,1,7,5000,92.0,Rural,0
25.47,30.2,19.93,-1.777,25.51,29.65,1,2,1,1,10,10000,48.8,Rural,1
61.06,58.67,-6.17,0.63,24.59,28.77,1,0,0,1,8,30000,66.6,Rural,0
49.5,51.58,7.96,-1.713,13.05,10.13,1,1,0,1,5,10000,55.2,Rural,1
66.43,66.04,4.38,-0.884,17.25,7.45,1,2,1,0,4,75000,52.8,Semi-Urban,0
100.0,98.89,-6.83,1.035,27.66,25.07,1,0,0,0,7,18000,94.7,Rural,0
50.24,47.45,-10.04,2.618,30.26,24.89,1,0,0,0,5,10000,48.9,Rural,0
22.88,24.32,26.18,-2.1,14.77,19.34,1,0,0,0,14,75000,76.6,Semi-Urban,1
60.86,56.8,-26.29,1.675,40.0,37.85,1,0,0,0,16,10000,83.4,Semi-Urban,0
90.48,90.48,-5.64,0.589,30.27,28.35,1,1,0,0,10,18000,48.6,Rural,0
46.28,47.35,21.01,-1.235,14.16,14.99,1,0,0,0,16,50000,43.3,Rural,1
85.85,81.59,-20.81,1.195,27.41,28.4,1,0,0,1,14,10000,51.0,Semi-Urban,0
51.86,52.95,-5.88,0.595,34.67,35.5,1,1,0,1,14,18000,96.2,Urban,0
65.22,60.9,-19.04,1.537,23.6,23.09,1,1,0,0,12,50000,55.1,Rural,0
27.81,29.58,17.72,-1.164,16.46,18.37,1,0,0,0,15,50000,60.1,Semi-Urban,1
20.0,20.72,24.27,-1.978,7.91,9.07,1,1,1,0,13,5000,69.3,Semi-Urban,1
24.73,33.78,27.12,-4.09,29.0,25.69,1,2,0,0,7,10000,89.4,Rural,1
74.23,73.85,-11.85,1.415,23.58,30.81,1,3,0,1,11,5000,43.2,Semi-Urban,1
37.21,38.78,26.15,-2.479,28.7,29.48,1,0,0,0,12,30000,43.7,Urban,1
46.93,45.61,-10.57,0.612,30.41,31.18,1,1,0,0,13,18000,73.9,Urban,0
75.09,72.57,-7.33,0.68,21.96,23.02,1,0,0,0,12,50000,71.4,Rural,0
80.1,76.81,-18.51,2.645,39.68,32.88,1,3,0,0,8,18000,92.7,Rural,0
100.0,100.0,-5.31,0.508,36.7,39.08,1,1,0,0,9,18000,94.2,Urban,0
63.29,61.69,-15.79,1.068,40.0,40.0,1,2,0,0,16,18000,43.4,Rural,0
71.38,67.62,-6.69,0.442,32.03,26.44,1,0,0,0,10,30000,86.9,Semi-Urban,0
20.0,24.99,12.74,-2.426,21.51,18.21,1,0,0,0,6,50000,53.9,Rural,1
96.47,95.28,-9.16,1.571,35.3,37.54,1,0,0,0,7,50000,56.5,Urban,0
75.0,75.36,-11.05,1.363,28.99,24.52,1,0,0,1,13,75000,74.0,Rural,0
25.47,27.77,16.33,-2.424,17.09,13.3,1,0,0,1,8,10000,42.2,Rural,1
20.0,23.14,31.21,-3.776,23.96,24.59,1,1,1,0,11,75000,40.5,Rural,1
45.54,45.04,-2.03,1.014,14.96,14.75,1,0,0,1,3,50000,66.6,Urban,1
44.27,41.36,-5.82,5.817,0.0,0.0,0,1,0,0,2,18000,88.7,Rural,0
74.87,69.13,-32.36,2.889,21.89,24.77,1,0,0,0,12,50000,70.4,Rural,0
64.89,67.43,21.53,-2.799,24.23,25.0,1,0,0,1,8,5000,41.7,Semi-Urban,1
20.0,22.29,46.41,-3.563,27.99,25.42,1,0,0,0,15,18000,90.6,Urban,0
69.08,69.97,-4.34,0.837,18.38,19.98,1,1,0,0,5,75000,95.1,Semi-Urban,0
78.58,76.44,-19.12,1.679,32.87,36.49,1,0,0,0,12,75000,51.3,Urban,0
68.19,63.53,-23.71,2.772,40.0,37.99,1,3,0,0,10,50000,57.0,Rural,0
81.58,79.7,-23.24,1.709,18.72,25.5,1,0,0,1,16,30000,63.1,Rural,0
21.88,26.7,44.37,-3.18,14.73,17.39,1,1,1,0,16,30000,79.0,Semi-Urban,1
54.96,56.69,4.39,-2.492,24.18,26.1,1,0,0,0,4,50000,65.0,Rural,0
91.07,87.58,-38.2,2.469,34.44,25.57,1,0,0,1,16,30000,55.1,Rural,0
44.05,43.27,-9.55,1.915,37.7,34.56,1,2,0,1,7,18000,65.9,Semi-Urban,1
49.65,52.64,28.87,-1.942,12.53,20.5,1,3,1,1,14,18000,71.9,Semi-Urban,1
54.57,53.72,-2.55,0.459,20.91,19.61,1,0,0,0,7,10000,69.9,Rural,0
55.02,57.91,13.11,-3.443,15.85,12.46,1,3,1,0,5,75000,46.9,Urban,1
79.92,78.81,-2.22,2.22,0.0,0.0,0,2,0,1,2,50000,95.2,Urban,0
72.96,72.45,-24.27,2.45,29.61,30.07,1,0,0,0,12,18000,45.5,Urban,0
68.27,64.41,-14.52,2.933,34.75,39.48,1,2,0,0,5,30000,48.9,Semi-Urban,0
45.08,45.22,-1.61,0.253,25.12,29.22,1,1,0,0,7,5000,97.6,Rural,0
63.2,63.2,-18.99,2.229,33.09,33.34,1,0,0,0,10,18000,48.0,Urban,0
100.0,100.0,-4.81,0.637,29.32,30.42,1,3,0,1,8,5000,42.5,Urban,1
72.21,66.57,-8.54,2.598,38.52,36.09,1,1,0,0,4,75000,84.6,Rural,0
55.67,53.21,-2.9,1.449,27.54,31.48,1,1,0,1,3,30000,56.8,Rural,0
72.2,70.33,-15.48,1.416,34.47,37.97,1,0,0,1,11,10000,87.9,Urban,0
37.03,44.53,39.97,-3.641,11.75,14.68,1,0,0,1,12,50000,91.3,Rural,1
49.14,51.77,8.03,-2.479,13.77,14.14,1,0,0,1,4,50000,87.5,Rural,1
23.66,29.44,54.21,-3.547,5.9,6.79,1,0,0,0,16,75000,98.2,Urban,1
86.92,80.5,-23.38,2.562,28.02,25.5,1,1,0,1,10,18000,61.5,Urban,0
97.95,96.47,-23.6,1.782,35.27,34.22,1,4,0,1,15,10000,70.8,Rural,1
42.11,45.65,23.54,-2.711,27.75,28.38,1,0,0,0,10,5000,51.7,Urban,1
26.86,35.39,50.36,-3.552,8.73,12.38,1,1,0,0,15,18000,51.7,Urban,1
62.76,62.3,-1.01,0.507,22.7,21.71,1,0,0,1,3,50000,47.7,Urban,0
26.8,34.17,19.53,-4.521,10.7,12.96,1,0,0,1,5,5000,44.8,Urban,1
65.21,65.65,0.87,-0.873,0.0,0.0,0,0,0,0,2,10000,80.0,Semi-Urban,0
72.8,71.33,-2.94,2.943,0.0,0.0,0,0,0,1,2,18000,49.9,Semi-Urban,0
20.0,22.68,12.4,-2.354,32.16,27.57,1,2,1,0,7,75000,61.9,Rural,1
71.81,71.16,4.04,-1.142,16.23,9.3,1,0,0,1,7,10000,60.5,Semi-Urban,0
58.0,56.26,-2.14,1.072,24.31,19.13,1,4,0,1,3,10000,95.3,Rural,1
65.61,66.53,20.42,-1.654,22.17,22.91,1,0,0,0,15,18000,82.5,Rural,0
33.91,36.38,11.43,-1.974,28.53,29.97,1,2,0,0,6,30000,97.4,Semi-Urban,1
69.29,68.24,-2.11,2.107,0.0,0.0,0,1,0,1,2,50000,70.7,Rural,0
62.15,56.4,-21.14,1.514,38.09,38.31,1,2,0,1,12,10000,62.8,Semi-Urban,0
49.41,56.08,12.45,-6.227,19.2,15.24,1,0,0,1,3,18000,64.4,Semi-Urban,1
68.55,63.16,-17.66,1.938,20.01,23.56,1,1,0,1,10,5000,50.4,Rural,1
88.22,87.46,-1.53,1.529,0.0,0.0,0,0,0,1,2,18000,63.8,Urban,0
44.0,48.72,13.49,-1.626,23.63,20.15,1,1,0,1,9,5000,40.8,Urban,1
100.0,100.0,-5.25,0.328,26.17,21.82,1,0,0,1,14,5000,60.7,Rural,0
85.39,82.95,-18.5,2.917,40.0,36.49,1,2,0,0,7,5000,44.0,Urban,0
51.89,50.74,-2.29,2.291,0.0,0.0,0,3,0,0,2,18000,81.4,Rural,0
100.0,99.28,-5.19,0.495,25.64,26.17,1,0,0,1,16,10000,58.8,Urban,0
20.13,22.91,25.98,-1.548,22.67,22.9,1,0,0,1,16,75000,94.1,Urban,1
23.38,30.79,50.0,-3.825,10.38,13.49,1,0,0,0,15,5000,79.0,Urban,1
24.13,28.9,41.56,-2.918,16.15,17.22,1,0,0,1,15,18000,80.4,Rural,1
25.94,31.64,12.56,-4.567,31.36,29.72,1,0,0,1,4,18000,81.4,Semi-Urban,1
75.85,76.04,0.36,-0.362,0.0,0.0,0,0,0,0,2,10000,63.0,Semi-Urban,0
46.12,54.11,45.71,-3.151,29.86,29.41,1,1,1,1,15,5000,69.4,Urban,1
81.27,82.54,16.9,-1.42,25.01,22.89,1,0,0,0,11,50000,59.7,Rural,0
91.79,86.06,-24.97,2.026,34.22,31.81,1,0,0,1,12,30000,64.3,Urban,0
61.2,69.71,19.08,-5.325,23.72,23.42,1,0,0,1,4,10000,47.8,Urban,1
56.69,52.71,-17.39,2.751,39.53,36.5,1,0,0,0,8,10000,71.0,Urban,0
30.53,36.29,39.75,-2.458,26.31,27.83,1,0,0,1,15,30000,96.5,Urban,1
76.33,77.41,13.05,-2.261,20.45,25.2,1,3,1,1,9,50000,57.1,Rural,1
53.22,58.6,30.26,-4.21,13.21,15.15,1,4,1,0,8,18000,87.9,Urban,1
42.81,40.5,-3.53,1.388,40.0,35.29,1,4,0,0,4,50000,48.6,Rural,1
38.98,37.14,-3.9,1.951,28.04,30.45,1,3,0,1,3,10000,91.4,Rural,1
86.28,87.95,4.46,-0.635,29.81,29.36,1,1,1,1,4,18000,69.7,Urban,0
76.93,75.21,-15.23,2.249,25.89,25.64,1,1,0,1,8,18000,77.6,Semi-Urban,0
100.0,100.0,-8.45,0.275,22.74,20.56,1,0,0,1,16,30000,88.6,Rural,0
93.83,91.25,-5.16,5.158,0.0,0.0,0,0,0,0,2,5000,47.3,Semi-Urban,0
51.77,58.89,33.45,-3.016,13.47,13.56,1,0,0,1,10,50000,47.8,Rural,1
91.97,92.08,-8.87,1.106,24.16,21.82,1,0,0,1,11,30000,47.6,Urban,0
56.78,54.79,-7.36,0.717,32.24,36.62,1,2,0,1,10,50000,69.5,Urban,0
75.55,72.04,-26.37,2.036,40.0,34.94,1,1,0,0,13,10000,67.2,Semi-Urban,0
20.0,22.85,43.07,-3.559,24.1,25.38,1,0,0,1,14,30000,73.3,Urban,1
49.57,46.89,-4.44,1.49,25.1,24.33,1,0,0,1,4,18000,71.8,Urban,0
65.78,62.43,-15.23,2.3,19.91,25.29,1,2,0,0,8,50000,70.6,Rural,0
48.48,45.57,-5.37,1.404,25.31,29.31,1,0,0,0,4,75000,70.7,Urban,0
45.78,49.08,40.95,-3.009,25.84,30.23,1,2,1,0,14,5000,48.7,Semi-Urban,1
49.77,54.06,8.25,-3.827,13.35,11.96,1,0,0,0,4,30000,40.2,Urban,1
65.59,58.66,-17.1,3.316,34.37,35.3,1,0,0,0,5,50000,86.8,Semi-Urban,0
73.49,72.36,-4.69,1.21,24.32,28.27,1,0,0,0,5,75000,75.6,Rural,0
42.65,44.61,44.29,-3.404,29.8,31.11,1,0,0,1,15,50000,76.9,Semi-Urban,1
53.04,50.39,-12.04,2.058,30.98,26.34,1,0,0,1,7,10000,98.3,Rural,0
75.94,72.45,-12.49,2.2,34.7,32.16,1,0,0,1,7,75000,49.8,Semi-Urban,0
67.01,65.17,-25.66,2.634,26.07,20.97,1,1,0,0,11,30000,82.9,Semi-Urban,0
64.37,69.05,22.35,-1.821,12.33,13.46,1,0,0,1,11,30000,44.4,Urban,1
67.8,64.78,-24.98,2.246,28.65,29.38,1,0,0,0,12,10000,97.2,Rural,0
20.0,20.7,17.31,-1.855,30.65,23.94,1,0,0,1,13,50000,76.6,Rural,1
81.91,78.64,-12.32,2.202,32.77,38.18,1,0,0,0,6,75000,91.0,Rural,0
57.25,55.34,-5.93,1.376,22.13,24.09,1,4,0,1,5,5000,43.2,Semi-Urban,1
20.0,20.0,21.29,-1.693,31.41,23.47,1,1,1,1,12,5000,83.1,Urban,1
40.98,46.45,7.7,-3.852,16.63,15.52,1,0,0,0,3,18000,69.6,Rural,1
60.64,64.47,2.09,-0.376,16.08,20.27,1,3,1,0,5,10000,42.4,Rural,1
40.94,37.26,7.95,-1.713,24.11,26.04,1,0,0,0,6,10000,81.7,Rural,0
42.54,45.53,31.57,-2.586,17.98,16.11,1,2,0,0,15,50000,70.0,Rural,1
60.23,62.19,20.49,-1.352,17.3,16.61,1,0,0,1,16,18000,40.6,Rural,1
20.0,20.0,41.04,-2.877,21.88,20.57,1,0,0,0,15,5000,58.5,Semi-Urban,1
20.0,20.28,19.4,-2.397,19.36,18.93,1,4,0,1,9,75000,86.0,Urban,1
100.0,95.61,-8.68,1.691,29.74,33.69,1,0,0,0,6,30000,86.6,Rural,0
99.25,94.97,-14.5,2.152,30.68,31.47,1,0,0,0,8,30000,80.0,Urban,0
41.75,41.11,-0.43,0.793,40.0,35.68,1,0,0,1,6,10000,98.9,Urban,0
54.14,60.29,32.32,-3.851,20.22,19.64,1,0,0,0,10,18000,59.7,Semi-Urban,1
74.47,73.24,-2.46,2.46,0.0,0.0,0,0,0,1,2,10000,64.2,Rural,0
34.63,40.01,10.38,-5.188,32.01,28.29,1,0,0,0,3,75000,74.2,Semi-Urban,1
45.37,51.49,9.39,-0.676,19.6,18.39,1,0,0,1,8,10000,65.8,Rural,1
31.96,34.48,49.54,-3.53,12.35,15.64,1,0,0,1,16,18000,83.5,Rural,1
94.03,94.69,-1.69,0.48,38.28,40.0,1,0,0,0,8,30000,98.4,Semi-Urban,0
100.0,100.0,-5.94,0.376,26.42,27.49,1,0,0,1,16,5000,51.1,Rural,0
100.0,99.55,-30.07,2.364,33.03,33.08,1,0,0,1,16,30000,80.3,Urban,0
99.75,93.65,-17.76,4.276,24.26,25.61,1,4,0,1,5,10000,88.8,Semi-Urban,0
55.77,53.01,-20.93,2.299,21.26,18.72,1,0,0,1,10,30000,48.7,Semi-Urban,0
20.0,25.81,42.47,-3.498,18.06,17.04,1,0,0,0,12,10000,78.8,Rural,1
20.0,22.7,14.6,-2.922,14.61,15.47,1,0,0,0,7,75000,49.6,Urban,1
67.67,65.77,-11.97,1.139,34.6,35.28,1,4,0,0,10,5000,98.8,Semi-Urban,0
83.69,81.62,-13.35,2.274,23.84,26.3,1,0,0,0,8,30000,88.2,Rural,0
95.82,92.74,-10.28,0.844,39.84,40.0,1,0,0,0,10,50000,59.2,Rural,0
86.34,84.64,-2.8,1.453,22.07,21.53,1,0,0,0,4,50000,98.9,Semi-Urban,0
74.22,72.27,-9.53,1.251,22.99,24.88,1,0,0,1,8,18000,42.6,Rural,0
32.71,30.06,24.31,-2.625,19.07,19.53,1,0,0,1,12,10000,52.1,Urban,1
74.04,76.08,4.08,-4.084,0.0,0.0,0,2,0,1,2,30000,93.9,Semi-Urban,1
28.29,33.72,13.74,-3.447,19.73,19.74,1,0,0,0,6,75000,73.9,Semi-Urban,1
85.45,83.62,-5.56,1.55,31.59,29.25,1,2,0,0,5,30000,79.9,Semi-Urban,0
60.87,61.56,-3.67,0.758,31.36,35.79,1,0,0,1,9,10000,67.0,Urban,0
100.0,100.0,-15.25,1.414,34.12,23.29,1,0,0,1,14,5000,40.9,Urban,0
31.35,39.99,10.35,-3.403,25.27,24.25,1,0,0,1,4,30000,50.5,Semi-Urban,1
38.53,42.17,18.16,-1.632,16.23,21.35,1,0,0,1,12,30000,43.9,Rural,1
96.12,92.23,-27.53,2.672,26.72,28.99,1,2,0,0,12,18000,65.3,Semi-Urban,0
74.36,75.3,10.76,-1.731,26.47,21.49,1,0,0,1,10,50000,92.0,Rural,0
85.69,81.65,-31.13,2.78,21.36,26.08,1,3,0,0,13,30000,64.7,Rural,0
72.26,70.57,-21.0,1.615,38.48,34.27,1,0,0,1,16,18000,89.9,Urban,0
50.32,45.88,-10.59,1.516,32.17,35.56,1,0,0,0,8,30000,66.0,Semi-Urban,0
88.46,86.11,-15.86,2.409,34.19,35.07,1,0,0,0,8,18000,81.8,Urban,0
44.53,50.93,14.64,-2.807,32.0,26.69,1,0,0,1,7,50000,89.2,Semi-Urban,1
65.39,63.02,-23.28,2.371,37.46,37.23,1,1,0,0,12,30000,43.1,Rural,0
47.29,46.93,14.49,-1.384,18.0,14.84,1,0,0,0,14,18000,84.6,Urban,1
40.77,39.07,-3.4,3.405,0.0,0.0,0,1,0,1,2,5000,56.5,Urban,1
45.11,51.17,39.49,-3.07,16.44,21.67,1,0,0,0,14,18000,46.4,Rural,1
69.48,66.36,-11.15,2.138,38.2,31.64,1,3,0,1,6,18000,57.3,Rural,1
44.83,46.71,19.58,-1.638,13.5,17.89,1,4,0,0,13,30000,88.7,Semi-Urban,1
51.2,57.76,13.27,-3.927,18.33,20.85,1,0,0,1,4,5000,80.9,Semi-Urban,1
63.43,65.06,18.9,-1.218,16.53,14.77,1,1,1,1,13,10000,60.4,Rural,1
72.84,70.99,-30.46,3.149,36.04,32.21,1,0,0,1,12,5000,74.5,Semi-Urban,0
74.77,75.29,-5.71,0.61,22.51,23.91,1,0,0,1,11,30000,42.2,Rural,0
31.95,40.78,20.99,-2.746,29.45,24.79,1,0,0,1,7,30000,83.8,Urban,1
33.74,39.71,12.38,-2.474,16.87,16.96,1,3,1,1,6,30000,95.1,Rural,1
31.58,36.49,48.39,-3.586,30.95,26.29,1,1,1,0,15,18000,60.2,Urban,1
38.8,44.89,22.69,-3.161,30.83,27.09,1,0,0,0,8,50000,40.6,Rural,1
62.95,64.44,2.95,-1.477,19.08,16.69,1,2,1,0,3,18000,76.6,Urban,1
55.33,61.77,35.39,-3.339,19.05,17.19,1,0,0,0,12,10000,51.4,Rural,1
50.26,55.13,9.74,-9.74,0.0,0.0,0,0,0,0,2,10000,40.9,Urban,1
85.3,88.77,9.58,-3.787,17.34,15.5,1,2,0,1,4,10000,59.1,Semi-Urban,1
20.0,24.23,18.61,-2.742,24.05,27.08,1,0,0,0,8,30000,95.8,Urban,0
55.47,52.75,-7.63,1.415,23.33,19.43,1,0,0,1,6,5000,80.5,Semi-Urban,0
50.17,46.57,-11.21,1.788,26.63,24.42,1,0,0,1,8,10000,45.5,Urban,0
30.77,36.65,34.07,-3.622,19.85,25.97,1,1,0,1,11,75000,85.9,Rural,1
20.0,22.54,19.1,-2.826,32.04,29.54,1,0,0,0,9,30000,43.0,Rural,0
20.0,20.79,22.57,-2.238,19.65,22.46,1,0,0,1,13,10000,74.3,Semi-Urban,1
69.86,65.13,-8.31,1.505,39.95,38.18,1,1,0,1,6,5000,97.2,Urban,0
63.69,60.89,-12.12,2.796,35.2,39.29,1,0,0,1,5,18000,67.1,Urban,0
71.58,68.88,-8.65,1.196,25.24,28.75,1,2,0,1,9,30000,91.7,Semi-Urban,0
61.59,70.55,18.43,-6.221,28.68,29.21,1,4,1,0,4,30000,68.3,Rural,1
78.5,78.93,21.5,-1.712,32.72,21.81,1,0,0,0,13,10000,44.1,Rural,0
51.03,51.09,-2.26,0.495,33.95,29.13,1,0,0,0,4,5000,43.4,Rural,0
90.12,87.03,-24.18,1.79,40.0,40.0,1,0,0,1,15,18000,76.8,Urban,0
72.91,72.05,-6.79,1.054,30.51,27.87,1,2,0,1,8,18000,95.2,Semi-Urban,0
35.45,41.96,21.37,-3.329,16.34,18.44,1,1,1,1,8,50000,53.1,Semi-Urban,1
36.12,38.21,2.74,-0.555,17.56,14.02,1,0,0,1,10,5000,55.7,Semi-Urban,1
77.5,74.24,-30.46,2.718,23.11,23.75,1,1,0,0,13,10000,94.4,Rural,0
20.0,22.83,15.14,-3.024,13.88,19.44,1,3,1,1,6,5000,55.7,Rural,1
57.77,53.78,-15.72,0.927,23.36,25.59,1,3,0,1,12,10000,66.5,Urban,1
20.0,20.0,17.51,-0.919,25.44,29.04,1,3,1,0,16,50000,83.6,Semi-Urban,1
69.25,66.71,-16.09,1.667,27.97,25.05,1,0,0,1,10,18000,67.2,Rural,0
92.23,84.67,-26.09,2.86,40.0,38.74,1,0,0,0,9,30000,52.4,Semi-Urban,0
58.64,57.17,-6.56,1.484,29.39,26.29,1,2,0,1,7,18000,86.5,Semi-Urban,0
81.98,84.29,4.65,-2.323,19.8,21.87,1,0,0,1,3,18000,59.5,Urban,0
27.06,32.73,32.68,-2.951,17.41,16.91,1,0,0,1,12,5000,75.0,Urban,1
40.3,49.8,50.77,-3.772,19.44,20.41,1,1,1,0,14,75000,93.4,Semi-Urban,1
42.96,45.97,-2.56,0.619,37.79,39.33,1,1,0,0,9,5000,92.9,Urban,0
71.31,74.37,7.1,-3.548,25.43,23.32,1,0,0,1,3,10000,68.6,Rural,0
97.19,96.3,-3.67,0.942,37.92,38.39,1,4,0,0,8,18000,76.0,Rural,0
31.78,32.82,3.8,-0.796,14.5,11.2,1,1,1,1,4,18000,73.6,Rural,1
87.12,86.35,-17.9,1.773,19.31,23.22,1,0,0,1,13,18000,88.6,Urban,0
100.0,100.0,-10.36,1.202,39.75,40.0,1,1,0,1,11,75000,91.4,Rural,0
64.73,61.84,-6.78,3.392,23.92,19.24,1,3,0,1,3,10000,49.9,Rural,1
43.97,49.0,40.13,-3.395,18.37,27.63,1,4,1,0,12,30000,71.3,Urban,1
75.4,72.03,-7.76,3.881,38.45,32.51,1,1,0,0,3,18000,64.0,Semi-Urban,0
33.27,35.83,10.44,-1.742,11.72,17.71,1,0,0,1,7,18000,94.3,Rural,1
74.9,79.06,10.53,-1.568,18.13,18.55,1,0,0,1,7,18000,57.3,Semi-Urban,0
100.0,100.0,-10.88,1.102,26.26,23.82,1,0,0,0,11,18000,92.9,Semi-Urban,0
20.0,20.0,26.22,-1.652,24.7,24.97,1,1,1,0,15,30000,81.9,Urban,1
40.99,44.73,25.4,-2.774,14.05,11.42,1,2,0,0,11,5000,83.5,Rural,1
63.45,62.63,4.25,-0.508,38.8,37.11,1,0,0,0,5,75000,55.1,Rural,0
81.71,78.7,-13.32,1.73,35.37,31.76,1,0,0,1,8,18000,52.3,Rural,0
69.87,67.93,-6.51,3.257,39.79,39.23,1,4,0,0,3,50000,62.8,Urban,0
52.95,53.68,17.1,-1.562,6.22,7.87,1,2,0,1,16,30000,53.1,Urban,1
98.19,94.36,-30.64,2.253,40.0,36.22,1,0,0,0,15,5000,72.8,Rural,0
46.57,45.69,11.74,-1.312,27.77,29.71,1,0,0,0,16,30000,55.2,Rural,0
75.24,70.46,-38.81,2.98,37.06,27.49,1,0,0,1,14,5000,72.9,Urban,0
78.02,75.37,-3.94,0.991,22.47,21.34,1,0,0,0,4,50000,84.4,Semi-Urban,0
40.32,38.96,-2.71,2.714,0.0,0.0,0,0,0,0,2,75000,72.5,Semi-Urban,0
32.84,32.18,13.33,-1.964,24.13,26.55,1,1,1,1,9,30000,79.7,Rural,1
63.85,66.19,4.7,-4.695,0.0,0.0,0,0,0,1,2,30000,56.8,Urban,1
76.28,74.55,-6.35,0.791,20.01,21.63,1,0,0,1,7,10000,92.5,Rural,0
85.27,84.67,-6.62,1.63,40.0,35.73,1,0,0,0,5,75000,75.7,Urban,0
85.14,83.95,-17.29,1.721,16.56,23.16,1,0,0,0,11,75000,84.4,Urban,0
35.93,40.27,46.12,-3.133,14.83,16.82,1,0,0,0,16,10000,90.4,Semi-Urban,1
72.17,77.52,26.2,-3.303,15.99,15.98,1,0,0,1,8,50000,80.8,Semi-Urban,1
99.67,96.79,-5.41,2.705,25.37,23.67,1,0,0,0,3,50000,74.4,Rural,0
61.29,61.38,-21.85,1.786,29.93,28.39,1,0,0,0,13,30000,73.4,Urban,0
77.58,77.27,-19.06,2.115,39.16,31.84,1,0,0,1,12,10000,80.4,Urban,0
59.83,67.65,15.28,-7.638,9.5,14.88,1,0,0,1,3,18000,68.0,Semi-Urban,1
20.0,20.0,33.69,-2.736,31.78,33.38,1,0,0,1,15,10000,86.4,Rural,1
48.35,53.31,6.42,-3.212,25.64,26.32,1,0,0,0,3,5000,93.6,Rural,1
20.0,20.98,25.87,-2.058,26.62,25.83,1,0,0,1,13,5000,45.1,Urban,1
84.67,84.06,7.47,-1.04,27.78,28.92,1,3,1,1,9,5000,75.3,Urban,1
79.47,79.84,-8.2,1.128,32.79,32.63,1,4,0,1,9,30000,92.4,Semi-Urban,0
76.51,72.73,-5.48,2.741,29.09,35.4,1,0,0,0,3,75000,69.9,Semi-Urban,0
75.59,74.17,-8.68,0.928,26.22,20.7,1,1,0,0,9,5000,56.1,Urban,0
82.39,76.25,-27.9,2.67,26.98,25.65,1,2,0,0,11,30000,51.6,Urban,0
45.76,47.3,-13.71,1.133,29.37,28.34,1,0,0,0,14,75000,49.7,Rural,0
95.05,92.81,-13.84,1.315,25.58,27.45,1,4,0,1,12,10000,87.2,Semi-Urban,1
21.56,25.5,40.35,-3.059,18.64,11.6,1,0,0,0,14,18000,74.6,Semi-Urban,1
88.18,84.7,-28.94,2.252,32.43,34.18,1,0,0,0,14,30000,71.5,Urban,0
83.36,81.7,-1.94,0.798,19.25,22.68,1,0,0,1,4,50000,41.6,Semi-Urban,0
88.94,87.81,-9.35,0.925,29.6,31.19,1,1,0,0,11,50000,78.0,Semi-Urban,0
82.47,86.58,2.47,0.526,20.7,19.92,1,0,0,1,12,5000,69.3,Urban,0
73.03,70.49,-8.6,0.502,16.03,22.13,1,0,0,1,13,30000,98.4,Rural,0
69.39,68.55,-5.38,1.502,26.25,24.7,1,0,0,1,4,50000,59.2,Semi-Urban,0
83.76,81.19,-30.89,2.232,36.29,35.74,1,0,0,1,14,30000,74.9,Urban,0
25.14,26.13,12.72,-0.985,32.36,31.23,1,0,0,1,11,30000,90.0,Rural,0
53.47,51.67,-10.6,1.262,39.5,40.0,1,0,0,0,9,30000,98.3,Rural,0
30.06,29.54,9.82,-1.361,26.22,19.62,1,0,0,1,10,5000,85.6,Urban,1
83.28,82.27,-8.6,0.886,32.56,37.32,1,0,0,1,10,50000,95.7,Urban,0
82.65,80.5,-20.07,1.704,23.77,24.93,1,3,0,0,12,10000,50.0,Semi-Urban,0
49.88,46.71,-13.6,1.379,35.52,33.06,1,3,0,0,12,30000,57.9,Semi-Urban,1
51.95,48.99,-11.51,2.51,15.67,20.99,1,2,0,1,6,10000,40.6,Rural,1
32.75,37.1,19.13,-4.233,26.38,20.29,1,0,0,1,5,75000,46.6,Urban,1
74.22,73.39,-8.0,0.654,34.79,38.48,1,0,0,1,9,30000,84.2,Rural,0
39.4,40.22,18.86,-1.655,28.9,25.59,1,0,0,0,13,30000,54.9,Semi-Urban,1
41.11,39.53,14.21,-2.845,21.69,23.54,1,0,0,1,7,5000,64.7,Urban,1
100.0,99.29,-29.91,1.976,31.09,30.94,1,0,0,0,16,10000,48.7,Rural,0
100.0,98.01,-9.24,1.866,26.34,22.23,1,1,0,0,6,18000,59.3,Semi-Urban,0
100.0,98.81,-11.11,2.185,35.68,35.42,1,2,0,0,6,10000,55.5,Semi-Urban,0
85.55,82.39,-12.27,0.902,40.0,37.09,1,0,0,0,12,30000,85.1,Urban,0
61.6,62.59,13.9,-1.297,16.48,8.13,1,0,0,1,13,10000,53.4,Semi-Urban,1
100.0,97.21,-23.32,2.597,23.95,33.57,1,1,0,1,10,30000,75.6,Semi-Urban,0
100.0,97.38,-15.29,2.485,28.21,26.01,1,2,0,1,8,5000,97.5,Rural,0
76.29,74.74,-12.91,1.468,29.31,32.68,1,2,0,1,11,30000,68.8,Rural,0
90.06,88.75,-4.96,1.626,28.08,26.9,1,0,0,0,4,75000,95.7,Rural,0
90.46,86.64,-12.65,1.384,25.59,27.61,1,0,0,0,8,30000,82.1,Rural,0
59.0,61.71,32.91,-2.586,34.13,28.94,1,0,0,0,14,30000,90.0,Semi-Urban,0
47.5,48.4,28.06,-2.26,8.99,10.07,1,2,0,0,14,30000,57.4,Rural,1
45.37,44.37,-4.96,0.578,24.82,21.02,1,0,0,0,14,30000,45.8,Rural,0
40.97,45.66,51.52,-3.469,18.82,20.92,1,0,0,0,15,75000,77.5,Urban,1
36.43,37.45,15.36,-1.552,25.17,23.65,1,1,1,1,12,10000,66.6,Semi-Urban,1
100.0,100.0,-10.58,0.999,32.26,28.07,1,0,0,1,10,30000,53.3,Urban,0
100.0,100.0,-13.28,0.753,39.56,34.27,1,0,0,0,16,5000,93.0,Semi-Urban,0
52.98,61.3,30.0,-4.508,16.73,11.07,1,1,0,1,8,10000,63.5,Rural,1
77.67,70.39,-15.95,3.469,31.4,28.69,1,0,0,1,6,10000,61.9,Semi-Urban,0
67.31,67.75,3.4,-1.049,14.9,15.33,1,0,0,1,9,10000,56.1,Urban,1
98.38,98.99,-7.19,1.495,36.05,35.36,1,0,0,1,7,18000,74.3,Semi-Urban,0
61.6,68.71,14.46,-1.437,26.53,24.59,1,0,0,0,6,30000,54.2,Rural,0
20.0,20.0,18.79,-1.161,16.75,14.53,1,0,0,0,15,18000,46.5,Rural,1
38.3,38.87,2.3,-1.152,27.52,22.98,1,2,0,1,3,30000,66.9,Rural,1
43.37,47.08,5.96,-2.981,11.85,12.67,1,1,1,0,3,10000,81.6,Semi-Urban,1
20.0,20.0,20.24,-1.585,17.82,19.7,1,1,0,0,13,50000,58.5,Urban,1
78.36,79.87,3.03,-3.03,0.0,0.0,0,2,0,0,2,50000,95.1,Rural,0
67.23,65.4,-8.9,1.203,40.0,33.33,1,0,0,1,8,18000,78.3,Urban,0
95.78,98.13,-15.46,1.342,33.62,34.63,1,3,0,0,14,30000,90.5,Urban,0
39.45,36.74,-3.96,1.982,23.1,19.68,1,0,0,1,3,10000,44.2,Rural,1
75.89,77.6,13.34,-1.767,12.34,20.99,1,0,0,1,10,5000,66.0,Rural,1
20.0,22.15,19.81,-2.97,24.49,21.65,1,0,0,0,8,30000,59.3,Semi-Urban,1
59.55,63.36,18.01,-1.575,21.79,21.88,1,2,1,0,11,10000,69.1,Semi-Urban,1
86.03,84.95,-2.16,2.16,0.0,0.0,0,2,0,1,2,10000,56.0,Urban,0
92.9,92.64,-7.85,0.684,40.0,38.09,1,0,0,0,14,75000,80.3,Urban,0
20.0,21.15,15.46,-1.776,13.84,11.58,1,4,1,1,10,5000,83.7,Urban,1
51.49,55.82,21.08,-1.236,13.96,15.86,1,1,0,0,15,30000,63.4,Rural,1
59.99,53.67,-18.89,2.56,33.68,30.45,1,1,0,0,7,75000,93.5,Rural,0
98.59,94.34,-11.64,2.273,20.83,21.94,1,0,0,0,6,50000,63.3,Rural,0
51.98,55.45,19.62,-3.863,24.52,25.25,1,0,0,0,6,10000,91.9,Urban,0
38.12,42.38,37.52,-3.676,17.9,20.52,1,0,0,1,12,10000,95.9,Semi-Urban,1
60.03,63.17,11.6,-2.283,24.62,20.18,1,0,0,0,6,50000,95.5,Rural,0
70.82,67.31,-9.57,1.3,30.6,28.96,1,1,0,1,7,5000,46.8,Urban,0
79.8,77.35,-20.81,1.496,33.17,33.38,1,0,0,1,16,18000,76.3,Urban,0
75.4,70.96,-14.2,2.484,29.98,31.57,1,0,0,0,7,75000,55.5,Rural,0
46.69,43.16,-6.76,2.045,33.21,37.05,1,0,0,0,4,5000,81.0,Semi-Urban,0
100.0,100.0,-16.1,1.271,24.48,19.32,1,4,0,0,14,5000,85.5,Rural,0
97.88,95.65,-26.06,1.826,38.46,34.35,1,1,0,1,16,5000,74.2,Semi-Urban,0
33.28,33.57,10.2,-0.908,23.8,30.45,1,0,0,0,16,50000,68.7,Urban,0
89.8,85.33,-35.56,3.199,17.39,17.08,1,0,0,1,12,18000,52.1,Rural,0
85.19,82.2,-35.84,2.536,33.24,36.75,1,0,0,1,16,30000,74.4,Rural,0
20.0,20.5,18.79,-1.942,29.37,32.04,1,2,1,1,11,5000,78.2,Semi-Urban,1
100.0,96.17,-36.06,2.35,40.0,37.01,1,2,0,0,16,18000,84.7,Rural,0
55.19,53.39,-8.34,1.161,32.74,35.03,1,2,0,0,8,10000,84.5,Urban,0
79.93,80.77,1.36,-0.679,24.42,24.35,1,0,0,0,3,5000,69.4,Rural,0
100.0,99.51,-16.34,1.745,35.13,30.5,1,0,0,1,11,18000,67.6,Rural,0
72.58,68.84,-5.73,1.637,17.68,21.42,1,2,0,1,4,30000,65.8,Urban,0
68.26,65.58,-25.97,2.137,38.79,37.78,1,0,0,0,14,75000,90.2,Rural,0
80.01,82.48,3.89,-1.945,7.64,11.28,1,0,0,0,3,18000,74.8,Urban,0
67.83,73.87,17.61,-2.195,15.73,13.86,1,0,0,0,9,30000,82.5,Urban,0
100.0,99.54,-31.31,2.451,26.36,31.8,1,0,0,0,15,30000,92.3,Urban,0
100.0,100.0,-11.75,0.653,17.62,23.93,1,2,0,1,13,75000,42.5,Urban,0
39.07,40.27,26.88,-2.582,14.41,13.72,1,0,0,1,14,5000,45.6,Semi-Urban,1
71.93,70.08,-18.14,2.008,28.34,24.2,1,0,0,1,12,18000,90.4,Urban,0
68.44,72.43,13.4,-3.103,12.87,17.92,1,1,0,0,5,18000,67.8,Urban,1
75.78,77.34,19.8,-2.329,23.63,22.48,1,1,0,0,10,75000,43.4,Semi-Urban,0
100.0,97.98,-14.61,1.221,16.67,21.32,1,0,0,0,13,75000,91.4,Semi-Urban,0
39.53,44.44,40.12,-3.343,27.28,29.06,1,0,0,1,14,5000,78.9,Urban,1
100.0,95.36,-20.73,1.287,29.31,27.67,1,0,0,0,14,18000,63.4,Urban,0
69.76,65.3,-30.4,1.983,28.29,26.24,1,1,0,0,15,5000,61.7,Semi-Urban,0
60.96,66.33,30.09,-3.064,22.76,29.09,1,0,0,0,10,30000,90.4,Rural,0
89.09,87.09,-14.05,1.386,22.97,21.37,1,1,0,1,12,5000,55.6,Semi-Urban,0
67.38,62.93,-8.91,2.499,20.5,20.82,1,3,0,1,5,18000,52.3,Urban,1
65.74,68.57,19.35,-1.887,16.99,15.58,1,0,0,1,14,5000,49.7,Rural,1
32.87,35.6,5.46,-5.457,0.0,0.0,0,0,0,1,2,30000,53.6,Urban,1
69.14,71.32,15.95,-1.582,17.76,19.72,1,0,0,1,10,18000,87.4,Semi-Urban,0
63.53,62.66,-1.65,0.823,20.47,22.96,1,0,0,0,3,10000,63.9,Urban,0
71.1,68.47,-13.75,2.498,31.19,29.79,1,1,0,0,6,5000,92.7,Semi-Urban,0
89.36,86.2,-28.03,1.961,17.53,22.79,1,0,0,0,15,18000,43.6,Urban,0
62.82,67.3,29.97,-3.37,9.38,17.27,1,1,1,0,10,50000,72.7,Rural,1
67.97,66.41,-8.99,1.855,17.97,26.0,1,0,0,0,6,18000,87.1,Urban,0
62.71,62.56,-10.82,2.19,20.42,23.4,1,0,0,0,7,30000,67.8,Urban,0
53.51,58.11,24.92,-4.808,10.87,10.36,1,0,0,1,6,50000,70.4,Rural,1
27.95,34.01,51.02,-3.597,19.84,21.1,1,0,0,1,16,5000,81.8,Urban,1
69.22,64.88,-24.08,1.927,36.06,36.26,1,3,0,0,13,5000,58.5,Semi-Urban,0
20.0,20.0,16.12,-1.519,17.24,10.76,1,0,0,0,14,5000,59.5,Urban,1
40.34,44.06,29.15,-2.985,25.46,30.35,1,0,0,0,11,5000,64.1,Rural,1
87.0,89.89,5.79,-5.795,0.0,0.0,0,0,0,0,2,50000,61.0,Rural,0
100.0,100.0,-29.6,2.171,32.04,32.1,1,3,0,1,16,75000,91.6,Rural,0
20.0,20.0,22.12,-2.323,12.62,15.09,1,2,1,1,12,5000,91.5,Semi-Urban,1
82.62,82.84,0.44,-0.445,0.0,0.0,0,0,0,0,2,10000,60.2,Rural,0
24.6,31.16,32.01,-3.977,13.9,14.2,1,0,0,0,9,18000,43.4,Rural,1
98.47,94.48,-32.22,2.285,34.77,32.68,1,4,0,1,16,5000,75.8,Rural,1
71.55,67.81,-20.84,2.612,26.51,28.17,1,0,0,0,9,75000,77.8,Semi-Urban,0
27.03,32.9,19.22,-2.834,15.82,27.49,1,0,0,0,8,30000,68.6,Urban,1
41.08,44.62,15.95,-3.286,24.82,20.13,1,0,0,1,6,10000,82.1,Semi-Urban,1
100.0,100.0,-8.37,0.509,23.56,22.69,1,2,0,1,13,18000,52.0,Rural,0
100.0,100.0,-12.29,0.772,27.21,29.77,1,0,0,1,13,30000,67.9,Semi-Urban,0
60.05,61.66,1.83,-1.086,23.16,19.53,1,0,0,0,4,50000,88.3,Rural,0
100.0,99.22,-7.23,1.856,36.71,34.79,1,1,0,0,6,10000,52.5,Urban,0
42.28,51.35,12.73,-6.363,17.52,17.32,1,0,0,0,3,5000,68.1,Urban,1
65.38,68.34,15.46,-3.055,26.02,27.37,1,0,0,0,6,5000,41.6,Rural,0
39.85,39.55,17.12,-2.24,21.14,26.11,1,0,0,1,9,50000,43.0,Urban,1
57.31,57.22,-11.66,1.913,28.98,29.77,1,0,0,0,9,75000,62.9,Semi-Urban,0
51.94,48.85,-13.97,2.257,38.27,38.53,1,0,0,1,7,18000,81.3,Urban,0
31.76,38.19,19.84,-1.685,19.62,23.22,1,2,1,1,14,18000,75.6,Semi-Urban,1
65.86,63.94,-28.33,2.157,26.38,29.37,1,0,0,1,15,10000,86.5,Semi-Urban,0
47.87,47.38,-0.98,0.984,0.0,0.0,0,1,0,0,2,5000,47.7,Rural,1
85.35,83.96,-16.14,1.331,28.14,28.95,1,0,0,1,13,10000,72.9,Semi-Urban,0
33.4,30.2,6.29,-1.656,19.13,24.29,1,0,0,0,7,5000,74.4,Urban,1
71.78,66.98,-13.13,2.733,31.29,33.05,1,2,0,0,6,10000,84.4,Urban,0
44.24,49.04,25.79,-1.601,15.76,14.78,1,1,1,0,15,18000,88.8,Rural,1
89.99,84.53,-20.95,2.517,17.86,21.49,1,0,0,1,9,50000,66.5,Rural,0
100.0,100.0,-24.62,1.989,14.66,17.9,1,2,0,1,13,18000,84.3,Semi-Urban,0
72.54,66.71,-12.78,1.144,24.67,20.36,1,0,0,0,9,30000,65.5,Rural,0
82.94,79.72,-10.69,0.981,34.58,39.42,1,1,0,1,11,18000,45.3,Urban,0
59.14,57.18,-3.84,1.918,23.97,25.08,1,0,0,0,3,18000,91.0,Rural,0
67.51,64.07,-22.81,1.675,35.8,36.56,1,0,0,1,15,18000,60.5,Semi-Urban,0
59.57,62.18,20.54,-1.853,20.05,20.7,1,0,0,1,11,18000,75.7,Semi-Urban,1
65.16,63.73,-20.52,1.348,29.81,26.49,1,1,0,1,16,5000,92.8,Semi-Urban,0
71.12,68.72,-4.81,4.806,0.0,0.0,0,1,0,0,2,30000,98.4,Urban,0
93.61,94.16,-15.96,1.181,39.71,38.08,1,0,0,0,16,5000,57.6,Urban,0
100.0,100.0,-11.15,1.804,34.79,27.58,1,1,0,1,6,10000,59.1,Semi-Urban,0
77.45,74.33,-11.2,0.763,23.63,21.99,1,1,0,0,12,50000,54.7,Urban,0
83.66,78.57,-13.79,1.163,37.35,39.33,1,2,0,1,9,5000,91.1,Rural,0
86.88,84.72,-19.85,1.708,35.38,40.0,1,2,0,0,13,18000,61.3,Urban,0
45.1,45.86,-2.07,0.601,40.0,36.78,1,0,0,1,10,18000,43.6,Semi-Urban,0
100.0,100.0,-20.41,1.527,39.38,34.77,1,0,0,0,15,18000,93.5,Semi-Urban,0
42.68,46.08,7.77,-1.785,11.73,13.02,1,0,0,0,7,18000,53.9,Semi-Urban,1
67.16,66.58,-1.17,1.172,0.0,0.0,0,0,0,1,2,10000,81.8,Urban,0
37.17,42.35,35.27,-3.205,11.69,8.9,1,1,1,1,14,5000,68.6,Rural,1
25.82,26.68,19.9,-3.817,23.76,23.69,1,0,0,0,7,18000,76.5,Rural,1
20.0,21.53,39.75,-2.864,19.73,22.5,1,3,0,1,16,10000,58.3,Semi-Urban,1
51.92,52.6,0.63,-0.317,28.31,32.62,1,1,0,1,3,18000,61.0,Semi-Urban,0
56.07,55.94,6.95,-0.748,23.53,21.36,1,0,0,1,7,50000,65.5,Semi-Urban,0
85.37,82.3,-14.03,2.519,27.83,30.54,1,0,0,0,7,50000,63.3,Semi-Urban,0
31.93,36.52,25.97,-1.823,21.26,21.23,1,0,0,0,15,30000,73.7,Semi-Urban,0
84.14,85.04,-5.37,0.948,39.53,39.78,1,0,0,1,5,18000,60.8,Rural,0
62.93,60.18,-15.51,1.653,20.14,29.42,1,0,0,1,12,5000,55.0,Urban,0
100.0,100.0,-8.22,0.332,33.56,33.18,1,1,0,0,16,5000,52.9,Rural,0
93.13,93.65,-1.31,0.549,23.75,25.13,1,0,0,0,7,10000,68.4,Urban,0
41.76,46.5,14.86,-3.259,22.98,24.92,1,0,0,1,5,5000,64.6,Rural,1
53.99,54.36,0.76,-0.756,0.0,0.0,0,0,0,0,2,18000,83.6,Rural,0
98.46,94.27,-13.49,1.164,37.98,34.54,1,0,0,0,11,30000,48.7,Urban,0
100.0,100.0,-19.36,1.897,31.33,32.02,1,0,0,0,11,30000,42.5,Rural,0
44.42,44.81,9.4,-2.671,28.82,28.47,1,0,0,1,5,75000,81.1,Semi-Urban,0
49.3,51.51,22.09,-2.047,27.62,24.51,1,0,0,0,13,5000,78.8,Rural,1
91.81,89.0,-36.94,2.798,28.7,37.7,1,3,0,1,15,30000,54.8,Semi-Urban,0
89.06,85.88,-6.8,2.09,26.13,22.76,1,2,0,0,4,10000,84.8,Rural,0
81.83,85.56,1.34,-0.671,25.98,25.65,1,0,0,0,3,10000,75.0,Rural,0
29.91,37.12,25.27,-2.498,19.39,13.82,1,0,0,0,11,18000,79.8,Semi-Urban,1
23.88,29.4,32.43,-3.176,8.9,13.85,1,2,0,0,11,50000,94.4,Urban,1
42.77,39.12,-5.81,2.905,29.59,25.32,1,2,0,1,3,50000,88.3,Semi-Urban,0
51.73,57.07,24.46,-4.68,16.92,18.68,1,0,0,0,7,50000,96.8,Urban,1
43.69,49.91,21.13,-3.615,14.5,12.71,1,1,0,0,8,18000,78.2,Urban,1
20.0,20.0,38.94,-2.618,21.07,23.23,1,3,1,0,16,30000,84.6,Semi-Urban,1
71.46,69.75,-4.59,1.238,30.71,28.42,1,2,0,1,6,10000,72.4,Rural,0
58.26,56.87,-15.49,1.157,22.65,20.6,1,0,0,0,14,5000,78.9,Semi-Urban,0
43.35,40.15,-7.57,2.66,32.58,40.0,1,0,0,0,4,5000,63.6,Semi-Urban,0
43.48,43.9,1.96,-0.691,37.97,34.22,1,0,0,0,4,75000,85.3,Rural,0
33.65,40.47,31.85,-3.118,8.66,8.51,1,1,1,0,10,5000,48.6,Semi-Urban,1
32.62,34.16,35.89,-3.2,18.31,20.34,1,0,0,0,13,5000,80.1,Urban,1
91.38,85.03,-14.79,2.429,29.78,33.06,1,0,0,1,6,5000,67.6,Semi-Urban,0
28.42,30.68,17.04,-2.178,11.41,12.81,1,0,0,1,9,5000,76.5,Rural,1
39.36,48.36,42.53,-2.909,16.02,17.14,1,1,0,1,14,18000,92.3,Rural,1
48.24,51.35,24.58,-2.157,21.31,20.5,1,0,0,0,13,5000,55.2,Urban,1
50.17,47.78,-14.54,0.97,21.73,22.58,1,0,0,0,16,18000,80.5,Urban,0
35.71,36.16,29.57,-2.408,23.43,28.28,1,0,0,0,16,5000,49.3,Semi-Urban,1
56.67,61.32,11.81,-2.627,7.4,13.91,1,0,0,0,6,30000,92.3,Semi-Urban,1
76.99,78.01,5.35,-2.677,15.21,16.84,1,1,1,0,3,5000,75.4,Rural,1
100.0,100.0,-6.9,0.283,29.54,37.49,1,2,0,0,13,75000,92.5,Semi-Urban,0
62.25,58.89,-12.4,3.072,40.0,35.44,1,1,0,0,5,75000,95.5,Semi-Urban,0
44.51,45.54,8.85,-1.929,32.25,27.43,1,0,0,1,7,10000,54.1,Urban,1
26.74,25.98,18.56,-1.783,20.7,24.99,1,1,1,1,14,5000,52.2,Rural,1
97.38,96.9,-16.7,1.943,22.43,25.74,1,0,0,1,10,10000,45.3,Rural,0
64.38,63.99,-17.15,1.584,16.61,23.82,1,0,0,0,14,30000,59.3,Rural,0
89.52,88.74,-3.49,0.635,32.73,34.05,1,0,0,0,5,30000,53.9,Semi-Urban,0
52.02,49.38,18.77,-1.942,23.05,26.11,1,2,0,1,11,30000,70.5,Semi-Urban,0
34.13,35.11,1.96,-1.959,0.0,0.0,0,1,1,0,2,5000,43.6,Semi-Urban,1
32.54,37.52,44.84,-3.34,18.79,21.94,1,1,1,0,14,75000,46.5,Urban,1
89.19,85.68,-27.0,2.555,32.99,35.06,1,1,0,0,12,30000,90.2,Semi-Urban,0
85.63,83.42,-4.5,1.201,20.07,24.57,1,2,0,0,4,10000,54.6,Rural,0
87.48,88.48,0.75,-0.324,10.2,9.63,1,0,0,0,7,30000,83.2,Semi-Urban,0
42.26,43.4,37.16,-3.437,18.45,17.1,1,0,0,1,14,10000,43.0,Rural,1
23.08,24.22,25.69,-3.182,10.25,13.08,1,4,0,1,9,10000,54.9,Rural,1
100.0,100.0,-8.11,0.74,35.47,38.85,1,2,0,1,14,10000,69.1,Urban,0
50.54,54.85,12.74,-2.886,24.65,24.54,1,0,0,1,6,18000,47.3,Urban,1
20.0,20.0,26.54,-2.132,27.57,31.74,1,3,1,1,16,10000,60.4,Rural,1
20.0,20.0,33.13,-2.443,12.23,11.5,1,0,0,0,14,30000,41.3,Semi-Urban,1
47.41,50.01,5.2,-5.203,0.0,0.0,0,0,0,0,2,50000,45.0,Rural,1
47.84,53.85,28.13,-4.436,14.2,12.52,1,0,0,1,8,5000,77.2,Semi-Urban,1
55.91,60.49,9.71,-4.855,21.51,18.35,1,0,0,0,3,10000,83.1,Urban,1
54.82,55.46,-16.73,1.234,27.4,23.47,1,0,0,0,16,50000,53.0,Semi-Urban,0
25.62,26.07,34.71,-3.301,16.25,14.88,1,0,0,0,13,30000,77.4,Rural,1
28.73,36.1,16.49,-5.45,19.98,22.2,1,1,1,1,4,5000,44.3,Rural,1
54.31,51.01,-3.48,0.865,28.75,29.26,1,2,0,1,5,30000,68.3,Rural,0
100.0,97.12,-34.61,2.652,27.23,26.05,1,1,0,0,14,18000,40.5,Urban,0
76.92,79.87,5.93,-2.966,22.32,25.43,1,0,0,0,3,30000,82.6,Urban,0
90.91,90.44,-20.83,1.794,19.34,21.33,1,0,0,0,13,10000,50.9,Rural,0
48.45,51.01,42.69,-3.297,26.2,26.81,1,0,0,0,15,5000,86.1,Rural,1
57.15,62.99,34.93,-3.458,21.21,21.45,1,0,0,1,10,30000,72.6,Urban,1
98.15,98.92,-3.57,0.724,31.3,32.48,1,1,0,0,16,10000,93.2,Semi-Urban,0
41.2,44.86,26.12,-3.14,29.8,25.29,1,1,1,1,10,5000,48.3,Urban,1
100.0,100.0,-26.39,1.838,16.93,24.39,1,0,0,0,15,5000,77.1,Urban,0
100.0,95.08,-14.05,3.13,38.17,35.75,1,0,0,1,5,10000,57.0,Rural,0
33.38,41.35,31.01,-2.182,27.74,29.61,1,0,0,1,13,5000,65.5,Semi-Urban,1
57.92,57.42,-17.65,2.352,18.72,21.12,1,1,0,1,10,18000,83.2,Rural,0
34.45,38.55,11.92,-2.525,29.52,30.1,1,1,0,0,7,5000,47.6,Rural,1
62.61,60.8,-18.57,2.886,17.62,25.12,1,1,0,1,8,5000,96.2,Semi-Urban,0
68.6,66.41,-12.21,1.573,24.54,22.3,1,0,0,0,8,50000,52.6,Urban,0
66.71,70.46,12.86,-2.367,22.66,23.79,1,3,1,0,7,18000,53.3,Semi-Urban,1
74.4,70.05,-10.92,1.689,34.12,34.34,1,0,0,0,7,18000,60.2,Rural,0
66.27,72.73,20.93,-1.82,26.97,29.9,1,4,0,0,13,50000,42.5,Rural,1
62.77,66.35,10.29,-4.268,25.79,26.0,1,0,0,0,4,10000,50.4,Urban,1
44.06,43.68,1.52,-0.258,25.86,26.88,1,3,0,0,4,18000,51.6,Rural,1
43.44,44.89,2.89,-2.894,0.0,0.0,0,0,0,1,2,5000,78.1,Urban,1
36.35,35.53,14.74,-2.51,24.75,28.96,1,1,0,0,11,75000,57.0,Rural,1
72.6,68.83,-14.25,1.053,39.35,40.0,1,3,0,1,15,30000,72.8,Urban,0
53.55,51.15,-4.8,4.797,0.0,0.0,0,0,0,1,2,30000,40.3,Rural,0
20.0,20.0,20.15,-1.753,20.41,25.59,1,2,1,1,12,30000,52.5,Urban,1
100.0,97.25,-34.78,2.376,28.93,27.65,1,1,0,1,15,18000,67.0,Urban,0
63.63,60.48,-13.66,1.495,30.74,31.09,1,0,0,1,10,10000,67.1,Semi-Urban,0
86.5,85.14,-14.33,1.741,40.0,38.43,1,0,0,0,9,50000,47.4,Urban,0
85.57,85.06,-0.82,0.412,30.48,31.89,1,0,0,0,3,30000,76.8,Urban,0
51.67,49.58,-4.18,4.178,0.0,0.0,0,0,0,1,2,30000,81.0,Semi-Urban,0
34.08,34.39,12.69,-1.5,16.6,19.06,1,2,0,0,11,18000,94.9,Urban,1
48.37,56.86,22.3,-4.456,10.21,13.66,1,0,0,0,6,75000,78.9,Urban,1
81.19,77.3,-30.96,2.528,21.61,21.07,1,0,0,1,13,30000,86.0,Rural,0
66.37,64.5,-24.47,2.501,30.91,31.31,1,1,0,0,12,50000,76.4,Urban,0
74.48,72.37,-12.99,1.804,36.97,39.44,1,0,0,0,8,10000,56.5,Rural,0
32.66,33.88,15.44,-2.758,19.06,15.49,1,0,0,0,7,50000,98.4,Urban,0
67.51,64.13,-14.45,1.831,19.86,20.67,1,3,0,0,9,75000,66.1,Urban,0
100.0,100.0,-18.24,1.697,40.0,34.34,1,3,0,1,13,10000,77.9,Semi-Urban,0
100.0,100.0,-15.45,1.718,22.85,18.89,1,2,0,1,12,5000,56.9,Rural,0
66.49,71.15,9.31,-9.312,0.0,0.0,0,3,1,0,2,30000,66.0,Semi-Urban,1
81.86,78.52,-26.21,2.746,24.44,24.79,1,4,0,0,11,50000,53.1,Urban,0
44.92,42.27,-7.17,2.191,38.04,35.32,1,0,0,0,4,30000,89.9,Rural,0
74.7,71.51,-19.47,2.677,17.18,20.67,1,2,0,0,8,30000,77.6,Rural,0
100.0,97.34,-22.9,2.29,37.33,32.8,1,0,0,1,12,30000,81.8,Rural,0
20.0,21.73,23.83,-2.129,6.37,10.4,1,1,1,0,12,10000,46.8,Rural,1
100.0,100.0,-21.25,1.555,30.46,25.38,1,0,0,0,15,10000,66.6,Rural,0
75.37,73.7,-3.3,0.421,39.55,38.64,1,0,0,1,4,5000,87.2,Semi-Urban,0
74.67,77.31,18.02,-1.422,21.96,24.87,1,4,1,0,12,5000,98.3,Semi-Urban,1
64.4,59.12,-28.6,1.473,23.04,20.4,1,0,0,0,16,75000,41.4,Semi-Urban,0
86.24,86.92,1.36,-1.362,0.0,0.0,0,4,1,0,2,30000,78.7,Rural,0
40.22,45.21,23.34,-2.929,18.36,13.27,1,1,0,1,9,50000,61.4,Urban,1
40.48,45.5,7.96,-3.98,23.38,24.84,1,4,1,1,3,18000,81.6,Semi-Urban,1
71.5,71.81,8.15,-2.333,12.39,16.48,1,0,0,1,6,30000,56.5,Urban,1
57.1,57.07,1.87,-0.936,30.2,28.47,1,1,1,0,3,5000,73.0,Semi-Urban,0
75.78,75.44,13.13,-2.181,30.23,27.0,1,0,0,0,9,10000,61.3,Semi-Urban,0
96.83,91.18,-11.25,3.479,28.45,27.06,1,1,0,1,4,10000,96.9,Rural,0
55.25,59.11,9.36,-4.679,23.99,25.76,1,0,0,1,3,10000,62.8,Rural,1
44.63,49.83,10.4,-10.398,0.0,0.0,0,2,1,0,2,50000,60.3,Semi-Urban,1
39.22,42.26,12.68,-2.259,21.88,23.03,1,2,0,0,6,30000,63.7,Urban,1
78.52,77.13,-42.43,2.845,21.34,19.97,1,0,0,0,16,10000,60.9,Semi-Urban,0
78.83,76.63,-8.14,0.468,23.43,19.1,1,0,0,0,14,75000,96.1,Semi-Urban,0
32.46,33.13,23.25,-2.34,22.74,19.33,1,0,0,1,11,18000,78.7,Urban,1
46.55,44.02,-8.75,3.306,34.03,32.93,1,0,0,0,5,75000,78.8,Urban,0
77.01,72.82,-28.9,2.415,18.73,20.62,1,1,0,1,12,10000,88.2,Urban,0
46.17,44.61,-10.88,0.671,20.45,22.06,1,0,0,1,16,10000,41.6,Rural,1
87.09,83.34,-4.75,2.375,31.94,30.55,1,0,0,1,3,10000,60.1,Rural,0
94.24,92.18,-9.29,1.727,35.09,35.62,1,0,0,1,6,5000,71.4,Semi-Urban,0
20.0,24.12,21.01,-1.987,25.61,26.29,1,0,0,1,10,5000,52.6,Urban,1
58.81,54.16,-9.64,1.333,28.26,35.61,1,2,0,0,7,75000,64.7,Rural,0
67.04,60.86,-13.39,4.388,23.45,24.11,1,2,0,1,4,50000,70.8,Rural,0
100.0,100.0,-8.51,0.766,32.46,32.77,1,0,0,0,13,50000,84.4,Rural,0
100.0,100.0,-21.77,1.546,31.19,28.27,1,2,0,0,14,18000,40.2,Urban,0
71.47,71.32,10.5,-1.354,12.42,11.58,1,0,0,1,10,10000,47.2,Rural,1
20.0,25.39,38.03,-3.493,14.99,16.38,1,2,0,1,12,18000,41.2,Urban,1
54.09,50.49,-11.09,1.453,28.61,30.98,1,0,0,1,8,30000,47.6,Rural,0
58.86,57.62,-1.12,0.562,30.21,31.71,1,0,0,0,3,18000,96.4,Rural,0
93.54,92.66,-1.77,1.77,0.0,0.0,0,0,0,0,2,10000,94.7,Urban,0
100.0,98.08,-29.8,2.578,40.0,38.13,1,2,0,0,13,10000,50.2,Rural,0
20.0,21.33,22.87,-1.793,5.56,13.02,1,4,1,1,13,30000,55.8,Semi-Urban,1
32.72,40.04,58.82,-3.969,19.27,23.6,1,0,0,0,16,18000,98.4,Urban,1
64.41,59.18,-16.8,3.139,32.2,31.31,1,0,0,1,6,5000,73.1,Semi-Urban,0
100.0,100.0,-13.11,1.068,38.38,37.57,1,0,0,1,13,5000,46.4,Rural,0
20.0,20.0,20.09,-2.094,23.83,20.13,1,1,1,1,12,50000,64.5,Urban,1
56.87,56.78,-1.72,0.674,40.0,33.13,1,0,0,1,6,50000,82.2,Rural,0
47.31,43.73,0.05,-0.784,24.32,23.17,1,2,0,1,9,50000,40.8,Urban,1
55.52,61.51,25.13,-3.926,26.68,22.05,1,1,1,0,7,75000,42.1,Rural,1
78.93,76.99,-22.26,2.059,18.38,20.3,1,0,0,0,12,50000,97.2,Rural,0
66.63,68.73,8.25,-2.445,11.48,9.77,1,0,0,1,5,50000,88.1,Rural,1
20.0,20.57,20.98,-1.791,30.59,29.29,1,0,0,1,14,30000,80.1,Rural,1
81.74,83.8,6.77,-3.385,16.32,13.82,1,2,1,0,3,5000,87.8,Urban,1
70.93,68.69,-3.79,0.602,34.96,35.9,1,0,0,0,7,75000,76.1,Rural,0
95.57,96.45,-6.34,0.572,36.72,38.29,1,0,0,1,9,5000,57.8,Semi-Urban,0
20.77,24.4,55.04,-3.637,24.15,24.6,1,0,0,0,16,30000,54.7,Urban,1
100.0,98.98,-10.93,1.468,30.8,29.75,1,1,0,0,8,50000,95.2,Rural,0
27.56,31.62,27.72,-3.672,29.15,27.06,1,0,0,0,8,50000,84.8,Semi-Urban,1
69.4,72.39,17.65,-2.583,27.34,24.71,1,3,1,1,8,50000,86.6,Urban,1
100.0,100.0,-10.1,0.725,22.91,22.79,1,0,0,1,14,10000,83.2,Semi-Urban,0
89.53,84.07,-21.97,1.894,33.99,40.0,1,0,0,0,12,18000,51.3,Rural,0
46.91,45.46,13.77,-1.43,25.93,22.94,1,0,0,1,12,30000,67.8,Urban,1
77.86,73.37,-21.4,2.44,23.83,28.55,1,0,0,1,9,75000,68.7,Semi-Urban,0
63.95,68.83,9.77,-9.766,0.0,0.0,0,0,0,1,2,30000,87.2,Urban,0
64.93,68.24,28.52,-3.604,29.43,26.19,1,0,0,1,9,10000,95.9,Semi-Urban,1
83.89,81.83,-1.9,0.88,31.58,34.25,1,3,0,1,4,10000,80.2,Urban,0
88.44,88.0,-8.91,1.127,30.94,34.16,1,0,0,0,8,75000,63.0,Semi-Urban,0
20.0,21.09,29.06,-2.234,11.77,11.54,1,3,1,0,14,10000,54.4,Semi-Urban,1
50.08,54.07,10.2,-3.669,26.88,27.29,1,1,1,0,4,10000,54.2,Urban,1
90.29,88.16,-9.46,0.963,17.93,18.31,1,2,0,1,11,10000,55.0,Rural,1
29.87,31.82,3.13,-1.602,21.92,29.13,1,4,1,1,5,18000,45.0,Rural,1
99.32,92.33,-13.44,0.7,26.3,26.7,1,1,0,0,15,75000,94.8,Urban,0
55.67,54.79,-3.41,0.737,29.31,27.45,1,1,0,0,6,5000,85.4,Urban,0
73.7,69.19,-16.04,2.922,32.23,30.73,1,0,0,0,7,10000,54.5,Urban,0
100.0,100.0,-9.99,0.748,23.55,20.28,1,0,0,0,12,18000,69.8,Urban,0
89.32,88.2,-2.25,2.254,0.0,0.0,0,2,0,0,2,18000,81.6,Rural,0
100.0,99.87,-9.09,1.444,23.55,20.05,1,0,0,1,7,10000,40.6,Urban,0
38.95,46.95,27.7,-1.915,26.12,25.24,1,1,0,1,12,50000,64.6,Semi-Urban,1
55.89,65.62,26.49,-5.012,18.15,14.51,1,1,0,0,6,30000,92.5,Rural,1
68.23,68.36,-5.48,0.896,19.23,19.28,1,0,0,1,9,75000,78.3,Urban,0
41.58,39.1,-5.44,1.397,20.4,21.47,1,0,0,1,5,30000,45.7,Rural,1
41.98,47.47,40.8,-2.778,19.4,20.41,1,0,0,0,14,75000,57.6,Rural,1
100.0,100.0,-10.82,1.051,21.85,23.38,1,0,0,0,12,50000,54.3,Semi-Urban,0
100.0,97.84,-19.53,1.561,35.38,38.43,1,2,0,1,14,18000,48.4,Rural,1
84.57,82.02,-22.12,1.519,40.0,37.75,1,0,0,0,15,75000,83.9,Rural,0
81.0,77.11,-9.15,2.627,37.83,39.27,1,3,0,0,5,50000,54.9,Rural,0
86.97,84.1,-23.32,2.216,33.68,36.53,1,0,0,1,11,5000,75.4,Urban,0
27.29,28.43,9.42,-0.882,28.49,29.91,1,0,0,0,8,18000,80.6,Semi-Urban,0
92.57,90.72,-11.89,1.418,18.51,21.48,1,1,0,1,10,50000,67.9,Semi-Urban,0
86.51,84.45,-7.56,0.856,27.43,32.36,1,0,0,1,10,10000,62.6,Urban,0
75.94,80.5,13.21,-6.603,25.84,25.41,1,0,0,1,3,10000,50.3,Semi-Urban,1
100.0,100.0,-7.91,0.692,27.72,29.95,1,0,0,1,10,18000,73.8,Rural,0
66.81,63.51,-5.13,2.565,31.09,30.58,1,2,0,0,3,18000,50.7,Rural,0
43.39,49.11,19.24,-3.421,8.79,12.89,1,0,0,0,7,5000,83.9,Rural,1
22.23,27.66,23.72,-2.701,16.04,15.91,1,0,0,0,10,75000,63.6,Rural,1
100.0,100.0,-20.49,1.838,35.23,37.16,1,1,0,0,14,5000,91.8,Rural,0
23.13,28.4,25.55,-1.663,33.09,26.33,1,1,1,0,14,30000,49.5,Urban,1
95.63,96.82,-0.98,0.184,33.73,40.0,1,1,0,0,11,50000,89.5,Urban,0
49.07,42.62,10.31,-1.862,23.72,21.28,1,0,0,0,10,75000,59.5,Rural,0
34.57,36.59,35.95,-2.833,15.62,18.37,1,1,1,1,14,30000,90.4,Rural,1
100.0,100.0,-13.78,1.307,35.2,40.0,1,1,0,0,12,75000,81.1,Rural,0
26.65,31.09,22.96,-3.789,25.76,25.69,1,3,1,0,6,30000,83.5,Urban,1
20.0,20.0,13.56,-1.957,28.58,27.75,1,0,0,0,9,50000,68.2,Rural,0
27.94,31.38,21.34,-3.515,32.69,30.55,1,0,0,0,7,50000,43.4,Semi-Urban,1
86.21,84.12,-27.66,2.009,35.52,32.95,1,4,0,1,14,5000,68.1,Rural,0
66.79,64.48,-17.65,1.986,18.18,24.99,1,0,0,0,9,10000,51.1,Rural,0
90.3,84.77,-17.49,2.031,27.76,33.24,1,0,0,0,9,18000,40.1,Urban,0
60.89,66.59,27.98,-1.704,18.21,11.27,1,0,0,1,16,50000,59.8,Urban,1
78.86,80.58,-3.35,0.902,27.37,22.91,1,0,0,1,6,18000,52.0,Urban,0
44.84,42.31,-12.11,1.508,28.96,29.68,1,0,0,0,8,5000,69.1,Rural,0
42.9,48.5,33.03,-2.314,25.31,20.4,1,3,0,0,16,50000,78.4,Urban,1
95.62,91.5,-15.98,2.432,29.81,26.23,1,0,0,0,8,5000,69.5,Urban,0
81.87,79.94,-19.94,2.086,25.17,27.57,1,0,0,0,12,50000,94.0,Rural,0
100.0,95.63,-39.21,2.806,35.34,34.8,1,0,0,1,15,5000,51.3,Rural,0
69.76,67.77,-21.16,1.812,31.02,33.82,1,1,0,0,13,50000,83.5,Urban,0
87.91,91.87,6.75,-3.373,22.07,23.69,1,0,0,1,3,10000,65.1,Semi-Urban,0
57.97,57.27,-1.4,1.396,0.0,0.0,0,0,0,0,2,10000,75.9,Semi-Urban,0
57.64,65.62,22.36,-3.399,12.35,15.44,1,0,0,0,9,75000,66.3,Semi-Urban,1
34.49,36.8,46.26,-3.86,28.83,26.83,1,0,0,1,13,18000,45.8,Semi-Urban,1
70.43,70.46,0.76,-0.378,24.65,24.25,1,0,0,1,3,18000,77.9,Semi-Urban,0
82.27,76.87,-22.0,1.901,38.16,38.65,1,1,0,0,11,10000,64.2,Rural,0
47.97,57.98,19.99,-3.098,12.33,15.46,1,0,0,1,6,10000,49.5,Semi-Urban,1
36.0,41.89,9.01,-2.732,25.71,27.96,1,2,1,1,4,30000,90.7,Urban,1
20.0,20.0,18.28,-1.953,12.94,10.71,1,1,1,1,10,5000,81.9,Rural,1
98.5,93.63,-6.22,0.926,24.45,31.05,1,3,0,0,8,5000,62.5,Semi-Urban,0
20.0,20.0,16.46,-0.937,12.2,14.47,1,3,0,1,16,50000,97.2,Semi-Urban,1
70.05,74.95,17.93,-3.184,15.55,14.69,1,0,0,0,6,30000,43.8,Rural,0
100.0,100.0,-11.43,0.696,30.44,34.62,1,4,0,1,16,75000,68.3,Urban,0
20.0,27.22,32.56,-2.704,28.79,27.49,1,0,0,0,12,10000,86.3,Semi-Urban,1
56.4,51.58,-13.21,1.573,22.23,25.62,1,4,0,0,8,30000,91.9,Rural,0
45.83,46.76,-9.67,0.802,26.32,37.28,1,0,0,0,16,75000,54.0,Rural,0
69.3,71.53,1.31,-0.657,17.05,11.8,1,1,1,1,3,10000,53.0,Rural,1
66.83,71.88,22.39,-3.209,25.48,28.64,1,0,0,1,8,10000,55.3,Rural,1
68.53,67.36,-20.99,2.264,33.68,30.74,1,0,0,0,10,30000,77.7,Rural,0
81.89,79.27,-17.58,1.476,35.62,36.31,1,0,0,1,15,18000,71.7,Rural,0
82.85,82.54,-0.39,0.196,30.63,31.4,1,3,1,1,3,10000,53.6,Semi-Urban,1
71.48,70.11,-35.77,2.672,19.32,23.42,1,0,0,1,15,10000,70.2,Semi-Urban,0
82.19,80.56,-3.51,1.756,40.0,36.01,1,1,0,0,3,10000,68.6,Rural,0
20.0,23.4,38.7,-3.469,14.33,14.88,1,2,1,0,12,30000,48.5,Rural,1
43.65,43.08,-5.85,1.439,24.87,23.12,1,0,0,0,6,75000,96.7,Rural,0
91.15,84.49,-31.35,1.943,31.78,32.9,1,0,0,1,15,5000,78.9,Urban,0
77.95,78.77,4.38,-0.78,27.42,22.06,1,0,0,0,6,18000,91.3,Urban,0
38.01,41.62,20.38,-2.283,4.49,17.71,1,3,1,1,10,18000,51.4,Rural,1
44.01,49.34,47.31,-3.736,22.02,18.89,1,0,0,0,13,5000,49.4,Urban,1
83.53,81.3,-10.72,1.594,35.94,32.06,1,0,0,0,8,5000,90.5,Urban,0
85.45,83.85,-2.61,0.537,27.76,33.93,1,1,0,0,6,30000,50.9,Semi-Urban,0
63.0,68.13,26.04,-2.177,18.2,19.69,1,1,1,1,12,30000,65.9,Urban,1
80.78,79.33,-2.1,1.049,36.12,38.03,1,1,0,0,3,5000,69.2,Urban,0
60.99,59.87,-4.07,0.599,17.01,20.42,1,1,0,0,11,5000,43.3,Rural,0
79.24,74.31,-41.63,2.448,35.25,36.97,1,0,0,0,16,10000,69.8,Rural,0
34.42,40.34,42.27,-3.789,31.7,24.09,1,0,0,1,11,10000,83.7,Semi-Urban,1
83.56,82.54,-27.61,2.004,24.89,22.84,1,0,0,0,16,18000,90.3,Rural,0
53.39,52.34,10.84,-1.343,14.59,8.3,1,0,0,0,11,18000,84.8,Rural,1
20.0,20.0,22.96,-2.32,14.84,11.53,1,0,0,0,11,30000,82.5,Urban,1
100.0,94.8,-13.45,2.052,40.0,38.12,1,0,0,0,7,18000,79.9,Rural,0
93.29,92.82,-5.69,1.498,35.01,37.38,1,3,0,0,5,75000,64.6,Semi-Urban,0
100.0,100.0,-5.65,0.241,30.08,28.58,1,1,0,0,12,75000,51.4,Urban,0
35.22,42.5,14.73,-7.366,32.12,25.24,1,0,0,0,3,5000,57.4,Urban,1
97.93,95.05,-5.76,5.756,0.0,0.0,0,0,0,0,2,10000,58.7,Semi-Urban,0
81.69,77.78,-31.22,2.323,29.0,36.39,1,0,0,1,13,30000,58.4,Rural,0
42.95,42.02,-3.26,1.171,36.96,34.94,1,0,0,1,5,30000,42.6,Urban,0
100.0,98.19,-24.26,2.268,28.54,27.3,1,0,0,0,12,50000,91.7,Urban,0
89.62,92.34,-6.72,1.296,36.29,35.2,1,0,0,0,9,18000,58.4,Rural,0
30.13,33.21,32.48,-2.509,26.79,23.7,1,2,0,0,14,30000,88.7,Semi-Urban,1
63.7,61.85,-3.71,3.714,0.0,0.0,0,2,0,0,2,50000,47.7,Rural,0
20.0,20.0,44.08,-3.264,5.67,14.51,1,2,0,0,15,10000,55.8,Rural,1
70.6,68.26,-18.55,2.496,39.84,38.59,1,0,0,1,9,5000,64.8,Urban,0
40.54,44.36,18.88,-3.088,33.13,29.25,1,3,1,0,8,75000,71.7,Semi-Urban,1
67.8,62.95,-14.52,1.65,37.76,37.36,1,0,0,1,8,10000,59.8,Rural,0
40.99,42.77,-3.35,0.767,24.88,21.92,1,1,0,0,9,30000,77.1,Urban,0
33.17,42.92,38.32,-2.218,13.54,18.95,1,2,0,1,16,5000,63.4,Semi-Urban,1
100.0,100.0,-13.4,1.651,24.81,28.17,1,0,0,0,11,50000,69.3,Urban,0
20.0,20.0,20.05,-1.748,23.24,21.88,1,0,0,0,13,75000,53.3,Semi-Urban,0
83.0,82.14,-12.33,1.05,30.8,30.77,1,0,0,0,15,18000,53.5,Rural,0
54.8,55.55,-14.47,1.93,26.82,23.4,1,3,0,1,9,10000,77.1,Semi-Urban,1
55.44,57.22,17.1,-1.936,17.39,16.88,1,1,1,0,9,30000,73.2,Urban,1
42.54,43.47,6.41,-1.249,21.92,20.5,1,0,0,0,6,30000,47.8,Rural,1
47.89,48.64,11.31,-1.526,10.23,18.06,1,0,0,0,9,50000,76.5,Urban,1
100.0,100.0,-13.33,1.55,14.03,22.24,1,0,0,0,11,30000,48.0,Rural,0
100.0,100.0,-10.91,0.591,28.07,31.11,1,1,0,1,13,10000,76.2,Semi-Urban,0
51.09,51.81,1.43,-1.435,0.0,0.0,0,0,0,0,2,75000,71.2,Rural,0
52.75,50.94,-4.69,0.497,31.88,28.42,1,0,0,0,8,10000,67.9,Semi-Urban,0
67.71,63.58,-24.28,2.201,24.11,29.59,1,0,0,1,12,5000,91.0,Urban,0
58.68,53.85,-7.5,2.418,31.74,30.56,1,1,0,1,4,5000,58.4,Urban,1
25.25,30.49,15.55,-5.099,31.69,26.86,1,1,1,1,4,50000,92.0,Urban,1
74.82,71.75,-11.06,0.806,29.37,30.71,1,1,0,1,10,30000,74.1,Urban,0
30.98,32.92,45.85,-3.114,16.19,19.25,1,0,0,1,16,5000,90.4,Urban,1
100.0,100.0,-6.41,0.402,23.07,23.08,1,1,0,0,13,30000,40.4,Rural,0
100.0,100.0,-13.2,1.423,20.3,21.23,1,3,0,0,11,30000,91.4,Rural,0
68.31,76.0,22.16,-2.373,10.84,12.46,1,1,1,1,10,30000,65.6,Semi-Urban,1
63.38,63.18,-13.8,1.466,40.0,37.96,1,1,0,0,13,30000,42.6,Urban,0
66.49,60.54,-18.94,2.943,27.66,31.43,1,2,0,0,7,30000,58.0,Urban,0
84.46,82.17,-1.93,0.327,26.83,24.87,1,0,0,1,7,10000,60.5,Rural,0
68.77,71.51,3.62,-1.364,20.42,18.13,1,2,0,0,5,5000,41.4,Rural,1
20.0,20.76,24.91,-2.336,25.47,24.24,1,1,0,0,10,30000,65.4,Rural,1
66.09,64.26,-15.23,1.125,23.96,24.99,1,0,0,1,13,30000,47.6,Rural,0
100.0,100.0,-4.6,0.216,30.27,25.89,1,0,0,1,16,10000,42.6,Semi-Urban,0
49.42,46.54,-5.24,2.618,26.55,24.35,1,0,0,0,3,18000,45.0,Semi-Urban,0
29.02,31.45,40.76,-3.377,27.6,29.1,1,0,0,0,14,5000,72.1,Urban,1
33.68,39.09,47.99,-3.66,30.76,23.34,1,0,0,1,14,75000,43.3,Semi-Urban,1
68.3,62.45,-7.84,1.888,29.99,25.85,1,0,0,1,5,18000,46.2,Urban,0
45.72,44.53,-2.38,2.385,0.0,0.0,0,1,0,0,2,10000,68.1,Rural,0
72.98,68.77,-25.4,3.137,25.2,20.63,1,0,0,0,10,18000,45.5,Semi-Urban,0
90.72,88.47,-13.27,2.004,25.68,23.48,1,3,0,0,9,75000,63.3,Urban,0
30.92,36.37,28.66,-2.476,11.76,15.63,1,0,0,0,12,75000,70.9,Rural,1
64.93,62.59,-4.68,4.677,0.0,0.0,0,0,0,0,2,30000,69.2,Rural,0
55.25,59.07,1.87,-0.934,28.21,26.65,1,2,1,0,3,18000,47.9,Rural,1
57.3,64.48,16.54,-0.988,23.01,16.96,1,0,0,1,16,75000,76.9,Urban,1
42.84,43.65,16.42,-1.39,14.86,19.86,1,2,0,1,15,5000,79.9,Semi-Urban,1
59.26,61.46,25.86,-2.968,25.97,21.15,1,0,0,1,11,30000,42.4,Urban,1
49.93,47.14,-8.22,0.617,33.12,27.04,1,0,0,1,10,10000,45.2,Semi-Urban,1
92.77,87.56,-14.07,1.187,31.32,23.86,1,0,0,1,13,10000,52.1,Semi-Urban,0
20.0,20.0,23.0,-2.059,21.83,23.03,1,4,1,0,12,30000,56.4,Urban,1
46.16,47.36,-7.89,1.446,32.09,34.22,1,3,0,1,6,10000,97.8,Rural,1
59.61,56.58,-12.85,1.499,18.11,27.37,1,0,0,0,11,18000,55.1,Urban,0
79.75,87.15,16.04,-3.42,23.06,25.52,1,1,0,0,5,10000,93.5,Urban,0
20.0,20.73,36.51,-2.738,26.45,30.65,1,0,0,1,15,18000,48.6,Semi-Urban,1
34.98,37.07,5.59,-0.814,27.72,23.48,1,0,0,0,7,75000,72.1,Urban,0
38.38,47.47,30.89,-6.41,25.7,27.26,1,3,0,0,6,18000,90.4,Semi-Urban,1
68.06,71.16,9.22,-4.61,18.25,19.37,1,3,1,1,3,75000,78.3,Semi-Urban,1
77.82,75.5,-6.97,2.625,35.28,34.65,1,1,0,1,4,18000,65.6,Rural,0
98.25,95.05,-8.08,1.548,34.58,32.34,1,0,0,0,5,75000,75.4,Semi-Urban,0
95.68,95.37,-0.61,0.609,0.0,0.0,0,1,0,0,2,30000,53.8,Rural,0
87.55,86.56,-3.37,1.158,19.68,21.26,1,0,0,0,6,10000,59.0,Rural,0
38.44,42.17,34.88,-2.726,19.45,20.95,1,2,1,1,15,18000,92.0,Rural,1
98.62,92.47,-10.04,2.638,23.85,26.46,1,0,0,1,5,30000,42.1,Rural,0
91.8,90.53,-2.55,2.552,0.0,0.0,0,3,1,1,2,50000,54.4,Rural,0
79.12,77.32,-21.25,1.776,26.48,22.01,1,3,0,1,14,18000,70.1,Rural,0
38.86,42.32,14.51,-2.165,16.49,16.03,1,0,0,0,8,5000,48.2,Urban,1
26.9,35.05,25.12,-3.021,12.72,14.4,1,0,0,0,8,50000,47.4,Rural,1
62.28,58.28,-21.69,2.715,29.35,36.73,1,0,0,0,9,18000,81.4,Rural,0
46.79,56.16,21.59,-3.578,27.09,25.58,1,1,1,1,6,10000,95.0,Rural,1
20.0,22.96,46.59,-3.718,12.07,10.82,1,1,0,1,14,30000,48.9,Urban,1
50.28,49.75,-9.99,1.64,36.46,38.48,1,0,0,0,10,30000,78.1,Semi-Urban,0
73.34,72.53,-34.14,2.516,26.15,36.16,1,0,0,0,16,50000,98.9,Urban,0
31.94,33.3,53.16,-3.904,10.38,20.78,1,0,0,1,15,18000,68.1,Rural,1
42.81,44.85,28.52,-2.851,18.11,17.26,1,1,1,0,12,75000,45.8,Rural,1
43.84,45.97,31.93,-2.903,24.16,20.56,1,2,1,0,11,30000,55.5,Semi-Urban,1
89.39,85.87,-11.83,0.889,40.0,35.28,1,1,0,1,11,5000,89.5,Urban,0
100.0,100.0,-21.42,1.997,37.4,33.28,1,0,0,0,14,75000,65.1,Urban,0
62.66,59.42,-10.18,1.223,28.38,26.33,1,0,0,1,8,10000,69.0,Semi-Urban,0
55.83,54.65,-12.52,0.992,32.31,33.2,1,0,0,0,13,30000,60.4,Rural,0
54.44,57.08,24.5,-1.984,12.77,10.18,1,0,0,1,14,30000,64.4,Rural,1
75.6,69.65,-14.06,2.43,25.84,23.85,1,0,0,0,7,10000,48.0,Rural,0
48.06,56.04,42.1,-2.841,15.44,14.15,1,0,0,0,15,50000,75.0,Semi-Urban,1
48.82,41.56,-12.16,3.85,22.98,23.79,1,0,0,0,4,75000,79.9,Rural,0
50.39,53.55,7.92,-3.961,14.04,8.63,1,3,1,0,3,18000,73.8,Semi-Urban,1
64.88,70.83,5.44,-1.7,20.23,26.2,1,0,0,0,5,30000,78.7,Urban,0
67.61,67.23,-0.77,0.767,0.0,0.0,0,0,0,0,2,30000,84.7,Urban,0
56.21,53.63,-8.37,0.589,19.75,22.01,1,0,0,0,14,10000,73.4,Semi-Urban,0
73.89,70.99,12.17,-1.467,34.8,26.5,1,0,0,0,12,50000,98.0,Semi-Urban,0
78.24,73.94,-17.68,2.753,27.22,26.97,1,0,0,1,8,5000,93.7,Semi-Urban,0
59.23,59.05,-13.74,1.821,39.37,38.11,1,0,0,1,10,30000,97.3,Rural,0
96.98,97.44,-2.89,0.61,33.56,32.99,1,0,0,0,10,50000,43.1,Urban,0
100.0,100.0,-13.61,0.873,31.41,26.06,1,2,0,1,15,18000,82.6,Semi-Urban,0
51.85,51.44,-0.83,0.827,0.0,0.0,0,0,0,1,2,10000,89.3,Rural,0
58.58,54.15,-10.98,1.515,34.69,31.92,1,1,0,0,8,10000,76.6,Rural,0
82.77,86.94,4.08,-1.792,23.72,19.75,1,0,0,1,4,30000,99.0,Rural,0
28.58,29.28,37.09,-3.118,20.68,18.78,1,0,0,1,15,30000,95.7,Rural,1
64.08,64.02,-0.11,0.114,0.0,0.0,0,0,0,0,2,50000,58.3,Urban,0
21.73,23.7,15.35,-1.396,28.33,23.99,1,1,1,0,10,18000,52.9,Rural,1
79.17,77.14,-5.47,1.169,36.04,31.98,1,0,0,0,5,30000,90.8,Urban,0
50.33,45.78,-7.55,3.775,20.67,28.87,1,0,0,0,3,50000,59.5,Urban,0
94.54,89.43,-14.25,1.74,18.79,22.63,1,3,0,0,9,75000,88.4,Rural,0
95.31,92.74,-30.78,2.256,33.68,32.39,1,0,0,0,15,5000,91.2,Rural,0
50.79,49.23,-5.32,0.946,25.45,23.92,1,1,0,1,6,10000,68.7,Urban,0
100.0,100.0,-32.38,2.542,40.0,37.02,1,0,0,1,14,30000,81.6,Rural,0
100.0,100.0,-5.85,0.58,37.66,34.5,1,1,0,1,11,10000,85.4,Semi-Urban,0
74.84,73.08,-8.46,1.727,29.11,30.78,1,1,0,1,7,10000,81.3,Semi-Urban,0
99.49,97.21,-7.35,1.055,37.7,32.08,1,3,0,0,8,10000,41.9,Semi-Urban,0
51.74,53.03,2.58,-2.577,0.0,0.0,0,0,0,0,2,10000,92.3,Rural,1
53.84,49.85,-9.84,2.223,26.43,26.86,1,0,0,0,5,50000,94.2,Urban,0
47.76,45.02,-13.55,1.637,31.32,27.52,1,2,0,0,8,75000,96.1,Urban,0
29.65,35.38,26.95,-2.97,16.26,14.9,1,0,0,0,11,18000,92.2,Rural,1
62.43,57.17,-21.24,1.694,23.5,20.23,1,2,0,1,13,10000,41.9,Semi-Urban,0
68.58,67.53,-2.11,2.111,0.0,0.0,0,0,0,0,2,10000,98.1,Urban,0
100.0,100.0,-11.84,0.67,27.05,28.07,1,1,0,0,16,50000,41.4,Urban,0
81.73,80.41,-0.59,0.514,24.85,21.25,1,0,0,1,6,18000,76.2,Urban,0
60.9,56.93,-13.49,1.557,34.53,32.41,1,0,0,0,9,18000,48.1,Urban,0
98.61,94.71,-28.3,2.576,37.28,38.33,1,0,0,1,11,30000,78.4,Semi-Urban,0
37.68,40.19,17.5,-1.58,13.96,19.11,1,1,1,1,14,10000,81.2,Semi-Urban,1
100.0,100.0,-9.61,0.57,30.78,32.24,1,0,0,0,12,18000,74.0,Urban,0
70.76,68.02,-34.54,2.61,29.33,32.15,1,0,0,0,14,5000,70.7,Semi-Urban,0
32.05,37.94,14.96,-4.774,27.39,24.25,1,0,0,1,4,18000,88.6,Semi-Urban,1
100.0,98.99,-11.85,0.968,35.8,33.98,1,0,0,1,15,18000,79.6,Urban,0
72.48,69.91,-11.87,1.509,21.42,21.75,1,0,0,0,9,75000,92.3,Rural,0
97.28,92.06,-16.23,1.56,22.22,29.94,1,4,0,0,9,10000,49.9,Rural,1
75.56,79.31,7.16,-1.92,18.98,10.25,1,0,0,0,6,10000,82.0,Semi-Urban,0
100.0,100.0,-16.18,0.935,32.94,38.07,1,0,0,1,15,5000,41.1,Urban,0
63.91,61.36,-13.48,1.284,38.1,33.91,1,0,0,1,10,10000,93.2,Semi-Urban,0
61.4,64.45,19.75,-2.424,15.35,14.32,1,1,1,1,10,30000,86.0,Urban,1
71.39,66.77,-34.57,2.518,26.96,27.31,1,0,0,0,14,30000,68.3,Semi-Urban,0
54.01,52.65,-11.78,0.896,26.24,26.21,1,1,0,0,15,50000,58.5,Semi-Urban,0
57.16,56.51,-3.65,0.4,32.66,33.63,1,1,0,0,6,30000,63.3,Urban,0
39.57,38.19,-2.75,2.75,0.0,0.0,0,2,0,0,2,75000,90.3,Urban,0
78.29,78.69,-5.22,0.713,32.47,33.14,1,1,0,1,8,10000,63.6,Rural,0
44.13,46.51,11.35,-2.174,19.89,19.36,1,0,0,0,6,30000,68.6,Rural,1
54.86,49.06,-8.59,4.294,30.65,29.83,1,1,0,1,3,30000,64.1,Semi-Urban,0
91.02,89.62,-33.67,2.406,39.56,33.46,1,0,0,1,16,5000,55.5,Rural,0
20.0,20.84,28.34,-2.928,17.14,18.05,1,1,0,1,12,5000,53.5,Urban,1
62.76,60.39,-9.35,0.76,26.47,21.2,1,0,0,0,12,18000,79.2,Rural,0
61.05,67.65,16.62,-3.22,20.89,17.18,1,0,0,0,6,18000,70.6,Semi-Urban,0
75.51,74.04,-18.93,1.362,30.48,32.43,1,0,0,1,15,5000,91.9,Rural,0
85.85,82.71,-32.34,2.648,35.76,37.27,1,1,0,1,14,5000,52.8,Urban,0
62.02,59.52,-14.18,1.466,23.13,19.92,1,4,0,1,11,10000,63.8,Semi-Urban,1
82.87,84.5,-6.05,0.827,20.57,25.55,1,0,0,0,11,10000,73.5,Urban,0
86.1,87.04,-11.35,1.55,24.49,24.89,1,0,0,1,9,10000,74.7,Rural,0
82.31,77.68,-34.63,2.576,25.57,30.15,1,0,0,1,13,5000,75.7,Semi-Urban,0
91.6,87.19,-15.92,3.232,16.9,19.92,1,0,0,0,6,18000,81.6,Rural,0
50.79,43.39,-13.33,2.332,40.0,35.24,1,0,0,0,6,5000,81.3,Semi-Urban,0
77.42,75.65,-15.81,1.53,25.27,24.03,1,0,0,0,12,30000,79.1,Urban,0
82.45,80.64,-3.98,0.825,24.7,25.3,1,0,0,1,6,10000,67.1,Semi-Urban,0
63.86,64.55,-3.1,0.874,19.37,18.27,1,1,1,0,4,50000,47.5,Semi-Urban,0
71.01,68.42,-5.75,1.144,30.76,23.34,1,4,0,1,6,10000,53.8,Urban,1
39.63,41.49,15.44,-1.431,23.98,28.04,1,2,1,0,13,50000,54.5,Rural,1
50.64,49.65,-4.52,0.922,36.01,35.81,1,0,0,1,7,75000,71.6,Urban,0
94.48,89.68,-25.75,1.846,19.01,17.91,1,0,0,0,15,75000,59.1,Semi-Urban,0
82.08,74.32,-34.02,3.094,38.08,40.0,1,0,0,1,11,10000,78.7,Urban,0
86.33,82.23,-13.06,1.443,33.85,31.68,1,0,0,0,9,30000,71.7,Semi-Urban,0
20.0,20.04,24.27,-2.498,33.6,28.84,1,0,0,1,13,18000,93.2,Rural,1
96.28,95.44,-7.81,1.847,24.9,30.05,1,1,0,1,6,5000,58.9,Semi-Urban,0
89.52,86.36,-11.95,2.653,21.52,23.9,1,1,0,0,6,10000,49.7,Urban,0
20.0,20.0,33.41,-3.063,14.01,13.64,1,1,0,1,13,5000,85.2,Semi-Urban,1
34.19,40.9,26.34,-2.193,15.74,17.05,1,2,1,1,12,50000,96.3,Rural,1
83.37,84.64,2.55,-2.548,0.0,0.0,0,0,0,1,2,5000,70.9,Rural,0
67.95,68.25,-11.28,1.344,22.31,24.8,1,0,0,0,10,5000,57.9,Semi-Urban,0
83.8,83.32,-13.35,1.08,35.01,33.03,1,0,0,0,14,18000,60.6,Semi-Urban,0
77.98,78.44,19.31,-1.552,21.28,21.2,1,0,0,1,13,30000,60.3,Urban,0
63.78,63.02,20.47,-1.983,24.08,17.28,1,0,0,1,14,50000,59.3,Rural,0
32.11,36.75,38.47,-3.543,16.34,22.09,1,0,0,1,12,10000,56.7,Urban,1
69.87,68.44,-12.8,1.445,33.78,36.96,1,0,0,0,9,5000,48.3,Semi-Urban,0
74.63,69.66,-19.69,1.796,34.06,27.85,1,0,0,0,11,5000,66.2,Rural,0
44.91,46.79,18.26,-3.11,32.38,28.37,1,0,0,0,7,5000,62.7,Rural,1
50.5,53.57,8.92,-2.398,11.04,9.66,1,0,0,1,5,30000,45.6,Urban,1
100.0,100.0,-18.72,1.881,23.52,25.27,1,0,0,1,12,30000,83.3,Urban,0
80.17,79.52,-21.91,2.699,23.37,28.7,1,2,0,1,11,30000,80.2,Semi-Urban,0
72.44,76.54,19.55,-1.71,19.72,24.4,1,0,0,1,12,50000,67.0,Urban,0
57.47,59.43,6.24,-1.177,17.24,22.01,1,2,0,1,6,18000,74.9,Urban,1
58.87,56.1,-5.53,5.53,0.0,0.0,0,2,0,1,2,5000,74.5,Urban,0
100.0,96.16,-24.62,2.504,38.34,39.09,1,0,0,1,11,30000,83.7,Rural,0
28.83,34.12,18.28,-3.657,24.22,22.3,1,0,0,1,6,18000,53.9,Urban,1
40.49,45.33,27.73,-2.073,22.01,18.13,1,4,1,0,15,5000,86.9,Rural,1
51.83,56.53,30.0,-3.829,10.26,7.8,1,1,1,0,9,75000,80.5,Urban,1
100.0,100.0,-8.51,0.74,32.88,31.15,1,4,0,0,11,75000,50.7,Urban,0
70.39,69.58,-9.89,0.751,33.04,30.15,1,3,0,0,16,50000,45.9,Rural,0
47.28,55.79,50.64,-3.401,19.01,18.89,1,0,0,0,14,30000,76.6,Urban,1
76.23,72.85,-18.98,1.165,37.51,36.99,1,0,0,0,15,75000,40.8,Rural,0
20.0,22.97,26.2,-3.01,25.87,17.71,1,3,1,0,10,10000,98.0,Rural,1
57.48,55.97,-3.01,3.014,0.0,0.0,0,4,1,1,2,30000,64.0,Urban,1
56.33,56.84,-10.57,1.231,28.13,26.55,1,3,0,1,11,30000,80.3,Urban,0
99.82,94.73,-28.42,2.115,25.08,22.17,1,4,0,0,14,18000,42.5,Urban,0
34.64,38.0,23.96,-2.084,21.02,25.78,1,2,1,1,12,5000,92.1,Rural,1
28.51,32.09,15.95,-1.548,27.85,26.61,1,0,0,0,11,30000,87.0,Rural,0
100.0,100.0,-21.11,1.403,25.17,23.46,1,0,0,1,16,18000,94.5,Urban,0
28.0,30.82,17.3,-1.988,25.44,29.95,1,0,0,0,11,75000,81.4,Rural,0
77.3,75.56,-10.66,1.85,25.61,25.15,1,0,0,0,7,30000,73.6,Semi-Urban,0
42.72,42.02,-6.62,0.903,35.19,34.85,1,2,0,1,9,50000,64.5,Urban,0
71.06,68.76,-11.89,1.859,33.71,33.77,1,0,0,1,8,50000,64.0,Semi-Urban,0
55.75,55.5,-11.05,0.763,16.88,24.44,1,4,0,0,15,30000,63.7,Rural,1
63.82,61.89,-13.47,1.506,29.37,23.41,1,3,0,0,11,18000,46.8,Rural,0
44.92,42.35,-5.15,5.146,0.0,0.0,0,0,0,1,2,18000,97.1,Semi-Urban,0
51.88,50.89,-9.9,0.938,32.7,36.52,1,0,0,1,9,10000,90.4,Rural,0
24.7,25.74,19.4,-2.405,10.63,10.49,1,0,0,1,8,10000,64.3,Rural,1
20.0,20.0,32.11,-2.538,27.38,29.09,1,0,0,1,14,30000,45.7,Rural,1
38.83,31.07,4.95,-1.56,14.25,13.81,1,4,0,0,7,18000,49.4,Semi-Urban,1
79.55,78.51,-20.28,1.318,36.4,35.85,1,1,0,0,16,10000,41.6,Urban,0
55.04,51.3,-17.58,2.055,25.84,24.89,1,1,0,0,10,10000,77.3,Semi-Urban,0
93.69,89.78,-28.24,2.918,19.28,19.84,1,4,0,1,11,30000,61.4,Urban,0
41.66,50.47,38.11,-2.248,20.51,21.91,1,0,0,1,15,5000,56.7,Rural,1
84.68,86.19,-4.06,0.925,23.46,25.67,1,0,0,1,7,5000,64.5,Rural,0
71.68,73.24,23.37,-1.844,24.18,24.97,1,1,1,0,13,18000,86.0,Urban,0
69.69,69.35,1.62,-0.811,33.96,30.36,1,4,1,0,3,30000,86.6,Semi-Urban,1
42.96,46.21,7.19,-2.074,21.9,20.86,1,0,0,0,4,50000,85.2,Rural,0
50.68,61.13,29.55,-3.229,15.74,12.58,1,0,0,0,8,75000,96.9,Urban,0
54.42,51.92,-3.93,0.709,21.61,23.19,1,0,0,0,5,10000,61.7,Rural,0
64.42,66.06,9.06,-1.219,9.22,11.08,1,0,0,1,9,10000,55.3,Semi-Urban,1
53.39,50.57,-6.53,1.479,34.44,33.98,1,1,0,0,5,30000,47.4,Urban,0
63.96,59.57,-9.26,1.663,35.44,27.86,1,1,0,1,6,30000,44.1,Semi-Urban,0
56.45,61.5,33.97,-2.979,8.9,10.47,1,1,0,0,13,50000,69.1,Urban,1
100.0,97.98,-12.16,2.496,23.18,18.91,1,2,0,1,7,30000,64.8,Urban,0
81.13,80.99,-19.03,2.454,40.0,39.64,1,1,0,0,10,18000,51.2,Rural,0
61.56,54.86,-10.56,3.217,15.93,19.37,1,0,0,1,4,10000,90.5,Urban,0
56.75,51.35,-9.49,2.437,26.89,30.3,1,0,0,1,5,18000,46.7,Urban,0
57.0,61.72,31.3,-2.877,22.88,19.64,1,3,1,1,12,18000,58.7,Rural,1
100.0,100.0,-9.87,0.85,22.44,21.17,1,0,0,0,13,75000,49.2,Urban,0
89.81,86.39,-35.15,2.454,40.0,40.0,1,1,0,1,15,5000,41.3,Urban,0
79.25,79.13,17.04,-1.277,26.29,28.76,1,4,1,1,15,5000,59.5,Rural,1
84.49,83.19,-6.65,1.328,35.81,34.78,1,1,0,1,6,50000,56.0,Rural,0
28.73,34.4,8.74,-1.701,26.13,29.01,1,0,0,0,5,10000,65.6,Rural,0
67.67,67.18,4.5,-0.731,29.07,29.65,1,0,0,1,9,10000,72.2,Rural,0
59.45,66.05,28.36,-2.432,14.56,12.56,1,1,0,1,12,10000,67.8,Rural,1
34.25,34.73,7.5,-1.321,16.43,13.11,1,3,1,0,7,5000,41.4,Urban,1
99.26,95.69,-9.05,0.872,28.59,21.27,1,0,0,0,11,10000,64.6,Urban,0
26.91,31.12,21.56,-3.064,14.42,16.78,1,0,0,0,8,10000,68.9,Rural,1
100.0,99.74,-6.43,0.794,24.73,21.75,1,0,0,1,9,18000,49.8,Urban,0
53.84,63.23,27.43,-3.675,12.71,13.08,1,1,1,1,8,10000,40.4,Urban,1
37.99,45.67,14.55,-2.305,22.95,18.92,1,0,0,1,6,10000,86.8,Rural,1
96.54,93.89,-23.51,2.178,32.69,33.94,1,2,0,0,13,10000,65.6,Urban,0
26.4,29.77,20.42,-1.423,16.66,12.83,1,0,0,0,15,18000,57.6,Semi-Urban,1
29.51,31.95,34.32,-2.822,31.09,24.13,1,3,0,0,14,75000,90.2,Urban,1
64.89,63.63,-10.8,0.705,23.69,26.39,1,0,0,0,15,50000,73.4,Rural,0
73.15,72.57,-2.36,-0.009,23.82,21.13,1,1,0,0,6,10000,54.7,Semi-Urban,0
40.84,39.93,-1.81,1.814,0.0,0.0,0,4,0,0,2,18000,46.4,Urban,1
89.19,88.18,-11.05,2.032,28.93,22.83,1,0,0,1,7,10000,86.9,Urban,0
20.0,22.71,23.62,-2.929,27.3,27.34,1,0,0,1,9,50000,55.6,Rural,1
100.0,100.0,-9.72,0.783,36.45,40.0,1,0,0,0,15,30000,89.5,Rural,0
90.56,88.17,-2.48,1.24,26.14,28.54,1,0,0,0,3,30000,74.7,Rural,0
47.74,48.46,1.44,-1.436,0.0,0.0,0,1,0,0,2,50000,91.9,Rural,0
73.29,70.19,-13.11,2.118,36.14,34.22,1,0,0,1,7,18000,84.9,Semi-Urban,0
20.0,20.8,35.69,-2.853,17.37,17.72,1,1,0,1,14,75000,61.4,Rural,1
59.21,60.69,23.98,-4.189,26.21,25.69,1,3,1,1,7,18000,69.8,Semi-Urban,1
86.18,83.87,-3.48,1.739,26.92,31.25,1,0,0,0,3,10000,88.0,Rural,0
75.18,74.48,-17.59,1.859,36.05,37.11,1,3,0,1,10,18000,57.3,Urban,0
55.99,61.86,30.65,-3.86,27.85,28.72,1,2,1,0,8,75000,70.4,Rural,1
24.71,30.35,37.13,-3.205,32.86,31.0,1,0,0,0,12,75000,94.2,Rural,1
93.55,93.42,-9.16,0.958,30.54,28.78,1,2,0,0,11,30000,59.6,Urban,0
86.08,83.56,-5.03,5.032,0.0,0.0,0,0,0,0,2,50000,98.0,Urban,0
52.21,55.31,39.56,-3.303,12.88,16.93,1,0,0,0,12,75000,72.6,Rural,1
20.0,20.0,27.4,-1.981,32.67,28.92,1,2,1,0,15,50000,44.5,Urban,1
68.55,68.57,-2.41,0.846,28.23,24.22,1,0,0,0,4,50000,56.9,Urban,0
67.95,66.77,-2.72,0.788,33.5,33.79,1,3,0,0,5,5000,77.3,Semi-Urban,0
46.93,46.07,-6.8,0.73,36.96,34.09,1,0,0,0,8,5000,93.4,Urban,0
77.36,75.47,-13.35,1.655,32.14,31.58,1,1,0,1,10,50000,50.7,Semi-Urban,0
20.0,20.0,16.53,-1.589,24.94,21.53,1,0,0,0,12,50000,78.2,Rural,0
98.72,93.2,-17.04,3.221,26.38,24.83,1,3,0,1,6,18000,45.5,Urban,0
56.73,56.41,-12.76,1.143,26.33,19.26,1,2,0,0,16,50000,47.5,Rural,0
65.59,67.16,25.05,-2.502,17.74,16.13,1,1,0,0,12,50000,97.7,Urban,0
85.74,84.06,-8.33,0.579,30.05,29.72,1,0,0,1,15,5000,46.4,Semi-Urban,0
21.57,28.57,28.57,-3.948,30.74,30.92,1,2,1,1,8,18000,46.6,Rural,1
50.98,54.33,41.4,-2.746,28.09,25.71,1,3,1,1,16,50000,62.4,Rural,1
60.09,58.53,-5.06,1.084,37.01,36.94,1,0,0,1,4,5000,90.1,Urban,0
48.27,46.53,-7.05,1.123,28.36,31.81,1,0,0,1,6,18000,77.6,Urban,0
63.43,69.16,11.57,-4.08,18.63,21.03,1,2,0,1,4,18000,85.8,Semi-Urban,1
94.02,92.91,-3.47,1.012,17.25,18.56,1,1,0,1,6,5000,77.2,Semi-Urban,0
59.05,54.25,-19.1,1.882,37.78,32.56,1,2,0,1,11,5000,61.0,Rural,1
89.85,85.39,-35.91,2.675,14.89,22.79,1,0,0,1,14,5000,77.9,Semi-Urban,0
90.18,85.33,-19.98,2.573,24.62,23.86,1,1,0,1,8,18000,43.0,Semi-Urban,0
63.8,65.71,18.34,-1.34,12.66,16.44,1,0,0,0,11,50000,65.6,Rural,0
85.55,84.12,-19.68,1.976,22.16,24.45,1,0,0,1,12,30000,87.0,Rural,0
86.16,87.98,3.49,-1.745,13.93,22.99,1,0,0,1,3,10000,72.7,Rural,1
61.65,63.12,1.85,-1.077,11.57,14.47,1,0,0,1,8,10000,67.6,Semi-Urban,1
55.89,59.71,8.7,-4.352,14.68,16.55,1,3,1,0,3,30000,73.1,Semi-Urban,1
43.33,43.73,4.14,-0.721,33.87,26.34,1,0,0,1,7,18000,51.7,Urban,0
20.0,20.0,19.32,-2.752,17.53,16.38,1,0,0,0,8,10000,47.4,Urban,1
95.4,91.31,-6.73,2.225,22.18,22.88,1,1,0,0,4,30000,88.6,Urban,0
43.8,41.15,-3.35,1.241,21.14,21.45,1,0,0,0,4,75000,55.2,Semi-Urban,0
51.55,49.52,8.16,-1.382,28.29,33.55,1,1,0,0,5,18000,52.0,Semi-Urban,0
92.13,92.37,-7.05,0.86,22.56,20.82,1,0,0,0,9,10000,50.8,Rural,0
71.17,77.15,12.09,-2.999,25.39,24.66,1,3,1,0,5,10000,85.6,Rural,1
84.65,81.51,-6.04,3.021,25.85,32.08,1,0,0,1,3,10000,86.5,Urban,0
70.38,67.58,-30.6,2.537,29.58,31.93,1,1,0,0,14,50000,97.6,Urban,0
62.8,60.63,-9.96,0.708,20.05,17.86,1,2,0,0,13,5000,82.1,Rural,0
23.91,31.06,58.8,-3.924,23.76,21.04,1,1,1,0,16,10000,93.4,Urban,1
74.14,72.01,-10.98,0.836,25.98,23.18,1,0,0,0,14,18000,96.4,Rural,0
79.31,79.25,5.73,-1.215,31.94,28.04,1,0,0,1,8,5000,73.2,Semi-Urban,0
30.72,35.04,14.63,-1.859,9.18,11.39,1,1,0,0,6,5000,54.1,Rural,1
86.0,81.64,-14.16,2.145,39.68,38.03,1,0,0,0,8,50000,93.4,Semi-Urban,0
63.35,60.32,3.78,-1.253,12.15,17.11,1,1,1,1,5,50000,88.3,Semi-Urban,1
92.76,89.99,-22.71,2.698,34.26,32.38,1,2,0,1,9,30000,69.3,Urban,0
88.6,89.09,-13.11,0.844,26.71,24.83,1,3,0,0,16,50000,86.2,Urban,0
68.39,67.3,-8.44,0.798,34.54,32.41,1,2,0,0,13,10000,77.6,Urban,0
94.94,91.94,-27.76,2.833,33.14,39.52,1,4,0,1,11,30000,65.3,Semi-Urban,0
61.07,60.7,-8.47,1.302,34.09,29.42,1,0,0,0,8,5000,67.0,Semi-Urban,0
66.78,67.8,-13.99,1.309,34.27,32.24,1,0,0,0,12,30000,62.1,Urban,0
67.05,65.9,-23.77,2.182,32.99,36.13,1,0,0,0,13,18000,63.3,Urban,0
100.0,100.0,-18.67,1.322,27.83,26.03,1,0,0,1,15,18000,89.5,Rural,0
33.27,38.05,7.43,-3.717,28.41,27.34,1,0,0,0,3,30000,57.4,Semi-Urban,0
23.18,25.08,15.0,-1.553,18.74,20.3,1,2,1,1,14,5000,93.8,Rural,1
64.77,67.46,0.85,-0.209,24.84,23.1,1,1,0,0,4,10000,43.5,Urban,0
62.86,60.4,-20.53,1.842,31.1,29.72,1,0,0,0,12,10000,47.8,Rural,0
94.29,92.57,-17.83,2.348,24.12,25.84,1,2,0,0,10,5000,69.7,Rural,0
41.32,43.93,3.56,-1.78,19.24,23.38,1,0,0,0,3,18000,81.7,Semi-Urban,0
68.52,70.74,24.94,-1.904,12.49,10.42,1,0,0,1,14,5000,67.5,Rural,1
99.11,97.58,-19.59,2.354,27.82,26.19,1,0,0,0,10,5000,83.8,Semi-Urban,0
22.35,24.66,14.33,-1.079,27.68,26.36,1,1,0,0,11,5000,63.1,Rural,1
93.15,90.59,-30.13,3.153,21.91,19.37,1,0,0,1,11,30000,70.8,Semi-Urban,0
64.86,69.82,24.7,-1.313,19.8,20.2,1,0,0,0,16,5000,54.2,Semi-Urban,1
100.0,100.0,-17.76,1.131,27.39,29.34,1,2,0,0,16,50000,73.1,Urban,0
100.0,100.0,-31.64,2.34,18.27,23.38,1,0,0,0,16,75000,41.5,Urban,0
100.0,99.92,-9.35,1.287,27.78,27.42,1,1,0,0,11,50000,59.4,Urban,0
73.04,73.23,0.37,-0.366,0.0,0.0,0,1,1,0,2,50000,95.1,Semi-Urban,0
62.08,58.5,-9.77,1.13,37.42,28.07,1,3,0,1,10,30000,94.8,Urban,0
20.0,20.0,17.49,-1.185,10.48,10.9,1,0,0,0,16,50000,40.0,Urban,1
64.38,59.34,-8.17,4.084,27.75,33.26,1,2,0,0,3,30000,88.1,Semi-Urban,0
64.18,64.04,-12.42,1.142,27.55,32.38,1,0,0,0,14,50000,46.6,Urban,0
35.25,38.29,9.33,-1.331,26.3,28.43,1,0,0,0,7,30000,58.9,Urban,0
41.85,43.39,13.67,-1.68,8.72,14.73,1,0,0,0,13,50000,51.3,Semi-Urban,1
100.0,99.24,-10.61,1.508,40.0,36.7,1,0,0,0,9,5000,48.3,Rural,0
93.99,92.4,-16.99,1.89,25.21,22.14,1,0,0,0,11,10000,63.7,Semi-Urban,0
88.11,81.41,-11.2,1.596,28.72,24.79,1,0,0,0,6,50000,42.9,Rural,0
50.75,55.01,19.84,-1.788,24.39,27.44,1,2,0,0,11,75000,93.5,Urban,0
60.83,58.96,-7.61,1.012,24.38,22.56,1,1,0,0,8,18000,44.5,Urban,0
29.02,29.0,2.67,-1.333,19.58,23.11,1,0,0,1,3,5000,57.7,Rural,1
77.79,73.15,-27.78,2.11,19.18,21.72,1,3,0,1,15,30000,47.4,Semi-Urban,0
47.17,45.56,-10.29,1.759,23.55,25.73,1,0,0,0,8,50000,70.6,Urban,0
62.35,69.52,10.62,-2.205,29.62,29.62,1,2,0,1,6,18000,87.5,Rural,1
49.75,44.3,-9.33,4.663,16.53,19.37,1,4,0,0,3,50000,78.1,Rural,1
20.0,20.0,12.97,-1.699,16.16,7.0,1,1,1,0,9,30000,65.3,Semi-Urban,1
65.83,60.82,-25.14,1.541,17.06,16.64,1,0,0,0,16,30000,49.0,Rural,0
20.0,20.73,29.88,-2.137,24.05,24.57,1,1,1,0,15,10000,81.5,Urban,1
56.46,53.21,-8.39,0.894,28.94,24.08,1,0,0,0,10,18000,73.5,Semi-Urban,0
20.0,20.0,15.8,-1.59,15.13,20.16,1,3,1,1,14,50000,94.5,Semi-Urban,1
50.18,47.54,-13.26,0.939,20.35,23.27,1,0,0,1,14,10000,41.2,Rural,1
48.49,44.8,-11.26,0.599,23.24,21.58,1,0,0,1,12,5000,55.4,Rural,1
77.7,75.63,-8.28,0.88,35.7,31.54,1,1,0,1,9,30000,70.7,Rural,0
72.69,71.87,-3.71,0.565,38.08,40.0,1,0,0,1,7,10000,74.1,Rural,0
40.54,45.14,19.09,-2.088,23.66,23.91,1,0,0,0,11,18000,79.0,Urban,0
67.81,64.67,-9.97,0.532,27.13,25.89,1,0,0,1,16,10000,62.1,Urban,0
80.42,80.25,-18.67,1.163,26.92,31.22,1,2,0,0,16,75000,98.5,Urban,0
100.0,100.0,-7.46,0.337,37.25,37.02,1,2,0,1,15,18000,82.9,Semi-Urban,0
41.85,45.92,9.29,-3.438,17.32,14.82,1,1,1,0,4,18000,78.8,Rural,1
79.43,84.35,13.27,-2.243,29.51,30.83,1,2,0,0,6,10000,69.4,Semi-Urban,0
51.11,52.11,2.01,-2.014,0.0,0.0,0,0,0,0,2,10000,74.1,Rural,0
45.58,48.01,4.75,-1.925,13.76,15.21,1,3,1,1,4,30000,48.4,Semi-Urban,1
27.95,35.78,36.53,-3.736,16.26,18.81,1,0,0,1,10,10000,47.2,Urban,1
68.83,66.32,-2.98,0.558,33.12,36.1,1,4,0,1,8,5000,87.3,Rural,1
38.02,41.51,7.1,-1.389,23.48,23.63,1,0,0,0,7,18000,95.7,Rural,0
69.79,76.93,15.09,-1.777,15.69,15.7,1,1,1,0,7,18000,56.7,Urban,1
100.0,100.0,-32.89,2.392,38.1,34.83,1,2,0,0,16,30000,48.4,Rural,0
100.0,100.0,-14.89,1.153,16.91,20.72,1,1,0,0,14,30000,82.1,Rural,0
64.15,65.53,-6.57,0.902,19.23,25.61,1,0,0,0,10,75000,78.3,Urban,0
60.5,56.87,-20.16,2.002,32.47,36.06,1,0,0,1,10,30000,59.3,Urban,0
65.08,68.95,9.67,-1.587,17.39,11.89,1,3,1,0,7,50000,93.8,Urban,1
64.13,68.1,8.21,-4.104,22.75,20.63,1,1,0,1,3,18000,79.7,Semi-Urban,1
20.0,20.2,19.0,-2.4,10.04,14.94,1,1,1,1,8,18000,87.8,Semi-Urban,1
63.87,57.92,-25.28,3.04,22.37,18.63,1,2,0,1,9,18000,84.3,Rural,0
56.38,57.82,12.37,-1.224,27.26,28.46,1,0,0,0,14,50000,80.9,Rural,0
47.45,51.05,39.66,-2.868,10.09,13.6,1,0,0,1,14,18000,52.0,Rural,1
40.16,38.35,-1.9,0.949,28.77,33.51,1,1,0,1,3,30000,73.7,Urban,0
72.64,72.7,-2.88,1.009,20.85,20.31,1,2,0,0,4,10000,56.8,Rural,0
81.91,79.42,-15.08,1.867,27.56,31.92,1,1,0,0,10,18000,41.9,Semi-Urban,0
57.71,56.04,-12.62,1.447,32.6,33.72,1,3,0,1,10,5000,97.8,Rural,1
90.98,89.81,-2.33,2.328,0.0,0.0,0,0,0,0,2,5000,52.2,Rural,0
34.4,39.28,44.22,-2.883,17.1,19.14,1,0,0,1,16,18000,52.0,Semi-Urban,1
72.62,66.1,-37.45,2.835,25.15,24.59,1,4,0,0,13,10000,49.2,Semi-Urban,0
38.63,46.61,12.79,-1.455,17.6,23.28,1,1,1,0,8,18000,44.2,Urban,1
61.6,61.92,0.64,-0.641,0.0,0.0,0,2,0,1,2,30000,49.4,Urban,0
97.5,94.82,-3.86,1.631,27.17,29.8,1,0,0,1,4,18000,50.8,Rural,0
42.71,47.39,18.94,-2.792,15.45,13.31,1,0,0,0,9,10000,57.9,Urban,1
81.7,77.94,-13.35,2.718,27.03,26.96,1,0,0,0,6,10000,77.4,Rural,0
77.99,86.56,12.95,-3.58,30.2,33.23,1,1,1,0,5,30000,72.4,Urban,1
66.53,68.55,18.15,-1.762,11.53,13.23,1,0,0,0,12,50000,79.9,Semi-Urban,0
67.83,64.92,-14.14,1.293,16.68,20.67,1,0,0,0,13,10000,60.3,Semi-Urban,0
46.93,55.18,26.0,-4.188,17.78,19.55,1,0,0,1,7,18000,90.8,Semi-Urban,1
71.92,69.22,-7.83,3.021,33.79,28.53,1,0,0,0,4,50000,70.2,Rural,0
66.99,73.61,11.31,-1.564,19.54,25.11,1,4,1,1,7,30000,87.1,Rural,1
71.62,71.27,-7.34,0.996,27.81,27.55,1,1,0,0,10,50000,40.5,Semi-Urban,0
67.2,65.23,-3.93,3.929,0.0,0.0,0,0,0,1,2,5000,78.1,Semi-Urban,0
62.41,66.9,8.45,-4.224,11.68,12.58,1,3,0,1,3,18000,68.6,Urban,1
71.9,68.22,-14.49,3.039,21.47,24.42,1,0,0,1,6,18000,65.9,Semi-Urban,0
100.0,94.59,-14.84,2.002,37.85,30.67,1,1,0,1,7,5000,97.9,Urban,0
100.0,100.0,-17.82,1.21,34.09,25.66,1,0,0,0,16,5000,76.4,Urban,0
63.51,73.16,27.18,-2.885,19.59,22.51,1,0,0,1,9,18000,65.7,Urban,1
63.91,69.42,16.31,-2.72,8.52,13.53,1,3,1,0,7,30000,55.0,Semi-Urban,1
84.95,82.36,-13.95,1.219,28.36,29.08,1,1,0,0,12,30000,73.9,Rural,0
52.53,50.54,-7.27,1.073,30.93,29.14,1,2,0,1,7,50000,46.8,Urban,0
67.91,75.58,25.61,-2.324,24.5,24.19,1,0,0,0,10,18000,62.0,Semi-Urban,0
20.0,23.56,19.06,-1.345,17.03,19.58,1,0,0,1,15,30000,40.0,Semi-Urban,1
40.94,43.73,9.36,-2.616,16.36,21.28,1,0,0,0,5,75000,44.6,Urban,1
100.0,98.53,-16.86,2.36,32.84,33.48,1,0,0,0,8,30000,76.1,Rural,0
88.48,88.57,-1.45,1.091,33.23,38.08,1,0,0,0,5,18000,83.8,Semi-Urban,0
63.13,61.37,-27.15,1.735,21.32,21.26,1,3,0,0,16,18000,86.3,Rural,0
61.09,58.83,-2.81,1.403,28.06,26.95,1,2,0,0,3,10000,52.1,Urban,0
55.21,56.5,-9.21,1.102,23.0,27.51,1,1,0,1,14,30000,83.9,Semi-Urban,0
72.3,71.56,19.23,-1.805,23.2,31.38,1,0,0,0,12,10000,40.7,Urban,0
58.8,61.82,30.58,-3.748,15.87,12.4,1,1,0,1,10,18000,43.0,Rural,1
43.62,47.4,8.25,-4.123,15.57,18.98,1,0,0,1,3,75000,60.6,Rural,1
28.28,32.75,14.68,-1.465,28.18,31.07,1,0,0,0,11,50000,72.4,Semi-Urban,0
47.22,46.49,-8.66,0.886,35.53,37.74,1,2,0,0,11,18000,60.3,Rural,0
100.0,99.24,-25.98,2.467,32.83,33.19,1,0,0,1,12,5000,61.7,Urban,0
63.59,59.28,-12.09,3.069,21.55,24.68,1,1,0,0,5,10000,56.4,Rural,0
20.0,20.0,24.23,-1.933,5.96,9.44,1,0,0,0,14,18000,62.3,Semi-Urban,1
100.0,100.0,-3.9,0.36,35.22,36.45,1,0,0,0,15,50000,75.0,Urban,0
76.19,70.21,-17.06,2.656,27.72,26.99,1,1,0,0,7,18000,51.7,Rural,0
20.0,20.0,16.16,-0.82,11.39,11.65,1,0,0,0,15,10000,89.6,Semi-Urban,1
43.32,45.73,4.81,-4.809,0.0,0.0,0,2,1,1,2,10000,97.3,Urban,1
86.33,88.07,10.62,-2.443,13.92,13.5,1,2,0,1,5,30000,93.8,Urban,1
100.0,99.17,-29.92,2.76,29.44,25.89,1,1,0,0,14,30000,56.5,Rural,0
88.58,89.62,2.09,-2.094,0.0,0.0,0,0,0,1,2,5000,88.8,Rural,0
96.65,93.97,-5.36,5.364,0.0,0.0,0,0,0,1,2,5000,88.4,Semi-Urban,0
61.39,69.57,16.9,-4.712,26.69,26.82,1,2,1,0,4,50000,51.4,Semi-Urban,1
20.0,20.0,22.09,-2.141,14.9,17.56,1,0,0,1,14,30000,44.7,Semi-Urban,1
75.38,80.99,14.73,-2.128,30.74,30.1,1,0,0,0,7,30000,84.1,Rural,0
57.37,55.64,-3.45,3.452,0.0,0.0,0,0,0,0,2,50000,54.4,Rural,0
56.41,51.23,-10.37,0.785,40.0,36.18,1,0,0,0,11,18000,68.5,Rural,0
25.83,29.28,17.07,-2.771,14.75,12.95,1,0,0,1,8,5000,76.8,Rural,1
92.05,93.45,2.79,-2.79,0.0,0.0,0,0,0,0,2,30000,56.6,Urban,0
50.44,46.65,-15.3,1.422,25.64,30.83,1,0,0,0,9,75000,46.4,Rural,0
72.59,70.97,7.32,-1.287,21.78,21.39,1,2,1,0,7,18000,67.9,Semi-Urban,1
100.0,100.0,-3.06,0.446,27.32,26.9,1,0,0,1,14,10000,53.9,Rural,0
54.58,51.83,-19.67,2.046,17.61,19.34,1,2,0,1,11,10000,86.5,Urban,1
78.47,77.6,-6.97,1.633,35.52,31.55,1,2,0,0,5,18000,63.9,Urban,0
20.93,22.28,14.92,-1.772,19.86,18.44,1,0,0,0,11,30000,63.1,Rural,1
65.6,63.39,-5.53,1.445,20.53,20.11,1,1,0,1,5,10000,44.4,Rural,0
39.54,45.36,9.59,-4.797,21.36,20.76,1,2,0,1,3,30000,76.8,Semi-Urban,1
96.61,92.06,-22.67,2.801,34.08,32.91,1,0,0,0,10,30000,77.5,Urban,0
70.53,73.72,19.41,-1.668,16.6,14.71,1,0,0,0,14,18000,94.5,Urban,0
65.41,73.29,10.14,-3.367,13.77,13.1,1,1,0,0,5,10000,48.4,Rural,1
37.43,41.33,20.61,-3.133,18.49,10.63,1,0,0,0,8,18000,85.6,Rural,1
20.0,21.3,14.1,-1.691,25.01,23.89,1,2,0,0,12,75000,79.4,Rural,1
80.89,76.9,-13.14,1.07,38.2,37.17,1,0,0,0,11,10000,96.9,Semi-Urban,0
66.08,68.6,6.16,-2.293,21.8,16.04,1,0,0,1,4,18000,68.1,Urban,0
59.05,60.61,5.48,-2.044,30.67,29.67,1,0,0,0,4,18000,58.5,Semi-Urban,0
100.0,96.86,-10.76,1.665,25.6,29.04,1,2,0,0,7,5000,67.6,Semi-Urban,0
75.84,71.37,-26.33,2.997,25.78,33.25,1,1,0,0,10,18000,67.2,Semi-Urban,0
51.88,50.17,-6.61,1.24,26.04,25.08,1,4,0,1,5,18000,50.8,Semi-Urban,1
67.33,64.33,-6.73,0.772,39.64,33.68,1,0,0,0,7,75000,56.6,Rural,0
20.0,20.0,37.25,-3.332,13.78,11.32,1,3,1,0,13,5000,66.3,Urban,1
20.0,24.02,25.48,-3.97,20.88,21.92,1,0,0,1,9,10000,90.9,Rural,1
100.0,100.0,-4.37,0.894,31.29,23.56,1,0,0,0,8,50000,56.7,Rural,0
66.2,58.66,-11.3,3.529,28.26,27.94,1,0,0,1,4,30000,91.7,Semi-Urban,0
100.0,100.0,-13.52,0.718,40.0,37.26,1,0,0,1,16,5000,90.6,Semi-Urban,0
100.0,100.0,-19.72,2.283,31.91,28.02,1,3,0,0,10,30000,40.7,Urban,0
72.91,70.99,-3.04,1.053,21.58,22.72,1,4,0,0,4,18000,92.7,Semi-Urban,0
67.47,68.09,1.23,-1.228,0.0,0.0,0,0,0,0,2,10000,55.5,Rural,0
43.01,42.3,-4.18,0.631,40.0,31.94,1,0,0,1,8,18000,45.7,Semi-Urban,0
20.0,20.0,30.03,-2.01,27.99,28.9,1,2,0,1,16,5000,54.1,Rural,1
80.09,80.46,-11.6,1.317,32.12,34.25,1,0,0,0,10,18000,54.8,Semi-Urban,0
98.11,95.61,-26.94,2.207,19.48,20.52,1,0,0,1,14,10000,40.9,Rural,0
53.52,58.31,35.32,-3.563,27.27,26.15,1,4,1,0,12,18000,68.5,Rural,1
96.45,94.22,-13.0,0.824,24.88,29.36,1,0,0,1,14,50000,70.3,Rural,0
47.21,52.82,16.93,-2.027,10.48,13.79,1,0,0,0,10,10000,94.7,Semi-Urban,1
50.79,47.11,-11.23,2.366,18.55,19.48,1,0,0,1,6,30000,54.1,Urban,0
73.11,69.58,-10.51,1.666,36.51,36.92,1,1,0,1,6,18000,88.6,Semi-Urban,0
58.83,62.58,17.65,-2.136,15.44,10.24,1,0,0,0,9,75000,80.3,Rural,0
60.02,66.05,13.92,-4.592,32.05,25.96,1,0,0,1,4,75000,91.2,Urban,0
66.86,69.23,3.56,-1.782,22.56,19.4,1,1,1,0,3,50000,55.5,Semi-Urban,0
83.6,83.23,-23.4,2.127,33.25,36.24,1,0,0,0,13,30000,40.1,Rural,0
25.99,27.46,19.92,-1.689,8.37,7.7,1,0,0,0,13,30000,84.8,Semi-Urban,1
20.0,20.0,23.37,-1.748,25.0,25.98,1,0,0,0,13,30000,71.7,Semi-Urban,0
52.2,51.0,-2.41,2.406,0.0,0.0,0,2,1,0,2,75000,46.1,Rural,0
33.24,38.78,19.94,-3.225,29.41,29.9,1,2,0,0,6,10000,89.6,Semi-Urban,1
67.61,64.4,-6.24,1.281,28.2,29.46,1,1,0,0,5,75000,93.8,Semi-Urban,0
77.21,69.44,-12.88,4.362,32.51,40.0,1,2,0,0,4,30000,77.3,Semi-Urban,0
48.25,53.51,8.46,-1.51,27.24,29.03,1,2,1,1,5,30000,62.8,Semi-Urban,1
74.75,72.41,-3.49,1.747,39.87,36.27,1,0,0,0,3,5000,97.7,Rural,0
83.58,82.55,-9.36,0.939,39.56,38.02,1,1,0,0,13,30000,58.5,Urban,0
20.0,20.86,27.73,-2.897,10.1,13.3,1,0,0,1,11,50000,42.8,Semi-Urban,1
39.68,42.66,33.93,-2.763,24.94,21.53,1,1,1,0,14,30000,97.4,Urban,1
95.59,89.95,-35.04,2.733,27.25,25.65,1,0,0,0,12,18000,57.1,Semi-Urban,0
66.64,64.43,-1.94,0.65,24.22,20.5,1,1,0,1,4,30000,61.5,Semi-Urban,0
97.98,95.64,-15.12,1.136,19.5,24.76,1,0,0,0,12,30000,70.5,Urban,0
68.48,64.64,-10.28,1.308,23.81,30.03,1,0,0,0,10,75000,77.9,Urban,0
83.36,78.6,-20.34,2.116,34.07,29.12,1,0,0,1,11,18000,62.3,Rural,0
90.16,91.53,2.75,-2.745,0.0,0.0,0,2,0,1,2,10000,77.0,Urban,1
100.0,94.52,-16.0,3.265,32.41,31.73,1,0,0,1,6,50000,77.1,Urban,0
92.2,89.73,-6.6,0.524,21.98,18.32,1,1,0,1,10,5000,85.9,Semi-Urban,0
79.19,79.2,1.97,-0.983,12.71,17.39,1,0,0,1,3,5000,60.9,Urban,1
30.47,35.62,12.74,-4.184,25.41,22.91,1,0,0,0,4,75000,91.1,Semi-Urban,1
47.27,44.14,-10.59,1.079,40.0,33.24,1,1,0,0,10,18000,49.3,Rural,0
75.44,75.42,-1.04,0.521,27.49,30.92,1,0,0,1,3,10000,97.9,Rural,0
80.18,74.66,-20.53,1.183,33.56,38.46,1,0,0,0,14,18000,97.4,Rural,0
20.0,23.83,16.57,-1.372,27.51,26.26,1,0,0,1,12,50000,56.1,Urban,1
66.77,73.57,19.09,-3.642,27.7,27.59,1,1,1,0,6,18000,98.1,Semi-Urban,0
62.23,60.48,-13.21,1.206,31.21,29.79,1,0,0,0,13,75000,88.2,Urban,0
100.0,100.0,-6.79,0.798,40.0,37.83,1,1,0,1,11,30000,58.4,Semi-Urban,0
86.11,82.59,-45.91,3.0,34.43,35.65,1,2,0,0,16,50000,49.9,Semi-Urban,0
38.28,41.49,11.58,-1.214,13.66,12.01,1,3,1,0,12,5000,67.3,Urban,1
71.33,66.08,-31.28,1.953,37.87,37.42,1,2,0,1,16,18000,47.8,Rural,0
20.0,20.0,15.38,-1.814,14.17,12.87,1,2,1,0,10,18000,62.8,Urban,1
77.46,83.02,11.13,-11.129,0.0,0.0,0,2,0,0,2,10000,47.3,Urban,1
82.33,80.39,-14.81,2.514,36.31,36.17,1,2,0,1,8,10000,90.6,Rural,0
20.08,31.28,49.34,-3.535,23.53,27.21,1,0,0,0,13,50000,89.2,Semi-Urban,1
49.1,47.38,-5.34,1.556,23.86,21.23,1,1,0,1,5,30000,41.7,Rural,1
20.0,20.0,22.66,-1.591,33.01,28.69,1,1,1,0,14,50000,59.5,Semi-Urban,1
35.95,37.45,12.09,-1.969,14.86,14.47,1,0,0,1,6,18000,47.7,Rural,1
42.47,39.76,-1.9,0.948,28.22,24.43,1,1,0,0,3,18000,60.3,Urban,0
79.88,74.54,-37.84,2.713,25.26,19.75,1,2,0,0,14,18000,68.0,Urban,0
100.0,99.44,-13.52,1.046,34.88,33.76,1,0,0,0,14,18000,65.4,Rural,0
68.76,71.66,17.29,-1.192,15.87,18.03,1,0,0,0,13,10000,58.9,Urban,0
100.0,100.0,-7.39,0.314,35.96,29.85,1,0,0,1,16,10000,61.0,Semi-Urban,0
37.3,38.41,0.97,-0.076,36.06,35.02,1,2,0,0,5,18000,43.1,Semi-Urban,1
20.0,20.0,32.26,-2.158,26.25,25.03,1,1,1,0,16,10000,92.6,Urban,1
61.85,59.43,-6.5,0.452,32.18,37.63,1,2,0,1,11,50000,85.2,Semi-Urban,0
100.0,100.0,-23.28,1.915,23.9,24.37,1,1,0,1,15,18000,64.5,Urban,0
57.13,56.1,-18.1,1.621,30.69,31.85,1,1,0,1,12,50000,63.2,Urban,0
100.0,97.79,-17.1,2.721,29.25,27.13,1,0,0,0,7,18000,72.6,Semi-Urban,0
47.5,51.92,11.3,-2.358,13.73,8.44,1,0,0,1,6,5000,98.7,Urban,1
62.94,63.84,1.81,-1.806,0.0,0.0,0,0,0,0,2,30000,94.7,Semi-Urban,0
79.94,77.17,-11.51,1.517,38.59,37.37,1,0,0,0,10,30000,78.6,Urban,0
69.83,65.17,-13.05,1.343,28.29,31.6,1,0,0,0,8,18000,78.4,Semi-Urban,0
75.4,75.45,-1.35,0.673,35.12,29.51,1,0,0,0,3,18000,51.6,Rural,0
100.0,100.0,-10.45,0.783,34.37,28.47,1,0,0,1,15,10000,89.1,Urban,0
30.42,40.24,30.95,-4.282,11.35,10.77,1,0,0,0,8,18000,50.0,Semi-Urban,1
20.0,21.48,32.92,-2.176,26.74,21.8,1,2,0,0,16,75000,72.6,Rural,1
100.0,100.0,-7.73,0.62,21.65,19.54,1,3,0,0,13,50000,40.6,Semi-Urban,0
43.61,40.49,-6.72,2.02,25.16,24.35,1,1,0,1,5,5000,77.4,Rural,1
51.29,51.23,2.24,-0.486,33.23,36.67,1,0,0,0,5,10000,79.6,Semi-Urban,0
83.52,86.98,6.56,-1.453,30.54,28.25,1,0,0,0,5,50000,84.6,Rural,0
48.98,55.14,19.04,-2.136,13.15,7.71,1,0,0,0,8,10000,41.2,Rural,1
62.83,57.79,-26.94,2.711,31.03,31.55,1,0,0,0,11,75000,93.2,Semi-Urban,0
74.76,76.97,17.98,-2.791,15.15,24.31,1,1,0,0,7,5000,98.2,Rural,1
91.39,92.32,0.24,0.582,30.08,32.45,1,1,0,1,6,50000,61.2,Semi-Urban,0
36.31,39.03,3.1,-0.489,22.64,12.95,1,1,0,0,4,5000,98.4,Rural,1
35.13,39.13,7.59,-3.794,11.15,12.04,1,0,0,1,3,75000,82.4,Urban,1
100.0,100.0,-16.0,1.495,34.5,37.76,1,1,0,0,12,30000,51.2,Urban,0
82.59,79.29,-34.66,2.826,26.32,30.04,1,0,0,1,13,50000,77.9,Rural,0
67.65,68.45,11.4,-1.745,12.3,16.96,1,0,0,1,9,10000,56.8,Urban,1
82.01,79.0,-30.81,1.965,28.97,28.55,1,0,0,0,16,30000,68.5,Urban,0
41.92,43.99,5.22,-2.61,27.19,27.45,1,0,0,0,3,50000,77.7,Rural,0
76.59,72.81,-5.67,1.62,22.34,25.74,1,0,0,1,4,18000,53.3,Urban,0
66.13,69.27,8.54,-0.96,18.3,23.99,1,0,0,0,6,18000,82.0,Semi-Urban,0
20.0,23.95,42.45,-3.491,24.11,26.05,1,0,0,0,13,30000,84.7,Rural,1
74.35,71.94,-4.87,2.433,33.73,27.37,1,0,0,0,3,50000,43.0,Rural,0
25.28,30.05,43.71,-2.888,21.0,16.38,1,1,0,0,15,75000,71.8,Semi-Urban,1
88.12,87.22,-1.8,1.804,0.0,0.0,0,0,0,1,2,18000,56.7,Semi-Urban,0
89.68,84.17,-20.69,2.532,26.38,28.75,1,1,0,1,8,50000,74.3,Rural,0
92.96,91.63,-7.14,0.396,26.52,28.49,1,0,0,1,16,5000,93.7,Semi-Urban,0
69.2,67.21,-18.51,2.102,34.72,40.0,1,0,0,1,11,18000,46.8,Urban,0
72.65,71.18,-18.78,1.286,26.63,31.11,1,0,0,0,16,18000,97.4,Rural,0
83.71,82.62,-12.73,1.373,21.64,22.5,1,3,0,1,11,50000,69.3,Semi-Urban,0
100.0,97.93,-26.33,1.963,30.02,31.65,1,1,0,0,14,5000,71.9,Semi-Urban,0
76.45,74.42,-35.39,2.699,18.67,18.04,1,0,0,1,15,5000,63.2,Semi-Urban,0
80.22,77.6,-9.91,2.32,40.0,38.01,1,1,0,0,5,10000,88.6,Urban,0
100.0,100.0,-13.26,0.977,33.65,35.86,1,2,0,1,16,30000,81.8,Semi-Urban,0
95.16,94.17,-11.1,0.946,32.95,27.29,1,3,0,0,12,5000,63.4,Rural,0
32.24,36.23,7.94,-2.678,18.87,21.99,1,1,1,1,4,10000,76.8,Rural,1
36.44,34.26,-4.36,4.357,0.0,0.0,0,4,0,0,2,30000,76.0,Urban,0
44.78,45.98,2.41,-2.412,0.0,0.0,0,1,1,0,2,10000,65.6,Semi-Urban,1
95.04,95.3,-1.64,0.06,35.83,39.92,1,0,0,1,6,5000,79.6,Rural,0
29.91,37.29,35.71,-3.068,21.57,20.57,1,1,0,1,11,50000,95.7,Rural,1
98.62,95.67,-6.74,1.837,32.49,34.2,1,0,0,0,4,10000,88.2,Rural,0
72.71,67.36,-11.68,1.276,24.09,20.43,1,4,0,0,8,30000,61.5,Urban,0
100.0,100.0,-17.55,1.511,26.02,29.04,1,0,0,0,12,18000,85.0,Rural,0
79.42,77.42,-4.01,4.013,0.0,0.0,0,3,1,1,2,30000,55.0,Rural,1
20.0,20.0,21.63,-1.854,22.5,11.89,1,0,0,1,13,10000,74.9,Urban,1
25.69,30.73,16.76,-1.71,21.7,21.46,1,0,0,0,11,30000,66.5,Rural,1
65.75,63.58,-16.67,1.697,22.0,24.43,1,0,0,0,11,75000,65.4,Urban,0
77.88,82.48,9.32,-2.891,15.28,18.49,1,3,0,0,4,30000,94.8,Semi-Urban,0
68.71,69.9,2.34,-0.489,14.21,12.87,1,0,0,1,4,10000,69.2,Rural,1
59.21,57.89,-9.93,1.193,21.85,25.84,1,1,0,0,10,10000,88.8,Semi-Urban,0
100.0,99.74,-34.01,2.407,26.32,25.19,1,4,0,0,16,18000,83.9,Rural,0
80.6,82.02,-14.06,1.119,27.41,24.72,1,3,0,1,15,18000,60.4,Urban,0
80.62,81.22,13.09,-1.337,22.06,22.71,1,3,1,0,11,18000,59.6,Urban,1
100.0,100.0,-9.91,0.854,38.06,31.76,1,0,0,0,15,30000,97.0,Rural,0
80.66,78.19,-7.08,3.541,36.83,34.54,1,0,0,0,3,50000,94.1,Semi-Urban,0
78.05,75.24,-21.06,1.7,40.0,40.0,1,0,0,0,11,75000,70.2,Rural,0
20.0,20.0,18.37,-1.941,27.38,29.64,1,4,1,0,13,30000,65.0,Rural,1
33.63,42.72,36.3,-3.706,14.98,15.21,1,0,0,1,10,18000,83.0,Semi-Urban,1
85.9,82.54,-8.0,1.873,23.95,19.76,1,0,0,0,5,50000,87.0,Rural,0
94.75,91.56,-2.93,0.973,39.48,35.85,1,1,0,1,4,5000,52.4,Urban,0
30.56,32.48,13.26,-1.375,11.22,10.29,1,0,0,0,11,10000,51.9,Semi-Urban,1
66.53,63.58,-11.71,2.692,23.1,20.48,1,0,0,1,6,30000,84.6,Urban,0
20.0,21.54,10.9,-1.649,17.22,16.75,1,0,0,1,10,10000,42.5,Rural,1
33.17,33.84,4.5,-1.493,24.76,21.34,1,0,0,0,4,30000,68.0,Semi-Urban,0
92.45,91.13,-16.61,2.637,38.98,40.0,1,2,0,1,8,10000,47.2,Semi-Urban,0
43.2,41.65,9.56,-2.009,10.05,12.36,1,0,0,1,7,18000,41.2,Semi-Urban,1
76.77,75.77,-9.54,1.344,21.5,22.59,1,1,0,1,9,30000,95.4,Semi-Urban,0
38.81,45.33,10.05,-2.437,16.49,16.06,1,0,0,0,5,18000,59.1,Urban,1
100.0,100.0,-6.12,0.472,25.72,21.94,1,2,0,1,11,5000,69.3,Semi-Urban,0
79.09,81.72,15.52,-4.474,28.12,27.66,1,2,0,1,5,10000,77.4,Rural,1
75.26,72.2,-20.05,1.147,29.23,31.11,1,0,0,0,16,50000,88.1,Semi-Urban,0
82.76,81.39,-17.8,2.018,29.36,33.33,1,1,0,1,11,10000,91.3,Semi-Urban,0
89.99,89.66,-27.9,2.169,23.53,22.49,1,2,0,1,15,5000,94.4,Rural,0
72.49,69.81,-6.29,3.145,29.21,27.69,1,0,0,1,3,50000,45.7,Rural,0
100.0,100.0,-15.95,1.293,27.35,29.87,1,1,0,1,14,10000,95.7,Rural,0
35.49,40.69,44.88,-3.2,29.27,30.42,1,2,0,1,14,18000,66.1,Rural,1
50.98,49.43,-7.38,0.837,34.1,33.54,1,1,0,1,10,30000,98.3,Urban,0
20.0,23.11,13.02,-1.978,15.22,21.0,1,0,0,1,9,30000,80.3,Rural,1
20.0,20.0,13.97,-1.544,11.58,8.15,1,0,0,1,10,10000,88.3,Urban,1
50.44,50.56,33.37,-3.169,29.16,25.9,1,0,0,1,12,30000,50.5,Rural,1
61.24,66.24,25.29,-3.61,16.52,10.2,1,0,0,0,8,5000,92.6,Rural,1
54.2,58.9,29.76,-2.284,32.15,28.84,1,0,0,1,15,30000,54.5,Semi-Urban,1
90.12,83.41,-26.76,2.755,38.1,36.97,1,2,0,1,10,30000,44.3,Rural,0
75.27,81.43,15.02,-2.05,30.26,33.66,1,0,0,1,7,5000,65.6,Urban,0
47.14,53.47,9.1,-4.548,20.18,22.28,1,0,0,1,3,5000,60.8,Urban,1
100.0,100.0,-3.83,0.282,34.52,33.83,1,0,0,1,14,5000,43.8,Semi-Urban,0
80.03,82.07,4.08,-4.081,0.0,0.0,0,0,0,1,2,5000,87.2,Semi-Urban,1
24.82,23.26,9.69,-1.307,31.97,30.44,1,2,0,0,11,10000,66.8,Rural,1
37.85,45.04,40.78,-3.423,27.51,29.59,1,0,0,0,12,10000,65.0,Urban,1
100.0,100.0,-12.55,0.736,34.03,30.28,1,0,0,0,15,10000,58.8,Rural,0
75.1,76.56,4.82,-2.411,11.61,9.16,1,0,0,1,3,30000,80.0,Rural,1
60.09,65.47,11.86,-3.891,21.09,25.85,1,0,0,1,4,5000,74.2,Rural,1
91.84,92.88,2.08,-2.083,0.0,0.0,0,1,0,0,2,75000,53.7,Urban,0
20.0,20.0,38.92,-2.502,11.73,14.82,1,2,1,0,16,18000,40.5,Urban,1
100.0,99.47,-37.4,2.778,39.11,37.74,1,4,0,0,16,5000,41.4,Rural,0
46.1,45.53,-0.61,0.246,20.62,22.61,1,1,0,1,7,50000,82.8,Rural,0
37.65,39.27,49.58,-4.143,14.73,18.43,1,0,0,1,13,10000,54.8,Semi-Urban,1
59.01,65.16,18.93,-1.223,19.2,19.33,1,2,1,0,10,10000,85.6,Urban,1
41.77,46.8,28.06,-3.815,26.45,21.9,1,2,0,0,9,30000,43.3,Urban,1
74.13,81.93,11.62,-1.576,19.22,19.54,1,2,1,0,8,10000,59.2,Urban,1
64.83,66.7,11.37,-2.75,22.89,17.67,1,0,0,0,6,5000,46.7,Urban,0
82.73,78.72,-8.14,2.982,37.77,40.0,1,1,0,0,4,18000,95.2,Urban,0
20.0,20.0,24.88,-1.839,13.37,19.06,1,0,0,0,15,10000,61.6,Semi-Urban,1
67.52,70.79,24.99,-2.911,14.04,13.39,1,0,0,1,10,5000,58.5,Semi-Urban,1
79.32,79.39,-1.46,0.729,24.89,30.88,1,0,0,0,3,18000,71.9,Rural,0
43.31,47.66,25.56,-2.758,21.49,18.05,1,0,0,0,10,5000,92.5,Urban,1
100.0,100.0,-14.73,0.929,40.0,40.0,1,0,0,0,15,50000,97.2,Rural,0
20.0,20.0,23.74,-2.03,21.94,24.08,1,2,1,1,13,18000,56.5,Semi-Urban,1
92.23,92.08,-0.13,0.065,18.05,21.71,1,4,0,1,3,10000,96.7,Rural,1
62.56,65.01,26.3,-2.119,17.37,22.49,1,3,0,0,13,18000,77.7,Semi-Urban,1
58.06,54.84,-22.2,1.42,31.27,30.98,1,0,0,0,15,10000,43.9,Semi-Urban,0
93.62,92.0,-22.18,1.551,23.03,23.74,1,1,0,0,15,10000,92.1,Rural,0
100.0,100.0,-9.07,0.664,40.0,37.89,1,0,0,1,14,50000,67.3,Rural,0
33.98,38.79,37.63,-3.811,22.87,26.99,1,1,1,1,11,30000,73.0,Semi-Urban,1
57.52,55.86,-19.98,1.378,21.66,27.67,1,2,0,1,16,5000,97.2,Semi-Urban,1
51.37,56.33,29.22,-1.766,23.52,21.08,1,0,0,1,16,18000,84.6,Semi-Urban,1
74.37,72.55,-20.65,3.087,36.9,30.47,1,0,0,0,8,18000,64.6,Urban,0
100.0,100.0,-7.6,0.452,29.1,22.43,1,3,0,1,11,30000,71.2,Rural,0
43.8,43.78,30.74,-2.749,19.27,10.11,1,0,0,1,15,30000,42.0,Semi-Urban,1
20.0,20.0,16.58,-1.963,17.75,16.22,1,1,0,0,12,50000,87.6,Rural,1
41.03,40.67,15.17,-1.525,27.53,26.43,1,0,0,0,11,30000,66.1,Rural,0
61.82,62.4,2.29,-1.145,10.37,12.39,1,0,0,1,3,18000,67.8,Semi-Urban,1
30.36,35.14,15.57,-2.479,29.09,30.78,1,0,0,0,7,50000,63.7,Semi-Urban,0
94.21,90.44,-8.23,4.113,15.83,23.27,1,0,0,1,3,5000,82.8,Urban,0
80.51,76.11,-40.06,2.502,26.13,34.03,1,1,0,1,16,18000,85.1,Urban,0
61.95,63.82,-13.86,1.927,25.64,38.01,1,0,0,0,11,18000,43.2,Rural,0
55.89,55.05,3.57,-1.785,15.64,10.8,1,0,0,0,3,50000,82.4,Urban,0
68.06,69.6,3.08,-3.083,0.0,0.0,0,0,0,1,2,5000,89.8,Rural,0
40.89,43.6,47.47,-3.365,10.32,13.91,1,2,0,1,16,10000,71.9,Rural,1
42.03,44.28,18.3,-2.153,16.05,14.64,1,4,1,0,9,30000,83.3,Rural,1
67.37,64.88,6.36,-1.1,20.62,20.61,1,0,0,1,10,18000,91.4,Rural,0
87.16,87.06,-14.12,1.782,26.76,25.15,1,0,0,1,10,5000,70.6,Urban,0
98.97,96.92,-7.18,1.699,38.03,39.97,1,0,0,0,5,5000,44.6,Urban,0
64.94,69.34,8.05,-0.516,18.24,24.94,1,0,0,1,6,10000,40.7,Rural,1
71.09,69.14,-3.91,3.906,0.0,0.0,0,4,1,1,2,30000,63.8,Semi-Urban,1
49.72,54.71,40.58,-2.835,15.37,13.87,1,0,0,0,14,5000,79.4,Semi-Urban,1
61.09,58.66,-5.25,1.203,28.34,32.3,1,3,0,0,5,75000,41.1,Semi-Urban,0
57.05,55.2,-20.23,1.637,31.86,30.34,1,2,0,0,14,18000,58.4,Urban,0
31.15,37.05,17.62,-3.538,31.77,29.64,1,0,0,0,7,5000,82.3,Semi-Urban,1
51.83,51.75,-6.09,0.891,27.43,25.65,1,1,0,0,8,18000,56.7,Urban,0
100.0,99.76,-7.31,1.037,30.88,33.99,1,0,0,0,11,10000,69.6,Rural,0
82.31,87.86,4.24,-0.956,23.94,32.18,1,3,0,0,5,30000,49.2,Rural,0
70.09,73.13,6.08,-6.079,0.0,0.0,0,1,0,1,2,18000,48.2,Rural,1
83.38,75.89,-28.82,3.31,35.71,37.98,1,0,0,0,10,50000,60.4,Urban,0
53.76,53.81,-6.1,1.29,25.73,26.94,1,0,0,1,7,5000,82.9,Rural,0
25.07,32.1,12.0,-3.137,27.65,27.16,1,1,0,1,4,18000,91.5,Semi-Urban,1
38.26,41.85,7.81,-2.906,29.74,26.2,1,0,0,1,4,30000,79.6,Rural,1
27.82,28.54,39.79,-3.804,25.71,23.33,1,2,1,1,14,30000,40.2,Urban,1
100.0,100.0,-9.07,0.524,28.03,32.77,1,0,0,0,16,18000,71.3,Urban,0
90.89,87.55,-4.99,1.451,28.39,26.46,1,0,0,1,4,10000,43.9,Urban,0
87.92,85.35,-24.8,2.725,20.25,23.21,1,0,0,0,12,5000,96.1,Urban,0
100.0,100.0,-14.42,1.116,35.93,39.65,1,0,0,0,15,5000,77.5,Semi-Urban,0
27.4,29.87,19.78,-1.388,31.29,27.34,1,4,0,1,14,30000,83.2,Semi-Urban,1
100.0,100.0,-5.55,0.732,22.34,27.35,1,0,0,1,9,50000,49.6,Urban,0
25.39,34.82,48.11,-3.864,31.26,27.11,1,1,1,1,13,30000,84.8,Rural,1
44.6,52.61,20.31,-2.442,16.44,11.18,1,4,1,0,9,75000,46.7,Rural,1
32.8,33.16,28.26,-2.359,16.93,18.19,1,0,0,0,14,50000,61.6,Rural,1
61.1,60.02,-10.57,1.503,24.74,26.39,1,1,0,0,8,5000,71.6,Urban,0
83.61,76.46,-35.93,2.294,26.45,22.45,1,0,0,1,15,30000,47.3,Semi-Urban,0
60.9,61.35,-9.82,1.141,19.17,20.27,1,0,0,1,12,30000,57.5,Semi-Urban,0
75.88,73.06,-20.24,1.336,17.59,23.79,1,0,0,0,16,10000,68.8,Rural,0
91.65,87.92,-22.63,2.144,39.69,38.6,1,0,0,0,12,10000,59.1,Urban,0
82.37,80.35,-13.18,1.225,26.35,28.25,1,0,0,0,12,75000,45.0,Semi-Urban,0
91.29,87.35,-18.62,1.438,38.94,35.45,1,0,0,0,11,75000,82.1,Rural,0
93.29,92.14,-12.51,1.723,36.12,32.93,1,2,0,0,9,75000,72.3,Semi-Urban,0
33.17,39.03,16.64,-1.911,10.7,12.2,1,2,1,1,9,5000,75.6,Semi-Urban,1
89.64,91.17,2.81,-0.161,36.87,37.23,1,2,0,0,4,18000,92.3,Urban,0
100.0,100.0,-14.84,0.897,40.0,39.26,1,0,0,1,13,5000,47.5,Semi-Urban,0
100.0,97.1,-29.2,2.845,37.21,31.71,1,1,0,0,12,50000,96.6,Rural,0
73.4,71.85,-6.85,2.209,31.29,31.28,1,1,0,1,4,5000,49.9,Rural,0
78.91,78.14,-18.51,2.131,40.0,38.39,1,0,0,1,12,30000,66.3,Semi-Urban,0
53.45,54.06,-4.27,0.593,34.92,34.91,1,1,0,1,13,18000,44.6,Urban,0
56.75,57.25,-2.67,1.335,17.81,21.66,1,1,0,0,3,18000,89.5,Urban,0
87.44,82.64,-38.6,2.481,34.11,33.09,1,2,0,1,16,18000,43.7,Urban,0
20.0,20.0,13.0,-1.179,21.82,25.56,1,0,0,1,14,10000,68.6,Rural,1
55.89,59.17,5.37,-1.919,16.14,17.67,1,0,0,1,4,5000,81.9,Rural,1
38.71,38.9,0.37,-0.375,0.0,0.0,0,0,0,0,2,30000,92.8,Urban,0
91.84,88.4,-9.1,1.609,35.03,33.63,1,0,0,0,6,30000,74.3,Rural,0
100.0,100.0,-25.46,1.697,26.13,28.65,1,1,0,1,16,5000,81.8,Rural,0
95.85,95.98,-22.98,2.584,36.29,33.95,1,0,0,0,10,10000,84.4,Rural,0
50.48,58.06,11.26,-5.631,25.85,16.75,1,0,0,0,3,5000,55.2,Urban,1
66.01,64.6,-19.36,1.798,38.19,38.78,1,1,0,0,13,30000,49.0,Urban,0
90.05,86.38,-10.39,0.951,34.64,35.74,1,0,0,0,10,30000,41.8,Rural,0
65.0,63.27,-3.46,3.456,0.0,0.0,0,0,0,1,2,5000,51.3,Semi-Urban,0
75.08,78.1,12.59,-3.205,23.28,27.52,1,0,0,1,5,5000,48.3,Urban,1
100.0,100.0,-11.07,0.729,29.69,31.43,1,0,0,0,14,50000,75.7,Rural,0
51.32,51.68,15.01,-2.036,22.9,28.71,1,0,0,0,8,30000,80.1,Urban,0
85.96,80.34,-14.48,0.902,32.96,31.37,1,1,0,0,14,30000,85.5,Semi-Urban,0
82.23,88.54,8.09,-2.617,26.88,30.48,1,0,0,1,4,18000,63.5,Rural,0
20.0,22.28,20.74,-1.38,26.83,30.97,1,1,1,0,16,18000,85.3,Urban,1
50.02,53.03,33.71,-2.57,28.8,26.32,1,0,0,0,14,10000,80.1,Rural,1
54.81,62.03,28.0,-2.298,28.52,26.47,1,0,0,1,11,10000,96.4,Urban,1
90.43,87.0,-1.42,-0.677,14.92,9.67,1,1,1,0,10,75000,48.6,Urban,1
52.82,51.28,-5.53,2.766,23.4,19.65,1,0,0,0,3,5000,75.7,Rural,0
42.06,42.43,0.73,-0.729,0.0,0.0,0,0,0,1,2,5000,44.3,Rural,1
96.14,93.67,-21.86,2.639,28.5,28.44,1,0,0,0,10,75000,44.7,Rural,0
20.0,20.0,24.29,-2.678,23.86,27.29,1,0,0,1,11,18000,51.2,Urban,1
67.02,62.25,-9.05,2.679,38.13,35.0,1,0,0,0,4,18000,93.2,Rural,0
50.66,52.19,12.94,-1.716,21.01,22.14,1,0,0,0,11,75000,94.6,Urban,0
71.41,68.39,-27.51,1.977,39.24,39.39,1,0,0,1,15,30000,56.8,Urban,0
36.0,35.63,5.47,-1.061,23.17,21.69,1,0,0,1,11,18000,71.9,Urban,1
77.25,76.35,-21.18,2.22,25.36,23.19,1,0,0,0,11,10000,57.2,Urban,0
94.79,93.74,-9.19,1.047,25.88,30.14,1,0,0,1,11,5000,59.5,Semi-Urban,0
96.53,93.82,-9.26,0.784,27.99,26.44,1,1,0,1,12,30000,68.9,Rural,0
96.66,96.5,-5.22,0.878,18.4,24.54,1,2,0,1,8,10000,47.1,Urban,1
88.28,84.44,-24.47,2.001,40.0,34.9,1,0,0,1,12,10000,68.3,Urban,0
50.07,51.54,-9.67,0.743,36.25,32.61,1,0,0,1,14,10000,74.1,Urban,0
22.54,26.67,27.07,-1.729,22.33,20.28,1,0,0,0,14,50000,98.8,Urban,0
90.28,86.29,-5.74,1.588,29.89,30.0,1,2,0,1,5,18000,72.5,Rural,0
56.98,55.12,-5.27,2.635,22.09,26.76,1,0,0,1,3,5000,86.4,Urban,0
71.05,72.86,12.41,-1.877,9.35,10.02,1,2,0,1,11,50000,59.3,Rural,1
59.09,60.39,14.19,-1.717,16.69,17.32,1,3,1,0,10,30000,75.7,Urban,1
41.01,41.12,26.09,-3.588,25.91,25.0,1,0,0,1,9,5000,88.0,Rural,1
54.49,51.48,-11.24,1.866,26.12,21.91,1,0,0,1,6,18000,86.3,Urban,0
20.0,22.66,45.38,-3.276,12.14,7.41,1,0,0,0,16,50000,82.6,Semi-Urban,1
20.0,25.43,31.04,-3.951,26.37,21.96,1,2,0,1,9,10000,87.2,Urban,1
60.12,66.37,25.03,-1.974,18.75,20.94,1,1,0,0,13,18000,66.9,Urban,0
89.0,85.64,-15.96,2.455,39.07,38.72,1,2,0,0,7,30000,51.8,Rural,0
50.99,52.15,1.89,-0.946,20.46,24.04,1,0,0,1,3,75000,84.3,Rural,1
52.12,52.69,-5.49,0.939,26.1,25.34,1,2,0,0,10,30000,53.9,Rural,0
75.54,69.9,-16.81,2.376,38.39,36.89,1,1,0,0,7,30000,67.2,Rural,0
100.0,100.0,-10.39,0.97,39.38,38.87,1,0,0,0,14,75000,60.1,Semi-Urban,0
43.7,50.01,12.33,-2.171,7.98,11.55,1,1,1,0,6,5000,43.0,Rural,1
70.59,68.88,-2.47,-0.012,25.53,29.95,1,1,0,1,4,30000,49.2,Urban,0
54.22,56.63,14.08,-3.478,19.33,13.01,1,0,0,0,5,10000,73.7,Semi-Urban,1
84.86,84.13,-12.98,1.464,40.0,40.0,1,0,0,1,13,30000,46.8,Semi-Urban,0
57.93,56.42,-8.18,0.81,26.12,29.03,1,3,0,0,10,50000,64.4,Rural,0
72.12,71.29,-3.81,1.691,28.92,28.36,1,0,0,0,5,75000,90.8,Rural,0
68.29,65.52,-30.15,2.276,30.26,31.75,1,0,0,1,14,18000,97.6,Urban,0
100.0,95.83,-39.22,2.854,35.49,33.48,1,0,0,0,15,75000,75.2,Urban,0
100.0,99.1,-3.84,0.92,29.77,30.7,1,2,0,1,6,5000,87.3,Urban,0
41.21,45.74,32.09,-3.837,25.56,23.47,1,4,0,1,9,10000,92.6,Urban,1
74.38,70.29,-21.35,1.648,14.8,20.25,1,0,0,1,12,18000,77.3,Urban,0
82.33,82.86,1.07,-1.069,0.0,0.0,0,0,0,0,2,18000,66.3,Rural,0
62.29,56.87,-20.1,2.218,24.39,27.87,1,4,0,0,10,75000,40.6,Semi-Urban,0
20.0,20.0,29.94,-2.512,24.11,24.43,1,0,0,0,13,5000,69.1,Urban,1
59.34,59.35,5.01,-0.958,28.14,21.6,1,0,0,1,7,50000,63.3,Rural,0
100.0,99.23,-36.17,2.475,29.37,25.39,1,0,0,1,15,30000,77.7,Rural,0
43.47,41.66,-3.43,1.271,32.55,28.39,1,1,0,0,4,75000,67.9,Rural,0
49.09,54.17,25.74,-1.857,17.83,15.2,1,3,1,1,13,50000,92.0,Urban,1
41.62,48.87,18.94,-1.692,28.1,30.03,1,0,0,0,11,30000,49.7,Urban,0
99.61,94.09,-20.31,1.027,34.02,36.58,1,0,0,0,16,50000,60.1,Rural,0
35.17,37.98,44.85,-3.572,22.71,25.96,1,1,1,1,14,5000,58.1,Rural,1
44.75,47.82,-2.4,0.878,38.8,35.62,1,4,0,1,5,10000,40.2,Semi-Urban,1
70.11,66.31,-16.6,1.584,38.81,37.79,1,0,0,1,12,30000,67.2,Semi-Urban,0
84.25,85.91,-5.02,0.663,25.76,24.31,1,3,0,0,13,30000,84.5,Rural,0
70.18,69.83,-8.56,1.391,23.99,25.26,1,1,0,1,9,30000,67.0,Rural,0
82.1,81.36,2.23,-1.114,13.02,17.46,1,1,0,1,3,5000,73.2,Urban,1
20.0,20.0,11.17,-0.835,26.69,28.79,1,1,0,0,15,18000,47.4,Semi-Urban,1
20.74,30.18,39.39,-3.389,24.35,26.79,1,2,0,1,12,18000,59.9,Rural,1
93.51,91.05,-6.19,0.834,26.05,32.75,1,0,0,0,8,50000,41.4,Urban,0
50.78,55.12,34.22,-2.218,15.02,13.04,1,0,0,0,15,30000,83.9,Urban,1
35.53,44.44,24.6,-4.126,31.47,31.82,1,0,0,0,7,18000,69.6,Rural,1
75.39,72.97,-13.43,1.81,21.32,18.48,1,3,0,1,8,50000,63.3,Rural,0
98.29,96.73,-8.86,2.205,36.12,39.15,1,3,0,0,5,18000,72.3,Semi-Urban,0
24.1,30.08,38.87,-3.26,19.47,15.89,1,1,1,1,12,10000,65.0,Rural,1
64.09,66.11,-1.61,0.18,23.11,21.71,1,4,0,1,7,10000,91.7,Semi-Urban,1
88.45,86.12,-21.8,2.313,25.2,31.62,1,3,0,1,11,18000,94.6,Semi-Urban,0
39.41,40.15,1.49,-1.488,0.0,0.0,0,1,0,0,2,5000,79.0,Semi-Urban,1
60.11,63.21,11.28,-1.99,12.47,10.21,1,1,1,0,9,75000,64.2,Rural,1
66.56,64.75,-17.71,1.585,25.5,22.42,1,1,0,0,12,18000,50.5,Rural,0
100.0,99.86,-18.24,1.595,35.31,39.92,1,0,0,1,13,75000,88.0,Rural,0
82.81,81.43,-3.91,1.274,22.49,19.84,1,0,0,0,4,5000,80.7,Rural,0
88.89,88.18,-30.41,2.309,25.04,23.92,1,0,0,1,14,10000,65.3,Rural,0
54.27,51.2,-9.13,3.09,40.0,40.0,1,0,0,1,4,5000,70.9,Semi-Urban,0
100.0,100.0,-6.55,0.295,40.0,40.0,1,1,0,0,15,30000,50.5,Urban,0
100.0,95.28,-17.8,3.218,29.91,32.16,1,0,0,1,7,10000,54.3,Rural,0
51.1,54.15,17.9,-1.312,29.67,25.96,1,0,0,0,16,10000,43.0,Urban,0
74.32,72.89,-9.16,0.755,26.69,30.68,1,0,0,0,14,50000,79.0,Semi-Urban,0
100.0,98.52,-2.52,0.511,28.37,22.93,1,1,0,0,6,18000,64.7,Semi-Urban,0
54.35,59.2,25.44,-2.243,21.03,25.38,1,2,1,1,13,18000,63.5,Rural,1
44.63,42.51,-4.44,0.9,24.49,22.58,1,0,0,0,6,75000,43.8,Rural,0
72.95,77.02,6.29,-3.145,25.49,22.34,1,0,0,1,3,50000,94.1,Semi-Urban,0
100.0,100.0,-20.92,1.628,28.53,25.13,1,0,0,0,14,50000,93.6,Rural,0
90.51,90.47,-23.22,1.779,25.85,22.09,1,0,0,0,15,18000,42.5,Urban,0
67.97,67.79,-11.59,1.759,25.13,22.44,1,3,0,1,9,18000,92.0,Urban,0
26.84,38.69,53.51,-3.66,5.23,11.18,1,0,0,0,14,5000,76.9,Semi-Urban,1
58.54,60.34,-2.98,0.573,38.25,31.09,1,0,0,1,9,30000,75.3,Urban,0
38.45,40.77,27.52,-2.144,25.07,26.33,1,0,0,0,11,50000,61.8,Rural,1
99.65,95.74,-9.14,1.332,27.62,19.41,1,3,0,1,8,10000,66.6,Semi-Urban,0
26.21,27.4,23.27,-2.113,15.65,11.65,1,2,0,1,13,30000,65.5,Urban,1
96.01,92.15,-9.87,2.419,23.71,24.52,1,0,0,1,5,5000,85.8,Rural,0
65.57,66.92,8.82,-1.767,24.75,23.37,1,0,0,0,6,18000,48.6,Urban,0
100.0,100.0,-3.78,0.405,28.73,29.76,1,0,0,0,13,50000,89.8,Urban,0
20.0,20.0,19.55,-1.325,29.95,20.71,1,0,0,1,14,18000,88.9,Urban,1
37.3,41.83,8.39,-4.193,14.85,17.23,1,2,1,0,3,30000,41.6,Urban,1
70.53,72.33,3.6,-3.602,0.0,0.0,0,1,1,1,2,18000,50.9,Urban,1
71.23,73.13,9.49,-2.744,29.7,25.32,1,3,1,1,5,10000,89.3,Semi-Urban,1
50.63,51.16,1.05,-1.054,0.0,0.0,0,2,0,0,2,5000,76.5,Rural,1
46.59,44.92,-2.67,0.453,33.72,27.25,1,1,0,1,5,30000,89.7,Rural,0
20.0,30.58,15.27,-4.902,15.97,14.91,1,2,1,0,4,30000,59.3,Semi-Urban,1
44.23,53.91,22.37,-4.936,7.23,9.5,1,0,0,1,5,30000,87.0,Semi-Urban,1
91.24,84.98,-42.55,3.067,24.26,30.75,1,1,0,1,15,10000,75.2,Urban,0
20.0,20.0,13.51,-1.165,22.26,18.2,1,1,0,0,13,50000,59.8,Urban,1
45.01,43.0,-5.87,0.91,23.98,26.35,1,2,0,1,10,10000,84.2,Semi-Urban,1
78.03,75.97,-23.75,2.253,32.97,39.34,1,0,0,0,12,50000,56.5,Urban,0
100.0,100.0,-16.51,1.087,25.76,21.9,1,0,0,0,15,30000,56.2,Rural,0
49.86,52.22,17.77,-3.406,19.49,14.37,1,0,0,1,7,18000,40.5,Semi-Urban,1
22.19,28.1,26.15,-3.106,14.94,17.0,1,0,0,0,10,75000,80.8,Semi-Urban,1
37.04,35.87,5.16,-1.202,26.02,26.84,1,1,0,0,8,50000,58.0,Rural,1
85.44,81.59,-21.1,2.365,29.08,32.97,1,0,0,1,10,30000,71.7,Urban,0
59.24,62.81,14.3,-0.838,26.57,25.31,1,0,0,1,12,30000,71.7,Semi-Urban,0
100.0,98.31,-20.19,2.246,40.0,40.0,1,1,0,0,11,75000,55.6,Semi-Urban,0
58.4,55.97,-17.93,2.078,28.18,25.91,1,0,0,0,10,18000,45.2,Semi-Urban,0
57.67,59.83,-11.17,1.362,29.59,30.06,1,0,0,1,13,50000,61.9,Rural,0
68.39,65.88,-28.67,1.967,33.09,35.58,1,1,0,1,16,5000,88.4,Urban,0
87.56,90.16,3.27,-0.864,26.22,25.68,1,0,0,0,4,18000,48.7,Rural,0
94.01,91.41,-3.75,0.581,37.08,40.0,1,1,0,1,6,30000,87.6,Rural,0
71.57,73.75,13.52,-1.102,17.67,17.14,1,3,0,0,13,18000,76.2,Urban,0
100.0,97.57,-19.29,2.018,24.16,21.37,1,1,0,0,10,30000,78.1,Rural,0
84.09,82.01,-12.48,1.812,31.07,31.33,1,1,0,1,8,75000,69.6,Urban,0
26.37,28.4,19.79,-1.494,31.53,28.34,1,0,0,1,16,18000,48.3,Rural,1
83.2,81.62,-0.08,-0.008,29.55,36.04,1,1,0,1,5,18000,58.8,Semi-Urban,0
100.0,100.0,-14.54,1.499,26.95,22.14,1,0,0,0,13,5000,98.2,Semi-Urban,0
98.12,93.77,-13.66,1.521,24.93,19.87,1,0,0,0,11,75000,57.5,Rural,0
95.1,93.59,-11.09,1.781,37.45,39.42,1,0,0,1,7,18000,84.5,Urban,0
28.2,35.21,38.57,-3.181,27.65,20.39,1,0,0,1,13,10000,97.3,Urban,1
29.66,31.1,29.08,-3.038,32.65,31.49,1,0,0,0,11,10000,96.4,Rural,1
32.53,39.82,39.75,-3.689,23.94,24.75,1,3,1,1,11,18000,55.7,Urban,1
40.24,47.1,10.82,-5.41,14.91,14.29,1,4,1,0,3,18000,56.9,Semi-Urban,1
20.0,23.8,35.71,-2.594,30.5,28.22,1,0,0,0,14,30000,94.4,Semi-Urban,0
62.18,60.92,-7.1,0.633,40.0,37.51,1,2,0,1,12,30000,89.1,Urban,0
60.31,67.17,7.05,-2.83,10.64,8.71,1,0,0,0,4,75000,60.8,Rural,0
50.49,50.48,0.89,-0.444,33.25,35.44,1,0,0,0,3,50000,70.9,Urban,0
50.84,50.52,21.51,-2.162,15.1,13.71,1,0,0,1,13,5000,93.4,Semi-Urban,1
44.5,42.98,-3.04,3.042,0.0,0.0,0,4,1,1,2,30000,82.6,Urban,1
68.03,69.02,1.93,-0.963,13.74,15.05,1,0,0,1,3,10000,50.7,Rural,1
57.35,63.79,11.55,-2.433,25.1,25.42,1,0,0,1,5,5000,64.5,Urban,1
62.21,61.99,-14.44,1.396,25.78,26.5,1,3,0,0,13,30000,88.5,Rural,0
71.62,68.94,-19.8,1.485,36.05,34.85,1,3,0,0,13,75000,63.4,Semi-Urban,0
24.57,23.61,14.56,-1.095,30.15,29.71,1,2,0,0,14,30000,92.7,Urban,0
60.02,61.3,24.62,-3.476,31.42,30.98,1,0,0,0,9,10000,97.8,Urban,0
92.41,86.56,-8.43,2.514,17.09,19.03,1,2,0,0,4,50000,76.2,Rural,0
20.0,21.36,31.03,-2.302,18.03,23.65,1,2,0,1,16,18000,58.2,Rural,1
59.66,56.7,-18.32,2.282,40.0,40.0,1,0,0,0,8,75000,90.9,Rural,0
65.14,63.16,-9.94,1.564,38.72,33.7,1,2,0,0,8,75000,82.6,Rural,0
22.1,25.18,42.94,-3.63,13.82,11.62,1,0,0,0,14,75000,62.2,Rural,1
87.75,87.38,-2.74,0.226,38.39,32.06,1,0,0,1,14,50000,81.2,Rural,0
60.59,55.93,-8.52,4.261,23.77,19.9,1,0,0,0,3,30000,61.7,Semi-Urban,0
79.62,80.13,6.77,-1.441,15.73,13.79,1,3,1,1,7,18000,44.3,Rural,1
57.29,58.92,1.92,-0.958,32.61,31.92,1,0,0,1,3,5000,42.8,Urban,0
64.66,64.72,17.06,-1.48,9.54,9.14,1,0,0,1,15,30000,76.9,Rural,1
29.03,28.64,41.71,-3.266,22.96,17.97,1,0,0,0,15,10000,43.6,Rural,1
82.77,80.06,-29.91,2.17,39.84,36.26,1,2,0,1,16,5000,42.7,Rural,0
57.12,52.44,-9.83,2.388,40.0,38.73,1,1,0,0,5,50000,50.2,Urban,0
100.0,100.0,-15.33,1.024,28.35,31.88,1,1,0,0,16,75000,91.2,Urban,0
46.85,44.98,-1.09,0.544,5.65,8.42,1,0,0,0,3,18000,89.6,Semi-Urban,0
64.35,64.74,10.25,-1.59,26.18,27.56,1,0,0,0,8,30000,46.7,Urban,0
90.18,86.7,-8.8,1.507,30.16,33.13,1,0,0,1,7,10000,92.4,Rural,0
84.74,84.55,1.4,0.111,27.37,28.95,1,1,0,1,5,5000,62.5,Rural,0
79.18,79.68,-5.5,0.867,33.64,28.86,1,0,0,0,9,5000,92.9,Semi-Urban,0
23.26,28.52,31.9,-2.614,29.11,25.77,1,0,0,1,13,50000,46.2,Semi-Urban,1
50.66,52.56,25.8,-1.831,23.24,24.99,1,0,0,0,14,5000,60.4,Urban,1
87.2,80.89,-34.3,1.858,30.89,31.11,1,0,0,1,16,10000,97.1,Rural,0
20.0,20.0,15.08,-1.499,24.31,25.14,1,4,1,0,15,18000,66.7,Rural,1
27.29,28.15,22.46,-2.425,14.6,15.84,1,0,0,1,11,18000,85.1,Rural,1
62.51,58.54,-19.95,2.608,22.03,31.77,1,1,0,1,9,75000,63.2,Semi-Urban,0
83.72,90.71,13.61,-6.803,10.86,11.3,1,0,0,1,3,10000,49.9,Semi-Urban,1
46.44,48.98,13.26,-2.035,28.47,22.4,1,1,1,1,6,10000,97.8,Rural,1
75.97,71.6,-20.24,2.146,28.27,30.23,1,1,0,1,10,5000,44.0,Rural,0
29.7,30.96,29.7,-3.532,28.67,28.46,1,0,0,1,11,18000,64.2,Urban,1
39.66,40.21,1.1,-1.097,0.0,0.0,0,1,0,0,2,30000,60.8,Semi-Urban,0
90.09,83.67,-25.13,1.61,22.61,24.41,1,1,0,0,15,5000,92.9,Urban,0
62.31,59.59,-5.44,5.438,0.0,0.0,0,0,0,0,2,30000,77.6,Rural,0
78.56,75.81,-6.76,1.52,26.38,27.45,1,0,0,0,6,10000,59.0,Urban,0
20.75,25.12,24.38,-3.886,23.28,16.88,1,1,0,0,7,10000,86.8,Rural,1
79.12,81.79,14.01,-3.635,16.7,22.16,1,2,1,0,5,75000,60.9,Rural,1
73.05,74.94,9.42,-3.315,22.1,26.56,1,0,0,0,5,75000,53.4,Semi-Urban,0
92.1,89.45,-26.73,2.915,26.68,28.15,1,2,0,0,10,75000,45.6,Rural,0
92.21,90.79,-5.62,0.398,40.0,34.38,1,2,0,1,16,18000,85.6,Semi-Urban,0
93.71,92.82,-14.23,1.209,29.86,26.17,1,0,0,0,14,75000,58.9,Rural,0
88.83,85.76,-5.47,0.584,21.86,22.32,1,0,0,0,6,5000,66.3,Urban,0
86.18,81.95,-8.15,2.182,38.89,40.0,1,0,0,0,4,50000,58.8,Semi-Urban,0
52.3,50.5,-3.73,0.57,31.48,28.85,1,3,0,0,8,30000,70.4,Urban,0
82.31,82.14,-9.88,1.133,31.75,25.57,1,1,0,0,7,75000,68.0,Urban,0
59.39,57.25,-4.29,4.294,0.0,0.0,0,4,0,0,2,30000,77.2,Urban,0
20.0,20.0,15.24,-1.378,20.79,22.5,1,0,0,1,11,30000,80.3,Semi-Urban,1
96.36,96.69,-5.36,0.75,21.01,21.62,1,0,0,0,10,30000,73.6,Urban,0
71.44,79.04,14.65,-2.802,10.08,10.12,1,0,0,0,5,30000,66.0,Rural,0
31.97,35.25,19.9,-2.015,20.39,22.35,1,0,0,1,12,30000,98.8,Rural,1
58.03,64.3,33.54,-2.759,13.26,16.59,1,1,1,1,12,30000,83.0,Semi-Urban,1
39.93,49.53,23.35,-3.816,27.94,24.23,1,0,0,1,6,10000,61.0,Semi-Urban,1
66.41,69.07,14.68,-2.231,12.93,10.5,1,0,0,1,8,18000,52.1,Urban,1
94.89,93.52,-1.38,0.688,29.21,27.0,1,0,0,0,3,10000,74.0,Rural,0
81.05,78.64,-9.05,2.307,22.66,20.81,1,0,0,1,5,50000,76.3,Rural,0
68.05,66.03,-10.75,1.687,23.94,25.37,1,1,0,0,7,75000,59.6,Rural,0
30.65,30.79,9.17,-2.906,24.14,25.12,1,0,0,1,5,10000,97.2,Rural,1
86.13,82.69,-12.12,1.003,30.58,30.07,1,0,0,1,10,18000,91.0,Rural,0
46.88,51.63,21.72,-1.525,8.0,16.45,1,0,0,1,12,5000,54.8,Rural,1
39.07,42.24,6.33,-6.328,0.0,0.0,0,2,0,0,2,5000,53.3,Semi-Urban,1
84.68,81.49,-11.5,1.056,32.22,27.68,1,2,0,1,10,10000,79.8,Urban,0
58.77,59.86,3.83,-0.792,15.73,22.87,1,0,0,0,8,50000,92.7,Urban,0
45.58,52.97,31.17,-2.146,11.54,10.5,1,0,0,0,15,75000,56.2,Urban,1
28.9,34.22,18.35,-2.662,15.05,16.84,1,0,0,1,9,50000,62.5,Semi-Urban,1
100.0,100.0,-8.22,0.461,37.22,37.89,1,2,0,1,16,10000,83.9,Rural,0
100.0,99.26,-28.99,2.303,39.56,35.16,1,2,0,1,15,10000,47.3,Rural,0
44.02,44.45,-4.68,1.059,28.65,35.41,1,0,0,0,7,10000,85.0,Semi-Urban,0
51.55,47.53,-8.85,1.762,25.97,22.1,1,0,0,0,6,50000,50.0,Rural,0
44.36,44.18,-0.5,0.251,33.24,32.64,1,2,0,0,3,30000,45.4,Semi-Urban,0
60.45,68.69,24.07,-1.369,27.03,23.92,1,0,0,0,15,75000,68.1,Semi-Urban,0
98.06,96.95,-8.69,1.71,38.22,34.02,1,0,0,0,7,18000,48.4,Rural,0
96.83,90.46,-20.15,2.599,37.42,40.0,1,0,0,0,8,5000,43.7,Rural,0
41.47,44.1,35.07,-3.797,29.14,28.85,1,0,0,1,11,50000,98.4,Urban,1
20.0,21.98,25.48,-1.594,14.54,10.53,1,0,0,0,16,30000,83.2,Rural,1
62.61,58.42,-7.85,3.073,27.56,32.23,1,1,0,0,4,75000,45.1,Urban,0
58.9,60.19,-6.43,0.671,31.24,35.97,1,3,0,0,11,30000,40.7,Rural,0
43.29,47.32,7.94,-3.97,24.99,29.03,1,0,0,1,3,30000,43.5,Semi-Urban,1
95.81,90.15,-28.92,2.92,33.0,28.0,1,0,0,1,10,30000,65.1,Urban,0
82.87,83.73,3.2,-0.895,17.35,17.4,1,4,1,1,10,10000,53.3,Urban,1
99.11,94.3,-29.98,2.183,21.19,22.54,1,0,0,0,14,10000,94.6,Urban,0
70.71,66.26,-21.98,1.568,27.18,22.04,1,0,0,1,13,10000,79.8,Semi-Urban,0
89.31,88.87,-0.89,0.887,0.0,0.0,0,2,0,0,2,75000,49.2,Urban,0
59.82,65.64,30.72,-2.749,21.81,22.2,1,2,0,0,11,50000,88.5,Urban,1
83.39,86.07,9.73,-0.677,22.17,21.6,1,0,0,1,12,18000,89.8,Rural,0
69.66,66.47,-4.91,2.453,34.69,35.13,1,0,0,0,3,5000,92.2,Rural,0
20.0,20.0,7.62,-1.059,15.58,13.93,1,3,1,1,14,10000,98.5,Urban,1
94.7,90.71,-17.38,3.108,24.0,22.23,1,4,0,0,7,10000,87.2,Semi-Urban,0
52.6,50.13,-13.07,3.138,29.01,33.8,1,1,0,0,5,75000,76.7,Urban,0
52.88,57.64,11.46,-1.521,15.08,16.19,1,0,0,1,8,50000,45.5,Rural,1
65.8,63.88,-19.26,1.607,21.45,22.19,1,0,0,1,13,10000,42.5,Semi-Urban,0
41.93,38.38,-6.7,3.348,21.27,25.62,1,0,0,0,3,10000,46.3,Rural,0
24.7,27.31,18.68,-1.398,29.23,28.7,1,0,0,0,12,10000,62.7,Semi-Urban,0
68.36,69.32,-6.97,0.767,38.65,35.83,1,3,0,0,15,10000,91.1,Rural,0
43.2,48.82,19.06,-1.559,27.81,25.06,1,2,1,1,12,30000,64.9,Semi-Urban,1
52.74,51.69,-9.04,1.563,32.06,27.59,1,3,0,0,8,30000,68.1,Rural,0
100.0,100.0,-8.35,0.492,37.2,35.2,1,0,0,1,14,30000,48.7,Rural,0
35.26,41.21,39.2,-3.103,18.58,17.75,1,1,1,1,13,18000,95.3,Rural,1
80.29,76.72,-12.83,0.905,32.64,33.64,1,0,0,1,15,18000,55.2,Semi-Urban,0
52.11,61.52,25.56,-3.871,31.01,30.52,1,0,0,0,7,30000,53.5,Semi-Urban,0
20.0,23.23,21.01,-3.069,31.27,28.18,1,0,0,1,8,50000,43.9,Urban,1
41.16,43.71,34.14,-3.385,9.95,10.01,1,0,0,1,11,30000,65.3,Rural,1
63.45,62.52,-25.13,1.949,29.31,27.88,1,0,0,0,16,30000,44.5,Urban,0
67.48,67.74,7.77,-2.271,19.1,14.52,1,2,1,1,5,50000,94.1,Rural,1
98.65,95.63,-3.03,0.486,34.52,30.85,1,0,0,0,11,75000,51.2,Semi-Urban,0
20.0,20.0,31.47,-2.923,17.68,12.12,1,0,0,0,14,30000,45.9,Rural,1
56.92,55.24,-0.34,0.233,33.35,28.05,1,0,0,0,5,75000,79.7,Rural,0
49.47,51.74,23.62,-1.87,32.12,32.1,1,3,1,1,14,10000,76.7,Urban,1
36.73,37.05,15.34,-3.62,23.76,24.4,1,0,0,1,6,50000,96.1,Rural,1
20.0,20.0,25.98,-2.531,20.9,21.9,1,1,1,0,12,10000,65.1,Urban,1
76.23,77.67,2.9,-2.896,0.0,0.0,0,3,1,1,2,18000,87.2,Rural,1
100.0,98.23,-9.36,2.184,18.26,22.17,1,4,0,1,6,5000,47.8,Semi-Urban,1
97.2,92.39,-34.25,2.442,21.86,21.99,1,0,0,0,15,10000,80.1,Rural,0
48.48,53.46,31.58,-3.705,24.86,25.41,1,2,1,1,9,75000,51.3,Rural,1
31.27,39.86,49.39,-3.694,26.82,28.63,1,0,0,1,13,50000,78.4,Semi-Urban,1
80.34,84.19,7.69,-7.691,0.0,0.0,0,1,1,1,2,18000,50.3,Semi-Urban,1
30.61,34.44,8.48,-1.348,26.51,28.82,1,1,1,0,7,5000,81.3,Urban,1
100.0,100.0,-9.73,0.527,25.21,21.49,1,3,0,0,14,75000,77.4,Urban,0
87.98,92.16,12.02,-6.011,13.17,13.88,1,1,1,1,3,75000,79.5,Rural,1
100.0,97.87,-9.08,2.142,23.7,23.6,1,0,0,0,6,75000,86.6,Urban,0
28.3,37.29,40.91,-3.681,30.86,30.08,1,3,1,0,12,10000,76.5,Semi-Urban,1
82.04,79.43,-24.29,2.224,30.74,31.01,1,3,0,0,13,30000,82.2,Rural,0
26.79,30.54,28.9,-2.588,14.44,9.31,1,0,0,0,12,50000,96.5,Rural,1
82.43,79.82,-3.44,0.901,25.32,22.19,1,3,0,1,5,10000,61.3,Semi-Urban,0
48.09,48.39,7.03,-1.931,29.13,28.35,1,0,0,1,7,50000,43.7,Rural,1
23.25,27.25,34.0,-2.737,20.05,26.55,1,0,0,1,15,50000,47.9,Urban,1
33.59,37.13,10.6,-1.441,28.18,29.27,1,0,0,0,10,18000,67.7,Semi-Urban,0
20.0,20.64,46.91,-3.469,22.51,26.61,1,0,0,1,16,50000,77.4,Urban,1
60.13,57.83,-21.3,2.98,31.92,32.01,1,2,0,0,8,75000,87.1,Semi-Urban,0
70.1,65.18,-21.51,1.607,28.96,23.22,1,3,0,1,13,75000,95.8,Urban,0
64.66,63.16,-5.01,2.16,22.92,28.08,1,3,0,0,4,10000,71.6,Urban,0
38.36,45.95,20.19,-2.992,12.67,14.13,1,0,0,0,7,18000,40.0,Urban,1
75.84,75.04,-13.65,2.14,23.82,23.54,1,1,0,0,8,5000,42.9,Rural,0
80.99,79.45,7.27,-1.162,11.8,11.21,1,0,0,1,12,18000,41.4,Semi-Urban,0
49.07,56.0,30.83,-3.189,10.92,12.43,1,0,0,0,10,75000,95.7,Semi-Urban,1
32.58,34.77,3.11,-1.554,25.87,22.76,1,0,0,1,3,50000,88.5,Urban,0
45.24,44.37,-2.57,0.377,17.87,18.89,1,3,0,1,6,5000,51.3,Urban,1
20.0,22.4,56.45,-3.977,13.97,16.02,1,0,0,1,16,18000,60.4,Semi-Urban,1
57.17,56.01,-18.47,1.827,25.32,23.79,1,1,0,1,12,10000,46.1,Rural,1
63.59,69.1,17.4,-3.595,24.94,27.73,1,3,0,0,6,5000,94.3,Urban,1
52.29,51.72,-1.15,1.148,0.0,0.0,0,3,0,0,2,5000,69.2,Semi-Urban,0
20.0,20.0,23.48,-2.31,23.11,21.79,1,1,0,0,12,30000,73.9,Semi-Urban,1
80.29,76.95,-9.76,0.548,32.42,35.95,1,1,0,0,16,18000,70.2,Rural,0
72.22,72.88,-5.84,1.216,34.29,34.81,1,2,0,1,6,18000,61.0,Urban,0
34.65,36.9,24.8,-2.902,21.6,24.73,1,0,0,0,11,50000,43.6,Rural,1
83.39,81.38,-4.0,4.004,0.0,0.0,0,0,0,1,2,10000,67.8,Rural,0
69.32,68.19,-11.49,2.123,30.25,29.05,1,0,0,1,8,18000,77.6,Urban,0
30.5,28.0,5.29,-1.882,11.94,6.88,1,1,1,0,7,18000,97.3,Rural,1
98.91,94.25,-10.32,2.881,23.05,29.83,1,0,0,1,5,30000,61.0,Rural,0
50.86,47.56,-6.2,2.358,35.51,34.08,1,0,0,0,4,5000,86.2,Rural,0
34.89,35.43,7.43,-1.725,13.83,19.3,1,1,0,0,8,50000,46.1,Semi-Urban,1
100.0,100.0,-5.87,0.278,31.39,33.36,1,0,0,0,15,75000,96.8,Urban,0
40.88,44.44,31.13,-2.182,17.13,16.26,1,0,0,1,16,5000,47.3,Rural,1
76.17,73.89,-7.99,0.631,34.94,36.45,1,0,0,0,14,18000,91.0,Urban,0
52.96,54.7,12.91,-3.147,23.95,25.09,1,0,0,1,7,18000,91.8,Rural,1
66.12,64.1,-27.74,2.727,16.59,24.3,1,1,0,0,11,30000,46.1,Semi-Urban,0
65.66,71.86,22.95,-2.01,20.73,15.14,1,1,1,0,11,50000,64.8,Urban,1
86.47,80.07,-36.91,2.39,36.39,34.93,1,0,0,1,16,75000,47.9,Urban,0
62.8,62.99,0.38,-0.382,0.0,0.0,0,0,0,0,2,10000,58.4,Urban,0
76.36,76.89,-13.83,1.105,38.84,39.17,1,0,0,1,16,10000,72.1,Urban,0
100.0,96.41,-8.89,1.943,24.47,26.95,1,1,0,1,5,5000,47.9,Semi-Urban,0
80.41,75.99,-8.85,8.849,0.0,0.0,0,0,0,0,2,30000,97.5,Rural,0
20.0,22.01,23.77,-3.308,31.53,31.9,1,0,0,1,9,5000,62.9,Rural,1
67.16,66.91,9.37,-1.192,19.49,26.13,1,1,0,0,7,18000,72.1,Semi-Urban,0
86.75,84.78,-2.94,0.612,19.45,25.09,1,3,0,1,5,18000,98.5,Semi-Urban,0
50.86,57.25,18.24,-2.905,12.06,13.73,1,0,0,0,6,18000,42.0,Urban,1
73.81,72.63,-8.9,0.937,25.95,28.48,1,1,0,0,13,30000,84.3,Semi-Urban,0
100.0,100.0,-16.82,1.506,26.42,24.12,1,3,0,0,13,18000,42.2,Rural,0
24.94,28.93,13.27,-3.34,17.92,23.34,1,0,0,0,5,18000,95.4,Urban,1
100.0,100.0,-8.95,0.668,28.84,20.89,1,3,0,1,16,30000,96.1,Semi-Urban,0
31.4,42.2,24.62,-2.745,24.76,20.39,1,0,0,0,8,18000,95.3,Semi-Urban,1
87.47,87.19,-0.55,0.555,0.0,0.0,0,0,0,1,2,5000,90.8,Rural,0
63.11,57.02,-22.57,2.256,37.28,36.4,1,4,0,1,10,10000,65.7,Rural,1
43.76,44.2,8.26,-1.058,6.74,10.84,1,1,0,0,11,10000,73.7,Urban,1
78.71,78.39,-5.87,1.174,29.95,37.12,1,0,0,0,9,18000,61.6,Urban,0
95.52,94.14,-16.71,1.467,31.98,33.12,1,3,0,1,13,75000,96.5,Rural,0
52.23,49.12,-4.13,1.653,25.86,29.79,1,4,0,1,4,10000,75.3,Urban,1
98.74,99.29,-7.46,0.8,35.73,37.23,1,2,0,0,10,10000,40.7,Rural,0
57.87,53.07,-10.16,2.72,18.73,22.74,1,1,0,0,5,75000,91.7,Rural,0
51.58,48.94,-9.87,0.858,36.85,35.05,1,0,0,0,10,75000,89.7,Urban,0
54.7,58.84,9.22,-3.131,29.69,27.99,1,0,0,0,4,18000,82.3,Urban,0
77.05,78.1,-0.34,0.172,19.96,22.18,1,4,0,1,3,50000,85.3,Rural,1
