Family_Income,Scholarship,Education_Loan,Father_Occupation,Mother_Occupation,Parent_Education,Home_Location,HighSchool_Grade,Admission_Quota,Dropout,Batch
45000,Yes,Yes,Daily Wage Worker,Farmer,HighSchool,Urban,88.9,Merit,0,2023
18000,Yes,Yes,Government Job,Daily Wage Worker,Primary School,Semi-Urban,83.3,Merit,0,2022
60000,No,No,Factory Worker,Teacher,Primary School,Semi-Urban,91.1,Merit,0,2024
35000,No,No,Engineer,Daily Wage Worker,No Formal Education,Rural,95.9,Merit,0,2021
5000,No,No,Farmer,Government Job,Postgraduate,Semi-Urban,73.3,Merit,1,2023
100000,No,No,Shopkeeper,Teacher,Graduate,Semi-Urban,84.0,Merit,0,2023
45000,No,Yes,Farmer,Farmer,HighSchool,Semi-Urban,68.9,SC/ST,1,2022
45000,Yes,No,Daily Wage Worker,Farmer,Graduate,Rural,86.4,Merit,1,2024
8000,No,Yes,Government Job,Factory Worker,Graduate,Urban,71.7,Merit,0,2021
18000,No,No,Farmer,Government Job,HighSchool,Rural,83.4,Merit,1,2023
18000,Yes,No,Doctor,Shopkeeper,HighSchool,Urban,56.2,Merit,0,2022
75000,No,Yes,Engineer,Farmer,Diploma,Urban,80.5,Sports,0,2024
35000,No,No,Shopkeeper,Nurse,Graduate,Rural,74.1,SC/ST,1,2021
60000,No,No,Farmer,Factory Worker,Primary School,Semi-Urban,54.7,Merit,1,2021
18000,Yes,No,Small Business,Factory Worker,Postgraduate,Semi-Urban,80.5,Management,0,2023
12000,No,No,Teacher,Homemaker,Graduate,Urban,61.8,Merit,0,2022
25000,Yes,No,Teacher,Daily Wage Worker,Diploma,Urban,77.1,SC/ST,0,2024
5000,Yes,No,Government Job,Nurse,Primary School,Semi-Urban,78.8,Merit,0,2022
60000,No,Yes,Shopkeeper,Homemaker,Diploma,Urban,79.6,Merit,0,2022
35000,Yes,Yes,Driver,Homemaker,HighSchool,Rural,80.3,NRI,0,2022
45000,No,Yes,Teacher,Daily Wage Worker,HighSchool,Rural,64.6,SC/ST,1,2023
18000,No,Yes,Factory Worker,Homemaker,Postgraduate,Semi-Urban,76.9,Merit,0,2022
100000,No,No,Doctor,Nurse,Diploma,Urban,93.5,Management,0,2021
60000,Yes,No,Engineer,Teacher,Primary School,Rural,44.0,Merit,0,2023
45000,No,Yes,Doctor,Factory Worker,HighSchool,Urban,86.2,Merit,0,2022
8000,No,No,Driver,Homemaker,HighSchool,Rural,47.6,Merit,1,2021
18000,Yes,No,Daily Wage Worker,Government Job,Postgraduate,Rural,67.5,Sports,0,2022
5000,No,No,Farmer,Nurse,HighSchool,Urban,49.7,Merit,1,2021
8000,Yes,Yes,Engineer,Teacher,Diploma,Semi-Urban,86.2,Merit,0,2021
35000,Yes,No,Doctor,Nurse,Graduate,Semi-Urban,42.2,SC/ST,0,2021
45000,Yes,No,Farmer,Farmer,Primary School,Urban,81.4,SC/ST,1,2024
100000,Yes,No,Teacher,Nurse,Diploma,Semi-Urban,63.7,OBC,0,2022
12000,Yes,Yes,Daily Wage Worker,Shopkeeper,Graduate,Rural,55.6,Merit,1,2022
18000,No,No,Small Business,Shopkeeper,Postgraduate,Semi-Urban,96.7,OBC,0,2023
18000,Yes,Yes,Engineer,Factory Worker,Graduate,Urban,57.2,Management,0,2023
8000,Yes,No,Daily Wage Worker,Farmer,Primary School,Rural,52.5,Management,1,2023
8000,Yes,No,Teacher,Homemaker,HighSchool,Rural,65.5,OBC,0,2022
18000,Yes,No,Doctor,Farmer,HighSchool,Urban,57.8,Merit,0,2022
12000,No,No,Doctor,Daily Wage Worker,Diploma,Semi-Urban,82.9,SC/ST,0,2022
35000,No,No,Doctor,Farmer,Postgraduate,Rural,41.8,SC/ST,1,2024
18000,No,Yes,Teacher,Teacher,No Formal Education,Semi-Urban,80.8,SC/ST,1,2022
60000,No,No,Teacher,Nurse,HighSchool,Urban,64.9,Merit,0,2023
35000,Yes,Yes,Teacher,Nurse,Diploma,Rural,86.3,Merit,0,2022
12000,Yes,No,Small Business,Teacher,Primary School,Rural,59.7,SC/ST,1,2022
60000,No,No,Teacher,Factory Worker,Diploma,Semi-Urban,41.1,Management,0,2023
45000,No,Yes,Farmer,Shopkeeper,Primary School,Semi-Urban,85.0,Merit,1,2021
18000,Yes,Yes,Daily Wage Worker,Government Job,Graduate,Rural,47.8,Management,1,2022
12000,No,No,Shopkeeper,Government Job,HighSchool,Semi-Urban,68.2,Management,1,2021
35000,Yes,No,Farmer,Teacher,Diploma,Semi-Urban,89.1,Merit,0,2021
8000,Yes,Yes,Farmer,Homemaker,Graduate,Semi-Urban,94.6,Merit,1,2022
8000,No,No,Government Job,Factory Worker,HighSchool,Semi-Urban,54.5,OBC,1,2021
3000,No,Yes,Shopkeeper,Farmer,HighSchool,Rural,89.5,Merit,1,2021
45000,Yes,Yes,Driver,Farmer,Diploma,Rural,85.8,SC/ST,1,2023
35000,No,No,Factory Worker,Factory Worker,Graduate,Urban,94.5,SC/ST,0,2022
35000,Yes,Yes,Farmer,Shopkeeper,Diploma,Semi-Urban,88.1,Sports,1,2023
45000,No,No,Teacher,Factory Worker,Diploma,Semi-Urban,45.3,Merit,0,2024
18000,No,Yes,Driver,Factory Worker,Graduate,Semi-Urban,95.7,SC/ST,1,2022
25000,No,Yes,Government Job,Daily Wage Worker,Diploma,Rural,41.5,Merit,1,2024
8000,Yes,Yes,Small Business,Government Job,Graduate,Urban,60.3,OBC,0,2022
8000,Yes,Yes,Driver,Homemaker,No Formal Education,Urban,63.0,OBC,1,2023
35000,Yes,Yes,Farmer,Nurse,Diploma,Rural,68.6,OBC,1,2022
18000,No,No,Shopkeeper,Homemaker,Postgraduate,Rural,53.9,Merit,1,2024
25000,Yes,No,Engineer,Farmer,Graduate,Rural,47.3,Management,0,2022
45000,No,No,Factory Worker,Farmer,Diploma,Rural,89.4,OBC,1,2022
35000,Yes,No,Government Job,Government Job,Graduate,Semi-Urban,77.9,NRI,0,2022
25000,Yes,Yes,Factory Worker,Nurse,Diploma,Rural,68.0,Merit,0,2023
25000,No,No,Shopkeeper,Factory Worker,Diploma,Semi-Urban,85.7,Merit,0,2024
12000,Yes,Yes,Engineer,Farmer,HighSchool,Semi-Urban,94.0,Management,0,2024
3000,No,No,Small Business,Government Job,Primary School,Rural,53.2,SC/ST,1,2021
18000,No,No,Daily Wage Worker,Factory Worker,No Formal Education,Rural,59.1,Merit,1,2024
12000,No,No,Shopkeeper,Homemaker,Graduate,Rural,95.1,Sports,0,2022
18000,Yes,Yes,Shopkeeper,Daily Wage Worker,Diploma,Semi-Urban,72.1,SC/ST,0,2023
60000,No,No,Teacher,Teacher,Postgraduate,Semi-Urban,56.6,Sports,0,2024
12000,Yes,No,Daily Wage Worker,Teacher,HighSchool,Rural,49.3,Management,1,2024
5000,No,No,Driver,Nurse,HighSchool,Rural,98.3,SC/ST,1,2022
12000,Yes,Yes,Engineer,Farmer,Graduate,Urban,71.6,OBC,0,2021
12000,Yes,No,Small Business,Homemaker,No Formal Education,Semi-Urban,90.9,NRI,0,2024
35000,No,Yes,Government Job,Teacher,Diploma,Semi-Urban,77.5,NRI,1,2022
25000,Yes,No,Shopkeeper,Farmer,Primary School,Semi-Urban,66.2,Management,1,2024
45000,Yes,No,Factory Worker,Shopkeeper,HighSchool,Rural,90.6,Merit,0,2024
35000,No,Yes,Doctor,Teacher,Diploma,Urban,61.0,SC/ST,1,2023
18000,No,Yes,Factory Worker,Government Job,Graduate,Semi-Urban,85.3,Merit,0,2022
45000,No,Yes,Driver,Shopkeeper,HighSchool,Rural,66.8,OBC,1,2021
8000,Yes,No,Teacher,Shopkeeper,HighSchool,Rural,92.9,SC/ST,1,2021
3000,Yes,Yes,Government Job,Farmer,HighSchool,Semi-Urban,69.7,Merit,0,2023
5000,Yes,No,Daily Wage Worker,Factory Worker,Primary School,Rural,59.2,NRI,1,2024
45000,Yes,Yes,Farmer,Farmer,Postgraduate,Urban,82.8,SC/ST,0,2022
18000,Yes,No,Small Business,Homemaker,Graduate,Semi-Urban,90.7,SC/ST,0,2023
8000,No,No,Factory Worker,Government Job,Primary School,Urban,90.2,SC/ST,1,2022
25000,No,No,Daily Wage Worker,Government Job,HighSchool,Rural,68.2,Merit,1,2023
8000,Yes,Yes,Farmer,Nurse,HighSchool,Semi-Urban,66.0,Management,1,2024
35000,No,Yes,Shopkeeper,Factory Worker,HighSchool,Rural,48.8,Sports,1,2022
18000,No,No,Engineer,Government Job,Postgraduate,Urban,42.3,Management,0,2024
18000,Yes,No,Farmer,Teacher,Primary School,Semi-Urban,95.0,Management,0,2021
12000,Yes,No,Driver,Factory Worker,Postgraduate,Semi-Urban,82.8,Sports,0,2021
35000,Yes,No,Shopkeeper,Nurse,Postgraduate,Rural,74.0,Merit,0,2024
18000,No,Yes,Doctor,Government Job,Graduate,Semi-Urban,74.4,OBC,0,2023
5000,Yes,No,Farmer,Factory Worker,Diploma,Semi-Urban,41.4,Merit,1,2021
8000,No,No,Teacher,Teacher,HighSchool,Rural,66.8,Merit,1,2021
100000,No,No,Driver,Daily Wage Worker,Graduate,Urban,94.4,SC/ST,0,2023
75000,Yes,No,Shopkeeper,Homemaker,Graduate,Semi-Urban,67.3,Merit,0,2022
35000,Yes,Yes,Doctor,Homemaker,Diploma,Semi-Urban,74.3,OBC,0,2022
12000,Yes,No,Shopkeeper,Farmer,No Formal Education,Rural,62.2,SC/ST,1,2024
100000,Yes,Yes,Driver,Homemaker,HighSchool,Semi-Urban,46.2,Merit,0,2021
45000,Yes,Yes,Farmer,Farmer,No Formal Education,Rural,59.1,OBC,1,2024
35000,No,No,Teacher,Homemaker,HighSchool,Semi-Urban,45.0,Merit,1,2022
18000,No,No,Teacher,Daily Wage Worker,Diploma,Urban,74.1,Merit,0,2021
12000,Yes,Yes,Factory Worker,Teacher,Postgraduate,Rural,97.9,Management,0,2023
5000,Yes,Yes,Doctor,Daily Wage Worker,Graduate,Urban,61.4,Merit,0,2024
75000,No,No,Factory Worker,Daily Wage Worker,Graduate,Urban,90.6,SC/ST,0,2021
18000,No,Yes,Doctor,Factory Worker,Graduate,Rural,42.5,Sports,1,2023
8000,No,No,Small Business,Government Job,Graduate,Rural,69.8,SC/ST,1,2021
12000,No,No,Engineer,Government Job,Diploma,Urban,78.6,NRI,0,2023
25000,Yes,No,Shopkeeper,Farmer,Graduate,Urban,58.8,Merit,0,2022
8000,No,Yes,Driver,Factory Worker,HighSchool,Rural,45.8,SC/ST,1,2024
60000,No,No,Teacher,Teacher,Postgraduate,Urban,52.9,Merit,0,2023
45000,Yes,No,Government Job,Government Job,Primary School,Rural,44.1,SC/ST,1,2021
35000,No,No,Small Business,Government Job,Graduate,Rural,92.4,Merit,0,2023
18000,No,No,Small Business,Teacher,Diploma,Urban,40.3,Merit,0,2022
35000,No,No,Government Job,Daily Wage Worker,Diploma,Rural,44.1,Merit,1,2022
25000,No,Yes,Shopkeeper,Factory Worker,Diploma,Urban,86.9,Merit,0,2023
35000,No,No,Doctor,Nurse,No Formal Education,Rural,57.7,Merit,1,2022
5000,No,Yes,Government Job,Nurse,Graduate,Rural,61.5,Merit,1,2021
18000,No,Yes,Driver,Teacher,HighSchool,Urban,58.1,Management,1,2021
5000,No,Yes,Government Job,Nurse,Diploma,Rural,92.6,Management,1,2024
25000,No,Yes,Factory Worker,Daily Wage Worker,Postgraduate,Urban,94.8,Merit,1,2022
12000,No,No,Teacher,Homemaker,Graduate,Urban,94.8,Management,0,2024
8000,Yes,No,Government Job,Factory Worker,Postgraduate,Urban,58.1,Merit,0,2021
5000,No,No,Shopkeeper,Daily Wage Worker,Primary School,Urban,51.8,SC/ST,1,2023
25000,No,No,Teacher,Farmer,HighSchool,Urban,88.9,Merit,0,2021
8000,Yes,No,Shopkeeper,Teacher,HighSchool,Rural,90.1,Merit,0,2021
75000,No,Yes,Daily Wage Worker,Nurse,Postgraduate,Semi-Urban,60.9,SC/ST,1,2024
25000,No,Yes,Small Business,Shopkeeper,Graduate,Semi-Urban,74.1,Management,1,2024
12000,Yes,No,Government Job,Nurse,Graduate,Urban,63.1,Merit,0,2021
25000,Yes,Yes,Teacher,Factory Worker,Graduate,Urban,40.9,Merit,0,2022
3000,No,No,Driver,Government Job,HighSchool,Rural,64.2,Merit,1,2023
75000,Yes,No,Farmer,Farmer,HighSchool,Urban,92.8,Merit,0,2024
25000,Yes,No,Farmer,Teacher,Diploma,Semi-Urban,90.6,OBC,1,2022
45000,No,No,Teacher,Factory Worker,No Formal Education,Semi-Urban,46.1,Management,1,2024
5000,No,No,Government Job,Government Job,Graduate,Semi-Urban,58.1,Merit,1,2023
25000,No,No,Teacher,Farmer,Postgraduate,Rural,44.4,OBC,0,2022
25000,Yes,No,Daily Wage Worker,Farmer,HighSchool,Urban,57.6,Merit,0,2023
75000,No,No,Doctor,Nurse,Graduate,Semi-Urban,57.6,Sports,0,2021
25000,No,Yes,Daily Wage Worker,Factory Worker,Diploma,Urban,43.1,Management,1,2023
18000,No,No,Shopkeeper,Nurse,No Formal Education,Urban,92.8,SC/ST,1,2021
12000,Yes,Yes,Farmer,Shopkeeper,HighSchool,Urban,89.6,OBC,1,2022
12000,No,Yes,Farmer,Teacher,Diploma,Urban,94.8,Sports,1,2023
25000,No,No,Farmer,Government Job,Graduate,Urban,83.9,Management,1,2022
18000,No,No,Small Business,Homemaker,Diploma,Rural,84.8,Merit,0,2024
3000,Yes,Yes,Engineer,Nurse,HighSchool,Semi-Urban,86.4,Merit,0,2021
60000,No,No,Teacher,Shopkeeper,Primary School,Rural,79.8,NRI,0,2024
60000,Yes,No,Shopkeeper,Nurse,Graduate,Semi-Urban,50.4,Management,0,2022
8000,No,Yes,Driver,Nurse,HighSchool,Urban,50.5,Merit,1,2023
25000,No,Yes,Daily Wage Worker,Daily Wage Worker,Graduate,Urban,69.5,Management,1,2022
5000,No,Yes,Engineer,Factory Worker,HighSchool,Semi-Urban,80.7,Merit,1,2022
35000,No,Yes,Driver,Government Job,Graduate,Urban,41.8,OBC,0,2024
12000,No,No,Farmer,Nurse,HighSchool,Rural,72.2,Merit,1,2021
35000,Yes,Yes,Teacher,Daily Wage Worker,No Formal Education,Urban,92.3,OBC,0,2021
45000,No,No,Engineer,Shopkeeper,Diploma,Rural,47.4,Management,1,2023
45000,Yes,Yes,Farmer,Government Job,Graduate,Rural,58.5,SC/ST,1,2023
5000,No,No,Daily Wage Worker,Factory Worker,Postgraduate,Rural,98.2,Management,1,2024
75000,Yes,No,Small Business,Farmer,Postgraduate,Urban,59.4,Management,0,2024
12000,No,No,Daily Wage Worker,Factory Worker,Diploma,Semi-Urban,41.7,SC/ST,1,2023
3000,No,Yes,Farmer,Teacher,Graduate,Semi-Urban,80.3,Management,1,2024
25000,No,No,Doctor,Nurse,Diploma,Rural,98.0,Merit,0,2021
18000,Yes,Yes,Factory Worker,Nurse,Diploma,Rural,53.6,Sports,1,2023
60000,Yes,No,Doctor,Teacher,Primary School,Rural,52.7,Management,0,2023
45000,Yes,No,Factory Worker,Teacher,Graduate,Rural,65.5,Sports,1,2022
12000,Yes,No,Daily Wage Worker,Nurse,Postgraduate,Semi-Urban,71.6,Merit,0,2024
75000,No,No,Government Job,Daily Wage Worker,Primary School,Rural,88.1,Merit,0,2023
12000,No,Yes,Teacher,Government Job,HighSchool,Semi-Urban,98.6,SC/ST,1,2021
25000,No,Yes,Daily Wage Worker,Nurse,Primary School,Semi-Urban,88.0,Management,1,2024
12000,Yes,Yes,Doctor,Farmer,Diploma,Semi-Urban,57.2,SC/ST,0,2022
75000,No,No,Farmer,Shopkeeper,Diploma,Urban,86.4,OBC,0,2023
8000,No,No,Engineer,Nurse,HighSchool,Rural,77.2,Merit,1,2021
5000,Yes,Yes,Teacher,Farmer,Diploma,Semi-Urban,69.0,NRI,0,2022
18000,No,Yes,Shopkeeper,Daily Wage Worker,Graduate,Rural,77.4,Merit,0,2023
100000,Yes,Yes,Daily Wage Worker,Nurse,HighSchool,Urban,65.9,SC/ST,0,2021
60000,No,No,Doctor,Nurse,Graduate,Urban,77.3,Merit,0,2022
45000,Yes,Yes,Doctor,Farmer,Graduate,Rural,83.5,Merit,0,2023
60000,Yes,No,Daily Wage Worker,Shopkeeper,Graduate,Rural,40.8,Management,1,2024
60000,Yes,Yes,Teacher,Daily Wage Worker,HighSchool,Rural,76.4,SC/ST,0,2021
25000,No,Yes,Daily Wage Worker,Homemaker,Postgraduate,Rural,49.0,Merit,1,2024
12000,No,Yes,Teacher,Shopkeeper,HighSchool,Rural,59.9,Merit,1,2022
45000,No,No,Small Business,Teacher,No Formal Education,Rural,66.2,Merit,1,2022
35000,No,Yes,Farmer,Teacher,Primary School,Rural,97.4,Merit,1,2023
18000,Yes,No,Daily Wage Worker,Government Job,Postgraduate,Rural,59.2,Merit,1,2022
5000,No,No,Engineer,Nurse,Primary School,Rural,88.3,Management,1,2022
45000,No,Yes,Small Business,Teacher,Diploma,Rural,59.9,Merit,1,2021
12000,No,No,Engineer,Shopkeeper,Graduate,Semi-Urban,53.5,Management,0,2021
75000,Yes,No,Driver,Government Job,Graduate,Urban,65.6,Management,0,2021
12000,No,Yes,Driver,Homemaker,Graduate,Rural,45.3,SC/ST,1,2023
8000,No,Yes,Factory Worker,Nurse,HighSchool,Rural,88.3,Management,1,2022
60000,No,No,Engineer,Shopkeeper,Graduate,Urban,69.4,Merit,0,2021
8000,No,No,Farmer,Daily Wage Worker,No Formal Education,Rural,80.6,SC/ST,1,2021
8000,Yes,Yes,Engineer,Nurse,HighSchool,Rural,87.1,SC/ST,1,2024
25000,No,No,Daily Wage Worker,Homemaker,Primary School,Semi-Urban,64.1,Management,1,2024
60000,Yes,No,Farmer,Teacher,Diploma,Rural,66.6,OBC,0,2024
8000,Yes,No,Government Job,Daily Wage Worker,Primary School,Semi-Urban,55.0,Management,1,2023
12000,Yes,Yes,Teacher,Nurse,Diploma,Urban,82.1,Merit,0,2024
45000,Yes,No,Factory Worker,Factory Worker,HighSchool,Semi-Urban,89.1,OBC,0,2023
100000,Yes,No,Teacher,Farmer,Diploma,Urban,73.9,Merit,0,2021
25000,No,Yes,Small Business,Daily Wage Worker,Primary School,Rural,42.3,Sports,1,2023
8000,No,Yes,Factory Worker,Homemaker,Diploma,Rural,82.0,SC/ST,1,2021
3000,Yes,Yes,Shopkeeper,Farmer,Graduate,Semi-Urban,79.3,Merit,0,2021
12000,Yes,Yes,Teacher,Shopkeeper,HighSchool,Semi-Urban,60.2,Management,1,2021
8000,No,Yes,Factory Worker,Teacher,Graduate,Urban,64.1,OBC,1,2021
35000,No,No,Driver,Factory Worker,Diploma,Urban,69.2,OBC,1,2024
8000,No,No,Factory Worker,Daily Wage Worker,HighSchool,Rural,86.7,SC/ST,1,2021
25000,No,Yes,Driver,Daily Wage Worker,HighSchool,Urban,80.2,Merit,1,2024
35000,No,Yes,Small Business,Government Job,HighSchool,Rural,70.5,Merit,1,2022
25000,No,Yes,Government Job,Teacher,Graduate,Urban,87.5,Management,0,2021
8000,No,No,Farmer,Daily Wage Worker,HighSchool,Rural,90.7,Merit,1,2022
45000,Yes,Yes,Farmer,Nurse,Postgraduate,Semi-Urban,43.1,Sports,0,2021
35000,Yes,Yes,Doctor,Teacher,Graduate,Semi-Urban,44.1,Merit,0,2022
45000,Yes,No,Shopkeeper,Shopkeeper,Diploma,Semi-Urban,68.1,SC/ST,0,2022
8000,Yes,Yes,Small Business,Shopkeeper,Postgraduate,Urban,86.1,Management,0,2021
8000,No,Yes,Factory Worker,Farmer,HighSchool,Semi-Urban,46.5,SC/ST,1,2022
75000,No,Yes,Daily Wage Worker,Factory Worker,Graduate,Semi-Urban,90.9,Merit,0,2021
18000,Yes,Yes,Shopkeeper,Nurse,HighSchool,Urban,48.1,Merit,0,2021
12000,Yes,No,Doctor,Teacher,Diploma,Rural,81.0,Merit,0,2023
25000,Yes,Yes,Engineer,Shopkeeper,No Formal Education,Semi-Urban,87.4,OBC,0,2021
35000,Yes,No,Government Job,Government Job,Postgraduate,Urban,42.7,OBC,0,2023
75000,Yes,Yes,Shopkeeper,Government Job,HighSchool,Rural,90.1,Merit,0,2023
12000,Yes,Yes,Engineer,Teacher,Graduate,Rural,89.6,SC/ST,1,2024
75000,Yes,Yes,Farmer,Homemaker,Postgraduate,Rural,48.6,Merit,1,2023
3000,Yes,Yes,Doctor,Daily Wage Worker,No Formal Education,Rural,52.3,Merit,1,2022
25000,No,Yes,Doctor,Shopkeeper,Postgraduate,Semi-Urban,90.8,SC/ST,0,2022
35000,No,No,Factory Worker,Homemaker,Diploma,Semi-Urban,97.0,Merit,0,2021
5000,No,No,Engineer,Daily Wage Worker,Graduate,Rural,68.6,Merit,1,2021
8000,No,No,Small Business,Shopkeeper,Diploma,Semi-Urban,47.4,Management,1,2021
18000,Yes,Yes,Daily Wage Worker,Factory Worker,Graduate,Rural,56.5,NRI,1,2022
100000,No,Yes,Shopkeeper,Daily Wage Worker,Postgraduate,Urban,60.0,OBC,0,2023
25000,No,Yes,Farmer,Homemaker,Diploma,Urban,77.2,OBC,1,2023
75000,Yes,No,Government Job,Teacher,Graduate,Rural,82.6,Sports,0,2023
45000,No,Yes,Farmer,Homemaker,Postgraduate,Rural,75.8,SC/ST,1,2022
18000,Yes,No,Small Business,Factory Worker,Graduate,Urban,92.5,Merit,0,2024
45000,No,Yes,Daily Wage Worker,Farmer,Postgraduate,Semi-Urban,40.6,OBC,1,2021
3000,No,Yes,Government Job,Homemaker,Graduate,Rural,63.0,Merit,1,2023
5000,No,No,Shopkeeper,Homemaker,HighSchool,Semi-Urban,57.2,Merit,0,2024
60000,No,Yes,Small Business,Shopkeeper,Graduate,Semi-Urban,84.4,OBC,0,2024
45000,No,No,Shopkeeper,Government Job,Graduate,Urban,80.2,Merit,0,2021
12000,No,No,Teacher,Nurse,No Formal Education,Urban,92.6,NRI,0,2023
25000,No,Yes,Driver,Factory Worker,HighSchool,Rural,58.5,NRI,1,2024
35000,No,Yes,Teacher,Teacher,HighSchool,Semi-Urban,90.5,SC/ST,1,2022
60000,Yes,No,Shopkeeper,Farmer,Graduate,Urban,71.8,Management,0,2023
35000,No,No,Doctor,Teacher,Graduate,Rural,49.0,Merit,0,2022
18000,No,No,Driver,Daily Wage Worker,Graduate,Urban,88.9,Sports,1,2022
18000,No,No,Daily Wage Worker,Factory Worker,Primary School,Semi-Urban,53.8,Sports,1,2023
18000,Yes,No,Shopkeeper,Teacher,Primary School,Rural,84.9,Merit,1,2022
35000,Yes,No,Daily Wage Worker,Daily Wage Worker,HighSchool,Urban,71.7,Merit,0,2022
60000,Yes,Yes,Farmer,Shopkeeper,Graduate,Urban,70.4,OBC,0,2023
18000,Yes,No,Factory Worker,Shopkeeper,Postgraduate,Rural,71.6,OBC,0,2021
12000,No,No,Small Business,Government Job,Postgraduate,Semi-Urban,97.6,Merit,0,2022
12000,Yes,No,Daily Wage Worker,Homemaker,HighSchool,Semi-Urban,74.5,SC/ST,1,2023
45000,No,No,Driver,Homemaker,Graduate,Urban,42.6,Sports,1,2021
45000,Yes,Yes,Doctor,Farmer,Graduate,Rural,96.4,Merit,0,2022
5000,No,No,Engineer,Daily Wage Worker,Postgraduate,Semi-Urban,56.6,Management,1,2024
5000,No,No,Government Job,Teacher,Graduate,Urban,67.7,OBC,0,2023
25000,Yes,Yes,Factory Worker,Farmer,Diploma,Urban,88.6,SC/ST,1,2023
8000,Yes,Yes,Government Job,Teacher,Graduate,Rural,45.0,SC/ST,1,2024
60000,Yes,No,Doctor,Teacher,HighSchool,Urban,53.7,SC/ST,0,2024
12000,No,No,Farmer,Factory Worker,Graduate,Rural,91.7,Merit,1,2022
8000,No,Yes,Government Job,Farmer,Graduate,Urban,46.9,Sports,1,2021
75000,No,Yes,Daily Wage Worker,Nurse,Postgraduate,Rural,70.5,NRI,1,2023
8000,No,Yes,Small Business,Daily Wage Worker,HighSchool,Urban,51.0,Merit,1,2022
12000,No,No,Government Job,Teacher,Postgraduate,Urban,60.9,Merit,0,2022
8000,No,Yes,Factory Worker,Shopkeeper,HighSchool,Urban,86.6,SC/ST,1,2022
8000,Yes,No,Driver,Farmer,Graduate,Rural,96.6,NRI,0,2022
3000,No,No,Doctor,Shopkeeper,Postgraduate,Urban,73.9,Management,0,2021
5000,Yes,Yes,Shopkeeper,Nurse,No Formal Education,Rural,61.4,Merit,1,2021
8000,Yes,Yes,Government Job,Teacher,Graduate,Semi-Urban,44.7,Merit,0,2024
5000,Yes,No,Engineer,Teacher,Graduate,Urban,63.7,Management,0,2024
25000,No,No,Teacher,Shopkeeper,Graduate,Urban,88.0,OBC,0,2022
35000,No,Yes,Farmer,Shopkeeper,Primary School,Semi-Urban,84.6,SC/ST,1,2021
18000,No,No,Engineer,Homemaker,Postgraduate,Rural,61.0,SC/ST,1,2022
12000,Yes,No,Driver,Government Job,Postgraduate,Semi-Urban,50.0,Merit,0,2022
25000,No,No,Engineer,Farmer,Graduate,Rural,72.1,Merit,0,2022
60000,No,No,Shopkeeper,Shopkeeper,Diploma,Rural,89.1,OBC,1,2022
60000,Yes,Yes,Teacher,Nurse,Graduate,Urban,73.2,Merit,0,2024
5000,Yes,No,Farmer,Farmer,No Formal Education,Semi-Urban,72.0,Merit,1,2024
8000,Yes,No,Engineer,Teacher,Graduate,Rural,81.7,Merit,0,2022
12000,No,Yes,Government Job,Daily Wage Worker,Primary School,Semi-Urban,47.6,Sports,1,2024
12000,Yes,No,Shopkeeper,Shopkeeper,HighSchool,Rural,76.5,SC/ST,1,2024
25000,No,Yes,Government Job,Government Job,Primary School,Rural,44.6,Sports,1,2022
18000,No,No,Engineer,Factory Worker,Graduate,Urban,49.4,Sports,0,2024
5000,Yes,Yes,Teacher,Daily Wage Worker,Graduate,Rural,43.0,Merit,1,2024
18000,Yes,Yes,Shopkeeper,Government Job,Graduate,Rural,76.2,SC/ST,1,2022
25000,No,Yes,Doctor,Homemaker,Primary School,Rural,96.9,Merit,0,2022
5000,No,No,Driver,Teacher,HighSchool,Urban,48.8,SC/ST,1,2023
60000,No,Yes,Farmer,Shopkeeper,Diploma,Rural,67.8,Merit,1,2024
5000,Yes,Yes,Driver,Farmer,Graduate,Rural,92.7,Management,1,2023
75000,Yes,No,Small Business,Farmer,Primary School,Urban,90.2,SC/ST,0,2023
5000,No,No,Factory Worker,Homemaker,Graduate,Semi-Urban,65.0,Merit,1,2022
60000,No,No,Doctor,Farmer,Diploma,Rural,83.9,Management,0,2023
75000,Yes,No,Teacher,Nurse,Postgraduate,Urban,42.6,SC/ST,0,2024
100000,Yes,No,Daily Wage Worker,Daily Wage Worker,Diploma,Semi-Urban,84.6,Management,0,2024
45000,No,Yes,Doctor,Daily Wage Worker,Primary School,Urban,82.8,OBC,0,2023
45000,Yes,Yes,Daily Wage Worker,Farmer,Primary School,Rural,74.4,Management,1,2021
35000,Yes,No,Doctor,Nurse,HighSchool,Rural,46.7,Merit,0,2023
45000,No,Yes,Engineer,Daily Wage Worker,HighSchool,Rural,57.5,Merit,0,2023
8000,Yes,Yes,Small Business,Government Job,Graduate,Semi-Urban,50.1,OBC,1,2023
25000,Yes,No,Engineer,Farmer,Graduate,Semi-Urban,43.5,SC/ST,0,2023
25000,No,Yes,Small Business,Homemaker,Primary School,Semi-Urban,93.1,Merit,1,2021
60000,Yes,Yes,Daily Wage Worker,Shopkeeper,Postgraduate,Rural,50.7,Merit,1,2023
18000,Yes,No,Daily Wage Worker,Farmer,Primary School,Semi-Urban,52.2,SC/ST,1,2023
18000,No,No,Government Job,Homemaker,Graduate,Semi-Urban,81.3,Sports,0,2023
35000,No,No,Factory Worker,Shopkeeper,Primary School,Rural,59.0,Merit,1,2024
12000,Yes,Yes,Doctor,Shopkeeper,HighSchool,Semi-Urban,63.9,OBC,0,2023
8000,No,No,Farmer,Teacher,Graduate,Urban,43.3,SC/ST,1,2024
18000,No,No,Engineer,Shopkeeper,HighSchool,Urban,94.7,SC/ST,0,2023
18000,No,No,Doctor,Nurse,Primary School,Rural,98.8,Merit,1,2022
12000,Yes,No,Small Business,Teacher,Graduate,Semi-Urban,61.7,Management,0,2023
18000,Yes,No,Farmer,Government Job,Graduate,Rural,52.7,Merit,1,2023
18000,Yes,Yes,Small Business,Shopkeeper,Postgraduate,Semi-Urban,81.6,NRI,1,2023
12000,Yes,No,Daily Wage Worker,Homemaker,Graduate,Rural,84.7,Merit,1,2023
18000,No,Yes,Small Business,Daily Wage Worker,Primary School,Urban,49.1,Merit,1,2023
35000,No,No,Doctor,Nurse,Graduate,Urban,68.7,Merit,0,2022
12000,Yes,No,Driver,Government Job,Graduate,Rural,51.5,OBC,1,2023
75000,No,No,Driver,Factory Worker,Primary School,Rural,53.8,Management,1,2022
75000,Yes,No,Teacher,Farmer,Primary School,Semi-Urban,69.1,Management,0,2023
25000,No,Yes,Government Job,Daily Wage Worker,Graduate,Semi-Urban,63.6,Management,1,2022
12000,No,Yes,Shopkeeper,Factory Worker,Graduate,Urban,68.0,Merit,0,2023
25000,Yes,No,Shopkeeper,Farmer,HighSchool,Rural,62.7,Merit,0,2024
60000,No,Yes,Government Job,Government Job,Graduate,Rural,44.3,SC/ST,1,2023
35000,No,Yes,Daily Wage Worker,Shopkeeper,HighSchool,Semi-Urban,44.5,Merit,1,2023
45000,No,No,Engineer,Teacher,Diploma,Semi-Urban,55.5,SC/ST,1,2022
25000,No,Yes,Engineer,Homemaker,Graduate,Semi-Urban,70.9,Management,0,2021
35000,No,Yes,Teacher,Daily Wage Worker,HighSchool,Rural,52.6,Merit,1,2024
12000,Yes,Yes,Farmer,Nurse,HighSchool,Rural,76.9,SC/ST,1,2021
45000,No,No,Doctor,Shopkeeper,Graduate,Rural,84.9,Merit,0,2023
8000,Yes,No,Government Job,Government Job,HighSchool,Urban,92.6,Merit,0,2021
35000,Yes,No,Engineer,Government Job,Postgraduate,Semi-Urban,95.7,Merit,0,2023
60000,No,No,Daily Wage Worker,Farmer,Postgraduate,Rural,61.5,Merit,1,2024
8000,No,No,Doctor,Nurse,Graduate,Rural,95.6,Management,1,2021
35000,Yes,Yes,Daily Wage Worker,Nurse,Graduate,Urban,91.6,OBC,0,2021
5000,Yes,No,Driver,Shopkeeper,Postgraduate,Semi-Urban,58.6,Merit,0,2022
45000,Yes,No,Factory Worker,Homemaker,Graduate,Urban,61.8,OBC,0,2022
5000,No,No,Shopkeeper,Teacher,Graduate,Urban,49.9,Management,1,2021
75000,Yes,No,Teacher,Daily Wage Worker,Primary School,Rural,91.3,Merit,0,2023
8000,Yes,No,Shopkeeper,Farmer,Graduate,Urban,71.2,Merit,0,2022
75000,Yes,Yes,Small Business,Teacher,HighSchool,Rural,52.1,Management,0,2024
45000,No,Yes,Daily Wage Worker,Daily Wage Worker,Primary School,Urban,87.8,Sports,1,2022
25000,Yes,No,Shopkeeper,Government Job,Graduate,Semi-Urban,90.2,Merit,0,2022
45000,No,Yes,Teacher,Government Job,HighSchool,Semi-Urban,77.7,SC/ST,1,2023
45000,Yes,Yes,Teacher,Factory Worker,Primary School,Semi-Urban,63.3,Merit,0,2021
75000,No,Yes,Small Business,Daily Wage Worker,Graduate,Rural,53.0,Merit,0,2022
12000,Yes,Yes,Government Job,Farmer,Primary School,Semi-Urban,85.2,OBC,1,2021
25000,No,No,Teacher,Daily Wage Worker,Postgraduate,Rural,85.5,Merit,0,2021
5000,Yes,No,Engineer,Farmer,Postgraduate,Rural,70.1,Merit,0,2021
35000,No,Yes,Daily Wage Worker,Shopkeeper,Graduate,Semi-Urban,83.8,SC/ST,1,2021
8000,No,No,Small Business,Shopkeeper,HighSchool,Urban,51.8,Merit,1,2021
25000,Yes,No,Government Job,Nurse,Graduate,Rural,71.2,SC/ST,1,2023
25000,Yes,No,Driver,Homemaker,No Formal Education,Rural,59.2,Sports,1,2023
18000,No,No,Government Job,Farmer,Graduate,Urban,98.5,Merit,0,2023
25000,Yes,No,Engineer,Nurse,HighSchool,Semi-Urban,65.0,Merit,0,2021
45000,No,No,Doctor,Daily Wage Worker,Diploma,Semi-Urban,52.1,Sports,0,2024
45000,Yes,Yes,Farmer,Homemaker,HighSchool,Rural,51.6,OBC,1,2023
25000,Yes,No,Doctor,Nurse,Postgraduate,Semi-Urban,98.7,NRI,0,2024
25000,Yes,Yes,Small Business,Homemaker,HighSchool,Urban,99.0,SC/ST,0,2024
75000,Yes,No,Driver,Shopkeeper,Diploma,Rural,87.2,SC/ST,0,2022
8000,No,No,Small Business,Teacher,HighSchool,Semi-Urban,68.4,Merit,0,2023
8000,No,Yes,Government Job,Nurse,Diploma,Rural,79.3,Merit,1,2021
5000,Yes,No,Engineer,Factory Worker,Postgraduate,Rural,81.4,Management,0,2024
35000,No,No,Government Job,Farmer,HighSchool,Semi-Urban,47.7,Management,1,2024
18000,No,Yes,Doctor,Nurse,Primary School,Semi-Urban,48.5,Management,1,2022
45000,Yes,No,Factory Worker,Nurse,Primary School,Semi-Urban,63.2,Merit,0,2023
35000,No,No,Shopkeeper,Homemaker,Graduate,Semi-Urban,62.1,Management,0,2022
12000,No,Yes,Driver,Factory Worker,Graduate,Semi-Urban,67.6,Management,0,2021
60000,Yes,No,Small Business,Factory Worker,Graduate,Semi-Urban,57.9,NRI,0,2021
45000,No,Yes,Teacher,Homemaker,Graduate,Rural,76.5,Merit,0,2024
12000,No,No,Government Job,Farmer,Primary School,Rural,84.5,Sports,1,2023
18000,No,No,Driver,Homemaker,Postgraduate,Rural,91.4,SC/ST,1,2021
12000,No,No,Daily Wage Worker,Shopkeeper,Graduate,Urban,64.2,Sports,0,2024
8000,Yes,Yes,Shopkeeper,Daily Wage Worker,Graduate,Rural,57.2,Management,0,2024
8000,Yes,No,Government Job,Daily Wage Worker,HighSchool,Rural,48.9,Merit,0,2021
75000,Yes,Yes,Factory Worker,Daily Wage Worker,Graduate,Semi-Urban,73.1,SC/ST,0,2022
18000,No,Yes,Teacher,Teacher,Graduate,Urban,42.3,NRI,0,2023
18000,No,No,Government Job,Teacher,HighSchool,Urban,90.6,Merit,0,2021
45000,No,No,Shopkeeper,Teacher,No Formal Education,Urban,68.1,OBC,1,2022
25000,Yes,Yes,Small Business,Government Job,Graduate,Rural,75.9,Merit,0,2023
75000,Yes,Yes,Factory Worker,Nurse,Graduate,Rural,63.6,OBC,0,2024
45000,No,No,Shopkeeper,Government Job,Primary School,Urban,40.2,Merit,1,2024
18000,Yes,Yes,Farmer,Shopkeeper,Postgraduate,Urban,86.5,NRI,1,2021
18000,Yes,No,Shopkeeper,Government Job,Primary School,Urban,68.0,Merit,0,2023
100000,No,Yes,Driver,Teacher,HighSchool,Urban,64.0,Management,0,2022
35000,Yes,Yes,Government Job,Daily Wage Worker,HighSchool,Rural,84.8,Management,0,2021
75000,Yes,No,Driver,Teacher,Graduate,Rural,60.5,Merit,0,2022
8000,No,No,Daily Wage Worker,Daily Wage Worker,Primary School,Semi-Urban,78.2,OBC,1,2024
60000,No,No,Farmer,Shopkeeper,Graduate,Semi-Urban,82.8,Merit,1,2022
35000,Yes,No,Factory Worker,Nurse,Diploma,Rural,98.0,OBC,0,2023
8000,Yes,Yes,Shopkeeper,Farmer,HighSchool,Semi-Urban,85.3,Sports,0,2022
25000,Yes,No,Farmer,Teacher,Primary School,Urban,41.4,Merit,1,2024
35000,Yes,Yes,Factory Worker,Daily Wage Worker,Diploma,Rural,76.9,Merit,1,2022
3000,Yes,Yes,Farmer,Farmer,Diploma,Rural,76.4,OBC,1,2021
18000,No,Yes,Factory Worker,Nurse,Primary School,Semi-Urban,47.3,Merit,1,2022
60000,No,No,Driver,Teacher,Diploma,Rural,84.3,OBC,1,2022
12000,No,Yes,Engineer,Factory Worker,Diploma,Urban,62.1,SC/ST,0,2021
18000,Yes,No,Farmer,Nurse,Postgraduate,Urban,76.8,Merit,0,2023
18000,Yes,No,Small Business,Nurse,Graduate,Rural,55.8,SC/ST,0,2021
12000,Yes,No,Doctor,Teacher,No Formal Education,Urban,50.4,Management,1,2021
75000,No,Yes,Factory Worker,Government Job,Diploma,Semi-Urban,63.4,Merit,0,2024
45000,No,No,Doctor,Teacher,No Formal Education,Semi-Urban,52.2,Management,1,2021
8000,Yes,No,Engineer,Nurse,Diploma,Urban,98.2,Merit,0,2023
100000,No,No,Teacher,Farmer,HighSchool,Urban,82.9,OBC,0,2024
60000,No,Yes,Shopkeeper,Farmer,Postgraduate,Rural,42.2,Management,1,2024
12000,Yes,No,Factory Worker,Teacher,Diploma,Semi-Urban,62.7,Merit,0,2024
60000,Yes,Yes,Farmer,Farmer,Postgraduate,Semi-Urban,93.9,Merit,0,2022
5000,Yes,Yes,Farmer,Nurse,Graduate,Urban,75.1,Merit,0,2024
100000,No,No,Government Job,Homemaker,Diploma,Urban,68.6,Management,0,2024
35000,No,No,Small Business,Farmer,HighSchool,Urban,71.7,Management,1,2022
35000,No,No,Factory Worker,Daily Wage Worker,HighSchool,Rural,57.9,Merit,1,2024
5000,No,No,Shopkeeper,Daily Wage Worker,Graduate,Semi-Urban,62.9,Merit,1,2021
60000,No,Yes,Doctor,Homemaker,Postgraduate,Rural,51.6,Merit,0,2024
3000,No,No,Driver,Shopkeeper,HighSchool,Semi-Urban,81.9,OBC,1,2022
12000,Yes,Yes,Engineer,Homemaker,Diploma,Urban,54.0,Merit,0,2024
8000,No,Yes,Teacher,Shopkeeper,HighSchool,Semi-Urban,65.1,Management,1,2021
45000,No,Yes,Factory Worker,Nurse,Diploma,Rural,94.7,Merit,1,2023
8000,No,No,Small Business,Shopkeeper,Postgraduate,Semi-Urban,63.9,Merit,0,2024
75000,Yes,Yes,Factory Worker,Teacher,Primary School,Rural,59.9,Merit,0,2023
35000,No,Yes,Doctor,Teacher,HighSchool,Rural,64.9,SC/ST,1,2021
3000,No,No,Doctor,Nurse,Graduate,Urban,54.7,Management,1,2024
3000,No,Yes,Small Business,Teacher,HighSchool,Urban,83.2,Merit,1,2024
5000,No,No,Government Job,Nurse,Primary School,Rural,80.0,Merit,1,2022
35000,Yes,Yes,Driver,Nurse,HighSchool,Semi-Urban,54.9,SC/ST,1,2024
45000,No,Yes,Teacher,Shopkeeper,Graduate,Semi-Urban,64.8,Merit,0,2021
12000,No,Yes,Farmer,Teacher,Postgraduate,Rural,71.4,OBC,1,2022
60000,Yes,Yes,Doctor,Homemaker,Postgraduate,Semi-Urban,91.2,Merit,0,2022
5000,No,Yes,Teacher,Nurse,Graduate,Rural,59.8,Merit,0,2023
45000,Yes,No,Factory Worker,Teacher,Graduate,Urban,74.1,Management,0,2024
75000,No,No,Driver,Government Job,Graduate,Urban,95.5,Management,0,2024
45000,Yes,Yes,Teacher,Homemaker,Diploma,Rural,55.4,SC/ST,0,2021
35000,No,Yes,Daily Wage Worker,Nurse,HighSchool,Rural,83.0,Merit,1,2024
60000,No,Yes,Engineer,Factory Worker,HighSchool,Rural,78.7,Merit,0,2024
5000,No,No,Small Business,Factory Worker,Diploma,Urban,48.8,Management,1,2022
8000,Yes,No,Daily Wage Worker,Teacher,Postgraduate,Urban,98.1,Management,0,2023
8000,No,Yes,Shopkeeper,Homemaker,Graduate,Urban,86.2,Merit,0,2023
25000,Yes,Yes,Farmer,Homemaker,Postgraduate,Semi-Urban,65.3,Sports,0,2024
45000,Yes,No,Small Business,Government Job,HighSchool,Urban,73.0,Merit,0,2022
35000,No,No,Government Job,Homemaker,Primary School,Semi-Urban,61.3,OBC,1,2023
60000,No,Yes,Engineer,Daily Wage Worker,Postgraduate,Rural,55.4,Sports,0,2023
8000,No,Yes,Teacher,Shopkeeper,HighSchool,Semi-Urban,92.9,Management,1,2024
45000,Yes,No,Government Job,Homemaker,Diploma,Semi-Urban,74.5,OBC,0,2022
8000,Yes,No,Factory Worker,Shopkeeper,Primary School,Rural,61.8,SC/ST,1,2024
12000,No,No,Farmer,Farmer,Postgraduate,Rural,90.2,Management,1,2024
35000,No,No,Shopkeeper,Factory Worker,No Formal Education,Semi-Urban,66.1,SC/ST,1,2024
100000,Yes,No,Driver,Factory Worker,Postgraduate,Semi-Urban,50.9,Merit,0,2023
35000,No,No,Doctor,Teacher,HighSchool,Rural,49.0,Management,1,2024
5000,No,Yes,Daily Wage Worker,Nurse,HighSchool,Rural,95.5,Merit,1,2024
35000,No,No,Factory Worker,Homemaker,Graduate,Urban,62.6,SC/ST,1,2024
5000,No,Yes,Factory Worker,Daily Wage Worker,Diploma,Semi-Urban,63.3,Merit,1,2021
60000,Yes,No,Teacher,Farmer,HighSchool,Rural,71.7,Sports,0,2022
35000,Yes,No,Small Business,Daily Wage Worker,Graduate,Urban,74.0,OBC,0,2024
8000,No,No,Engineer,Teacher,HighSchool,Semi-Urban,65.5,Merit,1,2022
5000,No,No,Engineer,Government Job,HighSchool,Rural,95.2,NRI,0,2022
8000,Yes,Yes,Teacher,Teacher,No Formal Education,Rural,59.5,OBC,1,2023
100000,No,Yes,Government Job,Nurse,Diploma,Rural,46.7,Merit,0,2024
18000,No,Yes,Engineer,Factory Worker,Primary School,Rural,98.7,SC/ST,1,2021
45000,No,Yes,Shopkeeper,Shopkeeper,Graduate,Urban,53.0,Merit,0,2023
35000,Yes,Yes,Engineer,Shopkeeper,Graduate,Urban,95.7,OBC,0,2022
25000,Yes,Yes,Doctor,Nurse,HighSchool,Semi-Urban,89.9,Management,0,2024
8000,Yes,No,Shopkeeper,Government Job,Diploma,Rural,85.9,SC/ST,1,2021
75000,No,Yes,Shopkeeper,Government Job,Graduate,Rural,47.8,SC/ST,1,2021
12000,Yes,No,Doctor,Factory Worker,Graduate,Urban,42.1,NRI,0,2022
25000,No,No,Small Business,Government Job,Diploma,Urban,50.1,Merit,0,2024
35000,Yes,Yes,Farmer,Teacher,Graduate,Semi-Urban,63.7,Management,1,2023
35000,No,Yes,Driver,Homemaker,HighSchool,Urban,86.7,SC/ST,1,2022
75000,No,No,Doctor,Homemaker,Diploma,Rural,63.2,Management,0,2021
8000,No,Yes,Doctor,Farmer,Primary School,Semi-Urban,41.8,OBC,1,2023
25000,No,No,Shopkeeper,Daily Wage Worker,Postgraduate,Rural,44.2,Merit,1,2024
18000,No,Yes,Government Job,Nurse,Diploma,Semi-Urban,67.2,Merit,0,2024
18000,Yes,Yes,Farmer,Homemaker,Graduate,Semi-Urban,41.7,Merit,1,2021
8000,Yes,No,Teacher,Farmer,Diploma,Semi-Urban,84.6,Management,0,2024
8000,Yes,Yes,Shopkeeper,Government Job,No Formal Education,Urban,54.5,OBC,1,2022
12000,No,Yes,Farmer,Farmer,Primary School,Rural,68.7,NRI,1,2024
12000,No,Yes,Shopkeeper,Farmer,HighSchool,Rural,86.7,SC/ST,1,2024
18000,No,Yes,Doctor,Shopkeeper,Graduate,Urban,72.6,Sports,0,2022
35000,No,Yes,Doctor,Factory Worker,Graduate,Semi-Urban,92.1,Merit,0,2024
35000,No,No,Shopkeeper,Factory Worker,HighSchool,Urban,90.0,Management,0,2023
18000,Yes,Yes,Government Job,Nurse,Diploma,Urban,50.2,Merit,0,2021
18000,Yes,No,Factory Worker,Government Job,HighSchool,Semi-Urban,41.3,Merit,1,2022
12000,No,No,Daily Wage Worker,Factory Worker,Graduate,Semi-Urban,91.0,Management,1,2024
25000,Yes,No,Teacher,Factory Worker,HighSchool,Semi-Urban,78.7,Merit,0,2022
12000,Yes,No,Daily Wage Worker,Government Job,Postgraduate,Rural,94.2,Merit,0,2024
3000,No,Yes,Daily Wage Worker,Teacher,Diploma,Rural,44.9,Management,1,2022
18000,Yes,Yes,Government Job,Teacher,Diploma,Rural,98.2,SC/ST,0,2022
18000,No,Yes,Government Job,Factory Worker,Graduate,Rural,98.1,Merit,0,2024
12000,No,No,Factory Worker,Daily Wage Worker,Graduate,Urban,55.8,Merit,0,2024
25000,Yes,No,Driver,Homemaker,Diploma,Semi-Urban,43.5,SC/ST,1,2024
25000,Yes,No,Shopkeeper,Shopkeeper,Primary School,Urban,62.0,Merit,0,2022
35000,No,No,Teacher,Factory Worker,Primary School,Urban,65.6,SC/ST,1,2023
35000,No,No,Farmer,Teacher,HighSchool,Urban,55.9,SC/ST,1,2021
35000,Yes,No,Teacher,Shopkeeper,Graduate,Urban,43.2,Management,0,2024
12000,No,Yes,Engineer,Homemaker,Graduate,Rural,91.1,Management,1,2021
45000,Yes,No,Doctor,Farmer,HighSchool,Rural,52.5,Management,0,2021
25000,Yes,Yes,Doctor,Factory Worker,No Formal Education,Urban,91.5,OBC,0,2022
18000,No,Yes,Driver,Nurse,Graduate,Rural,55.3,Merit,1,2022
35000,Yes,Yes,Government Job,Homemaker,Graduate,Rural,90.1,Merit,0,2022
18000,Yes,No,Shopkeeper,Homemaker,Graduate,Urban,56.7,Merit,0,2021
25000,Yes,No,Doctor,Nurse,Graduate,Urban,45.9,Merit,0,2023
45000,No,Yes,Teacher,Daily Wage Worker,HighSchool,Rural,88.5,Merit,0,2021
60000,No,No,Shopkeeper,Homemaker,Graduate,Urban,56.4,Merit,0,2021
75000,No,No,Driver,Factory Worker,Diploma,Urban,58.2,Merit,0,2024
25000,Yes,Yes,Engineer,Shopkeeper,Graduate,Urban,64.1,Merit,0,2023
25000,Yes,Yes,Small Business,Shopkeeper,HighSchool,Urban,75.7,SC/ST,1,2024
45000,Yes,Yes,Farmer,Nurse,Graduate,Rural,77.5,SC/ST,1,2023
12000,Yes,No,Government Job,Teacher,HighSchool,Urban,44.5,Merit,0,2022
60000,No,No,Teacher,Daily Wage Worker,HighSchool,Semi-Urban,96.2,Management,0,2023
25000,No,Yes,Factory Worker,Shopkeeper,HighSchool,Semi-Urban,43.1,SC/ST,1,2021
8000,Yes,No,Daily Wage Worker,Homemaker,Graduate,Urban,89.3,Management,0,2023
5000,No,No,Engineer,Teacher,Graduate,Semi-Urban,82.2,Merit,0,2022
60000,Yes,No,Shopkeeper,Shopkeeper,HighSchool,Urban,57.1,Merit,0,2024
5000,No,Yes,Driver,Factory Worker,Primary School,Urban,75.2,SC/ST,1,2022
12000,No,No,Shopkeeper,Shopkeeper,No Formal Education,Rural,72.4,SC/ST,1,2022
12000,Yes,Yes,Shopkeeper,Farmer,Graduate,Semi-Urban,79.3,OBC,0,2022
8000,No,No,Daily Wage Worker,Teacher,Diploma,Rural,83.5,Merit,1,2023
12000,No,No,Teacher,Homemaker,Graduate,Rural,70.4,Management,1,2023
45000,Yes,Yes,Doctor,Government Job,Graduate,Rural,82.3,Merit,0,2021
3000,Yes,Yes,Engineer,Nurse,Postgraduate,Semi-Urban,51.7,Merit,0,2024
60000,Yes,Yes,Factory Worker,Homemaker,Diploma,Rural,80.9,Merit,0,2024
60000,Yes,Yes,Shopkeeper,Farmer,Graduate,Urban,65.2,OBC,0,2024
18000,Yes,No,Engineer,Teacher,Diploma,Rural,95.5,Merit,0,2024
8000,No,No,Teacher,Nurse,Graduate,Rural,90.5,Merit,0,2022
35000,No,No,Engineer,Factory Worker,Diploma,Rural,40.1,Management,1,2024
8000,Yes,No,Teacher,Shopkeeper,Postgraduate,Rural,84.9,SC/ST,1,2024
18000,No,Yes,Shopkeeper,Daily Wage Worker,HighSchool,Rural,75.5,Merit,1,2021
75000,Yes,Yes,Driver,Teacher,Graduate,Urban,82.1,Merit,0,2022
100000,Yes,No,Small Business,Government Job,Graduate,Semi-Urban,55.2,Merit,0,2021
45000,No,No,Driver,Factory Worker,Postgraduate,Urban,87.1,Merit,0,2024
12000,No,Yes,Doctor,Nurse,Primary School,Rural,48.3,Merit,1,2024
35000,Yes,No,Doctor,Shopkeeper,Graduate,Rural,93.0,Merit,0,2024
35000,No,No,Farmer,Farmer,HighSchool,Urban,65.6,Merit,1,2022
18000,No,No,Engineer,Daily Wage Worker,Postgraduate,Semi-Urban,46.3,Management,1,2024
35000,Yes,No,Government Job,Homemaker,Graduate,Rural,81.3,Merit,0,2023
3000,No,No,Daily Wage Worker,Shopkeeper,Graduate,Rural,62.8,Merit,1,2022
8000,No,No,Driver,Shopkeeper,Diploma,Urban,55.0,SC/ST,1,2024
25000,Yes,No,Farmer,Teacher,Graduate,Rural,79.5,SC/ST,1,2023
8000,Yes,No,Factory Worker,Nurse,Diploma,Semi-Urban,59.7,Management,1,2023
8000,No,No,Factory Worker,Daily Wage Worker,HighSchool,Urban,52.8,NRI,1,2023
60000,Yes,No,Teacher,Daily Wage Worker,Graduate,Semi-Urban,75.6,Merit,0,2022
100000,Yes,No,Driver,Factory Worker,Diploma,Urban,60.7,Merit,0,2023
25000,No,No,Farmer,Homemaker,HighSchool,Semi-Urban,43.1,Management,1,2021
60000,No,Yes,Daily Wage Worker,Shopkeeper,Graduate,Urban,53.4,NRI,0,2022
100000,Yes,Yes,Driver,Farmer,No Formal Education,Semi-Urban,66.6,Management,0,2022
8000,No,No,Farmer,Nurse,Graduate,Rural,73.9,Merit,1,2024
18000,Yes,No,Small Business,Government Job,Diploma,Semi-Urban,68.7,OBC,0,2023
18000,Yes,Yes,Teacher,Teacher,Graduate,Urban,94.2,Management,0,2022
5000,No,No,Doctor,Homemaker,Primary School,Rural,60.2,SC/ST,1,2024
45000,Yes,Yes,Small Business,Homemaker,Graduate,Semi-Urban,91.2,Merit,0,2024
18000,No,Yes,Small Business,Shopkeeper,Graduate,Semi-Urban,68.2,Merit,1,2021
18000,Yes,No,Driver,Shopkeeper,Graduate,Urban,80.2,Merit,0,2023
8000,No,No,Doctor,Government Job,Diploma,Semi-Urban,71.9,Merit,0,2022
8000,Yes,No,Shopkeeper,Teacher,Graduate,Semi-Urban,46.4,OBC,0,2021
75000,No,No,Doctor,Homemaker,Diploma,Rural,64.9,Management,0,2024
5000,Yes,No,Teacher,Homemaker,HighSchool,Rural,79.8,SC/ST,1,2022
12000,Yes,Yes,Government Job,Teacher,No Formal Education,Rural,56.3,SC/ST,1,2024
12000,No,No,Daily Wage Worker,Factory Worker,Diploma,Urban,59.5,Merit,1,2022
25000,No,Yes,Doctor,Teacher,Graduate,Semi-Urban,81.4,SC/ST,0,2024
25000,Yes,Yes,Factory Worker,Homemaker,HighSchool,Rural,83.3,Merit,1,2023
25000,Yes,No,Engineer,Shopkeeper,Graduate,Semi-Urban,71.6,Sports,0,2024
5000,No,Yes,Driver,Daily Wage Worker,Graduate,Semi-Urban,83.4,Merit,1,2023
12000,No,Yes,Teacher,Government Job,HighSchool,Urban,89.7,Merit,0,2021
60000,Yes,No,Doctor,Nurse,No Formal Education,Semi-Urban,70.0,OBC,0,2022
35000,No,Yes,Doctor,Homemaker,Diploma,Urban,81.0,SC/ST,0,2022
35000,Yes,Yes,Small Business,Factory Worker,Diploma,Rural,40.7,SC/ST,1,2021
35000,No,No,Driver,Nurse,Primary School,Urban,41.7,Merit,1,2023
45000,No,No,Daily Wage Worker,Factory Worker,Graduate,Rural,75.6,Merit,1,2023
5000,Yes,No,Daily Wage Worker,Nurse,Postgraduate,Rural,77.5,Sports,1,2021
18000,No,Yes,Factory Worker,Factory Worker,Primary School,Semi-Urban,57.3,Merit,1,2024
25000,Yes,Yes,Daily Wage Worker,Shopkeeper,HighSchool,Rural,76.4,SC/ST,1,2022
12000,Yes,No,Doctor,Homemaker,Graduate,Rural,46.0,Sports,0,2022
60000,No,No,Farmer,Homemaker,Postgraduate,Rural,85.4,SC/ST,1,2021
25000,No,No,Teacher,Daily Wage Worker,Postgraduate,Semi-Urban,60.8,SC/ST,0,2021
45000,No,Yes,Farmer,Homemaker,Postgraduate,Rural,73.7,Management,1,2022
60000,Yes,No,Small Business,Farmer,Diploma,Urban,97.8,Merit,0,2021
25000,Yes,No,Doctor,Factory Worker,Postgraduate,Rural,70.5,SC/ST,0,2024
75000,Yes,No,Government Job,Shopkeeper,HighSchool,Rural,71.1,Sports,0,2021
25000,No,Yes,Small Business,Daily Wage Worker,Primary School,Semi-Urban,46.1,Merit,1,2023
60000,No,No,Daily Wage Worker,Factory Worker,Graduate,Urban,42.6,SC/ST,1,2021
12000,No,No,Daily Wage Worker,Teacher,Diploma,Urban,94.4,Management,1,2021
25000,Yes,No,Farmer,Factory Worker,Graduate,Rural,91.1,Management,0,2022
25000,No,No,Small Business,Nurse,Graduate,Urban,87.8,Management,0,2024
5000,No,No,Farmer,Government Job,Graduate,Semi-Urban,98.7,Management,1,2021
18000,No,No,Doctor,Farmer,HighSchool,Urban,45.7,Management,0,2023
75000,No,Yes,Driver,Nurse,HighSchool,Semi-Urban,85.2,Management,0,2023
35000,Yes,No,Factory Worker,Factory Worker,Graduate,Rural,46.6,SC/ST,1,2023
8000,Yes,No,Government Job,Shopkeeper,Diploma,Urban,77.5,Merit,0,2022
12000,Yes,No,Engineer,Government Job,HighSchool,Rural,82.4,Merit,0,2023
8000,No,No,Factory Worker,Homemaker,HighSchool,Urban,80.9,Merit,1,2021
3000,Yes,No,Shopkeeper,Factory Worker,Graduate,Semi-Urban,55.6,Merit,0,2021
75000,No,No,Doctor,Farmer,Postgraduate,Rural,92.1,Management,0,2021
18000,Yes,No,Farmer,Homemaker,Graduate,Rural,73.4,SC/ST,1,2024
12000,Yes,No,Driver,Shopkeeper,Graduate,Rural,93.9,Management,0,2022
25000,No,Yes,Doctor,Farmer,Graduate,Rural,66.2,OBC,1,2023
3000,Yes,No,Daily Wage Worker,Nurse,HighSchool,Semi-Urban,60.2,Merit,1,2024
12000,No,No,Small Business,Teacher,Graduate,Urban,93.0,Merit,0,2022
35000,No,Yes,Doctor,Daily Wage Worker,Graduate,Rural,88.1,Merit,0,2021
35000,No,No,Driver,Factory Worker,Postgraduate,Rural,45.1,Management,1,2021
100000,No,Yes,Driver,Teacher,No Formal Education,Urban,65.9,Merit,0,2023
35000,Yes,No,Farmer,Farmer,Postgraduate,Rural,44.5,Sports,1,2024
18000,Yes,Yes,Factory Worker,Government Job,Graduate,Urban,91.3,Management,1,2022
45000,Yes,Yes,Shopkeeper,Farmer,No Formal Education,Rural,68.2,Merit,0,2024
75000,Yes,No,Factory Worker,Daily Wage Worker,Diploma,Urban,55.4,Merit,0,2023
45000,Yes,Yes,Factory Worker,Shopkeeper,Primary School,Urban,44.1,SC/ST,1,2023
100000,No,No,Factory Worker,Shopkeeper,Graduate,Rural,57.3,NRI,0,2021
45000,No,Yes,Doctor,Daily Wage Worker,Diploma,Rural,61.5,Management,1,2023
60000,No,No,Teacher,Nurse,Graduate,Rural,97.3,Management,0,2021
8000,Yes,No,Doctor,Government Job,Graduate,Rural,98.4,SC/ST,0,2023
45000,Yes,No,Shopkeeper,Nurse,Graduate,Rural,67.3,SC/ST,1,2022
18000,Yes,Yes,Government Job,Homemaker,HighSchool,Semi-Urban,93.9,SC/ST,0,2022
25000,No,Yes,Factory Worker,Homemaker,Postgraduate,Urban,87.1,SC/ST,1,2022
35000,No,Yes,Daily Wage Worker,Nurse,Postgraduate,Rural,85.4,OBC,1,2024
100000,Yes,No,Engineer,Factory Worker,Graduate,Urban,55.9,Merit,0,2024
100000,No,No,Shopkeeper,Homemaker,HighSchool,Rural,83.8,Merit,0,2023
12000,Yes,No,Small Business,Homemaker,Postgraduate,Rural,98.5,OBC,0,2023
45000,No,No,Factory Worker,Teacher,Graduate,Rural,89.6,Merit,0,2021
45000,No,No,Doctor,Homemaker,Postgraduate,Rural,72.0,Sports,0,2022
12000,Yes,Yes,Farmer,Daily Wage Worker,No Formal Education,Rural,40.1,SC/ST,1,2022
8000,Yes,Yes,Farmer,Nurse,Graduate,Rural,62.2,SC/ST,1,2021
5000,Yes,No,Farmer,Farmer,HighSchool,Rural,78.6,OBC,1,2023
45000,No,No,Engineer,Nurse,Diploma,Urban,48.2,SC/ST,1,2023
25000,No,Yes,Government Job,Government Job,Graduate,Semi-Urban,63.9,Management,1,2024
100000,Yes,Yes,Driver,Daily Wage Worker,Diploma,Urban,81.9,Merit,0,2024
18000,Yes,Yes,Factory Worker,Shopkeeper,HighSchool,Rural,92.6,Merit,1,2024
100000,No,No,Farmer,Factory Worker,Diploma,Urban,81.4,Merit,0,2024
18000,Yes,No,Doctor,Daily Wage Worker,HighSchool,Rural,76.0,Merit,0,2022
45000,No,No,Factory Worker,Shopkeeper,Graduate,Rural,53.3,Merit,1,2021
5000,No,Yes,Teacher,Teacher,Primary School,Rural,79.6,Merit,1,2024
25000,Yes,Yes,Daily Wage Worker,Teacher,Diploma,Semi-Urban,89.5,SC/ST,1,2022
45000,Yes,Yes,Daily Wage Worker,Shopkeeper,Graduate,Rural,65.8,Merit,1,2023
75000,No,No,Doctor,Daily Wage Worker,Postgraduate,Urban,92.5,Merit,0,2023
60000,No,No,Shopkeeper,Daily Wage Worker,Diploma,Urban,60.0,SC/ST,0,2023
3000,Yes,No,Daily Wage Worker,Homemaker,Diploma,Rural,77.3,SC/ST,1,2022
18000,Yes,Yes,Farmer,Nurse,Postgraduate,Urban,89.6,Management,0,2024
5000,Yes,No,Farmer,Factory Worker,Postgraduate,Rural,92.4,Management,1,2024
5000,No,Yes,Government Job,Government Job,Graduate,Rural,67.6,Merit,1,2023
35000,Yes,No,Driver,Shopkeeper,Diploma,Rural,67.2,OBC,0,2024
35000,Yes,No,Shopkeeper,Factory Worker,HighSchool,Rural,95.8,Merit,0,2023
45000,No,No,Government Job,Farmer,Graduate,Rural,67.5,Sports,1,2024
60000,No,No,Factory Worker,Daily Wage Worker,Graduate,Rural,40.2,Sports,1,2023
45000,Yes,Yes,Daily Wage Worker,Farmer,Postgraduate,Rural,68.6,NRI,1,2022
45000,Yes,Yes,Doctor,Government Job,HighSchool,Urban,75.6,Sports,0,2024
5000,Yes,Yes,Teacher,Factory Worker,HighSchool,Urban,83.9,Merit,0,2024
12000,Yes,No,Driver,Factory Worker,Postgraduate,Urban,44.7,Merit,0,2023
35000,Yes,Yes,Driver,Homemaker,Postgraduate,Rural,73.9,SC/ST,0,2022
60000,No,No,Daily Wage Worker,Factory Worker,Graduate,Rural,76.1,Management,1,2021
3000,No,Yes,Engineer,Daily Wage Worker,Primary School,Semi-Urban,80.1,SC/ST,1,2021
25000,Yes,Yes,Daily Wage Worker,Government Job,Graduate,Semi-Urban,56.1,Sports,1,2021
35000,No,No,Daily Wage Worker,Nurse,Diploma,Rural,85.2,Merit,1,2024
3000,No,No,Farmer,Homemaker,HighSchool,Urban,86.6,Merit,1,2024
18000,Yes,No,Shopkeeper,Homemaker,HighSchool,Urban,48.1,Management,0,2023
60000,No,No,Small Business,Government Job,HighSchool,Rural,85.6,Merit,0,2023
35000,Yes,Yes,Factory Worker,Shopkeeper,Diploma,Urban,76.4,Merit,0,2024
12000,No,Yes,Factory Worker,Shopkeeper,HighSchool,Rural,65.8,OBC,1,2024
60000,No,No,Driver,Factory Worker,Diploma,Semi-Urban,86.0,Management,0,2023
12000,No,No,Doctor,Teacher,No Formal Education,Rural,47.5,Sports,1,2021
60000,Yes,Yes,Shopkeeper,Nurse,Diploma,Semi-Urban,61.1,SC/ST,0,2023
12000,Yes,No,Engineer,Daily Wage Worker,Postgraduate,Rural,92.7,SC/ST,0,2023
25000,No,No,Factory Worker,Government Job,Graduate,Semi-Urban,48.5,NRI,1,2023
18000,No,Yes,Factory Worker,Shopkeeper,Primary School,Rural,94.7,Management,1,2022
12000,No,No,Doctor,Government Job,Graduate,Semi-Urban,77.1,SC/ST,1,2021
60000,Yes,No,Government Job,Daily Wage Worker,HighSchool,Urban,40.4,Merit,0,2021
8000,Yes,No,Farmer,Daily Wage Worker,Diploma,Rural,49.2,Management,1,2023
5000,Yes,No,Daily Wage Worker,Farmer,HighSchool,Semi-Urban,43.1,OBC,1,2022
12000,No,Yes,Engineer,Factory Worker,Postgraduate,Urban,85.6,Merit,0,2024
35000,Yes,Yes,Government Job,Homemaker,No Formal Education,Urban,55.0,NRI,0,2021
45000,No,Yes,Small Business,Daily Wage Worker,Postgraduate,Urban,73.6,Management,0,2022
100000,No,Yes,Factory Worker,Factory Worker,Graduate,Rural,90.2,Management,0,2023
12000,No,No,Farmer,Homemaker,HighSchool,Semi-Urban,93.2,Merit,1,2021
18000,No,No,Engineer,Shopkeeper,Postgraduate,Urban,89.6,Management,0,2024
8000,No,Yes,Engineer,Teacher,Diploma,Urban,69.7,NRI,1,2022
25000,Yes,No,Shopkeeper,Factory Worker,Graduate,Rural,48.4,Management,0,2024
100000,No,Yes,Farmer,Nurse,Graduate,Urban,60.5,Merit,0,2021
35000,Yes,No,Driver,Farmer,HighSchool,Semi-Urban,59.8,Merit,0,2023
25000,Yes,No,Teacher,Homemaker,Primary School,Urban,98.4,Merit,0,2024
18000,Yes,Yes,Factory Worker,Daily Wage Worker,Postgraduate,Semi-Urban,87.6,SC/ST,1,2024
75000,No,Yes,Factory Worker,Farmer,HighSchool,Rural,59.0,Merit,1,2021
25000,Yes,Yes,Factory Worker,Daily Wage Worker,Postgraduate,Rural,64.3,Merit,0,2024
8000,No,No,Engineer,Government Job,HighSchool,Rural,56.0,Merit,1,2023
18000,No,No,Doctor,Homemaker,Diploma,Semi-Urban,63.8,Merit,1,2021
5000,No,No,Government Job,Homemaker,Diploma,Semi-Urban,44.7,Merit,1,2022
8000,Yes,Yes,Shopkeeper,Nurse,Diploma,Semi-Urban,89.3,SC/ST,0,2021
3000,Yes,No,Small Business,Daily Wage Worker,Postgraduate,Semi-Urban,71.4,Merit,0,2024
18000,Yes,Yes,Doctor,Daily Wage Worker,HighSchool,Semi-Urban,75.7,Merit,0,2024
35000,Yes,No,Small Business,Farmer,Graduate,Rural,51.6,SC/ST,1,2021
12000,No,No,Government Job,Nurse,HighSchool,Rural,66.7,Merit,1,2023
18000,Yes,Yes,Shopkeeper,Daily Wage Worker,Primary School,Semi-Urban,67.3,SC/ST,1,2023
75000,Yes,No,Farmer,Farmer,HighSchool,Semi-Urban,45.7,Sports,1,2024
45000,No,Yes,Driver,Factory Worker,Diploma,Urban,41.8,SC/ST,1,2022
25000,Yes,No,Driver,Government Job,Graduate,Urban,76.5,Merit,0,2023
12000,Yes,Yes,Government Job,Government Job,HighSchool,Semi-Urban,73.7,Management,0,2023
60000,No,No,Government Job,Nurse,Postgraduate,Rural,78.1,Merit,0,2021
12000,No,No,Daily Wage Worker,Daily Wage Worker,HighSchool,Urban,92.9,Management,1,2024
12000,No,Yes,Factory Worker,Factory Worker,Graduate,Rural,98.9,NRI,1,2022
75000,Yes,Yes,Teacher,Daily Wage Worker,No Formal Education,Semi-Urban,89.5,Merit,0,2021
25000,No,No,Shopkeeper,Farmer,Graduate,Urban,41.4,NRI,0,2022
45000,No,No,Small Business,Shopkeeper,HighSchool,Urban,58.1,SC/ST,0,2024
25000,Yes,No,Government Job,Daily Wage Worker,Diploma,Urban,85.9,Merit,0,2023
35000,Yes,Yes,Teacher,Government Job,Graduate,Rural,93.2,Merit,0,2024
12000,Yes,Yes,Government Job,Teacher,Graduate,Semi-Urban,93.8,Merit,0,2021
12000,Yes,Yes,Government Job,Factory Worker,HighSchool,Urban,79.6,SC/ST,0,2022
12000,No,Yes,Farmer,Shopkeeper,Graduate,Rural,90.0,Merit,1,2022
8000,No,No,Shopkeeper,Teacher,Diploma,Urban,49.4,Merit,0,2023
60000,Yes,Yes,Engineer,Teacher,Primary School,Rural,63.2,OBC,0,2021
12000,No,Yes,Factory Worker,Daily Wage Worker,Graduate,Urban,44.9,Management,1,2023
25000,Yes,Yes,Teacher,Shopkeeper,Postgraduate,Semi-Urban,57.1,SC/ST,0,2023
45000,Yes,Yes,Doctor,Shopkeeper,Primary School,Rural,85.8,Merit,0,2021
45000,Yes,No,Government Job,Factory Worker,Graduate,Urban,51.0,Merit,0,2022
18000,Yes,Yes,Government Job,Nurse,Graduate,Urban,83.8,Sports,0,2024
18000,Yes,Yes,Engineer,Government Job,Graduate,Semi-Urban,85.3,NRI,0,2023
100000,Yes,Yes,Farmer,Teacher,Diploma,Urban,91.9,SC/ST,0,2022
35000,No,No,Doctor,Teacher,HighSchool,Semi-Urban,97.1,SC/ST,1,2024
45000,No,No,Daily Wage Worker,Nurse,HighSchool,Semi-Urban,84.1,SC/ST,1,2024
75000,No,Yes,Small Business,Daily Wage Worker,Diploma,Rural,79.9,Merit,0,2024
45000,Yes,Yes,Teacher,Homemaker,Graduate,Urban,86.2,Management,0,2024
8000,No,No,Daily Wage Worker,Factory Worker,HighSchool,Semi-Urban,51.2,OBC,1,2024
25000,No,No,Daily Wage Worker,Homemaker,Diploma,Semi-Urban,83.6,Merit,1,2021
5000,Yes,Yes,Small Business,Daily Wage Worker,Graduate,Urban,93.7,OBC,0,2021
35000,No,Yes,Factory Worker,Shopkeeper,HighSchool,Rural,66.7,SC/ST,1,2021
75000,Yes,No,Driver,Daily Wage Worker,Graduate,Urban,41.3,SC/ST,0,2021
25000,No,No,Daily Wage Worker,Nurse,Graduate,Urban,59.9,SC/ST,1,2023
18000,No,No,Small Business,Shopkeeper,Graduate,Rural,45.7,Sports,1,2021
3000,No,No,Daily Wage Worker,Homemaker,Diploma,Urban,77.0,SC/ST,1,2023
75000,No,No,Daily Wage Worker,Government Job,HighSchool,Urban,89.3,Merit,0,2022
5000,Yes,No,Shopkeeper,Farmer,Diploma,Semi-Urban,45.4,Merit,0,2022
5000,Yes,Yes,Engineer,Government Job,Graduate,Rural,65.2,Merit,0,2022
12000,Yes,No,Factory Worker,Nurse,Graduate,Rural,79.7,Merit,0,2023
5000,Yes,No,Teacher,Shopkeeper,Graduate,Rural,93.5,Merit,0,2024
18000,Yes,Yes,Engineer,Government Job,HighSchool,Rural,53.0,Management,1,2024
25000,Yes,No,Factory Worker,Shopkeeper,Graduate,Semi-Urban,71.2,Management,0,2024
12000,No,Yes,Small Business,Government Job,HighSchool,Semi-Urban,41.0,Merit,1,2022
5000,No,No,Engineer,Homemaker,HighSchool,Semi-Urban,63.0,SC/ST,1,2022
8000,Yes,Yes,Government Job,Government Job,Primary School,Semi-Urban,60.4,Management,1,2023
18000,Yes,Yes,Doctor,Government Job,Graduate,Urban,50.5,SC/ST,0,2024
5000,No,No,Small Business,Farmer,Graduate,Urban,48.5,Sports,1,2021
35000,No,Yes,Factory Worker,Nurse,Postgraduate,Urban,61.8,Merit,1,2022
8000,No,Yes,Driver,Shopkeeper,Graduate,Urban,43.6,Merit,1,2021
12000,No,No,Driver,Government Job,Postgraduate,Rural,93.5,NRI,1,2021
18000,Yes,Yes,Driver,Nurse,Diploma,Urban,96.3,SC/ST,0,2022
18000,No,No,Teacher,Factory Worker,Graduate,Urban,90.9,Merit,0,2023
3000,Yes,No,Factory Worker,Farmer,No Formal Education,Urban,40.2,Merit,1,2023
8000,Yes,Yes,Teacher,Daily Wage Worker,Graduate,Semi-Urban,60.3,Sports,0,2022
60000,No,No,Shopkeeper,Teacher,Graduate,Rural,65.8,Merit,0,2022
3000,Yes,No,Daily Wage Worker,Government Job,HighSchool,Semi-Urban,59.4,Sports,1,2024
25000,Yes,No,Farmer,Nurse,Primary School,Rural,87.2,Merit,1,2024
25000,No,Yes,Engineer,Nurse,HighSchool,Rural,79.8,Management,1,2024
12000,No,No,Teacher,Farmer,Primary School,Semi-Urban,51.5,SC/ST,1,2023
18000,Yes,No,Driver,Shopkeeper,Graduate,Urban,45.1,OBC,0,2023
45000,No,Yes,Daily Wage Worker,Farmer,Diploma,Semi-Urban,75.4,Management,1,2021
60000,No,Yes,Farmer,Homemaker,Postgraduate,Semi-Urban,89.8,Merit,0,2024
12000,No,No,Driver,Daily Wage Worker,Diploma,Semi-Urban,77.4,Merit,1,2024
12000,No,Yes,Government Job,Shopkeeper,Graduate,Rural,54.5,OBC,1,2022
12000,Yes,No,Daily Wage Worker,Shopkeeper,Graduate,Rural,72.9,OBC,0,2022
18000,No,Yes,Teacher,Factory Worker,Graduate,Urban,71.3,SC/ST,0,2021
35000,Yes,Yes,Driver,Nurse,HighSchool,Rural,86.4,SC/ST,1,2024
12000,No,No,Shopkeeper,Government Job,Diploma,Rural,65.1,Management,1,2023
12000,Yes,Yes,Driver,Shopkeeper,Primary School,Semi-Urban,82.5,Merit,1,2022
75000,No,No,Daily Wage Worker,Homemaker,Graduate,Rural,55.3,SC/ST,1,2024
5000,Yes,No,Farmer,Government Job,HighSchool,Rural,41.4,Merit,1,2021
18000,Yes,No,Driver,Homemaker,Diploma,Semi-Urban,85.4,Management,0,2023
35000,No,No,Teacher,Daily Wage Worker,Postgraduate,Urban,98.2,NRI,0,2021
8000,Yes,Yes,Small Business,Government Job,Graduate,Rural,98.2,OBC,0,2023
5000,No,No,Government Job,Homemaker,HighSchool,Semi-Urban,84.3,Sports,1,2021
8000,Yes,Yes,Driver,Daily Wage Worker,Diploma,Semi-Urban,79.4,Merit,0,2024
75000,Yes,No,Shopkeeper,Factory Worker,Graduate,Urban,62.1,Merit,0,2022
3000,No,Yes,Driver,Farmer,Postgraduate,Semi-Urban,94.6,NRI,1,2024
8000,No,Yes,Engineer,Shopkeeper,Graduate,Urban,68.4,Management,1,2021
3000,No,No,Factory Worker,Factory Worker,HighSchool,Urban,82.9,Merit,0,2023
8000,Yes,No,Daily Wage Worker,Homemaker,Postgraduate,Rural,73.5,NRI,1,2021
35000,Yes,Yes,Shopkeeper,Factory Worker,Primary School,Urban,92.9,Management,0,2024
12000,No,No,Small Business,Government Job,HighSchool,Rural,80.7,OBC,1,2021
25000,No,No,Shopkeeper,Teacher,No Formal Education,Urban,58.1,Merit,1,2022
25000,No,Yes,Daily Wage Worker,Farmer,HighSchool,Semi-Urban,94.0,OBC,1,2024
60000,Yes,Yes,Shopkeeper,Government Job,Diploma,Semi-Urban,50.4,Merit,0,2023
3000,No,Yes,Doctor,Shopkeeper,HighSchool,Semi-Urban,52.6,Merit,1,2022
60000,No,Yes,Doctor,Teacher,No Formal Education,Semi-Urban,61.2,Merit,1,2024
35000,Yes,No,Teacher,Shopkeeper,No Formal Education,Rural,61.7,Sports,1,2021
8000,No,Yes,Engineer,Daily Wage Worker,Postgraduate,Semi-Urban,88.6,Merit,0,2022
45000,Yes,No,Shopkeeper,Daily Wage Worker,Graduate,Semi-Urban,65.8,Merit,0,2024
60000,No,Yes,Farmer,Shopkeeper,Graduate,Semi-Urban,91.5,SC/ST,0,2024
12000,No,Yes,Teacher,Factory Worker,Graduate,Semi-Urban,59.6,OBC,1,2023
75000,Yes,No,Small Business,Daily Wage Worker,Graduate,Rural,62.8,OBC,0,2023
18000,No,Yes,Daily Wage Worker,Shopkeeper,Primary School,Urban,85.0,SC/ST,1,2021
35000,No,No,Teacher,Homemaker,Postgraduate,Semi-Urban,54.6,Merit,0,2022
100000,Yes,Yes,Teacher,Shopkeeper,Diploma,Semi-Urban,47.3,Management,0,2023
18000,Yes,No,Farmer,Farmer,Diploma,Urban,48.2,Merit,0,2023
45000,Yes,No,Factory Worker,Teacher,Postgraduate,Rural,53.7,Management,0,2024
12000,No,No,Shopkeeper,Farmer,HighSchool,Rural,75.4,OBC,1,2022
45000,No,Yes,Teacher,Government Job,HighSchool,Urban,42.4,Sports,1,2024
35000,No,No,Small Business,Factory Worker,Postgraduate,Urban,79.1,Merit,0,2022
12000,Yes,Yes,Daily Wage Worker,Nurse,Diploma,Rural,85.1,Management,1,2021
18000,Yes,No,Daily Wage Worker,Teacher,Diploma,Rural,84.1,Merit,1,2023
12000,No,Yes,Teacher,Teacher,Postgraduate,Semi-Urban,77.3,Merit,1,2024
5000,Yes,Yes,Small Business,Farmer,Postgraduate,Urban,65.9,Merit,0,2021
3000,No,No,Government Job,Government Job,Postgraduate,Semi-Urban,97.9,SC/ST,0,2024
12000,Yes,No,Daily Wage Worker,Government Job,HighSchool,Urban,45.3,Sports,1,2023
3000,No,Yes,Engineer,Shopkeeper,Postgraduate,Rural,84.7,Management,1,2022
8000,No,No,Farmer,Homemaker,Graduate,Semi-Urban,62.5,Sports,1,2021
45000,Yes,No,Engineer,Daily Wage Worker,Graduate,Rural,88.7,OBC,0,2021
35000,Yes,No,Doctor,Government Job,No Formal Education,Semi-Urban,77.1,OBC,0,2022
45000,No,No,Shopkeeper,Teacher,Diploma,Urban,48.2,Merit,0,2022
12000,No,Yes,Small Business,Shopkeeper,HighSchool,Rural,89.5,Merit,1,2024
60000,Yes,Yes,Government Job,Teacher,Postgraduate,Semi-Urban,44.5,Merit,0,2022
25000,No,Yes,Driver,Government Job,Graduate,Rural,87.8,SC/ST,1,2023
8000,Yes,No,Shopkeeper,Farmer,Graduate,Rural,73.5,Merit,0,2022
8000,Yes,Yes,Engineer,Farmer,HighSchool,Rural,48.9,Merit,0,2022
35000,No,Yes,Government Job,Teacher,Diploma,Semi-Urban,75.1,Sports,0,2024
8000,No,Yes,Factory Worker,Teacher,Diploma,Urban,72.7,Management,1,2022
25000,No,No,Factory Worker,Nurse,Graduate,Rural,58.7,Merit,1,2022
100000,Yes,No,Factory Worker,Factory Worker,Graduate,Rural,87.9,Management,0,2021
3000,No,Yes,Teacher,Shopkeeper,Primary School,Rural,47.4,NRI,1,2023
3000,Yes,Yes,Farmer,Homemaker,Diploma,Semi-Urban,48.2,Merit,1,2022
100000,No,No,Small Business,Shopkeeper,HighSchool,Rural,54.3,Management,0,2021
25000,Yes,No,Daily Wage Worker,Nurse,Diploma,Urban,91.1,Merit,0,2024
8000,No,No,Government Job,Factory Worker,Diploma,Urban,49.8,Merit,1,2022
60000,No,Yes,Driver,Factory Worker,No Formal Education,Semi-Urban,87.6,SC/ST,1,2024
60000,Yes,Yes,Small Business,Nurse,HighSchool,Rural,85.6,SC/ST,1,2021
25000,Yes,Yes,Factory Worker,Shopkeeper,Graduate,Semi-Urban,76.0,Management,1,2021
35000,No,Yes,Engineer,Daily Wage Worker,Diploma,Urban,67.7,SC/ST,1,2022
12000,No,Yes,Farmer,Factory Worker,No Formal Education,Semi-Urban,61.0,Merit,1,2021
5000,Yes,No,Small Business,Government Job,Graduate,Urban,52.7,Merit,1,2021
25000,No,No,Teacher,Nurse,Diploma,Urban,81.0,Merit,0,2021
12000,No,Yes,Factory Worker,Nurse,Primary School,Urban,67.2,SC/ST,1,2023
35000,No,Yes,Government Job,Homemaker,No Formal Education,Rural,56.2,SC/ST,1,2022
60000,No,No,Shopkeeper,Teacher,HighSchool,Urban,59.1,NRI,0,2021
3000,Yes,No,Daily Wage Worker,Nurse,Graduate,Rural,48.2,Merit,1,2024
25000,Yes,Yes,Doctor,Government Job,Primary School,Semi-Urban,42.6,Merit,0,2022
12000,No,Yes,Small Business,Nurse,Postgraduate,Semi-Urban,65.9,OBC,0,2023
60000,Yes,No,Driver,Shopkeeper,Diploma,Semi-Urban,97.6,Merit,0,2022
12000,No,Yes,Factory Worker,Homemaker,Graduate,Rural,95.7,OBC,1,2021
35000,Yes,No,Daily Wage Worker,Teacher,Postgraduate,Semi-Urban,48.0,Merit,1,2024
25000,No,No,Government Job,Government Job,HighSchool,Rural,72.5,Merit,0,2022
18000,No,No,Factory Worker,Government Job,Graduate,Semi-Urban,60.5,NRI,1,2024
35000,Yes,No,Doctor,Homemaker,HighSchool,Rural,78.3,Management,0,2021
45000,No,No,Engineer,Homemaker,Primary School,Semi-Urban,41.6,Merit,0,2021
25000,No,Yes,Farmer,Teacher,Graduate,Rural,72.1,Merit,1,2022
45000,No,Yes,Doctor,Farmer,No Formal Education,Rural,67.2,Merit,1,2022
100000,Yes,No,Daily Wage Worker,Factory Worker,Postgraduate,Semi-Urban,73.1,Merit,0,2022
18000,No,Yes,Government Job,Farmer,Graduate,Rural,49.0,Merit,1,2022
25000,Yes,Yes,Small Business,Factory Worker,Graduate,Semi-Urban,76.5,NRI,0,2022
3000,Yes,No,Teacher,Factory Worker,Graduate,Urban,57.5,SC/ST,0,2023
45000,Yes,No,Engineer,Nurse,Postgraduate,Urban,70.0,SC/ST,0,2021
25000,No,No,Engineer,Homemaker,No Formal Education,Semi-Urban,91.3,Merit,0,2023
18000,Yes,Yes,Driver,Teacher,Graduate,Semi-Urban,45.5,Merit,0,2021
5000,No,No,Government Job,Nurse,HighSchool,Semi-Urban,63.5,Sports,1,2023
60000,Yes,Yes,Factory Worker,Government Job,No Formal Education,Semi-Urban,72.4,OBC,1,2021
18000,Yes,Yes,Driver,Teacher,HighSchool,Rural,64.3,OBC,1,2023
35000,No,Yes,Farmer,Homemaker,HighSchool,Rural,68.3,NRI,1,2021
8000,Yes,No,Factory Worker,Teacher,HighSchool,Urban,82.5,Merit,0,2022
100000,No,No,Daily Wage Worker,Teacher,Graduate,Rural,79.5,Merit,1,2024
8000,No,No,Teacher,Farmer,Diploma,Rural,68.2,SC/ST,1,2021
8000,No,Yes,Small Business,Farmer,Postgraduate,Rural,55.2,Management,1,2023
60000,Yes,Yes,Small Business,Homemaker,Graduate,Rural,55.2,Management,0,2024
75000,Yes,Yes,Driver,Shopkeeper,Graduate,Rural,85.1,Merit,0,2023
12000,Yes,Yes,Farmer,Factory Worker,Postgraduate,Semi-Urban,66.6,SC/ST,1,2022
18000,No,No,Doctor,Government Job,Graduate,Semi-Urban,59.4,Merit,0,2022
45000,Yes,No,Factory Worker,Factory Worker,Primary School,Urban,80.4,Management,0,2022
60000,Yes,No,Driver,Homemaker,HighSchool,Urban,69.7,Management,0,2021
18000,Yes,No,Small Business,Teacher,Diploma,Urban,66.0,OBC,0,2022
25000,No,No,Government Job,Factory Worker,HighSchool,Semi-Urban,48.2,SC/ST,1,2022
45000,No,No,Doctor,Nurse,Postgraduate,Rural,93.1,Merit,0,2022
45000,Yes,Yes,Doctor,Teacher,Diploma,Urban,89.0,Management,0,2022
45000,No,No,Farmer,Factory Worker,Postgraduate,Semi-Urban,89.4,SC/ST,1,2024
25000,No,No,Doctor,Government Job,Diploma,Urban,51.1,NRI,0,2021
5000,No,No,Daily Wage Worker,Farmer,Postgraduate,Rural,69.8,Management,1,2024
75000,No,No,Teacher,Teacher,Primary School,Semi-Urban,95.9,Merit,0,2024
60000,No,No,Factory Worker,Teacher,Diploma,Rural,94.7,SC/ST,1,2024
45000,No,No,Engineer,Teacher,Postgraduate,Rural,42.3,OBC,1,2021
5000,Yes,No,Small Business,Teacher,Diploma,Semi-Urban,40.4,Merit,0,2024
8000,Yes,Yes,Small Business,Shopkeeper,Graduate,Urban,70.2,Merit,0,2023
45000,No,No,Teacher,Farmer,HighSchool,Urban,52.5,SC/ST,1,2021
3000,No,No,Engineer,Nurse,Graduate,Urban,52.4,NRI,0,2021
100000,Yes,No,Shopkeeper,Homemaker,Graduate,Urban,67.4,Merit,0,2023
18000,No,No,Shopkeeper,Shopkeeper,Graduate,Urban,42.8,Sports,0,2022
35000,Yes,No,Engineer,Government Job,Diploma,Urban,79.5,Merit,0,2023
60000,Yes,No,Small Business,Homemaker,Graduate,Urban,60.7,NRI,0,2023
18000,No,Yes,Driver,Teacher,Diploma,Rural,44.3,Merit,1,2023
12000,No,Yes,Factory Worker,Factory Worker,Graduate,Urban,90.1,Management,1,2023
35000,No,Yes,Farmer,Teacher,Graduate,Semi-Urban,70.9,Merit,1,2021
25000,Yes,No,Shopkeeper,Nurse,Primary School,Rural,94.0,Merit,0,2024
18000,No,No,Small Business,Daily Wage Worker,Graduate,Semi-Urban,40.3,Management,1,2022
35000,Yes,No,Doctor,Factory Worker,HighSchool,Urban,74.5,Management,0,2022
75000,Yes,Yes,Farmer,Farmer,No Formal Education,Urban,67.7,OBC,1,2024
18000,Yes,No,Engineer,Daily Wage Worker,Graduate,Rural,95.3,SC/ST,0,2022
8000,Yes,Yes,Teacher,Nurse,Graduate,Semi-Urban,50.4,Management,0,2023
18000,No,No,Farmer,Factory Worker,Graduate,Urban,72.2,NRI,1,2023
18000,No,No,Small Business,Factory Worker,Postgraduate,Urban,50.2,NRI,0,2023
8000,Yes,No,Factory Worker,Nurse,Diploma,Rural,90.7,Merit,1,2021
8000,No,No,Shopkeeper,Nurse,Postgraduate,Urban,59.8,Management,0,2021
35000,No,Yes,Shopkeeper,Shopkeeper,Graduate,Semi-Urban,66.6,Sports,0,2022
12000,No,No,Factory Worker,Daily Wage Worker,HighSchool,Rural,80.6,Merit,1,2023
75000,No,No,Shopkeeper,Homemaker,Graduate,Rural,56.0,SC/ST,0,2024
12000,Yes,No,Farmer,Teacher,HighSchool,Semi-Urban,47.1,OBC,1,2021
5000,No,Yes,Small Business,Teacher,Postgraduate,Semi-Urban,66.3,Sports,1,2022
45000,Yes,No,Engineer,Factory Worker,Diploma,Urban,61.7,Management,0,2023
60000,Yes,Yes,Shopkeeper,Farmer,No Formal Education,Urban,60.9,Merit,0,2023
12000,No,No,Factory Worker,Teacher,Graduate,Urban,40.5,Merit,1,2021
8000,Yes,Yes,Government Job,Government Job,Primary School,Semi-Urban,86.0,Merit,0,2021
8000,No,Yes,Daily Wage Worker,Nurse,Primary School,Rural,83.6,OBC,1,2022
25000,No,No,Teacher,Nurse,No Formal Education,Semi-Urban,81.5,Merit,1,2024
18000,No,No,Government Job,Factory Worker,Postgraduate,Semi-Urban,64.3,SC/ST,0,2021
12000,No,No,Small Business,Nurse,No Formal Education,Semi-Urban,69.2,Merit,1,2024
5000,No,No,Small Business,Nurse,Diploma,Urban,79.2,Merit,1,2024
25000,No,Yes,Small Business,Farmer,Diploma,Rural,96.4,Merit,0,2024
75000,No,No,Government Job,Factory Worker,Postgraduate,Rural,56.7,Merit,0,2021
35000,No,No,Teacher,Government Job,Postgraduate,Semi-Urban,84.1,SC/ST,0,2021
25000,Yes,Yes,Farmer,Teacher,Postgraduate,Rural,76.3,Management,1,2022
8000,No,Yes,Engineer,Factory Worker,Diploma,Rural,77.5,Merit,1,2023
12000,Yes,No,Shopkeeper,Daily Wage Worker,Diploma,Semi-Urban,45.5,SC/ST,1,2023
12000,Yes,Yes,Shopkeeper,Teacher,Graduate,Rural,85.1,Management,0,2021
45000,Yes,No,Driver,Daily Wage Worker,Primary School,Rural,64.2,Merit,0,2024
60000,Yes,Yes,Small Business,Farmer,Primary School,Urban,59.4,Merit,0,2024
75000,Yes,No,Farmer,Factory Worker,Postgraduate,Semi-Urban,65.5,Management,0,2024
100000,Yes,Yes,Driver,Government Job,No Formal Education,Rural,91.4,Management,0,2024
100000,Yes,No,Engineer,Homemaker,Diploma,Urban,78.5,NRI,0,2024
75000,Yes,No,Engineer,Daily Wage Worker,HighSchool,Rural,40.6,Merit,0,2023
5000,No,Yes,Engineer,Shopkeeper,Primary School,Rural,53.8,SC/ST,1,2021
8000,Yes,No,Farmer,Teacher,Postgraduate,Urban,81.0,NRI,0,2023
12000,Yes,No,Factory Worker,Farmer,HighSchool,Urban,91.7,Merit,0,2023
25000,No,No,Small Business,Farmer,Diploma,Rural,71.7,Merit,0,2021
5000,No,No,Small Business,Government Job,HighSchool,Semi-Urban,74.9,Merit,1,2021
60000,Yes,No,Factory Worker,Shopkeeper,Diploma,Semi-Urban,56.6,Management,0,2021
35000,Yes,No,Factory Worker,Homemaker,Graduate,Urban,48.3,Management,0,2024
25000,No,No,Driver,Daily Wage Worker,Graduate,Semi-Urban,65.8,Merit,1,2024
8000,No,Yes,Factory Worker,Teacher,Graduate,Semi-Urban,71.8,Merit,1,2021
12000,No,Yes,Daily Wage Worker,Homemaker,Diploma,Rural,73.3,Management,1,2021
8000,Yes,No,Engineer,Homemaker,Primary School,Rural,51.2,Merit,1,2023
60000,Yes,No,Engineer,Nurse,Diploma,Rural,44.5,Sports,1,2022
25000,Yes,No,Government Job,Homemaker,Postgraduate,Semi-Urban,59.8,Merit,0,2023
45000,No,No,Engineer,Daily Wage Worker,Graduate,Semi-Urban,87.4,SC/ST,0,2022
12000,No,Yes,Engineer,Nurse,Primary School,Rural,56.1,Merit,1,2023
18000,Yes,Yes,Teacher,Daily Wage Worker,Postgraduate,Rural,80.3,SC/ST,0,2022
18000,Yes,Yes,Shopkeeper,Daily Wage Worker,Graduate,Semi-Urban,55.3,Merit,0,2021
45000,No,Yes,Teacher,Nurse,Graduate,Rural,53.9,Sports,0,2022
45000,No,No,Shopkeeper,Homemaker,Graduate,Urban,52.5,Merit,0,2023
8000,No,Yes,Driver,Teacher,Postgraduate,Urban,65.3,NRI,1,2022
75000,Yes,No,Factory Worker,Shopkeeper,No Formal Education,Semi-Urban,55.9,SC/ST,0,2022
8000,Yes,Yes,Small Business,Homemaker,Diploma,Urban,61.4,SC/ST,0,2021
60000,No,No,Doctor,Nurse,Postgraduate,Semi-Urban,74.0,Merit,0,2021
5000,Yes,No,Farmer,Government Job,Diploma,Semi-Urban,89.1,SC/ST,0,2024
12000,Yes,Yes,Shopkeeper,Teacher,Graduate,Semi-Urban,85.2,SC/ST,0,2021
60000,Yes,No,Farmer,Shopkeeper,HighSchool,Rural,65.8,SC/ST,1,2024
8000,No,Yes,Small Business,Homemaker,HighSchool,Rural,57.8,SC/ST,1,2024
18000,No,Yes,Shopkeeper,Shopkeeper,Postgraduate,Semi-Urban,78.7,SC/ST,1,2021
18000,Yes,Yes,Farmer,Government Job,HighSchool,Rural,65.6,OBC,1,2023
12000,Yes,No,Doctor,Homemaker,Graduate,Urban,84.7,OBC,0,2023
35000,Yes,No,Doctor,Farmer,HighSchool,Rural,90.7,Management,0,2024
60000,Yes,Yes,Small Business,Government Job,Postgraduate,Semi-Urban,56.9,Sports,0,2022
60000,No,No,Government Job,Homemaker,HighSchool,Semi-Urban,62.7,SC/ST,0,2021
12000,No,No,Factory Worker,Teacher,Postgraduate,Rural,41.7,NRI,1,2022
25000,No,Yes,Factory Worker,Nurse,HighSchool,Rural,65.3,NRI,1,2021
12000,Yes,Yes,Doctor,Government Job,Postgraduate,Semi-Urban,65.9,Merit,0,2024
12000,No,Yes,Doctor,Government Job,HighSchool,Rural,94.1,Merit,1,2022
8000,Yes,No,Government Job,Homemaker,Postgraduate,Rural,64.0,Merit,0,2024
75000,Yes,No,Teacher,Homemaker,Graduate,Rural,65.1,Sports,0,2023
60000,Yes,Yes,Daily Wage Worker,Teacher,Primary School,Semi-Urban,59.4,NRI,1,2021
45000,Yes,No,Daily Wage Worker,Teacher,HighSchool,Urban,46.1,Management,1,2023
25000,Yes,No,Factory Worker,Nurse,Graduate,Urban,75.6,SC/ST,0,2024
25000,No,No,Farmer,Government Job,Graduate,Rural,52.5,SC/ST,1,2023
25000,Yes,Yes,Factory Worker,Daily Wage Worker,HighSchool,Urban,70.7,SC/ST,1,2021
25000,No,No,Daily Wage Worker,Nurse,HighSchool,Urban,85.4,Merit,1,2022
18000,No,No,Small Business,Factory Worker,Graduate,Semi-Urban,83.3,NRI,1,2022
8000,Yes,No,Shopkeeper,Farmer,Graduate,Urban,46.5,OBC,0,2021
8000,Yes,No,Small Business,Factory Worker,Graduate,Urban,64.8,Management,0,2021
75000,No,Yes,Shopkeeper,Government Job,Diploma,Rural,87.2,Merit,0,2023
25000,No,Yes,Small Business,Teacher,HighSchool,Semi-Urban,40.4,Merit,1,2023
75000,No,Yes,Teacher,Homemaker,Diploma,Urban,48.7,Merit,0,2023
8000,Yes,No,Teacher,Nurse,No Formal Education,Rural,64.6,SC/ST,1,2022
25000,Yes,No,Teacher,Government Job,Postgraduate,Rural,69.9,OBC,0,2021
8000,No,No,Small Business,Nurse,HighSchool,Rural,70.8,Merit,1,2021
12000,Yes,Yes,Factory Worker,Teacher,Diploma,Rural,92.6,Sports,1,2024
3000,Yes,No,Government Job,Daily Wage Worker,HighSchool,Rural,84.2,OBC,1,2022
8000,Yes,No,Driver,Nurse,HighSchool,Semi-Urban,96.1,OBC,0,2023
75000,No,No,Government Job,Government Job,Graduate,Urban,97.0,Merit,0,2022
12000,Yes,Yes,Driver,Shopkeeper,Graduate,Rural,43.0,Merit,1,2022
35000,No,Yes,Shopkeeper,Factory Worker,Graduate,Urban,45.9,SC/ST,1,2023
18000,No,No,Factory Worker,Teacher,Primary School,Urban,87.6,SC/ST,1,2023
18000,No,Yes,Engineer,Daily Wage Worker,Postgraduate,Semi-Urban,95.2,Merit,0,2023
25000,No,No,Engineer,Nurse,Postgraduate,Urban,80.3,Sports,0,2023
8000,Yes,Yes,Government Job,Shopkeeper,Postgraduate,Semi-Urban,40.6,Management,0,2023
100000,No,Yes,Government Job,Government Job,Primary School,Rural,45.6,OBC,1,2024
45000,No,Yes,Engineer,Shopkeeper,Diploma,Rural,97.0,OBC,0,2024
45000,No,Yes,Engineer,Factory Worker,Postgraduate,Semi-Urban,45.3,NRI,0,2021
18000,No,No,Factory Worker,Daily Wage Worker,Graduate,Urban,93.1,OBC,0,2021
8000,Yes,No,Driver,Farmer,Primary School,Rural,62.1,Merit,1,2024
75000,No,Yes,Driver,Shopkeeper,Postgraduate,Semi-Urban,94.9,Merit,0,2023
12000,No,Yes,Teacher,Farmer,Graduate,Urban,51.7,Merit,0,2021
5000,Yes,No,Shopkeeper,Factory Worker,Graduate,Urban,97.4,Merit,0,2023
12000,No,No,Driver,Daily Wage Worker,Diploma,Urban,70.7,Management,1,2021
45000,Yes,No,Engineer,Homemaker,Graduate,Rural,85.3,Management,0,2022
35000,Yes,No,Engineer,Homemaker,Graduate,Rural,52.4,Management,0,2021
45000,Yes,Yes,Engineer,Daily Wage Worker,Diploma,Rural,47.8,SC/ST,0,2024
45000,Yes,No,Daily Wage Worker,Teacher,Graduate,Rural,53.8,Merit,0,2021
12000,No,Yes,Government Job,Teacher,HighSchool,Urban,84.1,NRI,1,2021
75000,Yes,No,Government Job,Farmer,HighSchool,Semi-Urban,40.0,SC/ST,0,2024
18000,Yes,Yes,Factory Worker,Farmer,Postgraduate,Urban,80.7,SC/ST,0,2024
35000,No,Yes,Small Business,Teacher,HighSchool,Semi-Urban,46.0,Sports,1,2022
3000,Yes,Yes,Teacher,Shopkeeper,No Formal Education,Semi-Urban,79.1,SC/ST,1,2022
100000,No,Yes,Government Job,Teacher,Graduate,Rural,57.8,NRI,0,2021
12000,Yes,No,Government Job,Shopkeeper,Graduate,Semi-Urban,93.2,Management,0,2021
5000,Yes,No,Daily Wage Worker,Teacher,Graduate,Urban,58.5,Management,0,2021
18000,No,Yes,Doctor,Farmer,HighSchool,Urban,93.7,SC/ST,1,2021
8000,Yes,Yes,Daily Wage Worker,Daily Wage Worker,Graduate,Urban,73.5,OBC,1,2024
8000,Yes,Yes,Small Business,Factory Worker,No Formal Education,Urban,52.9,NRI,1,2021
35000,Yes,Yes,Doctor,Factory Worker,No Formal Education,Rural,90.2,Sports,1,2022
18000,No,No,Teacher,Daily Wage Worker,HighSchool,Rural,57.7,OBC,1,2023
75000,Yes,No,Engineer,Shopkeeper,Diploma,Semi-Urban,76.1,Sports,0,2023
12000,Yes,Yes,Small Business,Farmer,Graduate,Semi-Urban,72.1,SC/ST,0,2023
45000,No,No,Driver,Farmer,Primary School,Rural,86.4,Sports,1,2022
18000,Yes,Yes,Government Job,Teacher,Postgraduate,Rural,55.1,NRI,0,2021
35000,Yes,No,Government Job,Shopkeeper,Postgraduate,Urban,47.4,Merit,0,2022
25000,Yes,Yes,Daily Wage Worker,Daily Wage Worker,Primary School,Urban,93.9,Management,1,2022
18000,Yes,Yes,Government Job,Teacher,Graduate,Rural,58.4,OBC,1,2022
75000,No,No,Small Business,Teacher,Graduate,Semi-Urban,76.7,Merit,0,2021
12000,Yes,Yes,Government Job,Teacher,Diploma,Rural,91.4,Management,1,2021
8000,Yes,No,Farmer,Government Job,Diploma,Rural,44.8,SC/ST,1,2024
35000,No,No,Farmer,Nurse,Graduate,Rural,57.2,Merit,1,2023
60000,No,Yes,Factory Worker,Factory Worker,HighSchool,Rural,44.9,Merit,1,2024
5000,No,No,Engineer,Shopkeeper,Graduate,Urban,94.4,Sports,0,2024
18000,Yes,No,Teacher,Government Job,HighSchool,Rural,95.5,SC/ST,0,2021
60000,No,Yes,Doctor,Nurse,Primary School,Semi-Urban,93.4,Management,0,2024
45000,Yes,Yes,Doctor,Shopkeeper,Diploma,Urban,61.5,Management,0,2024
100000,Yes,No,Engineer,Government Job,HighSchool,Rural,68.3,Merit,0,2023
25000,Yes,Yes,Government Job,Homemaker,Graduate,Semi-Urban,93.9,Management,0,2021
35000,No,No,Small Business,Shopkeeper,Graduate,Rural,92.2,Management,0,2024
12000,Yes,No,Driver,Homemaker,HighSchool,Rural,40.7,Merit,1,2023
75000,No,Yes,Engineer,Shopkeeper,Postgraduate,Rural,50.6,Management,0,2024
18000,Yes,No,Driver,Factory Worker,HighSchool,Urban,64.1,OBC,1,2023
45000,No,Yes,Factory Worker,Farmer,Graduate,Semi-Urban,84.3,Merit,1,2021
18000,Yes,Yes,Teacher,Farmer,HighSchool,Rural,62.6,Merit,0,2022
25000,No,Yes,Driver,Government Job,HighSchool,Semi-Urban,52.2,SC/ST,1,2021
35000,No,Yes,Teacher,Government Job,Postgraduate,Urban,88.9,Merit,0,2021
25000,Yes,No,Driver,Shopkeeper,Postgraduate,Urban,60.1,Merit,0,2021
75000,No,Yes,Factory Worker,Daily Wage Worker,HighSchool,Urban,46.7,Merit,0,2024
18000,Yes,Yes,Teacher,Factory Worker,HighSchool,Urban,77.4,Sports,0,2021
35000,Yes,No,Factory Worker,Homemaker,Graduate,Rural,91.0,Merit,0,2024
12000,No,Yes,Driver,Factory Worker,HighSchool,Rural,74.0,SC/ST,1,2023
18000,No,Yes,Small Business,Factory Worker,Postgraduate,Semi-Urban,98.8,SC/ST,1,2022
18000,Yes,No,Driver,Factory Worker,No Formal Education,Semi-Urban,91.6,Merit,1,2023
8000,Yes,No,Doctor,Homemaker,Primary School,Semi-Urban,54.4,SC/ST,1,2021
5000,Yes,No,Farmer,Factory Worker,Primary School,Semi-Urban,59.4,Merit,1,2021
35000,No,No,Farmer,Daily Wage Worker,HighSchool,Rural,51.5,Management,1,2024
35000,Yes,Yes,Factory Worker,Teacher,Postgraduate,Urban,72.9,SC/ST,0,2021
35000,No,No,Driver,Nurse,Graduate,Semi-Urban,78.5,Merit,0,2021
3000,Yes,Yes,Teacher,Government Job,Primary School,Urban,84.2,OBC,0,2023
12000,Yes,Yes,Teacher,Factory Worker,Primary School,Semi-Urban,71.3,Merit,0,2022
8000,Yes,No,Driver,Government Job,HighSchool,Urban,47.2,Merit,0,2022
45000,No,No,Shopkeeper,Homemaker,Graduate,Urban,54.8,Merit,0,2022
60000,No,No,Driver,Daily Wage Worker,Graduate,Rural,67.6,NRI,0,2024
12000,No,No,Farmer,Farmer,Primary School,Semi-Urban,55.9,Sports,1,2022
35000,No,No,Driver,Shopkeeper,Graduate,Urban,43.0,Merit,0,2022
8000,No,No,Doctor,Teacher,Graduate,Urban,92.5,Management,0,2023
12000,Yes,Yes,Factory Worker,Daily Wage Worker,Postgraduate,Semi-Urban,70.8,SC/ST,1,2023
8000,No,Yes,Factory Worker,Nurse,Diploma,Rural,75.1,Merit,1,2021
12000,No,No,Teacher,Teacher,HighSchool,Semi-Urban,46.0,SC/ST,1,2021
35000,Yes,No,Driver,Homemaker,Primary School,Semi-Urban,93.7,Merit,0,2022
75000,No,Yes,Farmer,Shopkeeper,Postgraduate,Rural,90.9,Merit,0,2023
8000,No,No,Driver,Farmer,No Formal Education,Semi-Urban,63.0,Merit,1,2024
25000,Yes,Yes,Government Job,Teacher,HighSchool,Semi-Urban,51.7,OBC,1,2022
35000,No,No,Small Business,Nurse,Diploma,Rural,86.9,Merit,0,2024
75000,No,Yes,Factory Worker,Government Job,Graduate,Rural,73.9,Merit,0,2022
35000,Yes,No,Shopkeeper,Factory Worker,Graduate,Urban,89.1,Merit,0,2021
12000,No,No,Daily Wage Worker,Shopkeeper,Graduate,Rural,68.4,Management,1,2021
35000,No,No,Shopkeeper,Shopkeeper,Primary School,Rural,92.6,Merit,1,2024
12000,No,No,Government Job,Daily Wage Worker,Graduate,Urban,82.3,SC/ST,0,2023
100000,No,Yes,Shopkeeper,Factory Worker,Postgraduate,Rural,60.8,OBC,0,2023
18000,Yes,No,Daily Wage Worker,Homemaker,No Formal Education,Rural,84.5,SC/ST,1,2024
35000,No,No,Teacher,Shopkeeper,No Formal Education,Urban,59.0,Merit,0,2021
3000,No,No,Doctor,Teacher,Postgraduate,Semi-Urban,65.3,SC/ST,1,2021
18000,No,Yes,Driver,Shopkeeper,HighSchool,Rural,63.6,Management,1,2024
60000,Yes,Yes,Engineer,Factory Worker,Diploma,Rural,64.7,Management,0,2022
35000,No,No,Daily Wage Worker,Homemaker,HighSchool,Rural,82.8,Merit,1,2021
18000,Yes,Yes,Farmer,Homemaker,Diploma,Urban,54.5,NRI,1,2023
75000,No,Yes,Small Business,Farmer,Graduate,Rural,59.1,Merit,0,2021
60000,Yes,No,Driver,Nurse,Graduate,Rural,70.2,Merit,0,2023
12000,No,No,Daily Wage Worker,Government Job,HighSchool,Urban,56.3,Merit,1,2021
25000,No,No,Driver,Daily Wage Worker,HighSchool,Urban,47.8,OBC,1,2022
25000,No,No,Doctor,Shopkeeper,Diploma,Urban,81.5,Merit,0,2024
35000,No,Yes,Doctor,Teacher,Diploma,Semi-Urban,75.2,Merit,0,2021
12000,Yes,No,Shopkeeper,Nurse,Graduate,Urban,95.8,Merit,0,2023
12000,Yes,No,Factory Worker,Government Job,Graduate,Rural,83.8,Management,1,2021
75000,Yes,Yes,Teacher,Farmer,Postgraduate,Rural,73.8,Merit,0,2024
75000,No,No,Driver,Nurse,No Formal Education,Rural,55.7,Merit,1,2024
60000,Yes,Yes,Engineer,Shopkeeper,Primary School,Rural,51.8,Merit,0,2023
100000,No,Yes,Shopkeeper,Homemaker,Graduate,Urban,70.9,OBC,0,2024
45000,Yes,No,Factory Worker,Shopkeeper,Graduate,Semi-Urban,67.2,Merit,0,2022
45000,Yes,No,Shopkeeper,Nurse,Primary School,Rural,63.9,Merit,0,2023
45000,Yes,No,Doctor,Shopkeeper,Postgraduate,Rural,66.1,Merit,0,2023
25000,Yes,Yes,Teacher,Shopkeeper,Graduate,Urban,52.5,Merit,0,2023
18000,Yes,No,Engineer,Shopkeeper,Diploma,Semi-Urban,64.8,Merit,0,2021
12000,Yes,Yes,Shopkeeper,Daily Wage Worker,Graduate,Urban,42.3,SC/ST,0,2023
35000,No,Yes,Teacher,Government Job,Graduate,Urban,73.1,SC/ST,0,2024
12000,Yes,No,Farmer,Daily Wage Worker,HighSchool,Urban,72.9,Management,1,2024
12000,No,Yes,Doctor,Farmer,HighSchool,Rural,79.3,SC/ST,1,2024
25000,No,No,Farmer,Daily Wage Worker,Diploma,Semi-Urban,82.1,Merit,1,2022
18000,Yes,No,Teacher,Farmer,Diploma,Semi-Urban,79.8,Management,0,2021
12000,No,Yes,Teacher,Nurse,Graduate,Urban,87.4,Sports,1,2021
45000,Yes,No,Driver,Shopkeeper,Diploma,Rural,47.9,OBC,0,2024
60000,No,Yes,Farmer,Shopkeeper,No Formal Education,Urban,92.3,Merit,1,2023
8000,No,Yes,Engineer,Daily Wage Worker,Graduate,Semi-Urban,62.9,SC/ST,1,2022
3000,Yes,No,Government Job,Nurse,Primary School,Semi-Urban,79.3,SC/ST,1,2021
12000,No,No,Engineer,Teacher,Postgraduate,Rural,47.1,Sports,1,2021
45000,Yes,No,Shopkeeper,Farmer,Graduate,Rural,53.2,Merit,0,2021
60000,Yes,No,Doctor,Farmer,Graduate,Urban,94.9,Merit,0,2021
8000,Yes,Yes,Engineer,Factory Worker,Diploma,Rural,48.1,SC/ST,1,2022
45000,No,No,Shopkeeper,Factory Worker,HighSchool,Rural,67.4,Management,1,2024
8000,Yes,Yes,Doctor,Farmer,Graduate,Semi-Urban,45.6,OBC,0,2024
18000,No,No,Engineer,Teacher,Primary School,Rural,45.5,Merit,1,2023
100000,No,No,Doctor,Teacher,Graduate,Semi-Urban,98.6,SC/ST,0,2022
8000,No,No,Driver,Factory Worker,HighSchool,Rural,77.7,Management,1,2023
8000,No,No,Engineer,Factory Worker,Graduate,Semi-Urban,77.5,SC/ST,1,2021
18000,No,No,Teacher,Teacher,Primary School,Rural,56.0,Management,1,2021
35000,No,No,Farmer,Nurse,Primary School,Semi-Urban,49.0,Management,1,2021
75000,No,Yes,Daily Wage Worker,Factory Worker,Diploma,Semi-Urban,76.2,Management,1,2024
100000,Yes,No,Daily Wage Worker,Farmer,Graduate,Urban,54.7,SC/ST,0,2024
5000,No,No,Engineer,Factory Worker,HighSchool,Rural,56.0,Management,1,2023
8000,No,No,Factory Worker,Teacher,Diploma,Rural,64.8,Merit,1,2024
45000,No,No,Small Business,Shopkeeper,Graduate,Rural,53.3,OBC,1,2022
12000,No,No,Shopkeeper,Shopkeeper,Diploma,Rural,95.4,Merit,1,2021
60000,Yes,Yes,Farmer,Factory Worker,Graduate,Semi-Urban,74.1,Management,0,2023
35000,Yes,No,Teacher,Factory Worker,HighSchool,Urban,44.0,SC/ST,0,2023
8000,Yes,No,Small Business,Shopkeeper,Primary School,Rural,68.5,Management,1,2021
60000,Yes,No,Daily Wage Worker,Farmer,Primary School,Rural,73.1,SC/ST,1,2021
8000,No,No,Factory Worker,Government Job,Postgraduate,Urban,61.2,Merit,1,2022
18000,Yes,Yes,Doctor,Shopkeeper,Primary School,Urban,91.6,Sports,0,2023
25000,No,Yes,Teacher,Farmer,Primary School,Rural,70.7,Merit,0,2021
25000,No,Yes,Shopkeeper,Factory Worker,HighSchool,Urban,54.1,Merit,0,2023
35000,No,No,Doctor,Homemaker,Graduate,Semi-Urban,71.9,OBC,0,2021
35000,No,No,Driver,Homemaker,Diploma,Urban,82.7,SC/ST,0,2022
100000,Yes,No,Engineer,Daily Wage Worker,Graduate,Rural,58.2,Merit,0,2024
100000,No,Yes,Government Job,Homemaker,Diploma,Semi-Urban,91.5,Management,0,2021
25000,No,No,Government Job,Daily Wage Worker,Graduate,Urban,43.4,Merit,1,2022
5000,No,No,Government Job,Factory Worker,Postgraduate,Urban,57.6,Merit,0,2022
45000,Yes,Yes,Driver,Shopkeeper,Diploma,Semi-Urban,94.7,Merit,0,2021
100000,Yes,Yes,Doctor,Homemaker,Postgraduate,Rural,55.8,SC/ST,0,2023
12000,Yes,No,Shopkeeper,Nurse,Postgraduate,Urban,44.5,Merit,0,2021
18000,Yes,No,Small Business,Factory Worker,No Formal Education,Semi-Urban,42.7,Sports,1,2022
18000,Yes,Yes,Factory Worker,Farmer,Graduate,Semi-Urban,84.5,SC/ST,1,2022
5000,No,No,Farmer,Farmer,Graduate,Rural,59.8,NRI,1,2024
35000,No,Yes,Small Business,Factory Worker,Postgraduate,Urban,85.1,SC/ST,0,2021
18000,No,No,Daily Wage Worker,Farmer,Graduate,Semi-Urban,78.4,Management,1,2022
45000,No,Yes,Shopkeeper,Factory Worker,Graduate,Urban,84.3,Merit,0,2023
60000,Yes,Yes,Small Business,Farmer,HighSchool,Semi-Urban,94.1,OBC,0,2024
60000,No,No,Driver,Nurse,Graduate,Rural,88.1,OBC,0,2023
18000,No,Yes,Engineer,Daily Wage Worker,Primary School,Urban,48.9,Merit,1,2021
12000,Yes,No,Farmer,Factory Worker,Graduate,Rural,93.5,OBC,0,2022
45000,No,No,Government Job,Homemaker,HighSchool,Rural,59.8,Merit,0,2022
45000,No,No,Government Job,Teacher,Graduate,Urban,87.5,SC/ST,0,2024
25000,No,Yes,Doctor,Nurse,Graduate,Urban,70.8,OBC,0,2023
60000,Yes,No,Government Job,Nurse,HighSchool,Urban,50.3,Merit,0,2021
8000,No,No,Teacher,Factory Worker,Graduate,Rural,80.7,Management,1,2023
60000,No,Yes,Factory Worker,Homemaker,Graduate,Urban,79.5,Merit,0,2021
5000,No,Yes,Farmer,Farmer,No Formal Education,Semi-Urban,93.6,NRI,1,2024
8000,Yes,No,Doctor,Daily Wage Worker,Diploma,Semi-Urban,64.2,Merit,0,2021
25000,No,No,Doctor,Shopkeeper,HighSchool,Semi-Urban,83.3,SC/ST,1,2021
5000,No,No,Small Business,Daily Wage Worker,Primary School,Semi-Urban,70.6,OBC,1,2024
5000,Yes,No,Factory Worker,Shopkeeper,Graduate,Rural,72.5,Management,1,2023
3000,Yes,Yes,Small Business,Homemaker,HighSchool,Semi-Urban,60.2,Sports,1,2022
18000,No,Yes,Driver,Homemaker,Graduate,Rural,61.3,Management,1,2021
45000,No,No,Engineer,Factory Worker,No Formal Education,Urban,87.4,Sports,0,2024
3000,No,No,Government Job,Shopkeeper,Primary School,Urban,77.4,SC/ST,1,2023
35000,Yes,No,Teacher,Government Job,Graduate,Semi-Urban,80.5,OBC,0,2021
60000,No,No,Teacher,Government Job,HighSchool,Urban,94.9,OBC,0,2021
8000,Yes,No,Doctor,Factory Worker,Postgraduate,Urban,80.7,Management,0,2023
8000,Yes,No,Teacher,Farmer,Primary School,Urban,83.3,SC/ST,0,2023
60000,Yes,No,Small Business,Government Job,Graduate,Urban,85.6,Merit,0,2022
60000,No,No,Driver,Homemaker,Graduate,Rural,65.3,Merit,1,2021
25000,Yes,Yes,Teacher,Nurse,Graduate,Urban,67.2,Merit,0,2024
45000,Yes,Yes,Small Business,Daily Wage Worker,Graduate,Rural,97.8,NRI,0,2024
5000,Yes,No,Shopkeeper,Teacher,HighSchool,Urban,73.0,SC/ST,0,2022
18000,No,No,Driver,Nurse,Graduate,Semi-Urban,62.2,NRI,0,2022
45000,Yes,Yes,Farmer,Factory Worker,Diploma,Urban,43.4,Merit,1,2022
12000,Yes,No,Factory Worker,Daily Wage Worker,Graduate,Rural,52.7,Merit,1,2021
45000,Yes,Yes,Doctor,Homemaker,Primary School,Rural,85.9,OBC,0,2021
25000,Yes,No,Factory Worker,Government Job,Primary School,Rural,94.7,SC/ST,1,2024
45000,No,Yes,Government Job,Nurse,Diploma,Rural,86.3,Merit,0,2022
18000,No,No,Small Business,Nurse,Diploma,Semi-Urban,87.0,Merit,1,2021
18000,Yes,Yes,Small Business,Factory Worker,Primary School,Rural,91.7,OBC,0,2021
12000,Yes,No,Daily Wage Worker,Daily Wage Worker,Primary School,Urban,66.2,Merit,1,2022
8000,Yes,Yes,Driver,Farmer,Primary School,Urban,48.2,OBC,1,2021
45000,No,No,Government Job,Farmer,No Formal Education,Semi-Urban,76.5,Merit,0,2024
8000,No,No,Shopkeeper,Farmer,No Formal Education,Urban,93.6,SC/ST,1,2021
5000,Yes,Yes,Small Business,Factory Worker,Graduate,Semi-Urban,66.3,Merit,0,2024
8000,Yes,No,Government Job,Teacher,Postgraduate,Urban,88.2,Management,0,2023
8000,No,No,Driver,Teacher,Diploma,Urban,91.7,Merit,0,2022
60000,No,No,Government Job,Government Job,HighSchool,Urban,44.7,Merit,0,2021
18000,Yes,Yes,Factory Worker,Teacher,HighSchool,Rural,65.2,SC/ST,1,2023
100000,No,Yes,Daily Wage Worker,Daily Wage Worker,Graduate,Urban,66.8,Merit,0,2022
8000,No,No,Shopkeeper,Teacher,Postgraduate,Urban,65.5,SC/ST,1,2022
35000,No,Yes,Teacher,Government Job,HighSchool,Rural,55.6,Management,1,2023
18000,No,Yes,Factory Worker,Farmer,No Formal Education,Rural,68.8,Sports,1,2021
18000,No,Yes,Daily Wage Worker,Homemaker,HighSchool,Urban,82.7,NRI,1,2021
60000,Yes,No,Shopkeeper,Farmer,Diploma,Urban,80.1,Merit,0,2024
100000,Yes,No,Engineer,Farmer,No Formal Education,Semi-Urban,94.9,Merit,0,2023
60000,Yes,No,Small Business,Daily Wage Worker,Graduate,Rural,83.4,Merit,0,2024
8000,Yes,No,Farmer,Factory Worker,Primary School,Semi-Urban,84.5,SC/ST,1,2022
12000,No,No,Daily Wage Worker,Nurse,Primary School,Rural,57.1,Merit,1,2024
35000,No,Yes,Teacher,Nurse,Graduate,Urban,41.8,NRI,0,2023
12000,No,Yes,Small Business,Farmer,Graduate,Rural,70.3,SC/ST,1,2023
45000,No,Yes,Shopkeeper,Farmer,HighSchool,Rural,85.9,Sports,1,2023
25000,Yes,No,Small Business,Government Job,Graduate,Semi-Urban,63.5,Management,0,2021
25000,No,No,Daily Wage Worker,Shopkeeper,HighSchool,Urban,88.0,NRI,1,2023
60000,Yes,Yes,Driver,Shopkeeper,HighSchool,Urban,76.6,Merit,0,2021
35000,No,No,Factory Worker,Daily Wage Worker,Primary School,Semi-Urban,59.6,Merit,1,2023
3000,No,Yes,Doctor,Homemaker,HighSchool,Rural,60.2,Merit,1,2022
5000,No,No,Driver,Nurse,No Formal Education,Rural,80.3,Merit,1,2021
35000,No,No,Factory Worker,Daily Wage Worker,Graduate,Semi-Urban,74.0,Merit,1,2021
25000,Yes,Yes,Farmer,Teacher,Postgraduate,Rural,44.0,Merit,1,2024
12000,Yes,Yes,Engineer,Homemaker,No Formal Education,Semi-Urban,72.6,OBC,0,2022
18000,No,No,Shopkeeper,Government Job,HighSchool,Semi-Urban,42.6,OBC,1,2024
45000,Yes,Yes,Teacher,Shopkeeper,HighSchool,Semi-Urban,72.3,Management,0,2023
60000,Yes,No,Teacher,Factory Worker,Diploma,Rural,94.7,Management,0,2024
25000,No,No,Farmer,Government Job,Graduate,Urban,45.4,Merit,0,2023
18000,No,No,Doctor,Teacher,No Formal Education,Urban,68.5,SC/ST,1,2021
12000,No,Yes,Farmer,Farmer,Graduate,Semi-Urban,85.7,NRI,1,2023
25000,No,Yes,Teacher,Teacher,Diploma,Semi-Urban,65.3,Merit,0,2023
12000,Yes,No,Small Business,Homemaker,Graduate,Rural,61.2,Merit,0,2024
25000,No,Yes,Small Business,Homemaker,HighSchool,Semi-Urban,74.1,Management,1,2024
35000,No,Yes,Doctor,Farmer,Primary School,Urban,90.4,Management,0,2023
5000,Yes,No,Daily Wage Worker,Nurse,Primary School,Semi-Urban,91.1,Merit,1,2024
3000,No,No,Teacher,Daily Wage Worker,Graduate,Rural,56.0,SC/ST,1,2024
12000,Yes,No,Engineer,Daily Wage Worker,Diploma,Urban,97.1,SC/ST,0,2022
60000,No,No,Doctor,Farmer,Graduate,Semi-Urban,49.6,Management,0,2022
35000,No,Yes,Factory Worker,Nurse,Primary School,Rural,52.5,Management,1,2024
8000,No,Yes,Factory Worker,Government Job,No Formal Education,Rural,81.3,Merit,1,2023
60000,No,No,Shopkeeper,Teacher,Graduate,Rural,91.1,Merit,0,2022
18000,No,No,Farmer,Government Job,Primary School,Semi-Urban,50.9,Management,1,2024
18000,Yes,No,Engineer,Farmer,Postgraduate,Urban,59.2,SC/ST,0,2021
75000,Yes,No,Daily Wage Worker,Daily Wage Worker,Graduate,Rural,44.6,SC/ST,0,2023
5000,Yes,No,Small Business,Factory Worker,HighSchool,Rural,67.1,SC/ST,1,2024
12000,No,No,Doctor,Daily Wage Worker,Graduate,Rural,70.5,Merit,0,2024
25000,Yes,No,Farmer,Daily Wage Worker,Primary School,Semi-Urban,74.8,Merit,1,2022
8000,No,No,Engineer,Government Job,Postgraduate,Urban,51.1,Merit,0,2024
35000,Yes,No,Shopkeeper,Farmer,Graduate,Rural,56.3,Merit,0,2022
12000,Yes,No,Daily Wage Worker,Homemaker,HighSchool,Urban,84.6,Management,1,2021
5000,Yes,No,Small Business,Daily Wage Worker,Graduate,Rural,46.5,Merit,0,2024
8000,No,No,Small Business,Government Job,No Formal Education,Urban,40.2,Management,1,2024
18000,Yes,No,Shopkeeper,Daily Wage Worker,HighSchool,Semi-Urban,63.0,NRI,1,2023
8000,Yes,No,Factory Worker,Government Job,HighSchool,Semi-Urban,74.2,SC/ST,1,2024
8000,No,Yes,Farmer,Government Job,HighSchool,Urban,92.6,Sports,1,2022
60000,Yes,No,Factory Worker,Shopkeeper,Primary School,Semi-Urban,42.3,SC/ST,1,2021
12000,No,No,Daily Wage Worker,Teacher,Postgraduate,Urban,59.7,OBC,1,2024
18000,No,No,Factory Worker,Shopkeeper,Diploma,Semi-Urban,90.5,Merit,1,2022
5000,Yes,No,Small Business,Factory Worker,Postgraduate,Urban,82.1,SC/ST,0,2021
18000,Yes,No,Factory Worker,Government Job,No Formal Education,Rural,77.4,Merit,1,2022
12000,No,Yes,Engineer,Farmer,Postgraduate,Semi-Urban,40.6,Merit,0,2023
35000,No,Yes,Factory Worker,Teacher,Graduate,Urban,67.4,Merit,0,2023
8000,No,No,Government Job,Factory Worker,Graduate,Semi-Urban,97.7,SC/ST,0,2022
60000,No,No,Doctor,Shopkeeper,Graduate,Urban,79.5,NRI,0,2022
75000,No,Yes,Shopkeeper,Daily Wage Worker,Diploma,Urban,88.1,SC/ST,0,2023
5000,No,No,Driver,Factory Worker,Graduate,Rural,70.3,Merit,1,2024
5000,Yes,No,Doctor,Nurse,Postgraduate,Urban,61.3,OBC,0,2022
8000,No,Yes,Shopkeeper,Teacher,Primary School,Urban,58.9,Merit,1,2022
35000,No,No,Farmer,Shopkeeper,No Formal Education,Rural,87.0,Management,1,2023
8000,No,No,Factory Worker,Factory Worker,Postgraduate,Rural,67.2,Merit,1,2021
60000,No,No,Teacher,Homemaker,Postgraduate,Rural,59.0,Management,0,2023
45000,No,No,Small Business,Homemaker,Diploma,Urban,78.7,SC/ST,0,2021
45000,No,Yes,Government Job,Farmer,Graduate,Urban,98.9,Merit,0,2023
25000,No,No,Engineer,Teacher,Postgraduate,Urban,65.4,SC/ST,0,2024
100000,No,No,Teacher,Farmer,Diploma,Semi-Urban,49.7,OBC,0,2023
5000,Yes,No,Teacher,Farmer,Primary School,Semi-Urban,77.9,NRI,0,2023
18000,Yes,No,Factory Worker,Factory Worker,Diploma,Rural,63.6,SC/ST,1,2023
12000,No,No,Teacher,Farmer,HighSchool,Urban,74.8,Merit,0,2023
75000,No,No,Shopkeeper,Factory Worker,No Formal Education,Urban,98.8,Management,0,2024
25000,No,No,Driver,Shopkeeper,Postgraduate,Semi-Urban,67.0,Merit,1,2021
45000,No,No,Doctor,Homemaker,Graduate,Rural,57.9,Merit,0,2022
8000,Yes,Yes,Daily Wage Worker,Daily Wage Worker,Graduate,Urban,97.9,Merit,0,2023
100000,Yes,No,Government Job,Factory Worker,Graduate,Urban,79.4,NRI,0,2024
25000,No,Yes,Farmer,Teacher,HighSchool,Urban,58.0,Merit,1,2022
25000,No,No,Engineer,Factory Worker,Graduate,Semi-Urban,58.7,OBC,0,2021
100000,No,No,Shopkeeper,Farmer,Graduate,Rural,75.7,SC/ST,0,2022
18000,No,Yes,Engineer,Nurse,Graduate,Rural,61.4,SC/ST,1,2024
18000,Yes,Yes,Driver,Daily Wage Worker,Primary School,Semi-Urban,85.6,OBC,1,2023
25000,No,No,Engineer,Daily Wage Worker,Graduate,Urban,51.4,Merit,0,2024
8000,No,No,Doctor,Nurse,HighSchool,Rural,51.3,OBC,1,2023
12000,No,Yes,Daily Wage Worker,Government Job,Diploma,Semi-Urban,53.7,Merit,1,2021
8000,No,No,Teacher,Government Job,Diploma,Urban,91.6,Merit,0,2023
5000,No,No,Small Business,Homemaker,Postgraduate,Rural,45.4,SC/ST,1,2024
60000,No,No,Engineer,Government Job,HighSchool,Semi-Urban,75.5,SC/ST,0,2024
25000,No,Yes,Shopkeeper,Homemaker,No Formal Education,Urban,91.0,Merit,0,2023
18000,No,No,Small Business,Daily Wage Worker,Postgraduate,Semi-Urban,50.4,SC/ST,1,2022
18000,Yes,No,Shopkeeper,Factory Worker,Postgraduate,Semi-Urban,94.2,OBC,0,2022
18000,No,Yes,Driver,Farmer,HighSchool,Urban,82.0,Management,1,2023
35000,No,No,Daily Wage Worker,Factory Worker,Graduate,Rural,53.6,SC/ST,1,2021
75000,Yes,Yes,Government Job,Factory Worker,Postgraduate,Urban,97.8,Merit,0,2024
75000,No,No,Shopkeeper,Factory Worker,No Formal Education,Urban,89.1,Sports,0,2023
18000,Yes,Yes,Engineer,Government Job,Graduate,Rural,43.4,Management,0,2022
12000,Yes,No,Factory Worker,Teacher,HighSchool,Rural,88.7,SC/ST,1,2023
18000,No,No,Shopkeeper,Nurse,Graduate,Rural,74.0,SC/ST,1,2021
25000,No,No,Daily Wage Worker,Shopkeeper,No Formal Education,Urban,92.5,Management,1,2024
18000,Yes,Yes,Factory Worker,Government Job,Graduate,Semi-Urban,74.8,OBC,0,2024
35000,No,No,Shopkeeper,Government Job,Graduate,Semi-Urban,87.0,Merit,0,2022
25000,No,No,Doctor,Daily Wage Worker,No Formal Education,Urban,89.1,Management,0,2023
12000,Yes,No,Shopkeeper,Government Job,Graduate,Semi-Urban,87.0,SC/ST,0,2023
12000,No,Yes,Teacher,Factory Worker,Primary School,Semi-Urban,43.5,Management,1,2021
18000,Yes,Yes,Teacher,Government Job,Primary School,Urban,79.3,Sports,0,2022
5000,Yes,No,Farmer,Shopkeeper,Postgraduate,Semi-Urban,92.9,Merit,0,2024
8000,Yes,No,Factory Worker,Factory Worker,Postgraduate,Urban,95.2,OBC,0,2021
45000,Yes,Yes,Driver,Farmer,Graduate,Semi-Urban,85.3,SC/ST,0,2023
18000,Yes,No,Government Job,Farmer,Postgraduate,Semi-Urban,58.3,Sports,0,2022
12000,No,No,Farmer,Homemaker,No Formal Education,Rural,90.6,Merit,1,2022
25000,Yes,No,Doctor,Farmer,Diploma,Urban,41.5,Merit,0,2024
45000,Yes,No,Shopkeeper,Homemaker,Postgraduate,Semi-Urban,85.5,Management,0,2022
12000,Yes,Yes,Factory Worker,Homemaker,Postgraduate,Urban,68.6,Merit,0,2021
60000,Yes,No,Driver,Teacher,HighSchool,Semi-Urban,91.9,OBC,0,2023
75000,Yes,No,Doctor,Government Job,HighSchool,Urban,69.6,Sports,0,2023
25000,No,Yes,Engineer,Homemaker,Graduate,Rural,64.9,Management,1,2024
35000,Yes,No,Government Job,Shopkeeper,Primary School,Urban,89.8,Merit,0,2022
5000,No,Yes,Driver,Factory Worker,Graduate,Semi-Urban,59.4,Merit,1,2022
75000,No,No,Teacher,Nurse,HighSchool,Rural,68.8,Merit,0,2021
18000,No,Yes,Factory Worker,Factory Worker,Diploma,Semi-Urban,89.8,Merit,1,2022
75000,Yes,Yes,Driver,Factory Worker,HighSchool,Rural,40.8,Sports,1,2023
25000,Yes,Yes,Shopkeeper,Farmer,Graduate,Rural,60.6,Merit,0,2023
3000,No,No,Driver,Daily Wage Worker,Postgraduate,Rural,89.1,NRI,1,2022
3000,No,Yes,Engineer,Nurse,Diploma,Urban,91.9,SC/ST,1,2024
35000,No,Yes,Farmer,Homemaker,Postgraduate,Urban,49.4,Management,1,2024
25000,No,No,Doctor,Farmer,Diploma,Urban,66.2,SC/ST,0,2023
3000,No,No,Engineer,Factory Worker,HighSchool,Rural,60.3,SC/ST,1,2023
45000,Yes,Yes,Shopkeeper,Homemaker,Graduate,Rural,97.6,OBC,0,2023
60000,No,Yes,Daily Wage Worker,Shopkeeper,No Formal Education,Rural,73.3,Sports,1,2022
25000,No,Yes,Driver,Daily Wage Worker,HighSchool,Urban,63.6,Merit,1,2021
18000,No,No,Teacher,Shopkeeper,Graduate,Urban,91.5,SC/ST,1,2024
3000,No,Yes,Daily Wage Worker,Government Job,HighSchool,Semi-Urban,81.8,Sports,1,2024
45000,Yes,No,Small Business,Factory Worker,Postgraduate,Semi-Urban,82.0,OBC,0,2022
12000,No,No,Daily Wage Worker,Teacher,Diploma,Rural,76.1,NRI,1,2021
60000,No,Yes,Shopkeeper,Nurse,HighSchool,Semi-Urban,64.6,Management,1,2024
18000,Yes,Yes,Teacher,Nurse,HighSchool,Urban,45.8,Merit,0,2024
25000,No,Yes,Teacher,Nurse,HighSchool,Semi-Urban,77.4,OBC,1,2024
12000,Yes,No,Doctor,Factory Worker,Graduate,Semi-Urban,64.5,Management,0,2023
8000,Yes,No,Engineer,Daily Wage Worker,Primary School,Semi-Urban,66.7,OBC,0,2023
45000,Yes,Yes,Farmer,Homemaker,Postgraduate,Semi-Urban,94.5,SC/ST,0,2021
25000,Yes,No,Factory Worker,Shopkeeper,Primary School,Rural,82.5,SC/ST,1,2022
25000,No,Yes,Farmer,Homemaker,HighSchool,Urban,86.1,Merit,1,2022
100000,No,Yes,Small Business,Government Job,Graduate,Semi-Urban,84.9,Merit,0,2021
100000,No,Yes,Shopkeeper,Shopkeeper,HighSchool,Rural,65.5,Sports,1,2021
60000,No,Yes,Daily Wage Worker,Shopkeeper,Diploma,Semi-Urban,73.0,NRI,0,2024
8000,No,No,Shopkeeper,Homemaker,Graduate,Rural,72.1,SC/ST,1,2021
25000,No,No,Daily Wage Worker,Shopkeeper,HighSchool,Rural,54.2,OBC,1,2023
60000,No,Yes,Engineer,Farmer,Diploma,Rural,77.3,Merit,0,2024
18000,No,No,Doctor,Homemaker,Postgraduate,Urban,62.1,Management,0,2023
5000,Yes,Yes,Farmer,Government Job,No Formal Education,Rural,43.2,Merit,1,2021
45000,No,No,Driver,Teacher,Graduate,Urban,97.2,NRI,0,2023
25000,No,Yes,Shopkeeper,Teacher,HighSchool,Rural,64.6,SC/ST,1,2021
25000,No,No,Small Business,Government Job,Postgraduate,Semi-Urban,60.6,Merit,0,2024
100000,Yes,Yes,Small Business,Daily Wage Worker,Primary School,Urban,77.0,SC/ST,0,2022
35000,No,No,Factory Worker,Shopkeeper,Primary School,Rural,66.8,SC/ST,1,2022
18000,Yes,Yes,Government Job,Homemaker,Diploma,Urban,97.7,Management,0,2023
18000,No,Yes,Daily Wage Worker,Homemaker,Graduate,Semi-Urban,43.0,Merit,1,2023
18000,No,No,Factory Worker,Shopkeeper,No Formal Education,Rural,88.2,OBC,1,2024
8000,Yes,No,Government Job,Factory Worker,Graduate,Urban,41.2,Management,0,2024
45000,No,No,Engineer,Nurse,HighSchool,Rural,50.8,SC/ST,1,2022
60000,No,No,Teacher,Teacher,Postgraduate,Rural,50.3,Merit,0,2024
12000,No,Yes,Doctor,Teacher,Postgraduate,Urban,60.1,SC/ST,1,2021
12000,No,Yes,Driver,Government Job,Graduate,Rural,91.7,OBC,1,2023
60000,No,No,Factory Worker,Homemaker,Graduate,Urban,54.4,OBC,0,2024
3000,No,No,Shopkeeper,Nurse,Graduate,Rural,70.4,OBC,1,2023
25000,No,Yes,Shopkeeper,Daily Wage Worker,Graduate,Urban,68.2,Merit,1,2021
18000,Yes,Yes,Teacher,Nurse,HighSchool,Semi-Urban,53.9,Management,1,2022
35000,No,No,Doctor,Teacher,Graduate,Rural,67.3,SC/ST,1,2024
8000,No,No,Engineer,Government Job,Graduate,Urban,89.8,SC/ST,0,2021
35000,Yes,No,Teacher,Government Job,Graduate,Urban,81.2,Management,0,2021
18000,No,Yes,Daily Wage Worker,Daily Wage Worker,Diploma,Urban,63.1,SC/ST,1,2023
35000,Yes,Yes,Engineer,Daily Wage Worker,Graduate,Semi-Urban,55.9,SC/ST,0,2024
5000,No,Yes,Small Business,Daily Wage Worker,HighSchool,Urban,70.4,Merit,1,2023
18000,Yes,Yes,Doctor,Farmer,Diploma,Rural,53.3,OBC,0,2022
25000,Yes,Yes,Shopkeeper,Daily Wage Worker,HighSchool,Semi-Urban,49.2,OBC,0,2022
12000,No,No,Engineer,Daily Wage Worker,Graduate,Semi-Urban,42.6,Management,0,2022
8000,Yes,No,Doctor,Daily Wage Worker,HighSchool,Semi-Urban,40.6,Management,0,2024
8000,Yes,No,Engineer,Government Job,Postgraduate,Rural,97.4,Management,0,2023
12000,Yes,Yes,Government Job,Shopkeeper,Graduate,Urban,61.3,OBC,0,2021
5000,No,No,Teacher,Government Job,Postgraduate,Rural,42.2,Management,1,2021
75000,No,No,Small Business,Shopkeeper,Postgraduate,Semi-Urban,74.3,Merit,0,2023
18000,No,Yes,Driver,Shopkeeper,Diploma,Semi-Urban,67.7,Management,1,2022
45000,Yes,No,Farmer,Daily Wage Worker,Postgraduate,Rural,73.9,NRI,0,2023
100000,No,No,Small Business,Homemaker,Diploma,Rural,72.0,Merit,0,2023
5000,No,Yes,Factory Worker,Nurse,Primary School,Rural,45.9,Merit,1,2024
35000,Yes,Yes,Daily Wage Worker,Factory Worker,No Formal Education,Rural,84.2,SC/ST,1,2024
60000,No,No,Engineer,Homemaker,Primary School,Urban,62.2,Merit,0,2022
35000,Yes,No,Government Job,Factory Worker,HighSchool,Semi-Urban,98.8,Merit,0,2024
18000,No,Yes,Shopkeeper,Factory Worker,HighSchool,Semi-Urban,74.9,Sports,1,2021
18000,Yes,Yes,Farmer,Farmer,Postgraduate,Rural,68.9,Merit,1,2023
3000,No,Yes,Engineer,Shopkeeper,HighSchool,Semi-Urban,61.3,Sports,1,2022
25000,No,No,Engineer,Teacher,Postgraduate,Rural,71.8,OBC,0,2022
100000,No,No,Driver,Shopkeeper,Graduate,Rural,67.9,Management,0,2023
75000,No,No,Doctor,Homemaker,Postgraduate,Semi-Urban,71.0,Merit,0,2022
5000,No,No,Farmer,Teacher,Graduate,Urban,97.2,Merit,0,2022
35000,No,Yes,Driver,Government Job,Postgraduate,Rural,63.9,SC/ST,1,2021
12000,Yes,Yes,Farmer,Shopkeeper,Primary School,Rural,56.6,Merit,1,2023
75000,No,Yes,Teacher,Teacher,Diploma,Urban,65.1,Merit,0,2024
5000,No,No,Small Business,Government Job,HighSchool,Rural,43.1,SC/ST,1,2021
75000,No,No,Farmer,Nurse,HighSchool,Rural,66.9,SC/ST,1,2023
60000,No,Yes,Farmer,Factory Worker,Diploma,Urban,94.3,SC/ST,1,2024
8000,Yes,No,Shopkeeper,Farmer,Diploma,Rural,51.9,Merit,1,2023
5000,No,No,Shopkeeper,Homemaker,Postgraduate,Urban,45.3,SC/ST,0,2021
60000,Yes,No,Teacher,Shopkeeper,HighSchool,Urban,40.9,NRI,0,2022
8000,Yes,No,Driver,Government Job,Postgraduate,Rural,78.0,OBC,0,2022
25000,Yes,No,Shopkeeper,Shopkeeper,HighSchool,Semi-Urban,85.1,SC/ST,1,2021
75000,Yes,No,Government Job,Farmer,Graduate,Semi-Urban,79.6,NRI,0,2022
25000,No,Yes,Factory Worker,Teacher,HighSchool,Rural,77.8,NRI,1,2023
18000,Yes,No,Doctor,Shopkeeper,Postgraduate,Rural,88.2,Merit,0,2021
18000,Yes,No,Farmer,Factory Worker,Graduate,Urban,90.4,NRI,0,2024
5000,Yes,No,Doctor,Shopkeeper,Primary School,Rural,59.8,Sports,1,2024
100000,No,No,Daily Wage Worker,Shopkeeper,Postgraduate,Urban,74.2,Sports,0,2021
12000,No,No,Teacher,Factory Worker,HighSchool,Semi-Urban,78.8,Management,1,2023
8000,Yes,No,Small Business,Homemaker,Postgraduate,Semi-Urban,60.1,Merit,0,2023
12000,No,No,Farmer,Government Job,No Formal Education,Semi-Urban,77.5,Merit,1,2023
100000,Yes,No,Factory Worker,Government Job,HighSchool,Semi-Urban,78.9,SC/ST,0,2023
5000,No,Yes,Government Job,Homemaker,HighSchool,Semi-Urban,40.0,Merit,1,2021
60000,No,No,Engineer,Government Job,Graduate,Semi-Urban,45.0,OBC,0,2021
35000,No,No,Daily Wage Worker,Factory Worker,Graduate,Urban,83.4,Management,1,2022
60000,No,Yes,Daily Wage Worker,Farmer,Graduate,Urban,44.5,NRI,1,2024
100000,No,Yes,Shopkeeper,Homemaker,Primary School,Rural,70.0,Merit,0,2021
60000,Yes,Yes,Doctor,Factory Worker,Diploma,Rural,42.6,NRI,0,2023
75000,Yes,No,Engineer,Farmer,Diploma,Urban,88.9,OBC,0,2021
8000,Yes,Yes,Teacher,Factory Worker,HighSchool,Rural,72.7,OBC,1,2021
45000,Yes,No,Factory Worker,Daily Wage Worker,Diploma,Urban,52.0,Management,0,2022
25000,Yes,Yes,Farmer,Factory Worker,Diploma,Rural,90.9,OBC,1,2022
25000,No,Yes,Shopkeeper,Homemaker,Diploma,Rural,47.1,Sports,1,2022
60000,Yes,No,Teacher,Homemaker,Graduate,Rural,93.5,SC/ST,0,2021
100000,Yes,Yes,Government Job,Teacher,HighSchool,Rural,97.4,Merit,0,2023
35000,Yes,Yes,Small Business,Farmer,Postgraduate,Urban,78.8,Merit,0,2021
25000,No,No,Daily Wage Worker,Farmer,Graduate,Semi-Urban,89.5,Management,1,2022
18000,Yes,No,Small Business,Nurse,Graduate,Urban,88.6,Sports,0,2023
18000,No,Yes,Government Job,Homemaker,Graduate,Rural,66.8,Merit,1,2024
18000,No,No,Small Business,Farmer,Diploma,Urban,47.2,OBC,1,2023
18000,Yes,No,Teacher,Teacher,Postgraduate,Urban,44.9,SC/ST,0,2022
5000,Yes,No,Small Business,Nurse,HighSchool,Rural,46.1,Merit,1,2024
5000,No,Yes,Engineer,Teacher,Diploma,Urban,70.3,Merit,0,2022
45000,No,Yes,Doctor,Shopkeeper,Graduate,Semi-Urban,42.1,Merit,0,2021
18000,Yes,No,Daily Wage Worker,Homemaker,Postgraduate,Semi-Urban,68.3,Merit,0,2022
75000,No,Yes,Farmer,Factory Worker,Diploma,Semi-Urban,56.9,Merit,1,2021
35000,No,Yes,Daily Wage Worker,Homemaker,Postgraduate,Semi-Urban,91.4,Management,1,2023
3000,Yes,No,Teacher,Factory Worker,Graduate,Rural,45.3,NRI,0,2021
8000,Yes,No,Teacher,Factory Worker,Diploma,Rural,80.1,OBC,1,2024
8000,No,No,Farmer,Daily Wage Worker,Postgraduate,Urban,44.8,Merit,1,2021
100000,No,Yes,Factory Worker,Nurse,Diploma,Urban,71.1,Merit,0,2024
12000,No,No,Driver,Teacher,Postgraduate,Urban,59.7,OBC,1,2024
25000,No,No,Farmer,Teacher,Graduate,Urban,72.4,SC/ST,1,2021
75000,Yes,No,Farmer,Teacher,Primary School,Semi-Urban,44.3,Management,0,2022
100000,Yes,No,Factory Worker,Daily Wage Worker,Postgraduate,Urban,69.5,Merit,0,2021
12000,No,No,Government Job,Factory Worker,HighSchool,Semi-Urban,70.0,Management,1,2024
5000,No,Yes,Government Job,Homemaker,Graduate,Urban,89.8,Merit,0,2024
8000,No,No,Doctor,Teacher,Graduate,Semi-Urban,43.3,SC/ST,1,2023
5000,No,Yes,Daily Wage Worker,Teacher,Graduate,Semi-Urban,47.3,Management,1,2022
8000,No,Yes,Engineer,Government Job,Postgraduate,Semi-Urban,97.8,Merit,0,2023
25000,No,Yes,Government Job,Teacher,Graduate,Rural,68.7,Management,1,2023
75000,Yes,No,Driver,Nurse,HighSchool,Rural,81.9,SC/ST,0,2022
25000,No,Yes,Factory Worker,Factory Worker,Graduate,Urban,57.2,Merit,1,2024
35000,Yes,Yes,Small Business,Nurse,Graduate,Semi-Urban,77.2,Merit,0,2024
8000,No,No,Teacher,Daily Wage Worker,HighSchool,Rural,65.0,Management,1,2021
45000,Yes,No,Engineer,Factory Worker,HighSchool,Urban,89.1,OBC,0,2024
35000,Yes,No,Engineer,Government Job,Diploma,Urban,65.6,OBC,0,2021
60000,No,Yes,Factory Worker,Teacher,Postgraduate,Urban,79.9,SC/ST,1,2024
75000,No,No,Small Business,Nurse,Graduate,Rural,59.6,OBC,0,2024
12000,Yes,Yes,Doctor,Factory Worker,Postgraduate,Rural,52.1,Sports,0,2022
5000,No,Yes,Engineer,Teacher,Diploma,Urban,52.8,Merit,0,2023
12000,No,Yes,Teacher,Daily Wage Worker,Postgraduate,Rural,73.4,OBC,1,2022
18000,No,Yes,Government Job,Farmer,Graduate,Rural,69.0,OBC,1,2022
75000,Yes,Yes,Shopkeeper,Government Job,HighSchool,Rural,81.4,Merit,0,2022
18000,No,No,Government Job,Nurse,Diploma,Urban,90.0,Management,0,2024
45000,No,No,Farmer,Government Job,Postgraduate,Semi-Urban,42.2,Merit,1,2024
25000,No,Yes,Engineer,Homemaker,Postgraduate,Urban,87.1,SC/ST,1,2023
8000,Yes,No,Small Business,Teacher,Diploma,Urban,90.7,SC/ST,0,2022
12000,No,Yes,Engineer,Farmer,Graduate,Urban,81.9,SC/ST,1,2021
35000,Yes,No,Shopkeeper,Factory Worker,Postgraduate,Rural,80.1,Merit,0,2021
35000,Yes,No,Farmer,Teacher,HighSchool,Semi-Urban,95.4,Management,1,2021
18000,No,Yes,Daily Wage Worker,Nurse,Diploma,Semi-Urban,92.5,Merit,1,2022
12000,No,Yes,Small Business,Homemaker,Graduate,Urban,61.7,Merit,0,2024
45000,Yes,Yes,Engineer,Daily Wage Worker,Primary School,Rural,78.0,Merit,0,2023
8000,Yes,No,Farmer,Nurse,Graduate,Rural,71.6,Merit,0,2024
75000,No,No,Teacher,Homemaker,HighSchool,Semi-Urban,46.3,Sports,0,2022
8000,No,Yes,Teacher,Nurse,Diploma,Semi-Urban,53.6,SC/ST,1,2021
5000,No,Yes,Factory Worker,Factory Worker,HighSchool,Rural,69.8,Merit,1,2022
25000,No,No,Engineer,Homemaker,Graduate,Semi-Urban,66.7,Management,1,2021
25000,No,Yes,Shopkeeper,Shopkeeper,HighSchool,Rural,73.8,Management,1,2024
25000,No,No,Teacher,Teacher,Diploma,Semi-Urban,87.0,Merit,0,2021
18000,No,Yes,Shopkeeper,Nurse,HighSchool,Rural,87.4,Merit,1,2023
100000,Yes,No,Daily Wage Worker,Factory Worker,No Formal Education,Semi-Urban,56.0,Management,0,2021
25000,Yes,Yes,Teacher,Homemaker,Postgraduate,Rural,55.7,SC/ST,1,2023
18000,Yes,No,Government Job,Nurse,HighSchool,Rural,76.3,Merit,0,2021
18000,Yes,Yes,Farmer,Daily Wage Worker,HighSchool,Semi-Urban,62.4,OBC,1,2023
5000,Yes,Yes,Farmer,Shopkeeper,No Formal Education,Rural,96.6,Sports,1,2024
25000,No,No,Farmer,Government Job,Diploma,Semi-Urban,77.4,Merit,1,2022
12000,Yes,No,Daily Wage Worker,Shopkeeper,HighSchool,Semi-Urban,55.2,Merit,1,2021
35000,No,No,Engineer,Farmer,Graduate,Semi-Urban,46.2,SC/ST,1,2022
5000,No,Yes,Factory Worker,Shopkeeper,Graduate,Rural,82.7,Sports,1,2021
100000,Yes,Yes,Engineer,Teacher,No Formal Education,Rural,58.9,SC/ST,0,2024
18000,Yes,No,Farmer,Nurse,HighSchool,Semi-Urban,51.3,Management,1,2024
60000,No,No,Factory Worker,Shopkeeper,Diploma,Rural,54.9,OBC,1,2024
18000,Yes,Yes,Farmer,Homemaker,Postgraduate,Rural,81.0,Merit,0,2021
5000,No,No,Driver,Shopkeeper,Primary School,Urban,78.8,Merit,0,2024
60000,No,No,Government Job,Teacher,Graduate,Rural,45.9,Merit,0,2021
35000,No,Yes,Daily Wage Worker,Daily Wage Worker,Postgraduate,Semi-Urban,79.2,Merit,1,2021
45000,No,Yes,Small Business,Shopkeeper,Primary School,Rural,76.4,SC/ST,1,2023
18000,Yes,No,Driver,Shopkeeper,HighSchool,Rural,87.2,Merit,0,2023
35000,No,No,Shopkeeper,Nurse,Graduate,Urban,45.1,Sports,0,2022
60000,No,Yes,Engineer,Government Job,Postgraduate,Urban,56.1,Management,0,2023
35000,Yes,No,Shopkeeper,Nurse,HighSchool,Rural,87.4,Management,0,2022
12000,No,Yes,Small Business,Teacher,Graduate,Rural,65.9,Merit,1,2024
35000,No,No,Engineer,Shopkeeper,Graduate,Semi-Urban,93.6,Management,0,2022
35000,No,No,Engineer,Factory Worker,Diploma,Semi-Urban,80.8,SC/ST,0,2023
100000,No,No,Small Business,Shopkeeper,Graduate,Semi-Urban,43.2,Merit,0,2023
18000,No,Yes,Government Job,Nurse,Diploma,Rural,66.6,Merit,1,2024
18000,Yes,Yes,Engineer,Teacher,Postgraduate,Urban,57.5,Merit,0,2021
45000,Yes,No,Teacher,Nurse,Diploma,Urban,84.9,Management,0,2021
25000,No,No,Engineer,Farmer,Diploma,Semi-Urban,48.8,Merit,0,2024
45000,No,No,Farmer,Farmer,Graduate,Urban,92.1,Merit,0,2021
18000,No,Yes,Engineer,Factory Worker,Primary School,Rural,83.1,SC/ST,1,2022
12000,Yes,Yes,Driver,Teacher,Diploma,Rural,74.6,OBC,1,2023
45000,No,Yes,Daily Wage Worker,Farmer,No Formal Education,Rural,73.1,Merit,1,2024
8000,No,Yes,Shopkeeper,Teacher,Graduate,Rural,96.2,Management,1,2024
8000,Yes,No,Farmer,Farmer,Diploma,Rural,91.0,Merit,1,2024
35000,Yes,Yes,Daily Wage Worker,Homemaker,Graduate,Urban,94.4,Merit,0,2023
45000,No,No,Farmer,Factory Worker,Graduate,Urban,88.5,Merit,0,2021
60000,No,No,Small Business,Daily Wage Worker,Diploma,Semi-Urban,60.7,NRI,0,2021
12000,No,No,Government Job,Daily Wage Worker,Graduate,Semi-Urban,50.0,Merit,0,2024
8000,Yes,Yes,Driver,Shopkeeper,HighSchool,Rural,57.6,Merit,1,2022
75000,No,Yes,Doctor,Shopkeeper,Diploma,Rural,96.7,Management,0,2021
8000,No,No,Teacher,Daily Wage Worker,Primary School,Semi-Urban,96.9,SC/ST,1,2021
8000,Yes,Yes,Driver,Shopkeeper,Primary School,Semi-Urban,52.0,SC/ST,1,2021
12000,No,Yes,Farmer,Farmer,Graduate,Semi-Urban,53.4,OBC,1,2022
25000,No,Yes,Small Business,Government Job,Postgraduate,Semi-Urban,78.8,Merit,1,2021
60000,Yes,No,Shopkeeper,Shopkeeper,Diploma,Urban,72.7,OBC,0,2021
45000,No,Yes,Factory Worker,Farmer,Primary School,Rural,73.3,OBC,1,2024
35000,Yes,Yes,Daily Wage Worker,Daily Wage Worker,Primary School,Rural,93.5,OBC,1,2023
8000,Yes,Yes,Small Business,Teacher,No Formal Education,Rural,72.9,Management,1,2022
18000,No,No,Government Job,Factory Worker,Postgraduate,Urban,74.2,Merit,0,2023
18000,Yes,Yes,Daily Wage Worker,Daily Wage Worker,Diploma,Semi-Urban,79.0,Sports,1,2022
8000,Yes,Yes,Doctor,Teacher,Postgraduate,Semi-Urban,70.1,Merit,0,2023
12000,Yes,No,Teacher,Teacher,HighSchool,Urban,74.3,SC/ST,0,2024
12000,Yes,Yes,Government Job,Farmer,Graduate,Semi-Urban,84.1,Merit,0,2023
8000,No,No,Small Business,Daily Wage Worker,Graduate,Rural,94.0,Merit,0,2024
25000,No,Yes,Engineer,Teacher,No Formal Education,Rural,95.0,Merit,1,2021
35000,Yes,No,Shopkeeper,Government Job,Graduate,Semi-Urban,79.4,SC/ST,0,2024
5000,No,No,Factory Worker,Homemaker,Graduate,Urban,55.9,Management,1,2023
25000,No,No,Shopkeeper,Homemaker,No Formal Education,Urban,91.2,Merit,1,2024
45000,No,No,Doctor,Government Job,No Formal Education,Rural,80.9,OBC,1,2023
45000,No,No,Farmer,Homemaker,Diploma,Urban,61.7,OBC,1,2021
45000,Yes,No,Daily Wage Worker,Factory Worker,Postgraduate,Rural,77.0,OBC,0,2023
18000,Yes,No,Farmer,Government Job,Postgraduate,Urban,64.9,Management,0,2022
60000,Yes,Yes,Doctor,Homemaker,Primary School,Rural,89.2,NRI,0,2024
12000,No,No,Small Business,Shopkeeper,Graduate,Rural,59.9,Merit,1,2021
18000,No,No,Government Job,Farmer,Graduate,Semi-Urban,65.9,Sports,0,2021
8000,Yes,No,Shopkeeper,Shopkeeper,Postgraduate,Urban,86.8,Merit,0,2023
18000,No,No,Daily Wage Worker,Shopkeeper,No Formal Education,Rural,51.8,OBC,1,2022
18000,Yes,No,Daily Wage Worker,Homemaker,Postgraduate,Rural,73.3,Merit,1,2024
12000,Yes,Yes,Government Job,Nurse,Graduate,Rural,66.5,OBC,0,2023
45000,No,No,Factory Worker,Factory Worker,Graduate,Urban,61.7,Merit,0,2024
12000,No,No,Driver,Teacher,Primary School,Semi-Urban,46.5,Merit,1,2024
12000,Yes,No,Small Business,Homemaker,HighSchool,Urban,40.7,OBC,0,2023
8000,No,No,Small Business,Daily Wage Worker,HighSchool,Rural,76.2,Merit,1,2024
18000,Yes,Yes,Doctor,Nurse,Postgraduate,Semi-Urban,73.0,Management,0,2024
12000,Yes,Yes,Driver,Nurse,Graduate,Semi-Urban,95.2,Management,1,2023
18000,No,No,Farmer,Factory Worker,Postgraduate,Rural,57.8,Merit,1,2024
12000,Yes,No,Driver,Government Job,Diploma,Semi-Urban,42.4,SC/ST,1,2022
45000,No,Yes,Driver,Factory Worker,Postgraduate,Rural,67.3,OBC,1,2022
75000,No,No,Small Business,Teacher,Postgraduate,Rural,42.5,SC/ST,0,2022
25000,Yes,No,Teacher,Shopkeeper,No Formal Education,Rural,55.3,NRI,0,2023
35000,Yes,Yes,Teacher,Nurse,HighSchool,Semi-Urban,79.4,Merit,0,2023
60000,Yes,Yes,Daily Wage Worker,Teacher,Graduate,Semi-Urban,67.0,Merit,0,2024
100000,Yes,No,Engineer,Teacher,Graduate,Semi-Urban,59.3,Merit,0,2021
35000,No,Yes,Small Business,Farmer,HighSchool,Urban,87.2,SC/ST,0,2022
60000,No,No,Daily Wage Worker,Shopkeeper,Graduate,Semi-Urban,59.9,Merit,1,2022
75000,No,No,Engineer,Shopkeeper,HighSchool,Semi-Urban,49.4,Merit,0,2022
45000,No,Yes,Factory Worker,Shopkeeper,Graduate,Rural,56.5,OBC,1,2023
18000,No,Yes,Doctor,Farmer,Postgraduate,Urban,96.2,OBC,0,2024
5000,No,Yes,Daily Wage Worker,Factory Worker,HighSchool,Rural,54.8,SC/ST,1,2022
3000,Yes,Yes,Driver,Government Job,No Formal Education,Rural,61.4,SC/ST,1,2024
18000,No,Yes,Daily Wage Worker,Teacher,Graduate,Semi-Urban,50.3,Merit,1,2024
25000,Yes,Yes,Government Job,Factory Worker,Graduate,Urban,78.2,SC/ST,0,2024
18000,Yes,No,Doctor,Government Job,HighSchool,Rural,56.3,SC/ST,1,2021
25000,Yes,No,Shopkeeper,Factory Worker,Diploma,Semi-Urban,52.4,Merit,0,2022
25000,No,Yes,Factory Worker,Factory Worker,Diploma,Rural,74.6,Merit,1,2022
60000,Yes,No,Farmer,Nurse,Graduate,Rural,85.1,Management,0,2022
5000,Yes,Yes,Engineer,Nurse,Graduate,Semi-Urban,74.9,Merit,0,2024
12000,No,No,Driver,Factory Worker,HighSchool,Rural,69.4,Merit,1,2021
45000,No,No,Small Business,Teacher,HighSchool,Urban,97.4,SC/ST,1,2021
60000,No,Yes,Shopkeeper,Government Job,HighSchool,Rural,56.8,Management,1,2022
100000,Yes,Yes,Doctor,Shopkeeper,Primary School,Semi-Urban,67.9,NRI,0,2021
60000,Yes,No,Teacher,Daily Wage Worker,Primary School,Rural,51.3,OBC,0,2021
60000,No,No,Teacher,Shopkeeper,Graduate,Rural,69.7,NRI,0,2024
12000,Yes,Yes,Shopkeeper,Nurse,Graduate,Semi-Urban,68.6,Merit,0,2021
18000,No,Yes,Teacher,Shopkeeper,HighSchool,Rural,85.5,Sports,1,2021
12000,No,No,Engineer,Nurse,Postgraduate,Rural,67.0,NRI,0,2024
35000,Yes,No,Doctor,Homemaker,Graduate,Rural,48.4,SC/ST,0,2023
75000,Yes,No,Teacher,Government Job,Graduate,Rural,96.0,Merit,0,2023
12000,Yes,No,Doctor,Factory Worker,Postgraduate,Urban,55.8,Merit,0,2023
25000,No,No,Daily Wage Worker,Teacher,HighSchool,Urban,54.4,OBC,1,2021
12000,No,Yes,Shopkeeper,Government Job,Graduate,Rural,93.2,OBC,0,2024
8000,No,No,Small Business,Shopkeeper,HighSchool,Rural,79.1,Management,1,2021
8000,No,No,Teacher,Nurse,Postgraduate,Rural,92.3,Sports,0,2021
5000,No,No,Doctor,Daily Wage Worker,HighSchool,Semi-Urban,57.0,SC/ST,1,2022
75000,Yes,No,Farmer,Homemaker,Graduate,Rural,43.1,Merit,0,2021
18000,Yes,No,Driver,Farmer,HighSchool,Rural,65.6,Merit,1,2022
60000,No,No,Daily Wage Worker,Shopkeeper,HighSchool,Semi-Urban,54.5,SC/ST,1,2022
35000,No,No,Shopkeeper,Factory Worker,HighSchool,Urban,83.1,Management,0,2024
8000,No,Yes,Shopkeeper,Factory Worker,Graduate,Semi-Urban,52.7,SC/ST,1,2021
8000,No,No,Doctor,Daily Wage Worker,HighSchool,Semi-Urban,44.6,OBC,1,2021
45000,Yes,No,Shopkeeper,Teacher,HighSchool,Rural,67.9,Merit,0,2022
12000,No,Yes,Driver,Farmer,No Formal Education,Rural,56.6,OBC,1,2021
75000,Yes,No,Driver,Teacher,HighSchool,Semi-Urban,55.0,SC/ST,0,2023
8000,No,No,Factory Worker,Daily Wage Worker,HighSchool,Semi-Urban,58.6,Merit,1,2024
35000,No,Yes,Shopkeeper,Daily Wage Worker,Diploma,Rural,58.1,Merit,1,2021
45000,Yes,No,Factory Worker,Shopkeeper,Diploma,Rural,66.1,SC/ST,1,2022
12000,No,No,Driver,Government Job,Postgraduate,Rural,74.0,Sports,1,2021
12000,No,Yes,Farmer,Factory Worker,Diploma,Urban,71.8,Management,1,2021
100000,Yes,No,Engineer,Factory Worker,Primary School,Rural,75.1,Management,0,2024
12000,No,Yes,Engineer,Homemaker,Graduate,Urban,47.6,SC/ST,1,2023
18000,No,No,Shopkeeper,Factory Worker,No Formal Education,Urban,43.5,Sports,1,2021
18000,No,No,Engineer,Homemaker,Graduate,Semi-Urban,95.0,Merit,0,2024
12000,No,No,Engineer,Nurse,Diploma,Urban,53.2,Merit,0,2023
45000,No,No,Factory Worker,Factory Worker,Primary School,Rural,89.0,Sports,1,2024
45000,No,No,Teacher,Teacher,Postgraduate,Rural,43.9,Merit,0,2022
18000,Yes,No,Doctor,Daily Wage Worker,Diploma,Semi-Urban,79.9,Merit,0,2023
60000,Yes,No,Shopkeeper,Homemaker,Postgraduate,Urban,75.6,Merit,0,2021
12000,No,No,Driver,Teacher,Diploma,Urban,67.3,Merit,1,2021
3000,No,No,Factory Worker,Factory Worker,Diploma,Semi-Urban,62.1,Management,1,2022
25000,No,No,Shopkeeper,Government Job,HighSchool,Rural,91.0,Merit,1,2021
100000,No,Yes,Daily Wage Worker,Government Job,HighSchool,Rural,81.5,NRI,1,2021
3000,No,No,Doctor,Homemaker,Graduate,Semi-Urban,78.2,Management,1,2022
8000,Yes,Yes,Daily Wage Worker,Nurse,No Formal Education,Urban,94.7,Merit,1,2023
25000,No,No,Factory Worker,Daily Wage Worker,Diploma,Semi-Urban,44.0,Merit,1,2024
45000,No,No,Farmer,Nurse,HighSchool,Urban,84.2,Management,1,2021
5000,Yes,Yes,Doctor,Farmer,Diploma,Rural,97.1,OBC,0,2024
18000,Yes,Yes,Factory Worker,Farmer,HighSchool,Semi-Urban,97.3,Merit,0,2021
45000,No,No,Teacher,Shopkeeper,HighSchool,Rural,50.2,Merit,1,2024
18000,No,No,Daily Wage Worker,Nurse,Diploma,Semi-Urban,87.8,Merit,1,2022
8000,Yes,Yes,Engineer,Government Job,Graduate,Urban,43.5,Management,1,2023
8000,No,No,Factory Worker,Nurse,Postgraduate,Semi-Urban,80.8,Merit,0,2021
18000,Yes,No,Shopkeeper,Nurse,HighSchool,Semi-Urban,77.8,Merit,0,2023
18000,Yes,No,Driver,Daily Wage Worker,Diploma,Rural,66.9,NRI,1,2023
60000,No,No,Driver,Teacher,HighSchool,Urban,60.3,Management,1,2022
35000,No,Yes,Government Job,Farmer,Graduate,Semi-Urban,54.1,SC/ST,0,2021
35000,No,Yes,Factory Worker,Government Job,HighSchool,Urban,60.6,OBC,1,2023
100000,No,No,Farmer,Daily Wage Worker,Primary School,Rural,45.9,Sports,1,2024
18000,No,No,Government Job,Factory Worker,Graduate,Rural,57.8,OBC,1,2023
18000,Yes,No,Small Business,Farmer,No Formal Education,Semi-Urban,70.0,SC/ST,1,2023
75000,Yes,Yes,Engineer,Farmer,No Formal Education,Semi-Urban,70.4,Management,0,2021
12000,Yes,Yes,Driver,Government Job,Postgraduate,Semi-Urban,74.0,Management,1,2021
45000,Yes,No,Driver,Shopkeeper,Postgraduate,Rural,82.9,Management,0,2024
45000,Yes,Yes,Driver,Factory Worker,Graduate,Semi-Urban,46.9,OBC,0,2024
5000,No,No,Shopkeeper,Shopkeeper,No Formal Education,Rural,90.2,SC/ST,1,2023
18000,No,No,Daily Wage Worker,Farmer,HighSchool,Rural,61.6,Merit,1,2024
8000,Yes,No,Shopkeeper,Farmer,HighSchool,Urban,51.3,Merit,0,2022
8000,Yes,No,Driver,Farmer,Graduate,Urban,50.6,Management,0,2024
18000,No,No,Factory Worker,Shopkeeper,Graduate,Rural,87.5,Sports,1,2022
12000,Yes,Yes,Daily Wage Worker,Teacher,HighSchool,Urban,68.2,Merit,1,2021
45000,No,No,Factory Worker,Teacher,Diploma,Urban,55.2,OBC,1,2024
75000,No,No,Teacher,Farmer,HighSchool,Semi-Urban,95.0,SC/ST,0,2023
45000,Yes,Yes,Daily Wage Worker,Government Job,Graduate,Urban,74.6,SC/ST,0,2022
12000,No,Yes,Small Business,Daily Wage Worker,HighSchool,Semi-Urban,77.4,NRI,1,2023
12000,No,No,Factory Worker,Daily Wage Worker,Graduate,Rural,54.6,Merit,1,2023
12000,Yes,No,Farmer,Shopkeeper,Graduate,Rural,63.6,Merit,0,2024
8000,Yes,Yes,Government Job,Factory Worker,Primary School,Rural,58.1,Sports,1,2022
75000,No,No,Teacher,Government Job,Postgraduate,Rural,54.5,Merit,0,2024
18000,Yes,No,Driver,Nurse,Graduate,Urban,93.0,SC/ST,0,2023
12000,No,No,Small Business,Teacher,Graduate,Urban,47.6,Merit,0,2024
60000,Yes,No,Daily Wage Worker,Government Job,Primary School,Semi-Urban,45.3,Merit,1,2022
18000,No,Yes,Driver,Government Job,HighSchool,Semi-Urban,62.4,SC/ST,1,2021
3000,Yes,Yes,Shopkeeper,Teacher,Primary School,Urban,78.8,OBC,1,2022
8000,Yes,No,Driver,Farmer,Diploma,Urban,58.6,Merit,0,2022
35000,No,Yes,Engineer,Factory Worker,HighSchool,Rural,51.9,Management,1,2021
45000,No,No,Factory Worker,Teacher,Graduate,Urban,43.2,Management,1,2023
12000,No,Yes,Farmer,Teacher,Diploma,Semi-Urban,89.1,OBC,1,2021
75000,Yes,No,Teacher,Homemaker,Diploma,Rural,83.4,SC/ST,0,2023
60000,Yes,No,Teacher,Farmer,Postgraduate,Rural,78.0,SC/ST,0,2024
60000,Yes,No,Teacher,Nurse,Graduate,Urban,83.3,Management,0,2023
12000,Yes,Yes,Teacher,Farmer,Diploma,Rural,89.6,Merit,0,2024
5000,No,No,Driver,Shopkeeper,Postgraduate,Urban,55.7,Management,1,2024
60000,Yes,No,Factory Worker,Factory Worker,Diploma,Urban,86.7,SC/ST,0,2024
12000,No,No,Daily Wage Worker,Daily Wage Worker,Graduate,Rural,46.1,Merit,1,2024
35000,Yes,No,Factory Worker,Teacher,Diploma,Rural,95.1,Sports,0,2023
45000,No,No,Factory Worker,Government Job,Graduate,Semi-Urban,73.3,SC/ST,1,2023
8000,Yes,No,Doctor,Farmer,Graduate,Rural,85.1,Management,0,2022
45000,No,No,Teacher,Daily Wage Worker,Graduate,Semi-Urban,68.7,Merit,0,2024
75000,No,Yes,Daily Wage Worker,Teacher,HighSchool,Urban,63.6,Management,1,2024
45000,No,Yes,Small Business,Homemaker,Postgraduate,Semi-Urban,81.7,Merit,0,2023
18000,Yes,No,Driver,Factory Worker,Diploma,Semi-Urban,59.4,Sports,1,2024
60000,No,No,Daily Wage Worker,Government Job,Graduate,Urban,75.4,Sports,0,2024
25000,No,No,Shopkeeper,Homemaker,No Formal Education,Urban,40.1,Merit,1,2022
45000,No,No,Small Business,Daily Wage Worker,Diploma,Urban,89.4,Merit,0,2023
60000,No,Yes,Factory Worker,Shopkeeper,Postgraduate,Rural,49.8,Merit,1,2022
45000,Yes,No,Small Business,Government Job,Graduate,Rural,76.2,Merit,0,2024
12000,Yes,Yes,Daily Wage Worker,Shopkeeper,Primary School,Semi-Urban,90.5,Merit,1,2023
8000,Yes,No,Teacher,Homemaker,Graduate,Rural,80.1,Merit,0,2024
12000,Yes,Yes,Factory Worker,Factory Worker,No Formal Education,Semi-Urban,67.9,Management,1,2022
25000,No,Yes,Daily Wage Worker,Farmer,HighSchool,Urban,69.8,Merit,1,2023
25000,No,Yes,Small Business,Daily Wage Worker,HighSchool,Urban,65.9,Merit,0,2023
25000,Yes,Yes,Government Job,Teacher,HighSchool,Rural,42.0,Merit,0,2023
18000,Yes,No,Shopkeeper,Homemaker,No Formal Education,Urban,85.7,NRI,0,2024
45000,No,No,Government Job,Daily Wage Worker,Graduate,Semi-Urban,96.4,Management,0,2023
75000,Yes,No,Daily Wage Worker,Farmer,Graduate,Semi-Urban,82.5,Merit,0,2024
12000,No,Yes,Shopkeeper,Homemaker,HighSchool,Rural,93.0,SC/ST,1,2021
45000,No,Yes,Daily Wage Worker,Teacher,Graduate,Rural,91.4,NRI,0,2021
35000,No,No,Engineer,Factory Worker,Diploma,Urban,61.0,OBC,0,2023
25000,Yes,Yes,Farmer,Teacher,Postgraduate,Semi-Urban,61.4,Merit,0,2023
8000,Yes,No,Small Business,Nurse,Graduate,Urban,67.1,Management,0,2022
45000,No,No,Factory Worker,Homemaker,Postgraduate,Rural,45.4,Merit,1,2021
100000,Yes,No,Farmer,Farmer,Graduate,Rural,42.6,Merit,0,2024
45000,Yes,No,Teacher,Factory Worker,Graduate,Rural,40.1,Management,0,2022
75000,No,No,Doctor,Factory Worker,Primary School,Semi-Urban,71.2,Management,0,2022
100000,Yes,Yes,Factory Worker,Nurse,Postgraduate,Semi-Urban,71.8,NRI,0,2022
18000,No,No,Farmer,Factory Worker,Graduate,Semi-Urban,44.6,Merit,1,2021
35000,No,No,Government Job,Nurse,HighSchool,Rural,50.5,Merit,1,2024
18000,No,No,Daily Wage Worker,Government Job,HighSchool,Rural,83.7,Merit,1,2021
100000,No,No,Driver,Factory Worker,Diploma,Rural,71.4,SC/ST,0,2022
5000,No,Yes,Shopkeeper,Teacher,HighSchool,Rural,85.9,Merit,1,2024
18000,No,Yes,Engineer,Farmer,Postgraduate,Urban,51.8,Merit,0,2023
60000,No,No,Doctor,Factory Worker,HighSchool,Rural,73.7,Sports,0,2021
12000,Yes,Yes,Farmer,Government Job,Primary School,Rural,54.1,Management,1,2023
45000,Yes,Yes,Driver,Daily Wage Worker,No Formal Education,Urban,96.7,SC/ST,1,2024
18000,No,Yes,Factory Worker,Daily Wage Worker,Diploma,Urban,94.5,SC/ST,1,2022
100000,No,No,Farmer,Shopkeeper,Graduate,Semi-Urban,59.2,Merit,0,2024
60000,No,No,Doctor,Nurse,Graduate,Rural,49.1,SC/ST,0,2023
12000,Yes,Yes,Farmer,Shopkeeper,HighSchool,Semi-Urban,48.7,SC/ST,1,2023
45000,Yes,No,Doctor,Nurse,Postgraduate,Rural,50.4,SC/ST,0,2023
12000,No,No,Teacher,Homemaker,HighSchool,Rural,77.3,Management,1,2023
35000,Yes,No,Government Job,Homemaker,Primary School,Urban,50.6,Merit,0,2022
35000,Yes,No,Engineer,Teacher,HighSchool,Urban,50.9,Management,0,2021
60000,Yes,No,Factory Worker,Factory Worker,Diploma,Rural,63.8,Management,0,2022
3000,No,Yes,Farmer,Shopkeeper,Diploma,Urban,86.8,Merit,1,2021
12000,No,No,Daily Wage Worker,Teacher,Graduate,Semi-Urban,47.9,Management,1,2021
35000,Yes,No,Engineer,Nurse,Primary School,Semi-Urban,49.3,Management,0,2022
25000,No,Yes,Engineer,Government Job,Postgraduate,Rural,44.5,Sports,1,2021
25000,No,No,Small Business,Daily Wage Worker,HighSchool,Urban,43.8,OBC,1,2024
5000,No,No,Engineer,Shopkeeper,HighSchool,Rural,49.7,Merit,1,2022
12000,No,Yes,Farmer,Nurse,Graduate,Rural,86.9,Management,1,2022
60000,Yes,Yes,Factory Worker,Factory Worker,Graduate,Rural,98.1,Merit,0,2024
3000,Yes,Yes,Factory Worker,Teacher,Postgraduate,Semi-Urban,52.1,Management,1,2024
18000,No,No,Small Business,Daily Wage Worker,Diploma,Urban,50.7,Merit,0,2022
75000,Yes,No,Teacher,Farmer,HighSchool,Rural,49.8,SC/ST,0,2022
5000,No,Yes,Small Business,Teacher,Postgraduate,Rural,42.6,Merit,1,2024
45000,Yes,Yes,Government Job,Daily Wage Worker,Diploma,Urban,89.6,SC/ST,0,2022
12000,No,No,Government Job,Shopkeeper,Graduate,Semi-Urban,70.1,OBC,1,2021
60000,Yes,Yes,Shopkeeper,Homemaker,No Formal Education,Urban,59.5,Management,1,2022
45000,Yes,Yes,Engineer,Factory Worker,HighSchool,Urban,52.4,Merit,0,2022
60000,Yes,No,Teacher,Farmer,Postgraduate,Urban,50.3,Management,0,2023
12000,Yes,No,Small Business,Government Job,Postgraduate,Semi-Urban,46.5,Merit,0,2022
25000,No,No,Shopkeeper,Shopkeeper,Postgraduate,Rural,79.3,Management,1,2024
45000,Yes,Yes,Teacher,Government Job,Graduate,Semi-Urban,78.9,Merit,0,2022
12000,Yes,No,Farmer,Government Job,Diploma,Rural,47.5,Merit,1,2023
12000,No,Yes,Government Job,Factory Worker,Graduate,Semi-Urban,52.5,Sports,1,2023
3000,Yes,No,Doctor,Nurse,Primary School,Semi-Urban,88.3,Merit,0,2024
75000,No,Yes,Engineer,Nurse,Graduate,Rural,71.5,Management,1,2022
35000,No,No,Driver,Factory Worker,Graduate,Semi-Urban,50.5,Management,1,2021
35000,Yes,Yes,Doctor,Daily Wage Worker,Graduate,Rural,78.4,Management,0,2021
45000,No,No,Doctor,Factory Worker,Diploma,Urban,89.7,NRI,0,2023
25000,No,Yes,Government Job,Daily Wage Worker,HighSchool,Rural,59.4,Sports,1,2021
18000,No,Yes,Driver,Teacher,Graduate,Semi-Urban,84.9,NRI,1,2022
18000,Yes,No,Factory Worker,Nurse,Postgraduate,Rural,89.6,SC/ST,1,2022
35000,Yes,Yes,Factory Worker,Daily Wage Worker,Diploma,Rural,60.5,NRI,0,2022
8000,No,No,Teacher,Government Job,No Formal Education,Semi-Urban,94.5,Management,1,2023
60000,Yes,Yes,Teacher,Teacher,Postgraduate,Semi-Urban,63.8,Sports,0,2023
45000,Yes,No,Factory Worker,Homemaker,Graduate,Urban,46.3,Sports,0,2022
12000,Yes,Yes,Small Business,Daily Wage Worker,Graduate,Rural,84.7,Management,0,2021
25000,Yes,Yes,Doctor,Government Job,Postgraduate,Urban,50.3,Merit,0,2024
8000,Yes,Yes,Farmer,Homemaker,Graduate,Rural,52.2,Merit,1,2024
100000,No,No,Government Job,Factory Worker,Graduate,Semi-Urban,78.7,OBC,0,2021
75000,No,No,Small Business,Government Job,Graduate,Semi-Urban,69.9,NRI,0,2023
75000,Yes,Yes,Small Business,Nurse,Diploma,Rural,44.7,Merit,0,2024
12000,No,No,Doctor,Daily Wage Worker,HighSchool,Rural,87.2,Merit,0,2023
8000,No,Yes,Engineer,Shopkeeper,HighSchool,Rural,41.2,Merit,1,2024
12000,No,No,Engineer,Homemaker,Graduate,Semi-Urban,51.3,Sports,0,2021
5000,No,No,Driver,Daily Wage Worker,HighSchool,Rural,76.9,SC/ST,1,2024
8000,Yes,Yes,Government Job,Nurse,Postgraduate,Urban,85.4,SC/ST,0,2022
5000,No,No,Farmer,Teacher,Diploma,Rural,66.9,Management,1,2023
100000,Yes,No,Factory Worker,Factory Worker,Graduate,Urban,66.7,Merit,0,2021
5000,Yes,No,Small Business,Factory Worker,No Formal Education,Urban,95.5,SC/ST,1,2021
8000,No,Yes,Shopkeeper,Daily Wage Worker,Diploma,Rural,57.9,Management,1,2021
60000,No,No,Teacher,Nurse,Diploma,Urban,72.3,Merit,0,2024
25000,No,Yes,Small Business,Farmer,Graduate,Urban,78.0,OBC,0,2024
45000,No,No,Doctor,Teacher,No Formal Education,Rural,94.7,Merit,1,2021
35000,No,No,Shopkeeper,Farmer,Diploma,Semi-Urban,85.1,Merit,0,2021
60000,Yes,No,Shopkeeper,Nurse,Postgraduate,Urban,47.0,Merit,0,2022
35000,No,No,Government Job,Teacher,Graduate,Urban,85.2,Management,0,2024
25000,No,No,Daily Wage Worker,Homemaker,Graduate,Urban,76.7,OBC,1,2021
35000,No,No,Daily Wage Worker,Government Job,Graduate,Rural,85.7,Merit,1,2022
18000,No,No,Driver,Teacher,Graduate,Rural,45.8,Merit,1,2022
12000,No,Yes,Teacher,Shopkeeper,Diploma,Semi-Urban,94.3,NRI,0,2024
18000,Yes,No,Factory Worker,Daily Wage Worker,Diploma,Rural,86.8,Merit,0,2021
8000,No,No,Factory Worker,Teacher,No Formal Education,Semi-Urban,90.0,OBC,1,2024
45000,No,No,Factory Worker,Factory Worker,HighSchool,Semi-Urban,92.0,Management,1,2024
12000,Yes,No,Doctor,Farmer,Diploma,Semi-Urban,45.7,Merit,0,2021
8000,Yes,Yes,Government Job,Nurse,Postgraduate,Urban,87.1,SC/ST,0,2023
12000,Yes,Yes,Small Business,Teacher,Graduate,Semi-Urban,81.3,Management,1,2021
60000,No,Yes,Government Job,Government Job,Diploma,Semi-Urban,80.2,OBC,0,2023
12000,Yes,No,Factory Worker,Teacher,Graduate,Urban,62.6,Merit,0,2021
35000,No,No,Daily Wage Worker,Government Job,Diploma,Rural,55.6,NRI,1,2023
60000,Yes,Yes,Farmer,Shopkeeper,HighSchool,Urban,75.9,Management,0,2021
5000,No,Yes,Factory Worker,Farmer,Primary School,Rural,56.9,Merit,1,2022
45000,Yes,No,Teacher,Farmer,Graduate,Semi-Urban,94.1,Merit,0,2023
12000,Yes,No,Farmer,Daily Wage Worker,Graduate,Urban,75.9,Merit,0,2023
12000,Yes,Yes,Daily Wage Worker,Factory Worker,Graduate,Urban,61.2,Sports,1,2021
35000,No,Yes,Small Business,Homemaker,Graduate,Semi-Urban,41.3,SC/ST,1,2023
75000,Yes,No,Farmer,Homemaker,Graduate,Urban,49.5,SC/ST,0,2024
12000,Yes,No,Small Business,Farmer,HighSchool,Rural,57.2,Sports,1,2023
25000,No,Yes,Driver,Teacher,Graduate,Semi-Urban,49.6,Management,1,2021
12000,No,Yes,Driver,Farmer,Primary School,Urban,72.2,Management,1,2023
25000,No,No,Small Business,Homemaker,HighSchool,Urban,82.6,SC/ST,0,2021
35000,No,No,Small Business,Daily Wage Worker,Diploma,Urban,92.2,Management,0,2021
35000,Yes,No,Driver,Farmer,Primary School,Urban,78.0,SC/ST,0,2021
35000,No,Yes,Engineer,Daily Wage Worker,Graduate,Rural,74.1,Merit,0,2022
8000,Yes,Yes,Small Business,Shopkeeper,No Formal Education,Urban,54.1,Merit,1,2021
35000,Yes,No,Factory Worker,Nurse,HighSchool,Semi-Urban,91.6,SC/ST,1,2023
35000,Yes,No,Engineer,Teacher,Diploma,Semi-Urban,58.6,Merit,0,2021
35000,Yes,Yes,Driver,Daily Wage Worker,Graduate,Urban,81.5,Merit,0,2021
5000,Yes,No,Driver,Farmer,Primary School,Semi-Urban,84.1,SC/ST,1,2023
18000,No,No,Factory Worker,Shopkeeper,Graduate,Rural,42.6,Merit,1,2021
18000,No,No,Shopkeeper,Factory Worker,Diploma,Urban,78.4,Merit,0,2021
5000,Yes,No,Doctor,Nurse,HighSchool,Rural,94.9,SC/ST,0,2023
12000,Yes,Yes,Doctor,Nurse,Primary School,Urban,80.9,Merit,0,2023
18000,No,No,Daily Wage Worker,Shopkeeper,Postgraduate,Urban,68.1,Merit,1,2021
45000,Yes,Yes,Farmer,Nurse,Diploma,Urban,63.7,Merit,0,2022
12000,Yes,Yes,Farmer,Government Job,Diploma,Semi-Urban,48.8,SC/ST,1,2023
60000,No,No,Shopkeeper,Factory Worker,HighSchool,Urban,53.3,Management,1,2021
25000,Yes,Yes,Small Business,Farmer,Diploma,Semi-Urban,92.5,OBC,0,2021
45000,Yes,No,Teacher,Daily Wage Worker,HighSchool,Rural,63.0,Merit,0,2024
18000,No,Yes,Engineer,Factory Worker,HighSchool,Urban,49.6,Merit,1,2021
25000,No,No,Factory Worker,Daily Wage Worker,Graduate,Urban,63.5,Management,1,2024
35000,No,Yes,Government Job,Nurse,Postgraduate,Urban,65.8,OBC,0,2024
75000,Yes,No,Shopkeeper,Factory Worker,HighSchool,Semi-Urban,60.0,Management,0,2021
25000,No,No,Doctor,Government Job,HighSchool,Rural,41.0,SC/ST,1,2024
25000,Yes,No,Small Business,Daily Wage Worker,HighSchool,Rural,61.7,Management,0,2022
35000,Yes,No,Engineer,Factory Worker,Postgraduate,Rural,92.9,OBC,0,2022
45000,Yes,No,Government Job,Farmer,Graduate,Urban,56.2,OBC,0,2023
5000,No,No,Factory Worker,Government Job,HighSchool,Semi-Urban,61.4,Merit,1,2022
25000,No,No,Government Job,Factory Worker,Graduate,Rural,82.2,Management,1,2023
25000,No,No,Daily Wage Worker,Homemaker,Diploma,Rural,49.2,Management,1,2022
75000,No,Yes,Factory Worker,Shopkeeper,No Formal Education,Rural,89.6,Sports,1,2023
25000,No,No,Shopkeeper,Daily Wage Worker,Postgraduate,Semi-Urban,72.2,SC/ST,0,2021
18000,No,No,Small Business,Daily Wage Worker,Primary School,Urban,71.5,Sports,1,2024
100000,No,Yes,Driver,Teacher,Diploma,Urban,47.5,Merit,0,2023
18000,Yes,Yes,Daily Wage Worker,Shopkeeper,Graduate,Semi-Urban,44.0,SC/ST,1,2024
8000,No,No,Government Job,Daily Wage Worker,Graduate,Semi-Urban,90.0,Sports,0,2024
12000,No,No,Daily Wage Worker,Shopkeeper,No Formal Education,Rural,53.1,Merit,1,2023
5000,Yes,No,Government Job,Farmer,Graduate,Semi-Urban,65.7,Management,0,2024
3000,No,No,Teacher,Daily Wage Worker,Graduate,Semi-Urban,69.9,Merit,0,2024
18000,Yes,Yes,Shopkeeper,Homemaker,Postgraduate,Rural,41.4,Merit,0,2022
45000,Yes,No,Driver,Nurse,HighSchool,Rural,81.5,SC/ST,1,2024
45000,No,Yes,Shopkeeper,Government Job,No Formal Education,Urban,72.0,Sports,1,2022
3000,Yes,Yes,Teacher,Daily Wage Worker,Postgraduate,Semi-Urban,93.6,SC/ST,0,2021
25000,Yes,Yes,Government Job,Factory Worker,Graduate,Semi-Urban,47.7,Management,0,2021
8000,Yes,No,Shopkeeper,Government Job,Diploma,Semi-Urban,49.9,OBC,1,2024
75000,No,Yes,Daily Wage Worker,Homemaker,Graduate,Semi-Urban,55.3,OBC,1,2023
8000,No,Yes,Driver,Teacher,Primary School,Rural,58.0,Merit,1,2024
35000,No,Yes,Shopkeeper,Shopkeeper,Postgraduate,Urban,95.6,OBC,0,2022
12000,Yes,No,Daily Wage Worker,Teacher,Graduate,Rural,73.5,Merit,1,2024
35000,No,No,Teacher,Factory Worker,Postgraduate,Rural,56.0,Merit,1,2024
18000,No,No,Driver,Nurse,Diploma,Semi-Urban,52.7,SC/ST,1,2021
45000,No,No,Teacher,Homemaker,Graduate,Semi-Urban,70.8,Management,0,2023
12000,No,Yes,Shopkeeper,Teacher,HighSchool,Semi-Urban,51.9,SC/ST,1,2024
75000,No,Yes,Small Business,Teacher,Primary School,Urban,44.7,Merit,0,2022
25000,No,No,Teacher,Daily Wage Worker,HighSchool,Rural,76.8,Merit,1,2023
45000,Yes,No,Driver,Homemaker,Postgraduate,Rural,79.4,NRI,0,2022
60000,No,No,Daily Wage Worker,Homemaker,Graduate,Rural,44.4,Management,1,2024
100000,No,Yes,Doctor,Nurse,Diploma,Rural,69.8,Management,0,2021
12000,No,Yes,Shopkeeper,Daily Wage Worker,HighSchool,Urban,73.7,Management,1,2024
12000,No,No,Engineer,Government Job,Graduate,Semi-Urban,77.5,Management,0,2022
12000,Yes,No,Driver,Daily Wage Worker,Graduate,Rural,40.5,Merit,1,2024
12000,No,Yes,Factory Worker,Factory Worker,Diploma,Semi-Urban,86.8,NRI,1,2024
25000,Yes,Yes,Small Business,Factory Worker,Graduate,Urban,71.2,Management,0,2024
100000,Yes,Yes,Government Job,Nurse,HighSchool,Urban,64.3,SC/ST,0,2023
100000,Yes,No,Engineer,Teacher,Diploma,Semi-Urban,65.9,OBC,0,2022
25000,Yes,No,Engineer,Shopkeeper,HighSchool,Urban,66.7,Management,0,2022
35000,No,Yes,Doctor,Government Job,HighSchool,Rural,90.2,Management,0,2023
60000,Yes,No,Teacher,Factory Worker,HighSchool,Urban,80.6,Merit,0,2022
75000,No,Yes,Engineer,Shopkeeper,Graduate,Urban,56.9,SC/ST,0,2024
8000,Yes,Yes,Teacher,Daily Wage Worker,Primary School,Semi-Urban,40.7,Management,1,2023
25000,No,No,Teacher,Homemaker,HighSchool,Semi-Urban,62.2,Merit,0,2022
60000,No,No,Shopkeeper,Farmer,Diploma,Semi-Urban,51.2,Sports,1,2024
12000,No,Yes,Driver,Nurse,Diploma,Semi-Urban,75.8,Merit,1,2021
18000,Yes,Yes,Doctor,Nurse,Graduate,Semi-Urban,77.8,Management,0,2022
100000,Yes,No,Farmer,Teacher,Graduate,Urban,59.0,NRI,0,2021
100000,No,Yes,Government Job,Nurse,Graduate,Urban,90.9,Merit,0,2023
75000,No,No,Government Job,Teacher,HighSchool,Urban,97.9,OBC,0,2024
45000,No,Yes,Small Business,Nurse,No Formal Education,Rural,67.7,Sports,1,2024
12000,Yes,Yes,Shopkeeper,Teacher,HighSchool,Semi-Urban,67.9,Merit,0,2024
12000,No,No,Doctor,Homemaker,Graduate,Semi-Urban,44.6,OBC,1,2023
25000,No,Yes,Shopkeeper,Farmer,Primary School,Rural,91.8,SC/ST,1,2021
25000,Yes,Yes,Farmer,Farmer,Graduate,Semi-Urban,48.5,Management,1,2023
25000,Yes,Yes,Factory Worker,Farmer,Postgraduate,Rural,77.1,OBC,1,2022
35000,Yes,No,Doctor,Nurse,Graduate,Semi-Urban,78.1,Management,0,2024
18000,Yes,Yes,Factory Worker,Nurse,Diploma,Rural,60.4,Management,1,2024
45000,Yes,Yes,Government Job,Farmer,Graduate,Rural,45.9,SC/ST,0,2022
12000,No,No,Doctor,Shopkeeper,HighSchool,Urban,78.6,Merit,0,2024
12000,No,No,Government Job,Factory Worker,Postgraduate,Rural,60.2,OBC,1,2021
8000,Yes,Yes,Teacher,Farmer,HighSchool,Rural,49.0,Merit,1,2024
8000,No,Yes,Farmer,Shopkeeper,Graduate,Rural,93.9,NRI,1,2022
60000,Yes,No,Teacher,Shopkeeper,No Formal Education,Semi-Urban,68.7,SC/ST,0,2023
18000,No,Yes,Engineer,Factory Worker,Graduate,Urban,81.3,OBC,0,2021
12000,No,No,Factory Worker,Shopkeeper,HighSchool,Semi-Urban,57.7,Management,1,2022
45000,No,Yes,Daily Wage Worker,Homemaker,Primary School,Urban,48.7,Merit,1,2024
25000,Yes,No,Farmer,Farmer,Diploma,Rural,42.0,OBC,1,2024
3000,Yes,No,Teacher,Homemaker,Primary School,Rural,60.3,Merit,1,2024
12000,No,Yes,Government Job,Daily Wage Worker,HighSchool,Urban,43.0,SC/ST,1,2022
8000,No,Yes,Small Business,Teacher,Postgraduate,Rural,98.4,Management,0,2024
35000,No,No,Shopkeeper,Homemaker,Primary School,Semi-Urban,53.8,SC/ST,1,2021
12000,No,Yes,Shopkeeper,Daily Wage Worker,Graduate,Semi-Urban,47.4,Merit,1,2022
5000,No,Yes,Daily Wage Worker,Daily Wage Worker,Primary School,Urban,88.5,SC/ST,1,2022
5000,Yes,Yes,Doctor,Shopkeeper,Graduate,Semi-Urban,87.2,SC/ST,0,2024
25000,No,No,Teacher,Factory Worker,Postgraduate,Urban,98.8,NRI,0,2022
3000,No,No,Factory Worker,Teacher,Diploma,Semi-Urban,54.4,Management,1,2023
60000,No,Yes,Small Business,Government Job,Postgraduate,Rural,42.8,Merit,0,2021
8000,No,Yes,Driver,Nurse,Graduate,Rural,82.7,Management,1,2021
35000,No,No,Teacher,Nurse,Graduate,Semi-Urban,87.7,Merit,0,2024
18000,Yes,No,Driver,Factory Worker,HighSchool,Rural,60.7,Merit,1,2021
18000,Yes,No,Teacher,Shopkeeper,Postgraduate,Rural,95.2,Merit,0,2021
5000,Yes,No,Driver,Farmer,Postgraduate,Semi-Urban,85.5,Sports,0,2024
45000,No,Yes,Daily Wage Worker,Farmer,Primary School,Semi-Urban,64.2,SC/ST,1,2022
60000,Yes,No,Small Business,Government Job,No Formal Education,Semi-Urban,82.5,Merit,0,2024
3000,Yes,Yes,Doctor,Farmer,HighSchool,Urban,40.1,OBC,1,2022
8000,Yes,Yes,Government Job,Factory Worker,Primary School,Rural,60.0,Merit,1,2023
75000,Yes,No,Farmer,Homemaker,HighSchool,Urban,50.0,Merit,0,2022
25000,No,Yes,Factory Worker,Farmer,Postgraduate,Urban,58.0,Management,1,2021
8000,Yes,No,Shopkeeper,Shopkeeper,Postgraduate,Urban,52.3,SC/ST,1,2024
8000,Yes,No,Doctor,Farmer,Diploma,Semi-Urban,82.2,Merit,0,2024
35000,Yes,No,Teacher,Shopkeeper,HighSchool,Rural,88.9,Merit,0,2021
45000,Yes,No,Teacher,Daily Wage Worker,Graduate,Urban,50.6,Merit,0,2024
25000,Yes,No,Engineer,Government Job,Postgraduate,Urban,64.6,OBC,0,2021
75000,No,Yes,Teacher,Nurse,Graduate,Urban,75.3,OBC,0,2023
25000,Yes,No,Driver,Factory Worker,Postgraduate,Urban,48.5,Merit,0,2023
12000,Yes,No,Farmer,Homemaker,Graduate,Rural,61.3,OBC,1,2024
18000,Yes,Yes,Small Business,Daily Wage Worker,Diploma,Urban,51.5,Merit,0,2021
18000,Yes,Yes,Farmer,Daily Wage Worker,Primary School,Urban,73.2,NRI,1,2021
12000,No,No,Factory Worker,Shopkeeper,Graduate,Urban,93.2,OBC,1,2022
5000,No,No,Teacher,Homemaker,Graduate,Semi-Urban,67.3,Merit,0,2024
18000,No,No,Teacher,Factory Worker,Graduate,Urban,79.6,Merit,0,2021
35000,Yes,No,Teacher,Nurse,Graduate,Semi-Urban,82.5,Management,0,2024
3000,Yes,No,Doctor,Factory Worker,HighSchool,Semi-Urban,98.4,OBC,0,2021
18000,Yes,Yes,Driver,Homemaker,HighSchool,Urban,77.0,Merit,0,2023
35000,Yes,No,Farmer,Teacher,Postgraduate,Rural,50.9,Merit,0,2024
35000,Yes,No,Teacher,Government Job,Diploma,Urban,40.6,SC/ST,0,2024
45000,No,Yes,Driver,Farmer,HighSchool,Semi-Urban,48.2,Merit,1,2023
45000,Yes,No,Small Business,Nurse,Graduate,Rural,47.4,SC/ST,1,2021
35000,Yes,No,Factory Worker,Government Job,HighSchool,Semi-Urban,70.9,OBC,0,2021
5000,Yes,Yes,Daily Wage Worker,Teacher,Graduate,Semi-Urban,65.9,OBC,1,2021
18000,Yes,No,Farmer,Teacher,Graduate,Rural,76.3,Management,1,2022
35000,Yes,No,Government Job,Teacher,Graduate,Urban,44.6,Merit,0,2024
12000,No,No,Shopkeeper,Nurse,Postgraduate,Semi-Urban,88.4,OBC,0,2022
5000,Yes,No,Government Job,Farmer,HighSchool,Urban,46.4,Merit,0,2024
12000,No,Yes,Engineer,Government Job,Postgraduate,Rural,80.3,SC/ST,1,2021
18000,No,No,Factory Worker,Factory Worker,Graduate,Rural,80.9,Merit,1,2022
18000,No,No,Factory Worker,Teacher,Postgraduate,Rural,73.5,Sports,1,2024
8000,No,No,Teacher,Farmer,Graduate,Rural,50.3,Merit,0,2024
60000,No,No,Daily Wage Worker,Homemaker,No Formal Education,Urban,76.2,SC/ST,1,2023
75000,Yes,Yes,Driver,Nurse,Diploma,Semi-Urban,94.6,Merit,0,2021
8000,No,Yes,Small Business,Factory Worker,Primary School,Urban,87.5,Merit,1,2023
75000,No,No,Doctor,Teacher,Graduate,Urban,47.7,Merit,0,2022
3000,No,No,Factory Worker,Nurse,No Formal Education,Rural,59.5,Merit,1,2024
75000,No,Yes,Small Business,Homemaker,No Formal Education,Urban,86.6,Management,0,2021
75000,Yes,No,Teacher,Farmer,Postgraduate,Urban,51.6,Merit,0,2024
3000,No,No,Doctor,Government Job,Postgraduate,Rural,82.2,OBC,0,2024
45000,No,Yes,Farmer,Government Job,Graduate,Semi-Urban,94.2,SC/ST,1,2024
100000,Yes,No,Small Business,Factory Worker,Diploma,Semi-Urban,56.8,SC/ST,0,2024
75000,Yes,No,Factory Worker,Factory Worker,Graduate,Semi-Urban,45.6,Merit,0,2023
100000,Yes,No,Daily Wage Worker,Daily Wage Worker,Postgraduate,Rural,67.2,Merit,0,2021
25000,Yes,No,Government Job,Factory Worker,No Formal Education,Semi-Urban,58.5,Management,1,2021
5000,No,No,Engineer,Daily Wage Worker,Primary School,Rural,70.0,Management,1,2024
60000,Yes,No,Government Job,Farmer,Postgraduate,Semi-Urban,57.9,Sports,0,2024
35000,No,Yes,Engineer,Farmer,Primary School,Semi-Urban,69.7,Merit,1,2021
35000,No,No,Shopkeeper,Shopkeeper,Graduate,Urban,49.3,Merit,0,2023
18000,No,Yes,Daily Wage Worker,Shopkeeper,Diploma,Rural,50.2,Sports,1,2024
25000,Yes,No,Shopkeeper,Government Job,Diploma,Rural,62.7,SC/ST,0,2022
8000,No,No,Factory Worker,Government Job,Primary School,Semi-Urban,45.3,Management,1,2024
45000,No,No,Shopkeeper,Shopkeeper,Graduate,Semi-Urban,98.1,Merit,0,2022
5000,No,No,Teacher,Farmer,Graduate,Semi-Urban,59.0,Merit,1,2024
45000,Yes,Yes,Shopkeeper,Government Job,Postgraduate,Semi-Urban,51.8,Merit,0,2022
60000,No,No,Daily Wage Worker,Shopkeeper,Diploma,Rural,81.5,OBC,1,2021
18000,No,No,Factory Worker,Nurse,Postgraduate,Semi-Urban,64.8,Merit,1,2022
25000,No,No,Factory Worker,Factory Worker,HighSchool,Semi-Urban,96.5,SC/ST,1,2022
12000,Yes,No,Shopkeeper,Farmer,HighSchool,Semi-Urban,43.1,Merit,0,2023
100000,No,No,Daily Wage Worker,Teacher,Postgraduate,Semi-Urban,68.3,SC/ST,1,2023
45000,Yes,No,Doctor,Farmer,Primary School,Semi-Urban,53.8,Merit,0,2024
18000,No,No,Doctor,Government Job,HighSchool,Semi-Urban,81.5,SC/ST,0,2022
8000,No,Yes,Daily Wage Worker,Homemaker,Primary School,Urban,72.2,SC/ST,1,2021
12000,No,Yes,Teacher,Homemaker,Graduate,Semi-Urban,54.0,Merit,1,2022
18000,No,No,Engineer,Daily Wage Worker,Graduate,Urban,71.0,Merit,0,2024
75000,No,No,Engineer,Teacher,Postgraduate,Urban,85.9,OBC,0,2023
45000,No,No,Teacher,Government Job,Primary School,Rural,97.5,NRI,1,2024
12000,Yes,No,Factory Worker,Daily Wage Worker,HighSchool,Urban,53.4,NRI,1,2021
60000,No,No,Teacher,Daily Wage Worker,HighSchool,Semi-Urban,43.2,Sports,0,2024
18000,No,No,Government Job,Homemaker,Postgraduate,Urban,73.4,Merit,0,2023
60000,No,Yes,Shopkeeper,Factory Worker,Graduate,Urban,58.2,Merit,0,2023
12000,No,Yes,Small Business,Teacher,HighSchool,Semi-Urban,83.9,Merit,1,2021
35000,No,No,Government Job,Nurse,HighSchool,Rural,85.3,Merit,0,2021
75000,No,No,Engineer,Government Job,HighSchool,Urban,51.2,NRI,0,2022
12000,No,No,Government Job,Teacher,Graduate,Rural,66.4,Management,1,2023
35000,No,No,Government Job,Daily Wage Worker,Diploma,Semi-Urban,41.4,Management,1,2023
100000,Yes,No,Shopkeeper,Homemaker,Graduate,Semi-Urban,82.8,Merit,0,2023
8000,Yes,No,Farmer,Homemaker,Diploma,Semi-Urban,72.3,Merit,1,2023
5000,Yes,No,Doctor,Nurse,No Formal Education,Rural,97.8,Sports,0,2023
35000,No,No,Engineer,Government Job,Graduate,Urban,59.9,SC/ST,0,2021
12000,Yes,Yes,Daily Wage Worker,Factory Worker,Graduate,Semi-Urban,78.8,SC/ST,1,2024
5000,No,No,Small Business,Daily Wage Worker,HighSchool,Urban,73.8,Merit,0,2022
18000,No,Yes,Small Business,Factory Worker,Graduate,Urban,72.7,Management,1,2024
45000,Yes,No,Engineer,Homemaker,Postgraduate,Urban,65.0,SC/ST,0,2024
12000,No,No,Engineer,Nurse,Graduate,Semi-Urban,62.0,Management,1,2021
12000,No,No,Doctor,Factory Worker,Graduate,Rural,53.6,SC/ST,1,2023
60000,Yes,No,Government Job,Daily Wage Worker,Graduate,Rural,80.8,Merit,0,2023
25000,Yes,No,Factory Worker,Government Job,HighSchool,Semi-Urban,81.5,Merit,0,2022
60000,No,No,Government Job,Factory Worker,Primary School,Rural,79.3,Merit,0,2023
18000,No,No,Driver,Farmer,Diploma,Urban,97.7,Merit,0,2023
75000,No,No,Shopkeeper,Daily Wage Worker,HighSchool,Rural,59.2,SC/ST,1,2023
35000,Yes,No,Teacher,Daily Wage Worker,Graduate,Rural,49.5,Merit,0,2021
8000,No,Yes,Farmer,Teacher,Graduate,Semi-Urban,43.5,Management,1,2022
60000,No,Yes,Driver,Government Job,No Formal Education,Urban,47.8,Merit,1,2022
25000,No,Yes,Driver,Teacher,Postgraduate,Semi-Urban,55.6,OBC,1,2022
8000,Yes,Yes,Doctor,Homemaker,Postgraduate,Urban,43.5,Merit,0,2024
8000,Yes,No,Government Job,Government Job,Primary School,Urban,95.7,Sports,0,2024
35000,No,Yes,Factory Worker,Government Job,Diploma,Rural,59.2,Management,1,2024
5000,Yes,No,Teacher,Teacher,HighSchool,Urban,94.9,Management,0,2022
12000,No,No,Factory Worker,Farmer,Postgraduate,Semi-Urban,62.2,OBC,1,2021
8000,Yes,Yes,Teacher,Teacher,Graduate,Semi-Urban,71.9,Merit,0,2022
18000,No,No,Driver,Factory Worker,Graduate,Urban,75.1,Merit,1,2023
18000,No,No,Shopkeeper,Homemaker,Postgraduate,Urban,63.5,SC/ST,1,2024
25000,No,No,Factory Worker,Shopkeeper,Graduate,Urban,61.1,Merit,1,2021
12000,Yes,No,Government Job,Factory Worker,Postgraduate,Semi-Urban,79.1,NRI,0,2024
3000,Yes,No,Shopkeeper,Teacher,HighSchool,Rural,93.2,Management,1,2023
35000,Yes,Yes,Driver,Nurse,HighSchool,Rural,84.1,OBC,1,2024
18000,No,No,Engineer,Nurse,Diploma,Semi-Urban,66.0,Merit,0,2024
35000,No,No,Daily Wage Worker,Teacher,Postgraduate,Semi-Urban,86.3,Merit,0,2023
5000,No,No,Shopkeeper,Nurse,No Formal Education,Urban,77.3,Merit,1,2024
3000,No,Yes,Doctor,Nurse,Diploma,Semi-Urban,70.2,Merit,1,2021
12000,No,Yes,Engineer,Government Job,Graduate,Semi-Urban,92.2,Merit,0,2021
18000,Yes,Yes,Teacher,Government Job,HighSchool,Semi-Urban,69.8,Sports,0,2022
18000,Yes,No,Daily Wage Worker,Government Job,Graduate,Urban,65.9,Merit,0,2021
45000,Yes,No,Driver,Daily Wage Worker,Primary School,Urban,79.4,Merit,0,2023
18000,No,No,Farmer,Government Job,No Formal Education,Urban,65.6,Merit,1,2022
25000,No,Yes,Small Business,Teacher,HighSchool,Rural,56.9,Merit,1,2022
25000,No,No,Doctor,Teacher,Graduate,Urban,70.4,Merit,0,2022
3000,No,Yes,Teacher,Daily Wage Worker,No Formal Education,Urban,95.3,Merit,1,2024
25000,Yes,No,Daily Wage Worker,Shopkeeper,HighSchool,Rural,69.6,Management,1,2022
12000,Yes,Yes,Doctor,Homemaker,Graduate,Semi-Urban,98.4,OBC,0,2024
18000,No,No,Farmer,Homemaker,HighSchool,Semi-Urban,88.4,Merit,0,2021
5000,No,No,Shopkeeper,Daily Wage Worker,Diploma,Semi-Urban,68.6,Management,1,2021
45000,Yes,No,Government Job,Shopkeeper,Diploma,Urban,59.9,SC/ST,0,2024
75000,No,No,Engineer,Teacher,Postgraduate,Urban,78.1,Merit,0,2024
3000,No,Yes,Teacher,Government Job,Postgraduate,Rural,96.3,Merit,0,2023
35000,Yes,No,Farmer,Daily Wage Worker,Primary School,Rural,64.4,Merit,1,2022
45000,Yes,Yes,Farmer,Government Job,Graduate,Rural,52.6,Merit,1,2022
12000,No,No,Shopkeeper,Government Job,Diploma,Urban,47.7,Merit,0,2021
45000,Yes,No,Doctor,Teacher,HighSchool,Rural,70.5,OBC,0,2023
35000,Yes,No,Small Business,Homemaker,Diploma,Semi-Urban,66.2,OBC,1,2024
75000,No,No,Teacher,Shopkeeper,Postgraduate,Urban,70.3,Merit,0,2022
100000,No,Yes,Driver,Daily Wage Worker,Graduate,Rural,68.7,Merit,0,2023
5000,Yes,No,Factory Worker,Government Job,Graduate,Rural,73.9,Merit,1,2023
18000,Yes,No,Engineer,Nurse,HighSchool,Urban,58.5,Management,0,2021
25000,No,No,Teacher,Homemaker,Graduate,Semi-Urban,68.1,Merit,0,2022
8000,No,Yes,Driver,Nurse,Diploma,Semi-Urban,65.2,Merit,1,2021
12000,Yes,Yes,Small Business,Teacher,Diploma,Semi-Urban,71.1,Merit,0,2022
100000,No,Yes,Factory Worker,Shopkeeper,Postgraduate,Rural,66.5,Management,1,2022
3000,No,No,Shopkeeper,Homemaker,Postgraduate,Semi-Urban,78.4,Merit,0,2021
18000,No,No,Government Job,Government Job,Postgraduate,Rural,81.9,NRI,1,2023
60000,No,No,Driver,Government Job,Graduate,Rural,63.6,NRI,0,2022
12000,Yes,Yes,Daily Wage Worker,Daily Wage Worker,Graduate,Rural,83.2,SC/ST,1,2023
18000,Yes,No,Government Job,Shopkeeper,HighSchool,Semi-Urban,93.8,Management,0,2022
100000,No,Yes,Small Business,Nurse,Postgraduate,Rural,85.3,Management,0,2022
18000,Yes,Yes,Daily Wage Worker,Government Job,Diploma,Rural,85.7,Merit,1,2022
8000,No,Yes,Teacher,Nurse,HighSchool,Urban,83.2,Merit,0,2024
5000,No,Yes,Doctor,Teacher,Primary School,Semi-Urban,63.2,Merit,1,2024
75000,No,No,Government Job,Farmer,Graduate,Urban,96.3,Merit,0,2021
12000,Yes,No,Driver,Teacher,HighSchool,Urban,51.3,Management,1,2021
25000,Yes,No,Small Business,Farmer,Graduate,Rural,57.3,Merit,0,2024
5000,Yes,No,Driver,Government Job,Graduate,Semi-Urban,52.2,Merit,1,2022
18000,No,Yes,Teacher,Shopkeeper,HighSchool,Urban,68.6,SC/ST,1,2024
75000,No,No,Driver,Homemaker,Postgraduate,Rural,84.1,SC/ST,0,2023
25000,No,Yes,Daily Wage Worker,Homemaker,Postgraduate,Rural,55.2,Merit,1,2024
100000,Yes,Yes,Shopkeeper,Factory Worker,HighSchool,Rural,96.7,SC/ST,0,2022
12000,No,No,Daily Wage Worker,Homemaker,Primary School,Urban,79.0,Management,1,2023
25000,Yes,No,Factory Worker,Shopkeeper,Graduate,Rural,95.2,SC/ST,0,2023
60000,Yes,No,Factory Worker,Government Job,HighSchool,Urban,75.7,NRI,0,2023
18000,No,No,Farmer,Nurse,HighSchool,Semi-Urban,74.6,Merit,1,2023
12000,No,Yes,Daily Wage Worker,Homemaker,Postgraduate,Semi-Urban,96.9,Merit,1,2024
60000,No,Yes,Daily Wage Worker,Daily Wage Worker,HighSchool,Semi-Urban,95.8,Management,1,2024
18000,Yes,Yes,Farmer,Teacher,Diploma,Semi-Urban,80.9,NRI,1,2021
25000,Yes,No,Farmer,Factory Worker,HighSchool,Rural,46.8,Merit,1,2023
100000,No,Yes,Shopkeeper,Teacher,HighSchool,Urban,47.0,Sports,0,2022
8000,Yes,Yes,Small Business,Shopkeeper,HighSchool,Urban,42.0,SC/ST,1,2023
12000,No,Yes,Driver,Shopkeeper,HighSchool,Semi-Urban,48.7,Management,1,2024
3000,No,Yes,Daily Wage Worker,Government Job,Graduate,Semi-Urban,72.3,Merit,1,2024
18000,Yes,Yes,Teacher,Farmer,Graduate,Semi-Urban,66.3,Management,0,2023
8000,Yes,No,Engineer,Nurse,Diploma,Semi-Urban,80.9,NRI,0,2022
35000,No,Yes,Doctor,Government Job,Postgraduate,Urban,92.6,OBC,0,2022
8000,Yes,No,Factory Worker,Teacher,Primary School,Rural,62.2,SC/ST,1,2022
35000,Yes,No,Small Business,Teacher,Diploma,Urban,91.3,Merit,0,2022
12000,Yes,No,Daily Wage Worker,Factory Worker,Graduate,Semi-Urban,92.9,Management,0,2024
18000,Yes,No,Small Business,Daily Wage Worker,Graduate,Semi-Urban,80.0,OBC,0,2022
12000,No,No,Driver,Daily Wage Worker,Postgraduate,Semi-Urban,89.3,Management,1,2023
35000,No,No,Doctor,Teacher,Graduate,Semi-Urban,94.6,SC/ST,0,2023
18000,Yes,Yes,Shopkeeper,Farmer,Postgraduate,Rural,67.0,Merit,0,2021
18000,No,Yes,Driver,Nurse,Primary School,Semi-Urban,69.7,Merit,1,2022
60000,No,Yes,Farmer,Factory Worker,No Formal Education,Semi-Urban,70.5,Management,1,2024
25000,No,Yes,Daily Wage Worker,Nurse,HighSchool,Rural,67.2,Management,1,2023
12000,No,No,Daily Wage Worker,Government Job,Postgraduate,Rural,95.9,Management,1,2022
75000,No,Yes,Farmer,Homemaker,No Formal Education,Urban,45.4,Merit,1,2022
12000,No,No,Engineer,Factory Worker,HighSchool,Urban,61.4,Merit,1,2023
3000,No,No,Daily Wage Worker,Nurse,Postgraduate,Semi-Urban,93.5,Merit,0,2023
25000,No,Yes,Driver,Homemaker,Graduate,Rural,85.7,Management,1,2022
8000,Yes,Yes,Engineer,Factory Worker,Diploma,Semi-Urban,57.0,SC/ST,0,2023
12000,Yes,No,Factory Worker,Shopkeeper,Primary School,Urban,79.1,Management,1,2023
45000,No,Yes,Driver,Shopkeeper,Graduate,Urban,40.1,OBC,1,2021
8000,No,No,Daily Wage Worker,Teacher,Postgraduate,Urban,71.4,Merit,1,2022
45000,No,Yes,Engineer,Teacher,Graduate,Urban,94.2,Merit,0,2021
75000,Yes,Yes,Teacher,Teacher,Primary School,Urban,76.5,SC/ST,0,2021
35000,Yes,No,Shopkeeper,Homemaker,Diploma,Rural,93.6,NRI,0,2024
35000,Yes,Yes,Driver,Government Job,Diploma,Rural,44.5,Merit,1,2022
35000,Yes,No,Small Business,Homemaker,Postgraduate,Urban,71.5,Merit,0,2024
100000,No,No,Small Business,Shopkeeper,Graduate,Rural,80.4,Merit,0,2021
12000,No,Yes,Factory Worker,Daily Wage Worker,Graduate,Rural,42.0,Management,1,2021
8000,No,Yes,Teacher,Shopkeeper,Diploma,Urban,91.1,Management,0,2023
25000,No,No,Small Business,Teacher,No Formal Education,Urban,55.1,SC/ST,1,2021
25000,No,Yes,Engineer,Teacher,Graduate,Rural,91.0,SC/ST,1,2024
8000,Yes,No,Shopkeeper,Daily Wage Worker,Graduate,Semi-Urban,56.5,Merit,0,2021
35000,No,No,Small Business,Government Job,Primary School,Rural,97.9,SC/ST,1,2024
3000,Yes,Yes,Government Job,Homemaker,Graduate,Rural,92.4,SC/ST,1,2021
75000,No,No,Shopkeeper,Daily Wage Worker,Primary School,Rural,90.5,Merit,0,2024
12000,No,No,Teacher,Government Job,Graduate,Urban,80.6,Sports,0,2023
3000,Yes,Yes,Small Business,Nurse,Graduate,Rural,63.7,Merit,1,2022
5000,No,Yes,Small Business,Government Job,No Formal Education,Urban,67.0,Merit,1,2022
12000,No,No,Driver,Homemaker,Graduate,Rural,74.6,Management,1,2021
12000,No,No,Small Business,Nurse,Diploma,Rural,55.8,Management,1,2023
3000,Yes,Yes,Factory Worker,Government Job,Diploma,Rural,55.1,OBC,1,2021
12000,No,Yes,Engineer,Nurse,Postgraduate,Urban,68.6,NRI,0,2022
8000,Yes,No,Small Business,Factory Worker,Postgraduate,Urban,71.2,Merit,0,2022
18000,Yes,No,Government Job,Homemaker,Diploma,Rural,87.0,SC/ST,0,2021
18000,Yes,No,Factory Worker,Factory Worker,Graduate,Semi-Urban,83.9,Management,0,2022
12000,No,No,Driver,Factory Worker,Diploma,Rural,76.9,Merit,1,2021
12000,Yes,No,Daily Wage Worker,Shopkeeper,Graduate,Rural,78.6,Sports,1,2022
5000,No,Yes,Shopkeeper,Homemaker,HighSchool,Rural,91.4,Merit,1,2023
3000,Yes,Yes,Small Business,Daily Wage Worker,Diploma,Rural,43.4,SC/ST,1,2024
8000,No,Yes,Teacher,Daily Wage Worker,Primary School,Urban,73.7,Management,1,2021
45000,No,No,Small Business,Shopkeeper,Postgraduate,Semi-Urban,43.6,Merit,0,2021
100000,No,No,Small Business,Nurse,Postgraduate,Urban,46.5,Merit,0,2023
75000,Yes,No,Driver,Government Job,HighSchool,Urban,68.1,OBC,0,2021
25000,Yes,No,Factory Worker,Teacher,Graduate,Urban,63.1,Management,0,2023
25000,No,No,Shopkeeper,Homemaker,HighSchool,Rural,83.3,Merit,1,2024
12000,No,Yes,Daily Wage Worker,Factory Worker,Primary School,Rural,88.3,Management,1,2022
45000,Yes,No,Small Business,Factory Worker,No Formal Education,Rural,86.6,Merit,0,2023
45000,Yes,Yes,Daily Wage Worker,Homemaker,Graduate,Rural,74.2,Merit,0,2024
60000,Yes,No,Engineer,Teacher,HighSchool,Rural,40.4,Management,1,2022
60000,No,No,Engineer,Factory Worker,Diploma,Rural,41.4,Merit,0,2021
18000,Yes,Yes,Shopkeeper,Government Job,Postgraduate,Urban,51.2,Merit,0,2021
45000,Yes,Yes,Small Business,Shopkeeper,No Formal Education,Semi-Urban,55.8,Merit,0,2021
45000,No,No,Teacher,Shopkeeper,Diploma,Semi-Urban,67.2,Sports,1,2022
12000,No,Yes,Shopkeeper,Nurse,Postgraduate,Semi-Urban,62.4,Management,1,2024
75000,No,No,Daily Wage Worker,Factory Worker,Graduate,Rural,48.9,SC/ST,1,2024
5000,No,Yes,Engineer,Government Job,HighSchool,Rural,45.7,Merit,1,2021
100000,Yes,No,Government Job,Farmer,HighSchool,Semi-Urban,41.3,Merit,0,2024
45000,No,No,Daily Wage Worker,Government Job,Graduate,Urban,44.1,SC/ST,1,2022
5000,No,Yes,Engineer,Daily Wage Worker,Primary School,Urban,40.0,Management,1,2022
35000,No,Yes,Small Business,Homemaker,Graduate,Urban,41.9,Sports,1,2021
3000,Yes,Yes,Government Job,Nurse,HighSchool,Rural,66.4,OBC,1,2024
45000,Yes,No,Small Business,Shopkeeper,Graduate,Urban,79.9,SC/ST,0,2024
45000,No,Yes,Doctor,Farmer,HighSchool,Urban,64.7,Sports,0,2021
35000,Yes,No,Government Job,Daily Wage Worker,Diploma,Urban,55.5,Sports,0,2023
60000,No,No,Factory Worker,Nurse,Graduate,Rural,76.3,Merit,0,2024
5000,Yes,No,Government Job,Homemaker,Primary School,Urban,77.3,OBC,1,2024
12000,Yes,No,Teacher,Daily Wage Worker,Graduate,Semi-Urban,82.0,SC/ST,0,2024
18000,No,No,Doctor,Shopkeeper,Postgraduate,Semi-Urban,56.8,Merit,0,2022
5000,Yes,Yes,Government Job,Shopkeeper,Graduate,Semi-Urban,96.4,Merit,0,2022
18000,No,No,Driver,Shopkeeper,Primary School,Semi-Urban,50.1,Merit,1,2024
12000,Yes,No,Factory Worker,Farmer,Postgraduate,Urban,96.8,Merit,0,2023
18000,No,No,Doctor,Farmer,Primary School,Urban,77.4,Merit,0,2022
18000,Yes,Yes,Doctor,Daily Wage Worker,HighSchool,Semi-Urban,56.1,NRI,0,2024
60000,No,No,Factory Worker,Daily Wage Worker,HighSchool,Rural,51.7,OBC,1,2022
12000,No,No,Factory Worker,Shopkeeper,Graduate,Semi-Urban,53.7,Sports,1,2023
60000,No,Yes,Factory Worker,Factory Worker,HighSchool,Rural,78.1,SC/ST,1,2022
18000,Yes,Yes,Farmer,Nurse,HighSchool,Semi-Urban,96.5,Sports,1,2023
12000,No,Yes,Small Business,Daily Wage Worker,Diploma,Rural,91.2,Sports,1,2022
25000,Yes,No,Engineer,Nurse,HighSchool,Semi-Urban,97.9,SC/ST,0,2021
18000,No,Yes,Doctor,Teacher,Graduate,Semi-Urban,59.0,Merit,1,2023
12000,Yes,Yes,Government Job,Homemaker,Diploma,Rural,62.9,Merit,1,2021
25000,No,Yes,Driver,Nurse,Diploma,Rural,84.1,OBC,1,2021
8000,Yes,No,Government Job,Teacher,HighSchool,Rural,54.8,Management,1,2022
18000,Yes,No,Doctor,Farmer,Postgraduate,Urban,59.9,SC/ST,0,2024
25000,No,No,Teacher,Shopkeeper,HighSchool,Semi-Urban,56.9,Sports,0,2021
18000,No,Yes,Government Job,Government Job,HighSchool,Semi-Urban,64.1,SC/ST,1,2023
60000,Yes,No,Doctor,Daily Wage Worker,HighSchool,Rural,85.5,Sports,0,2021
12000,No,No,Factory Worker,Teacher,Postgraduate,Urban,40.5,SC/ST,1,2023
100000,No,No,Government Job,Teacher,Graduate,Rural,41.5,Sports,0,2024
45000,No,Yes,Shopkeeper,Nurse,Primary School,Semi-Urban,40.2,Sports,1,2022
100000,Yes,No,Doctor,Government Job,HighSchool,Semi-Urban,77.7,NRI,0,2021
60000,Yes,Yes,Factory Worker,Homemaker,Diploma,Rural,61.6,NRI,0,2022
8000,Yes,No,Factory Worker,Homemaker,HighSchool,Urban,67.8,OBC,1,2024
25000,Yes,Yes,Driver,Teacher,Graduate,Urban,67.5,SC/ST,1,2024
8000,No,No,Teacher,Shopkeeper,HighSchool,Semi-Urban,52.0,NRI,1,2024
45000,No,No,Doctor,Teacher,HighSchool,Rural,86.6,SC/ST,1,2021
25000,No,No,Factory Worker,Factory Worker,Graduate,Rural,51.0,Management,1,2022
12000,No,No,Engineer,Daily Wage Worker,Diploma,Urban,80.4,Sports,0,2022
75000,No,Yes,Driver,Government Job,Primary School,Rural,83.6,Merit,0,2022
8000,Yes,Yes,Doctor,Government Job,HighSchool,Urban,55.1,Management,0,2022
25000,No,No,Factory Worker,Teacher,Postgraduate,Urban,81.8,Merit,1,2024
45000,No,No,Small Business,Factory Worker,Postgraduate,Rural,52.8,Merit,0,2021
5000,No,No,Farmer,Teacher,Graduate,Rural,71.0,Sports,1,2024
25000,No,No,Doctor,Homemaker,Postgraduate,Rural,82.3,NRI,0,2024
45000,No,Yes,Driver,Shopkeeper,Primary School,Rural,48.6,Management,1,2021
5000,No,Yes,Factory Worker,Nurse,Primary School,Urban,80.0,Management,1,2023
25000,No,No,Government Job,Government Job,No Formal Education,Semi-Urban,47.9,Merit,1,2022
12000,No,No,Driver,Government Job,Primary School,Semi-Urban,44.2,OBC,1,2021
35000,Yes,Yes,Teacher,Farmer,Graduate,Rural,60.6,Merit,0,2024
8000,Yes,Yes,Doctor,Teacher,No Formal Education,Rural,52.9,Sports,1,2022
75000,Yes,Yes,Shopkeeper,Nurse,Diploma,Semi-Urban,48.8,Management,0,2021
60000,Yes,No,Factory Worker,Farmer,HighSchool,Urban,55.2,Merit,0,2022
8000,Yes,No,Small Business,Government Job,Graduate,Semi-Urban,85.0,Sports,0,2022
12000,No,No,Daily Wage Worker,Shopkeeper,Graduate,Rural,90.8,Merit,1,2022
25000,Yes,Yes,Small Business,Government Job,Graduate,Urban,95.3,Merit,0,2021
35000,No,No,Farmer,Shopkeeper,HighSchool,Rural,96.1,Merit,1,2023
18000,No,Yes,Farmer,Shopkeeper,Postgraduate,Semi-Urban,77.1,SC/ST,1,2024
8000,No,No,Doctor,Farmer,Postgraduate,Urban,80.9,Sports,0,2024
5000,No,Yes,Shopkeeper,Teacher,Graduate,Semi-Urban,58.0,Merit,1,2022
100000,Yes,No,Teacher,Daily Wage Worker,Graduate,Urban,92.8,OBC,0,2023
18000,No,Yes,Engineer,Government Job,HighSchool,Urban,60.6,Management,1,2023
60000,Yes,No,Small Business,Shopkeeper,Graduate,Rural,83.4,SC/ST,0,2021
25000,Yes,Yes,Factory Worker,Teacher,Postgraduate,Urban,86.3,Merit,0,2023
75000,No,No,Doctor,Factory Worker,HighSchool,Urban,97.7,Management,0,2022
5000,No,Yes,Daily Wage Worker,Shopkeeper,HighSchool,Rural,41.9,NRI,1,2024
8000,No,Yes,Engineer,Farmer,HighSchool,Urban,54.8,Merit,0,2023
75000,No,No,Farmer,Shopkeeper,Postgraduate,Urban,67.8,Merit,0,2021
75000,Yes,No,Engineer,Government Job,Diploma,Rural,87.0,SC/ST,0,2022
12000,Yes,No,Daily Wage Worker,Farmer,Postgraduate,Rural,82.8,Merit,0,2022
18000,Yes,No,Small Business,Daily Wage Worker,Graduate,Rural,44.5,Merit,1,2021
18000,No,Yes,Driver,Teacher,HighSchool,Rural,90.6,SC/ST,1,2024
18000,Yes,No,Farmer,Farmer,Graduate,Semi-Urban,64.3,SC/ST,1,2024
8000,Yes,No,Farmer,Factory Worker,Primary School,Semi-Urban,90.5,Merit,0,2023
60000,No,No,Small Business,Teacher,Diploma,Rural,92.1,NRI,0,2022
12000,No,No,Shopkeeper,Shopkeeper,Diploma,Semi-Urban,94.2,Merit,1,2024
35000,No,No,Shopkeeper,Government Job,Graduate,Rural,86.4,NRI,0,2021
5000,No,Yes,Teacher,Nurse,Diploma,Urban,84.4,Merit,0,2021
3000,Yes,No,Factory Worker,Government Job,Diploma,Urban,70.1,OBC,1,2023
35000,Yes,Yes,Shopkeeper,Shopkeeper,Postgraduate,Rural,72.8,SC/ST,1,2022
12000,No,Yes,Small Business,Nurse,HighSchool,Rural,70.5,SC/ST,1,2021
35000,Yes,No,Engineer,Farmer,Postgraduate,Urban,70.4,Sports,0,2024
5000,No,Yes,Daily Wage Worker,Daily Wage Worker,Diploma,Rural,52.4,Merit,1,2022
75000,No,Yes,Doctor,Nurse,Graduate,Urban,59.4,Sports,0,2022
45000,Yes,No,Shopkeeper,Daily Wage Worker,Primary School,Rural,50.5,Merit,0,2022
60000,Yes,No,Daily Wage Worker,Homemaker,Primary School,Semi-Urban,82.3,OBC,1,2022
8000,Yes,Yes,Factory Worker,Nurse,Graduate,Semi-Urban,64.8,Merit,0,2024
12000,No,No,Engineer,Government Job,Postgraduate,Semi-Urban,54.4,Merit,0,2021
18000,Yes,No,Shopkeeper,Nurse,Diploma,Urban,87.2,OBC,0,2022
25000,Yes,No,Doctor,Factory Worker,HighSchool,Urban,92.8,Sports,0,2024
12000,Yes,No,Engineer,Daily Wage Worker,Graduate,Semi-Urban,40.3,Merit,0,2024
5000,No,Yes,Farmer,Government Job,Postgraduate,Semi-Urban,91.8,Management,1,2021
18000,No,No,Doctor,Homemaker,Graduate,Urban,41.6,SC/ST,1,2023
12000,Yes,No,Shopkeeper,Farmer,HighSchool,Urban,81.9,Merit,0,2021
18000,Yes,Yes,Daily Wage Worker,Factory Worker,Diploma,Rural,91.7,Management,1,2024
8000,Yes,No,Daily Wage Worker,Farmer,Postgraduate,Semi-Urban,53.9,Merit,1,2022
12000,No,No,Driver,Factory Worker,HighSchool,Semi-Urban,95.7,Merit,0,2024
35000,Yes,No,Small Business,Teacher,HighSchool,Rural,82.5,SC/ST,1,2024
18000,No,Yes,Teacher,Teacher,Graduate,Urban,98.0,Management,0,2024
12000,No,Yes,Teacher,Farmer,Diploma,Urban,51.8,Merit,1,2023
25000,No,No,Engineer,Nurse,HighSchool,Urban,47.6,Management,1,2021
45000,No,Yes,Engineer,Government Job,Graduate,Semi-Urban,79.0,SC/ST,0,2022
18000,Yes,Yes,Teacher,Daily Wage Worker,Postgraduate,Urban,70.4,Sports,0,2024
25000,No,Yes,Small Business,Homemaker,Postgraduate,Rural,88.1,Merit,1,2024
100000,No,Yes,Farmer,Homemaker,No Formal Education,Rural,65.3,OBC,1,2022
25000,Yes,Yes,Shopkeeper,Nurse,Postgraduate,Semi-Urban,40.1,OBC,1,2022
75000,Yes,Yes,Daily Wage Worker,Teacher,Graduate,Semi-Urban,68.6,Merit,0,2023
45000,No,No,Farmer,Farmer,HighSchool,Urban,79.3,Merit,0,2021
5000,No,No,Factory Worker,Farmer,Primary School,Urban,58.4,Merit,1,2023
18000,Yes,No,Doctor,Government Job,Postgraduate,Semi-Urban,69.6,OBC,0,2022
35000,No,No,Government Job,Teacher,No Formal Education,Rural,75.6,Merit,1,2024
100000,No,Yes,Farmer,Daily Wage Worker,HighSchool,Rural,82.4,Merit,0,2023
18000,No,Yes,Government Job,Teacher,Graduate,Rural,53.9,Management,1,2022
5000,No,Yes,Daily Wage Worker,Shopkeeper,Graduate,Semi-Urban,55.9,Merit,1,2024
25000,Yes,Yes,Doctor,Farmer,HighSchool,Urban,80.5,OBC,0,2023
8000,No,Yes,Engineer,Nurse,Graduate,Rural,60.9,OBC,1,2023
45000,No,Yes,Shopkeeper,Factory Worker,Graduate,Urban,84.3,Merit,0,2023
25000,No,No,Driver,Nurse,Graduate,Urban,55.8,SC/ST,1,2023
45000,No,No,Engineer,Shopkeeper,Graduate,Rural,84.5,SC/ST,0,2021
60000,No,No,Doctor,Teacher,No Formal Education,Rural,49.3,Merit,0,2023
35000,Yes,No,Teacher,Teacher,Postgraduate,Rural,66.7,SC/ST,0,2022
35000,No,No,Small Business,Teacher,Graduate,Semi-Urban,51.3,OBC,1,2021
45000,No,No,Teacher,Factory Worker,Diploma,Urban,70.4,SC/ST,0,2024
60000,No,No,Daily Wage Worker,Shopkeeper,No Formal Education,Semi-Urban,81.3,Merit,1,2024
60000,Yes,No,Shopkeeper,Daily Wage Worker,Graduate,Urban,71.1,SC/ST,0,2021
3000,No,Yes,Shopkeeper,Daily Wage Worker,HighSchool,Semi-Urban,49.4,OBC,1,2023
25000,Yes,No,Driver,Homemaker,Diploma,Rural,94.4,SC/ST,0,2022
12000,Yes,Yes,Small Business,Farmer,HighSchool,Rural,40.3,Sports,1,2023
60000,No,No,Factory Worker,Daily Wage Worker,Graduate,Urban,83.1,OBC,0,2024
35000,Yes,Yes,Doctor,Homemaker,Primary School,Semi-Urban,82.6,Management,0,2023
18000,No,Yes,Shopkeeper,Teacher,Graduate,Urban,92.9,SC/ST,1,2022
8000,Yes,Yes,Daily Wage Worker,Government Job,Graduate,Rural,90.8,Management,1,2021
12000,Yes,No,Government Job,Factory Worker,Diploma,Rural,48.9,OBC,1,2021
35000,No,Yes,Daily Wage Worker,Farmer,Postgraduate,Semi-Urban,95.8,Management,1,2023
8000,Yes,No,Shopkeeper,Daily Wage Worker,Diploma,Semi-Urban,48.9,Merit,0,2022
5000,No,No,Farmer,Shopkeeper,Graduate,Urban,73.3,Merit,1,2021
60000,No,Yes,Daily Wage Worker,Farmer,Diploma,Rural,49.2,Sports,1,2021
45000,Yes,No,Farmer,Farmer,Graduate,Rural,62.4,Sports,1,2023
8000,Yes,No,Shopkeeper,Government Job,Postgraduate,Semi-Urban,86.8,Merit,0,2023
12000,No,Yes,Doctor,Daily Wage Worker,Diploma,Semi-Urban,95.2,Merit,1,2024
100000,Yes,No,Farmer,Farmer,Postgraduate,Rural,58.9,Merit,0,2024
35000,Yes,Yes,Government Job,Government Job,Primary School,Semi-Urban,65.7,SC/ST,0,2021
35000,No,No,Engineer,Daily Wage Worker,Postgraduate,Semi-Urban,87.3,Management,0,2021
12000,Yes,No,Driver,Nurse,Diploma,Semi-Urban,75.2,Merit,0,2022
12000,Yes,No,Small Business,Factory Worker,Primary School,Rural,93.0,NRI,0,2021
3000,Yes,No,Farmer,Factory Worker,Graduate,Urban,59.4,Merit,1,2023
45000,Yes,Yes,Factory Worker,Factory Worker,Primary School,Rural,51.1,NRI,1,2023
5000,No,Yes,Engineer,Nurse,Postgraduate,Rural,72.3,OBC,1,2023
3000,No,No,Farmer,Farmer,Graduate,Rural,67.5,SC/ST,1,2022
45000,No,No,Engineer,Daily Wage Worker,Graduate,Rural,92.0,Merit,0,2021
75000,No,Yes,Engineer,Teacher,HighSchool,Urban,45.2,Merit,0,2022
45000,No,No,Small Business,Daily Wage Worker,Postgraduate,Rural,42.7,Merit,0,2022
18000,Yes,No,Small Business,Homemaker,Postgraduate,Rural,50.3,Management,1,2024
25000,No,No,Daily Wage Worker,Farmer,Graduate,Rural,79.6,Management,1,2021
18000,Yes,Yes,Driver,Government Job,HighSchool,Rural,59.2,Sports,1,2023
12000,No,No,Daily Wage Worker,Shopkeeper,Diploma,Semi-Urban,45.7,OBC,1,2024
25000,No,No,Doctor,Homemaker,HighSchool,Rural,92.3,NRI,0,2023
18000,Yes,Yes,Daily Wage Worker,Daily Wage Worker,Postgraduate,Rural,85.0,NRI,1,2024
25000,Yes,Yes,Driver,Homemaker,HighSchool,Urban,92.2,Merit,0,2024
60000,No,Yes,Government Job,Government Job,HighSchool,Semi-Urban,46.6,Merit,0,2023
100000,Yes,Yes,Shopkeeper,Shopkeeper,HighSchool,Rural,58.6,Merit,0,2021
5000,No,Yes,Daily Wage Worker,Daily Wage Worker,Diploma,Semi-Urban,76.9,Sports,1,2024
18000,No,Yes,Government Job,Nurse,Graduate,Rural,44.7,OBC,1,2021
8000,No,Yes,Government Job,Homemaker,Graduate,Rural,98.5,Merit,0,2021
18000,Yes,No,Daily Wage Worker,Farmer,Postgraduate,Rural,98.6,Merit,0,2023
12000,No,No,Engineer,Factory Worker,Primary School,Rural,70.6,Management,1,2023
8000,Yes,Yes,Engineer,Nurse,No Formal Education,Rural,98.6,Merit,0,2021
45000,No,Yes,Engineer,Shopkeeper,HighSchool,Rural,95.3,Merit,0,2021
25000,No,No,Doctor,Nurse,Graduate,Semi-Urban,75.9,Management,0,2022
75000,Yes,Yes,Farmer,Daily Wage Worker,Postgraduate,Rural,45.0,OBC,1,2022
3000,No,Yes,Small Business,Factory Worker,HighSchool,Rural,47.5,Management,1,2024
5000,No,No,Engineer,Factory Worker,HighSchool,Urban,57.5,Merit,1,2021
18000,No,Yes,Teacher,Nurse,Postgraduate,Semi-Urban,88.6,Merit,0,2024
5000,No,No,Government Job,Factory Worker,Graduate,Urban,71.8,Merit,0,2021
12000,No,Yes,Engineer,Teacher,Diploma,Semi-Urban,89.0,Management,0,2021
100000,No,Yes,Shopkeeper,Factory Worker,HighSchool,Semi-Urban,82.0,SC/ST,0,2022
8000,Yes,Yes,Teacher,Homemaker,Primary School,Urban,88.1,Merit,0,2021
8000,No,Yes,Daily Wage Worker,Nurse,Primary School,Rural,55.7,SC/ST,1,2023
25000,No,Yes,Government Job,Teacher,Graduate,Urban,81.3,Merit,0,2021
25000,Yes,No,Daily Wage Worker,Factory Worker,Graduate,Urban,44.6,OBC,1,2022
25000,No,Yes,Driver,Shopkeeper,HighSchool,Rural,80.7,Merit,1,2022
18000,Yes,No,Driver,Daily Wage Worker,Graduate,Rural,68.7,OBC,1,2024
60000,Yes,No,Engineer,Teacher,Primary School,Rural,59.8,SC/ST,0,2024
8000,No,No,Small Business,Factory Worker,No Formal Education,Semi-Urban,81.1,OBC,1,2024
18000,No,No,Factory Worker,Farmer,Primary School,Urban,40.4,Sports,1,2024
35000,No,No,Farmer,Teacher,Primary School,Semi-Urban,85.5,Merit,1,2021
60000,No,No,Factory Worker,Teacher,Postgraduate,Rural,71.6,SC/ST,0,2021
18000,No,No,Driver,Homemaker,HighSchool,Semi-Urban,65.4,Merit,1,2021
25000,Yes,No,Farmer,Homemaker,Primary School,Urban,71.3,OBC,1,2021
5000,Yes,No,Doctor,Homemaker,Graduate,Semi-Urban,56.0,NRI,0,2024
8000,No,No,Farmer,Teacher,HighSchool,Semi-Urban,76.4,OBC,1,2024
5000,Yes,Yes,Teacher,Daily Wage Worker,HighSchool,Semi-Urban,53.5,Merit,1,2023
45000,No,No,Teacher,Homemaker,HighSchool,Urban,94.7,Management,0,2023
12000,Yes,Yes,Daily Wage Worker,Farmer,Primary School,Semi-Urban,86.0,Management,1,2024
45000,Yes,No,Shopkeeper,Factory Worker,Primary School,Urban,92.1,SC/ST,0,2022
5000,No,Yes,Small Business,Factory Worker,Graduate,Semi-Urban,82.2,OBC,1,2021
60000,No,Yes,Engineer,Farmer,Diploma,Urban,44.8,Merit,0,2022
60000,No,Yes,Small Business,Daily Wage Worker,Primary School,Urban,70.7,NRI,0,2024
5000,Yes,Yes,Shopkeeper,Daily Wage Worker,Graduate,Semi-Urban,81.5,Merit,0,2023
3000,No,Yes,Factory Worker,Farmer,No Formal Education,Urban,76.4,SC/ST,1,2023
5000,Yes,No,Shopkeeper,Homemaker,Diploma,Urban,80.4,Merit,0,2023
60000,No,No,Government Job,Farmer,Primary School,Rural,71.6,Merit,0,2022
12000,No,No,Doctor,Daily Wage Worker,No Formal Education,Urban,77.3,SC/ST,1,2022
25000,Yes,Yes,Doctor,Homemaker,Diploma,Urban,73.1,Management,0,2022
18000,No,Yes,Small Business,Farmer,Primary School,Rural,44.6,SC/ST,1,2023
45000,No,No,Shopkeeper,Nurse,Primary School,Semi-Urban,74.5,Management,0,2023
25000,Yes,Yes,Driver,Homemaker,Diploma,Semi-Urban,67.5,Management,1,2023
25000,No,No,Shopkeeper,Homemaker,Postgraduate,Semi-Urban,69.8,Merit,0,2023
100000,Yes,Yes,Engineer,Factory Worker,Diploma,Urban,44.4,Merit,0,2023
8000,Yes,Yes,Farmer,Teacher,Primary School,Rural,93.3,Sports,1,2021
60000,No,No,Farmer,Factory Worker,HighSchool,Urban,89.5,Merit,1,2022
5000,No,Yes,Doctor,Shopkeeper,Diploma,Urban,43.0,Merit,1,2024
18000,No,No,Driver,Factory Worker,HighSchool,Urban,93.1,SC/ST,1,2022
60000,Yes,Yes,Teacher,Factory Worker,HighSchool,Semi-Urban,89.8,Merit,0,2024
35000,Yes,Yes,Factory Worker,Shopkeeper,Diploma,Semi-Urban,85.8,NRI,0,2023
35000,Yes,No,Factory Worker,Homemaker,Postgraduate,Rural,94.9,SC/ST,1,2023
12000,Yes,No,Driver,Factory Worker,Graduate,Rural,78.9,OBC,1,2023
18000,No,No,Shopkeeper,Teacher,HighSchool,Rural,47.2,Management,1,2023
18000,No,No,Government Job,Teacher,Graduate,Rural,49.4,SC/ST,1,2022
25000,No,Yes,Factory Worker,Shopkeeper,Diploma,Semi-Urban,44.2,Management,1,2024
18000,Yes,No,Small Business,Teacher,Graduate,Urban,64.7,Merit,0,2022
12000,No,No,Teacher,Nurse,Graduate,Rural,49.7,Merit,1,2022
12000,No,No,Daily Wage Worker,Teacher,Graduate,Semi-Urban,42.0,OBC,1,2022
12000,No,No,Daily Wage Worker,Factory Worker,HighSchool,Rural,70.5,SC/ST,1,2023
18000,No,No,Farmer,Homemaker,Graduate,Semi-Urban,58.1,SC/ST,1,2021
8000,No,Yes,Doctor,Government Job,Graduate,Rural,51.7,Management,1,2022
60000,No,No,Shopkeeper,Factory Worker,Graduate,Rural,81.4,Merit,0,2024
35000,Yes,Yes,Doctor,Farmer,Diploma,Urban,73.8,Merit,0,2022
8000,Yes,No,Doctor,Farmer,No Formal Education,Semi-Urban,72.5,Merit,0,2021
35000,No,Yes,Teacher,Shopkeeper,Diploma,Rural,60.8,Merit,0,2024
60000,Yes,No,Driver,Shopkeeper,No Formal Education,Rural,84.6,Merit,1,2024
12000,No,No,Doctor,Daily Wage Worker,HighSchool,Urban,49.0,Merit,0,2022
8000,Yes,No,Factory Worker,Teacher,Diploma,Semi-Urban,66.2,SC/ST,1,2024
3000,No,Yes,Engineer,Shopkeeper,Diploma,Urban,62.8,SC/ST,0,2023
5000,Yes,Yes,Shopkeeper,Teacher,No Formal Education,Semi-Urban,87.0,SC/ST,1,2022
45000,No,No,Engineer,Teacher,Primary School,Semi-Urban,51.0,SC/ST,1,2022
100000,No,No,Driver,Nurse,Diploma,Semi-Urban,98.2,Merit,0,2024
5000,Yes,Yes,Shopkeeper,Nurse,Postgraduate,Urban,49.4,Sports,0,2023
45000,Yes,No,Driver,Government Job,Diploma,Urban,66.0,SC/ST,0,2024
5000,Yes,Yes,Government Job,Teacher,Graduate,Rural,75.8,SC/ST,1,2024
25000,No,No,Government Job,Daily Wage Worker,Diploma,Semi-Urban,64.9,OBC,1,2021
45000,No,Yes,Factory Worker,Teacher,HighSchool,Rural,91.7,OBC,1,2022
18000,Yes,No,Shopkeeper,Teacher,No Formal Education,Urban,78.0,Merit,0,2024
3000,No,No,Teacher,Factory Worker,HighSchool,Urban,80.2,Merit,0,2022
25000,No,Yes,Factory Worker,Teacher,Postgraduate,Rural,92.0,Merit,1,2022
100000,No,No,Engineer,Factory Worker,HighSchool,Semi-Urban,47.6,OBC,0,2022
12000,No,Yes,Driver,Shopkeeper,HighSchool,Semi-Urban,66.4,Management,1,2024
8000,No,Yes,Engineer,Government Job,Graduate,Urban,63.7,Merit,0,2023
8000,No,No,Teacher,Teacher,Graduate,Semi-Urban,84.3,Merit,0,2023
25000,Yes,No,Doctor,Farmer,Graduate,Rural,89.7,Merit,0,2023
25000,Yes,No,Driver,Farmer,HighSchool,Urban,66.5,NRI,0,2021
45000,Yes,No,Factory Worker,Factory Worker,Postgraduate,Rural,46.9,SC/ST,1,2021
45000,Yes,Yes,Driver,Farmer,HighSchool,Semi-Urban,84.9,Management,1,2024
60000,No,Yes,Farmer,Homemaker,HighSchool,Semi-Urban,86.2,Merit,1,2023
45000,Yes,No,Small Business,Factory Worker,Postgraduate,Urban,56.3,Merit,0,2021
12000,Yes,Yes,Shopkeeper,Shopkeeper,Postgraduate,Semi-Urban,50.1,SC/ST,1,2024
25000,No,Yes,Farmer,Shopkeeper,Postgraduate,Rural,48.3,Merit,1,2022
12000,No,Yes,Factory Worker,Teacher,Diploma,Urban,46.0,Merit,1,2023
12000,Yes,No,Teacher,Shopkeeper,Postgraduate,Urban,57.1,Management,0,2024
75000,Yes,No,Government Job,Farmer,HighSchool,Semi-Urban,82.3,Merit,0,2023
35000,Yes,No,Daily Wage Worker,Shopkeeper,Postgraduate,Semi-Urban,56.9,Management,0,2024
100000,Yes,Yes,Daily Wage Worker,Homemaker,Graduate,Semi-Urban,89.4,SC/ST,0,2022
18000,Yes,Yes,Driver,Farmer,Diploma,Semi-Urban,59.7,OBC,1,2024
25000,Yes,Yes,Farmer,Farmer,HighSchool,Rural,81.6,Merit,1,2023
25000,Yes,No,Factory Worker,Nurse,Graduate,Semi-Urban,52.5,Merit,0,2024
5000,Yes,Yes,Farmer,Daily Wage Worker,Diploma,Rural,46.7,OBC,1,2024
12000,Yes,Yes,Government Job,Teacher,Postgraduate,Urban,54.2,OBC,0,2024
25000,No,No,Farmer,Government Job,Postgraduate,Urban,77.0,SC/ST,1,2021
5000,Yes,No,Teacher,Farmer,Graduate,Rural,79.2,Merit,0,2022
75000,No,No,Farmer,Farmer,HighSchool,Urban,76.6,Merit,0,2022
8000,No,Yes,Teacher,Homemaker,Graduate,Rural,64.9,Sports,1,2022
8000,No,No,Shopkeeper,Homemaker,Graduate,Rural,73.0,Merit,1,2022
45000,No,No,Factory Worker,Homemaker,Diploma,Rural,95.5,Management,0,2022
5000,No,No,Teacher,Factory Worker,Primary School,Semi-Urban,44.4,Merit,1,2023
75000,No,Yes,Shopkeeper,Farmer,Graduate,Urban,44.9,Management,0,2022
45000,No,Yes,Driver,Daily Wage Worker,HighSchool,Rural,69.1,Merit,1,2023
5000,Yes,Yes,Factory Worker,Factory Worker,Primary School,Urban,87.3,NRI,1,2021
35000,Yes,Yes,Doctor,Shopkeeper,No Formal Education,Semi-Urban,91.8,Merit,0,2021
35000,Yes,Yes,Government Job,Teacher,HighSchool,Rural,83.1,Merit,0,2024
45000,No,Yes,Teacher,Nurse,Diploma,Semi-Urban,53.0,Merit,1,2021
60000,No,No,Farmer,Homemaker,No Formal Education,Semi-Urban,84.8,SC/ST,1,2023
35000,Yes,Yes,Driver,Homemaker,Graduate,Semi-Urban,52.8,OBC,0,2021
25000,No,Yes,Driver,Teacher,Postgraduate,Semi-Urban,40.9,Management,1,2022
12000,Yes,Yes,Small Business,Shopkeeper,Graduate,Rural,49.0,Management,1,2023
35000,Yes,No,Factory Worker,Farmer,Diploma,Urban,97.1,OBC,0,2023
75000,No,No,Teacher,Shopkeeper,HighSchool,Rural,82.1,Merit,0,2023
25000,No,No,Driver,Government Job,Diploma,Urban,48.7,Merit,1,2024
35000,No,No,Driver,Shopkeeper,Graduate,Semi-Urban,58.3,Management,1,2021
18000,No,No,Factory Worker,Homemaker,Postgraduate,Rural,92.1,Merit,1,2021
45000,No,No,Shopkeeper,Nurse,Postgraduate,Urban,82.1,SC/ST,0,2023
100000,Yes,No,Government Job,Farmer,Diploma,Rural,54.4,Management,0,2023
8000,Yes,Yes,Engineer,Government Job,HighSchool,Rural,97.6,Merit,0,2024
8000,No,Yes,Farmer,Nurse,Graduate,Urban,74.3,NRI,1,2022
25000,No,Yes,Driver,Teacher,Postgraduate,Rural,72.4,Merit,1,2021
25000,No,No,Small Business,Factory Worker,Postgraduate,Semi-Urban,74.6,OBC,0,2022
25000,No,No,Doctor,Daily Wage Worker,Postgraduate,Semi-Urban,83.2,Management,0,2021
5000,Yes,No,Farmer,Daily Wage Worker,HighSchool,Urban,55.5,Merit,1,2022
18000,Yes,Yes,Small Business,Factory Worker,Graduate,Semi-Urban,41.4,OBC,0,2021
25000,Yes,No,Teacher,Shopkeeper,No Formal Education,Urban,78.4,Management,0,2021
25000,No,Yes,Small Business,Government Job,No Formal Education,Urban,68.0,Merit,1,2023
35000,No,No,Doctor,Farmer,Graduate,Urban,87.9,SC/ST,0,2021
45000,Yes,No,Engineer,Teacher,Primary School,Rural,94.7,Merit,0,2024
35000,Yes,No,Teacher,Teacher,Diploma,Urban,76.0,Merit,0,2023
45000,Yes,No,Small Business,Homemaker,No Formal Education,Urban,75.1,Merit,0,2021
35000,No,No,Engineer,Shopkeeper,Primary School,Semi-Urban,77.5,SC/ST,1,2021
25000,Yes,Yes,Daily Wage Worker,Farmer,HighSchool,Semi-Urban,44.6,SC/ST,1,2024
35000,No,No,Doctor,Factory Worker,Diploma,Semi-Urban,61.4,Merit,0,2024
5000,No,No,Farmer,Shopkeeper,HighSchool,Rural,78.8,NRI,1,2022
12000,Yes,No,Factory Worker,Homemaker,Graduate,Urban,71.1,OBC,0,2024
25000,No,Yes,Driver,Daily Wage Worker,Graduate,Semi-Urban,86.3,Sports,1,2024
60000,Yes,Yes,Engineer,Teacher,No Formal Education,Rural,47.0,SC/ST,1,2023
35000,No,Yes,Driver,Factory Worker,Postgraduate,Semi-Urban,77.6,Merit,0,2024
5000,No,No,Government Job,Shopkeeper,No Formal Education,Semi-Urban,89.5,SC/ST,1,2024
25000,No,Yes,Driver,Factory Worker,Postgraduate,Urban,79.1,OBC,1,2023
12000,Yes,No,Doctor,Farmer,Postgraduate,Urban,44.5,Merit,0,2022
45000,Yes,Yes,Doctor,Factory Worker,Postgraduate,Urban,79.1,Merit,0,2021
60000,No,Yes,Engineer,Teacher,Diploma,Urban,90.2,Management,0,2022
25000,No,No,Shopkeeper,Shopkeeper,Graduate,Rural,48.8,Sports,1,2021
25000,No,No,Factory Worker,Homemaker,HighSchool,Rural,76.5,OBC,1,2023
12000,No,No,Engineer,Teacher,Postgraduate,Urban,68.7,Management,0,2021
18000,Yes,No,Factory Worker,Teacher,No Formal Education,Semi-Urban,53.2,OBC,1,2023
60000,No,No,Engineer,Daily Wage Worker,Diploma,Urban,66.1,SC/ST,0,2022
45000,No,No,Driver,Homemaker,Diploma,Semi-Urban,64.9,OBC,0,2024
25000,No,No,Engineer,Government Job,Graduate,Rural,73.7,OBC,1,2024
18000,Yes,Yes,Driver,Homemaker,Graduate,Semi-Urban,84.1,Merit,0,2022
5000,Yes,No,Small Business,Shopkeeper,HighSchool,Rural,45.7,Merit,1,2023
8000,Yes,Yes,Doctor,Teacher,HighSchool,Semi-Urban,51.9,Merit,0,2021
8000,Yes,No,Teacher,Daily Wage Worker,Graduate,Urban,77.9,SC/ST,0,2023
18000,Yes,No,Doctor,Homemaker,Postgraduate,Semi-Urban,47.3,SC/ST,0,2021
75000,No,No,Engineer,Government Job,Primary School,Semi-Urban,78.8,Merit,0,2021
25000,Yes,Yes,Daily Wage Worker,Daily Wage Worker,Graduate,Urban,78.8,Merit,0,2022
12000,Yes,No,Shopkeeper,Shopkeeper,Diploma,Urban,59.9,Merit,0,2021
5000,No,Yes,Small Business,Factory Worker,HighSchool,Rural,98.3,Merit,1,2022
12000,Yes,Yes,Farmer,Nurse,No Formal Education,Rural,68.0,OBC,1,2024
45000,Yes,Yes,Driver,Homemaker,Graduate,Rural,96.7,Merit,0,2024
18000,Yes,No,Daily Wage Worker,Homemaker,Primary School,Semi-Urban,50.5,SC/ST,1,2023
45000,No,No,Factory Worker,Factory Worker,Postgraduate,Rural,95.2,Management,0,2023
45000,No,No,Government Job,Farmer,HighSchool,Semi-Urban,74.0,Merit,0,2024
8000,Yes,Yes,Factory Worker,Teacher,Graduate,Rural,98.4,Merit,0,2023
35000,No,Yes,Small Business,Government Job,HighSchool,Rural,75.3,Merit,1,2023
75000,No,Yes,Factory Worker,Government Job,Graduate,Rural,94.9,NRI,1,2021
18000,No,No,Shopkeeper,Shopkeeper,Primary School,Urban,60.6,SC/ST,1,2021
5000,No,Yes,Doctor,Daily Wage Worker,HighSchool,Rural,77.3,Merit,1,2024
75000,Yes,Yes,Doctor,Factory Worker,Diploma,Rural,41.9,Management,0,2024
60000,Yes,Yes,Teacher,Government Job,Graduate,Rural,74.4,NRI,0,2021
25000,Yes,Yes,Government Job,Daily Wage Worker,Graduate,Urban,62.1,Sports,0,2024
25000,No,No,Doctor,Teacher,Primary School,Semi-Urban,88.6,Merit,0,2023
12000,No,Yes,Teacher,Factory Worker,No Formal Education,Urban,69.3,SC/ST,1,2023
45000,No,Yes,Daily Wage Worker,Teacher,HighSchool,Rural,70.9,Management,1,2022
25000,No,No,Engineer,Farmer,No Formal Education,Rural,98.0,Merit,0,2021
3000,Yes,No,Doctor,Farmer,HighSchool,Semi-Urban,92.5,Merit,0,2023
35000,No,No,Small Business,Factory Worker,No Formal Education,Urban,95.0,Merit,0,2023
75000,No,No,Engineer,Daily Wage Worker,Diploma,Urban,50.0,Merit,0,2021
60000,Yes,Yes,Government Job,Government Job,Primary School,Rural,91.9,Merit,0,2024
12000,Yes,No,Doctor,Farmer,Diploma,Urban,65.2,OBC,0,2023
5000,No,Yes,Small Business,Daily Wage Worker,Graduate,Semi-Urban,90.3,Management,1,2024
75000,Yes,No,Driver,Homemaker,Graduate,Semi-Urban,70.0,Merit,0,2024
75000,No,Yes,Teacher,Homemaker,Graduate,Urban,79.3,Merit,0,2024
25000,Yes,Yes,Teacher,Homemaker,No Formal Education,Semi-Urban,54.8,OBC,1,2023
35000,Yes,Yes,Driver,Farmer,Diploma,Urban,51.5,Merit,0,2024
18000,No,No,Daily Wage Worker,Teacher,HighSchool,Semi-Urban,72.9,Management,1,2022
18000,No,Yes,Small Business,Daily Wage Worker,Graduate,Rural,48.5,Management,1,2022
8000,No,No,Farmer,Nurse,Postgraduate,Rural,76.9,Management,1,2024
5000,Yes,Yes,Teacher,Teacher,Graduate,Urban,41.9,NRI,0,2023
12000,No,No,Government Job,Daily Wage Worker,Postgraduate,Urban,51.8,Merit,0,2024
60000,Yes,No,Factory Worker,Factory Worker,HighSchool,Urban,56.2,Merit,0,2023
8000,No,Yes,Shopkeeper,Shopkeeper,HighSchool,Semi-Urban,50.0,Merit,1,2022
12000,No,No,Government Job,Government Job,Primary School,Semi-Urban,47.0,OBC,1,2022
25000,No,No,Government Job,Factory Worker,Primary School,Rural,85.1,NRI,1,2021
12000,No,No,Engineer,Daily Wage Worker,No Formal Education,Semi-Urban,64.7,OBC,1,2024
8000,No,No,Engineer,Shopkeeper,Postgraduate,Semi-Urban,55.0,Merit,0,2022
25000,Yes,Yes,Government Job,Farmer,Diploma,Rural,58.0,Merit,0,2021
18000,Yes,Yes,Government Job,Homemaker,Postgraduate,Urban,86.8,Merit,0,2023
35000,No,No,Government Job,Teacher,Postgraduate,Rural,53.3,Management,0,2023
75000,Yes,Yes,Engineer,Homemaker,Graduate,Semi-Urban,84.9,Merit,0,2022
8000,No,Yes,Engineer,Shopkeeper,Postgraduate,Urban,83.1,Management,0,2022
75000,Yes,Yes,Engineer,Nurse,HighSchool,Urban,44.0,OBC,0,2022
75000,No,No,Small Business,Daily Wage Worker,Postgraduate,Semi-Urban,93.5,Merit,0,2022
60000,Yes,No,Teacher,Daily Wage Worker,Graduate,Rural,73.3,Management,0,2024
35000,No,No,Engineer,Government Job,Graduate,Semi-Urban,89.5,Merit,0,2021
35000,No,Yes,Small Business,Government Job,Graduate,Rural,58.8,OBC,1,2023
35000,Yes,Yes,Factory Worker,Homemaker,Postgraduate,Rural,80.7,Sports,0,2021
35000,No,Yes,Driver,Nurse,Postgraduate,Urban,75.5,Management,0,2022
3000,No,No,Government Job,Farmer,HighSchool,Rural,55.9,Sports,1,2021
75000,No,Yes,Doctor,Government Job,Primary School,Semi-Urban,90.2,Merit,0,2024
25000,Yes,No,Shopkeeper,Teacher,HighSchool,Semi-Urban,88.0,SC/ST,1,2023
45000,No,Yes,Government Job,Daily Wage Worker,Graduate,Urban,79.5,SC/ST,0,2024
18000,No,No,Small Business,Teacher,Primary School,Urban,91.2,OBC,1,2022
3000,Yes,Yes,Government Job,Shopkeeper,Graduate,Urban,52.9,Merit,0,2022
25000,Yes,Yes,Engineer,Factory Worker,Diploma,Semi-Urban,81.9,SC/ST,0,2024
25000,No,No,Engineer,Daily Wage Worker,Postgraduate,Rural,57.0,SC/ST,0,2022
18000,Yes,Yes,Teacher,Farmer,Graduate,Rural,95.4,Merit,0,2024
12000,No,Yes,Small Business,Shopkeeper,Diploma,Rural,73.3,OBC,1,2023
12000,No,No,Doctor,Shopkeeper,Diploma,Semi-Urban,90.1,OBC,0,2021
25000,No,No,Farmer,Teacher,Graduate,Rural,50.6,Merit,1,2023
18000,Yes,Yes,Shopkeeper,Factory Worker,HighSchool,Urban,58.8,OBC,0,2022
100000,Yes,No,Small Business,Homemaker,Diploma,Rural,85.0,NRI,0,2024
8000,No,No,Government Job,Daily Wage Worker,Postgraduate,Rural,61.2,SC/ST,1,2021
12000,No,Yes,Farmer,Teacher,Graduate,Semi-Urban,45.3,NRI,1,2023
12000,No,No,Government Job,Shopkeeper,Postgraduate,Rural,78.8,SC/ST,0,2023
25000,No,Yes,Shopkeeper,Government Job,Diploma,Rural,46.5,Management,1,2021
25000,No,Yes,Doctor,Factory Worker,Graduate,Urban,72.8,Management,0,2024
35000,Yes,No,Teacher,Daily Wage Worker,Postgraduate,Rural,89.4,Merit,0,2021
75000,No,Yes,Doctor,Shopkeeper,Graduate,Urban,74.4,SC/ST,0,2021
12000,Yes,No,Government Job,Government Job,Postgraduate,Urban,69.5,Management,0,2022
35000,No,No,Factory Worker,Teacher,Graduate,Rural,53.5,Management,1,2024
3000,No,Yes,Government Job,Homemaker,Primary School,Rural,49.6,Merit,1,2021
12000,No,Yes,Factory Worker,Farmer,HighSchool,Semi-Urban,41.1,OBC,1,2021
18000,Yes,No,Shopkeeper,Daily Wage Worker,Graduate,Urban,87.2,OBC,0,2021
3000,No,Yes,Daily Wage Worker,Daily Wage Worker,Postgraduate,Urban,41.8,Merit,1,2023
35000,No,Yes,Farmer,Shopkeeper,Graduate,Rural,90.7,SC/ST,1,2023
35000,No,No,Factory Worker,Daily Wage Worker,HighSchool,Rural,63.4,SC/ST,1,2024
45000,Yes,No,Farmer,Nurse,Graduate,Semi-Urban,93.7,Management,0,2021
25000,Yes,No,Factory Worker,Nurse,Graduate,Semi-Urban,49.2,Merit,1,2024
35000,No,Yes,Small Business,Daily Wage Worker,Diploma,Rural,87.8,Management,1,2023
18000,No,No,Doctor,Homemaker,Graduate,Semi-Urban,91.1,Merit,0,2022
5000,No,No,Teacher,Homemaker,Postgraduate,Urban,64.7,Merit,0,2023
5000,No,No,Government Job,Homemaker,Diploma,Urban,98.0,Management,1,2021
35000,Yes,Yes,Driver,Government Job,HighSchool,Semi-Urban,52.5,Sports,1,2023
100000,No,No,Shopkeeper,Government Job,Diploma,Urban,46.6,Merit,0,2023
3000,Yes,No,Small Business,Farmer,HighSchool,Semi-Urban,97.3,Management,0,2024
25000,Yes,No,Factory Worker,Government Job,Graduate,Rural,55.1,Merit,0,2022
45000,Yes,No,Teacher,Nurse,Postgraduate,Semi-Urban,41.7,Management,0,2024
60000,No,No,Small Business,Government Job,Graduate,Semi-Urban,63.2,Merit,0,2023
25000,Yes,Yes,Driver,Government Job,Postgraduate,Urban,98.5,Management,0,2024
35000,No,Yes,Government Job,Nurse,Graduate,Urban,89.6,Merit,0,2023
35000,No,No,Small Business,Shopkeeper,Diploma,Semi-Urban,45.7,Merit,1,2021
60000,Yes,Yes,Factory Worker,Shopkeeper,Diploma,Rural,61.2,SC/ST,1,2021
8000,No,No,Farmer,Government Job,Diploma,Rural,71.6,OBC,1,2021
75000,No,Yes,Shopkeeper,Nurse,Diploma,Semi-Urban,87.0,Management,0,2021
3000,No,No,Government Job,Teacher,Primary School,Urban,51.3,Merit,1,2021
60000,No,Yes,Engineer,Homemaker,Graduate,Semi-Urban,45.4,Management,0,2024
5000,Yes,Yes,Teacher,Government Job,No Formal Education,Rural,83.3,Merit,1,2021
8000,Yes,Yes,Driver,Teacher,HighSchool,Semi-Urban,41.3,Management,1,2022
3000,Yes,No,Factory Worker,Factory Worker,Diploma,Rural,70.4,Merit,1,2024
18000,No,No,Government Job,Factory Worker,Postgraduate,Semi-Urban,81.7,OBC,0,2023
12000,No,Yes,Factory Worker,Daily Wage Worker,HighSchool,Rural,79.4,SC/ST,1,2022
8000,No,No,Government Job,Government Job,Graduate,Urban,70.1,OBC,0,2021
18000,No,No,Doctor,Government Job,Diploma,Urban,86.1,Merit,0,2021
18000,Yes,No,Teacher,Daily Wage Worker,HighSchool,Urban,74.8,OBC,0,2021
45000,Yes,No,Doctor,Homemaker,No Formal Education,Rural,88.6,Merit,0,2023
60000,Yes,No,Daily Wage Worker,Factory Worker,Primary School,Semi-Urban,74.3,Merit,0,2022
35000,Yes,No,Daily Wage Worker,Nurse,Diploma,Rural,65.5,Merit,1,2023
8000,No,Yes,Farmer,Government Job,Diploma,Rural,75.3,Sports,1,2022
12000,Yes,No,Daily Wage Worker,Daily Wage Worker,Graduate,Semi-Urban,65.1,OBC,1,2023
75000,Yes,No,Factory Worker,Government Job,Primary School,Rural,52.4,Merit,0,2021
5000,Yes,No,Farmer,Teacher,HighSchool,Urban,67.8,Sports,0,2021
18000,No,Yes,Small Business,Daily Wage Worker,No Formal Education,Urban,95.9,Merit,1,2024
75000,Yes,No,Government Job,Factory Worker,Postgraduate,Urban,74.7,Merit,0,2022
75000,No,Yes,Farmer,Nurse,Diploma,Rural,83.0,Merit,1,2024
18000,Yes,Yes,Driver,Teacher,Graduate,Semi-Urban,78.8,NRI,0,2021
35000,Yes,Yes,Daily Wage Worker,Daily Wage Worker,Graduate,Rural,67.2,Merit,1,2022
18000,Yes,No,Farmer,Farmer,HighSchool,Semi-Urban,64.0,OBC,1,2022
45000,No,Yes,Small Business,Shopkeeper,Primary School,Semi-Urban,51.7,OBC,1,2023
3000,No,No,Daily Wage Worker,Farmer,Graduate,Semi-Urban,40.9,SC/ST,1,2021
8000,Yes,No,Small Business,Farmer,Postgraduate,Rural,90.9,Merit,0,2021
35000,Yes,No,Farmer,Government Job,Postgraduate,Rural,56.4,Management,1,2021
12000,Yes,Yes,Government Job,Nurse,HighSchool,Rural,74.9,Merit,0,2021
35000,No,No,Farmer,Government Job,HighSchool,Rural,67.3,Management,1,2022
18000,Yes,No,Shopkeeper,Homemaker,HighSchool,Rural,46.4,NRI,1,2021
60000,Yes,Yes,Factory Worker,Homemaker,HighSchool,Urban,42.1,Management,0,2023
45000,No,No,Teacher,Homemaker,Postgraduate,Rural,95.6,Merit,0,2021
25000,No,No,Doctor,Factory Worker,No Formal Education,Rural,61.4,Management,1,2021
45000,Yes,Yes,Teacher,Farmer,HighSchool,Urban,58.5,OBC,0,2022
12000,No,Yes,Shopkeeper,Government Job,No Formal Education,Urban,45.0,NRI,1,2021
25000,Yes,Yes,Farmer,Factory Worker,Postgraduate,Rural,40.2,Merit,1,2021
8000,Yes,No,Doctor,Nurse,Diploma,Urban,82.7,Merit,0,2023
60000,No,No,Farmer,Daily Wage Worker,HighSchool,Rural,92.3,Management,1,2022
60000,No,No,Engineer,Daily Wage Worker,Diploma,Semi-Urban,55.0,OBC,0,2021
75000,Yes,Yes,Driver,Government Job,Primary School,Urban,66.4,Merit,0,2021
60000,Yes,No,Teacher,Farmer,Primary School,Semi-Urban,76.6,Management,0,2024
75000,Yes,No,Teacher,Nurse,Postgraduate,Rural,49.9,Merit,0,2023
12000,Yes,No,Daily Wage Worker,Government Job,Graduate,Semi-Urban,61.8,Merit,1,2022
75000,Yes,No,Driver,Farmer,Graduate,Urban,68.9,Merit,0,2024
25000,Yes,No,Factory Worker,Teacher,Diploma,Urban,78.0,OBC,0,2023
18000,Yes,No,Government Job,Factory Worker,Diploma,Rural,97.9,SC/ST,0,2022
25000,No,No,Government Job,Nurse,Graduate,Rural,69.3,Merit,0,2021
12000,No,No,Doctor,Nurse,No Formal Education,Urban,55.2,Merit,0,2021
12000,No,No,Factory Worker,Homemaker,Graduate,Rural,78.5,Merit,1,2024
12000,Yes,No,Doctor,Daily Wage Worker,Diploma,Rural,46.8,Management,0,2021
5000,No,No,Driver,Factory Worker,HighSchool,Rural,40.3,Merit,1,2023
25000,Yes,Yes,Small Business,Farmer,HighSchool,Rural,62.2,Merit,1,2024
60000,Yes,No,Teacher,Teacher,Postgraduate,Semi-Urban,44.1,Merit,0,2023
35000,No,No,Driver,Farmer,Postgraduate,Urban,68.2,Merit,0,2024
25000,No,No,Factory Worker,Teacher,Primary School,Rural,59.3,Merit,1,2022
18000,Yes,No,Government Job,Teacher,HighSchool,Semi-Urban,92.8,OBC,0,2022
18000,No,No,Engineer,Teacher,Graduate,Semi-Urban,50.5,SC/ST,0,2021
8000,Yes,No,Engineer,Government Job,Graduate,Semi-Urban,80.9,Management,0,2021
60000,No,No,Government Job,Farmer,Diploma,Urban,77.3,Merit,0,2023
8000,No,Yes,Farmer,Daily Wage Worker,Postgraduate,Urban,98.7,Merit,1,2023
35000,Yes,Yes,Farmer,Factory Worker,Postgraduate,Rural,73.6,Management,1,2024
45000,No,No,Teacher,Teacher,Primary School,Urban,87.6,Merit,0,2021
25000,No,No,Small Business,Factory Worker,Primary School,Urban,60.7,Merit,1,2022
60000,No,Yes,Factory Worker,Farmer,Primary School,Rural,44.3,SC/ST,1,2021
12000,No,No,Factory Worker,Shopkeeper,Postgraduate,Urban,63.9,Merit,1,2022
60000,Yes,Yes,Engineer,Homemaker,Diploma,Semi-Urban,79.7,Merit,0,2022
45000,No,Yes,Government Job,Shopkeeper,Postgraduate,Urban,55.0,NRI,0,2021
45000,No,No,Shopkeeper,Farmer,Graduate,Urban,48.2,NRI,0,2023
35000,No,No,Daily Wage Worker,Factory Worker,Graduate,Urban,46.2,OBC,1,2021
60000,No,No,Small Business,Homemaker,Primary School,Rural,71.2,Merit,0,2024
100000,No,Yes,Teacher,Nurse,Primary School,Urban,59.8,Sports,0,2023
18000,Yes,No,Driver,Teacher,Postgraduate,Rural,85.1,Merit,0,2022
45000,No,Yes,Engineer,Nurse,Diploma,Urban,77.7,Sports,0,2021
45000,Yes,No,Factory Worker,Shopkeeper,Postgraduate,Rural,95.3,Management,0,2022
18000,No,Yes,Small Business,Farmer,HighSchool,Rural,97.8,Sports,1,2024
75000,No,Yes,Shopkeeper,Homemaker,Graduate,Urban,40.0,Sports,0,2023
18000,No,No,Doctor,Shopkeeper,Graduate,Semi-Urban,53.9,Merit,0,2022
25000,Yes,No,Factory Worker,Nurse,Primary School,Semi-Urban,54.3,Merit,1,2024
5000,Yes,No,Farmer,Government Job,Diploma,Rural,91.9,NRI,1,2021
12000,No,Yes,Engineer,Teacher,Postgraduate,Semi-Urban,47.8,Management,1,2024
60000,Yes,Yes,Factory Worker,Teacher,Diploma,Urban,64.6,Merit,0,2021
18000,No,No,Engineer,Nurse,Diploma,Urban,43.1,Sports,1,2022
18000,Yes,Yes,Shopkeeper,Daily Wage Worker,Graduate,Semi-Urban,68.2,SC/ST,0,2023
12000,Yes,No,Driver,Factory Worker,Graduate,Urban,42.3,SC/ST,1,2022
25000,No,No,Farmer,Daily Wage Worker,Graduate,Semi-Urban,82.8,OBC,1,2021
45000,No,Yes,Driver,Government Job,Diploma,Urban,70.6,SC/ST,0,2024
60000,No,No,Government Job,Factory Worker,Diploma,Urban,98.9,SC/ST,0,2022
5000,Yes,Yes,Doctor,Homemaker,Diploma,Semi-Urban,98.2,SC/ST,0,2023
25000,No,No,Engineer,Teacher,Postgraduate,Semi-Urban,86.3,Merit,0,2024
18000,Yes,No,Factory Worker,Farmer,Postgraduate,Rural,57.3,Management,1,2021
35000,No,No,Engineer,Teacher,Graduate,Urban,46.6,NRI,0,2022
18000,Yes,No,Engineer,Teacher,HighSchool,Rural,49.2,SC/ST,1,2023
18000,No,No,Doctor,Homemaker,Postgraduate,Rural,80.7,Merit,0,2024
18000,Yes,Yes,Small Business,Daily Wage Worker,HighSchool,Semi-Urban,47.9,Merit,0,2022
25000,No,No,Engineer,Daily Wage Worker,Primary School,Urban,56.7,Sports,1,2023
25000,No,No,Daily Wage Worker,Factory Worker,Diploma,Urban,45.5,Management,1,2024
18000,No,No,Daily Wage Worker,Shopkeeper,Graduate,Rural,43.0,Merit,1,2021
45000,Yes,No,Teacher,Daily Wage Worker,No Formal Education,Rural,63.0,SC/ST,0,2024
45000,No,No,Small Business,Farmer,HighSchool,Rural,64.5,Management,1,2023
12000,Yes,Yes,Teacher,Shopkeeper,Graduate,Semi-Urban,51.3,Merit,0,2022
45000,Yes,Yes,Factory Worker,Teacher,Graduate,Urban,94.3,SC/ST,0,2021
60000,No,No,Teacher,Teacher,Primary School,Urban,75.8,Management,0,2022
8000,No,No,Engineer,Daily Wage Worker,HighSchool,Semi-Urban,57.2,Merit,1,2022
25000,No,No,Doctor,Nurse,Graduate,Rural,89.3,Merit,0,2022
12000,No,No,Factory Worker,Nurse,Primary School,Semi-Urban,72.6,Merit,1,2023
45000,No,Yes,Government Job,Nurse,No Formal Education,Urban,66.3,Management,0,2022
12000,Yes,No,Engineer,Government Job,Postgraduate,Semi-Urban,84.3,OBC,0,2023
35000,No,Yes,Small Business,Shopkeeper,Graduate,Rural,61.7,OBC,1,2022
12000,No,No,Small Business,Factory Worker,Diploma,Rural,87.4,OBC,1,2024
25000,Yes,Yes,Daily Wage Worker,Shopkeeper,Graduate,Semi-Urban,40.3,Merit,1,2023
75000,No,Yes,Daily Wage Worker,Shopkeeper,Graduate,Semi-Urban,54.5,SC/ST,1,2023
18000,Yes,Yes,Farmer,Daily Wage Worker,Diploma,Urban,71.3,SC/ST,1,2021
60000,Yes,Yes,Factory Worker,Government Job,Graduate,Rural,89.3,Sports,0,2022
100000,No,No,Teacher,Homemaker,Graduate,Urban,83.9,OBC,0,2024
60000,No,Yes,Daily Wage Worker,Government Job,HighSchool,Urban,95.1,Management,1,2022
8000,Yes,No,Factory Worker,Farmer,Diploma,Rural,55.4,Management,1,2024
45000,Yes,No,Factory Worker,Nurse,HighSchool,Rural,94.4,Merit,0,2021
3000,Yes,No,Shopkeeper,Factory Worker,Graduate,Rural,46.8,SC/ST,1,2021
18000,Yes,No,Shopkeeper,Teacher,Graduate,Semi-Urban,51.7,OBC,0,2021
60000,No,Yes,Daily Wage Worker,Farmer,Graduate,Rural,67.6,Management,1,2021
35000,No,No,Doctor,Nurse,Diploma,Urban,52.4,Merit,0,2021
25000,Yes,No,Driver,Nurse,Graduate,Urban,41.9,Merit,0,2023
18000,Yes,No,Small Business,Farmer,Graduate,Urban,77.7,SC/ST,0,2023
45000,Yes,Yes,Doctor,Government Job,HighSchool,Urban,64.1,Merit,0,2024
35000,No,Yes,Daily Wage Worker,Teacher,Postgraduate,Rural,94.4,SC/ST,1,2021
18000,Yes,Yes,Government Job,Shopkeeper,HighSchool,Urban,98.0,SC/ST,0,2021
60000,No,No,Shopkeeper,Government Job,Diploma,Semi-Urban,94.6,Merit,0,2023
12000,No,No,Factory Worker,Nurse,Graduate,Rural,70.5,Merit,1,2024
8000,No,No,Small Business,Farmer,Graduate,Rural,58.2,SC/ST,1,2023
35000,No,No,Shopkeeper,Homemaker,Diploma,Semi-Urban,96.4,Merit,0,2024
100000,Yes,Yes,Small Business,Shopkeeper,Diploma,Semi-Urban,62.0,SC/ST,0,2023
12000,No,Yes,Government Job,Government Job,Graduate,Rural,62.4,Management,1,2024
12000,Yes,No,Engineer,Homemaker,Diploma,Semi-Urban,77.5,Merit,0,2021
8000,No,No,Teacher,Daily Wage Worker,Graduate,Urban,77.4,Merit,0,2023
60000,No,Yes,Small Business,Farmer,Graduate,Rural,46.2,Merit,0,2022
12000,No,No,Small Business,Teacher,Primary School,Rural,51.3,Sports,1,2024
25000,No,Yes,Teacher,Homemaker,Graduate,Semi-Urban,40.0,NRI,0,2024
100000,Yes,No,Small Business,Nurse,No Formal Education,Semi-Urban,45.8,Merit,0,2021
3000,No,No,Farmer,Daily Wage Worker,Graduate,Urban,60.2,OBC,1,2021
25000,No,No,Farmer,Teacher,HighSchool,Semi-Urban,96.0,Management,1,2024
25000,No,No,Government Job,Daily Wage Worker,Diploma,Rural,87.2,Management,1,2024
45000,No,Yes,Daily Wage Worker,Nurse,HighSchool,Rural,53.4,Merit,1,2023
18000,No,No,Daily Wage Worker,Factory Worker,HighSchool,Rural,46.9,Merit,1,2023
18000,Yes,No,Factory Worker,Factory Worker,Graduate,Urban,98.9,SC/ST,0,2022
8000,No,Yes,Doctor,Homemaker,Diploma,Rural,82.5,SC/ST,1,2024
45000,No,No,Farmer,Factory Worker,Diploma,Urban,70.9,NRI,0,2024
45000,Yes,No,Small Business,Nurse,Postgraduate,Semi-Urban,97.7,Management,0,2023
8000,Yes,Yes,Teacher,Farmer,Primary School,Urban,96.3,SC/ST,0,2023
18000,No,No,Driver,Homemaker,Diploma,Rural,46.8,Management,1,2021
60000,Yes,Yes,Driver,Farmer,Diploma,Rural,77.5,SC/ST,1,2024
3000,Yes,No,Small Business,Teacher,Graduate,Semi-Urban,80.7,Merit,0,2024
12000,No,Yes,Driver,Government Job,HighSchool,Rural,91.0,Merit,1,2022
25000,No,No,Engineer,Factory Worker,Diploma,Semi-Urban,69.4,SC/ST,0,2024
12000,Yes,No,Small Business,Nurse,Graduate,Urban,80.1,Management,0,2023
12000,Yes,Yes,Doctor,Shopkeeper,Diploma,Urban,60.9,Merit,0,2024
18000,Yes,No,Farmer,Nurse,Postgraduate,Semi-Urban,63.7,Sports,0,2022
8000,No,No,Engineer,Teacher,Primary School,Rural,73.2,Management,1,2024
25000,Yes,No,Engineer,Factory Worker,HighSchool,Rural,52.6,OBC,0,2023
35000,No,No,Doctor,Homemaker,Diploma,Urban,86.7,SC/ST,0,2022
25000,Yes,No,Farmer,Shopkeeper,Primary School,Rural,69.4,OBC,1,2023
5000,Yes,No,Daily Wage Worker,Homemaker,Diploma,Rural,90.2,Management,1,2022
60000,No,No,Government Job,Government Job,No Formal Education,Urban,86.4,SC/ST,1,2023
8000,No,Yes,Shopkeeper,Shopkeeper,Diploma,Rural,73.2,Merit,1,2022
45000,Yes,Yes,Doctor,Farmer,Postgraduate,Urban,80.6,Merit,0,2024
18000,Yes,Yes,Doctor,Factory Worker,Postgraduate,Rural,90.0,Merit,0,2023
45000,No,No,Teacher,Nurse,HighSchool,Semi-Urban,60.0,OBC,0,2021
8000,Yes,No,Doctor,Factory Worker,No Formal Education,Rural,83.0,Merit,0,2023
8000,No,No,Small Business,Homemaker,Postgraduate,Urban,94.5,Management,0,2023
25000,No,No,Shopkeeper,Shopkeeper,Graduate,Rural,41.8,Management,1,2023
3000,No,No,Small Business,Shopkeeper,Graduate,Rural,69.5,Management,1,2023
12000,Yes,Yes,Teacher,Homemaker,Graduate,Urban,48.5,Merit,0,2024
45000,No,Yes,Driver,Shopkeeper,Diploma,Semi-Urban,62.7,Merit,1,2023
60000,Yes,No,Teacher,Homemaker,Diploma,Semi-Urban,88.9,Merit,0,2023
5000,No,No,Shopkeeper,Nurse,Postgraduate,Semi-Urban,51.7,OBC,1,2022
60000,Yes,No,Farmer,Daily Wage Worker,Diploma,Semi-Urban,42.1,SC/ST,1,2022
45000,Yes,No,Teacher,Factory Worker,Graduate,Urban,56.8,Merit,0,2022
60000,No,No,Daily Wage Worker,Teacher,Postgraduate,Semi-Urban,86.0,Merit,0,2022
35000,No,Yes,Doctor,Shopkeeper,Diploma,Semi-Urban,46.3,Merit,0,2022
35000,No,No,Farmer,Shopkeeper,Postgraduate,Rural,74.6,SC/ST,1,2023
25000,No,No,Teacher,Farmer,HighSchool,Semi-Urban,83.8,Management,1,2022
35000,Yes,Yes,Government Job,Teacher,Postgraduate,Urban,73.7,OBC,0,2024
75000,Yes,Yes,Farmer,Teacher,HighSchool,Rural,95.2,SC/ST,1,2022
5000,No,Yes,Driver,Nurse,HighSchool,Rural,84.7,Sports,1,2024
12000,Yes,No,Driver,Homemaker,Graduate,Rural,45.2,SC/ST,1,2023
5000,No,No,Farmer,Shopkeeper,Postgraduate,Semi-Urban,90.5,Merit,1,2024
75000,No,Yes,Small Business,Government Job,Graduate,Urban,72.3,Merit,0,2022
18000,No,Yes,Daily Wage Worker,Factory Worker,Graduate,Semi-Urban,97.1,Management,1,2021
35000,No,Yes,Teacher,Shopkeeper,Postgraduate,Urban,98.1,Management,0,2021
60000,Yes,No,Driver,Farmer,Diploma,Urban,49.7,Management,0,2021
100000,No,Yes,Small Business,Farmer,Postgraduate,Urban,54.7,Merit,0,2021
8000,Yes,No,Engineer,Daily Wage Worker,No Formal Education,Semi-Urban,78.6,Merit,0,2024
45000,No,No,Factory Worker,Nurse,Primary School,Rural,43.3,Merit,1,2023
60000,Yes,No,Engineer,Nurse,HighSchool,Semi-Urban,63.7,Merit,0,2022
5000,No,No,Factory Worker,Government Job,Postgraduate,Urban,98.3,Merit,0,2021
45000,No,No,Factory Worker,Daily Wage Worker,HighSchool,Semi-Urban,71.0,Merit,1,2024
18000,No,No,Factory Worker,Government Job,Diploma,Semi-Urban,59.5,Sports,1,2022
35000,No,Yes,Factory Worker,Homemaker,No Formal Education,Urban,51.0,Merit,1,2023
25000,No,Yes,Engineer,Factory Worker,Primary School,Rural,84.3,OBC,1,2021
12000,No,No,Government Job,Homemaker,Graduate,Semi-Urban,94.9,SC/ST,0,2023
8000,Yes,Yes,Teacher,Daily Wage Worker,Primary School,Urban,94.5,Merit,0,2021
8000,No,No,Farmer,Daily Wage Worker,Postgraduate,Urban,43.8,Merit,1,2022
5000,Yes,No,Doctor,Daily Wage Worker,Postgraduate,Urban,44.5,Management,0,2024
35000,Yes,Yes,Daily Wage Worker,Daily Wage Worker,Graduate,Rural,98.4,Management,1,2021
18000,No,No,Factory Worker,Nurse,Diploma,Semi-Urban,96.2,Merit,0,2021
12000,Yes,No,Teacher,Homemaker,Postgraduate,Semi-Urban,52.9,OBC,0,2023
35000,No,Yes,Engineer,Nurse,Diploma,Semi-Urban,51.7,Management,0,2021
35000,Yes,No,Government Job,Government Job,HighSchool,Urban,74.8,OBC,0,2022
25000,Yes,No,Doctor,Government Job,HighSchool,Semi-Urban,58.7,Merit,0,2021
75000,Yes,Yes,Teacher,Shopkeeper,HighSchool,Urban,82.4,SC/ST,0,2021
18000,No,Yes,Teacher,Homemaker,Graduate,Urban,52.1,Management,0,2024
60000,Yes,No,Shopkeeper,Shopkeeper,Diploma,Urban,87.6,SC/ST,0,2023
5000,No,Yes,Farmer,Shopkeeper,Graduate,Urban,56.7,Management,1,2024
45000,No,No,Daily Wage Worker,Nurse,Graduate,Rural,48.2,Merit,1,2024
100000,No,No,Teacher,Daily Wage Worker,HighSchool,Rural,60.2,Management,0,2023
60000,No,No,Farmer,Homemaker,Diploma,Rural,41.2,OBC,1,2021
25000,Yes,No,Farmer,Homemaker,Graduate,Urban,78.1,NRI,0,2023
35000,Yes,Yes,Small Business,Factory Worker,HighSchool,Urban,44.0,Merit,0,2024
18000,No,Yes,Factory Worker,Teacher,Primary School,Urban,48.7,Merit,1,2024
35000,Yes,No,Daily Wage Worker,Daily Wage Worker,Graduate,Rural,86.8,Merit,0,2024
45000,Yes,No,Government Job,Daily Wage Worker,Diploma,Urban,69.8,Management,0,2022
100000,Yes,No,Farmer,Teacher,Primary School,Urban,75.0,Merit,0,2021
25000,Yes,Yes,Driver,Government Job,Diploma,Rural,56.6,Merit,1,2023
5000,No,No,Factory Worker,Factory Worker,Graduate,Semi-Urban,97.4,OBC,1,2023
25000,No,Yes,Daily Wage Worker,Farmer,No Formal Education,Urban,98.2,Merit,1,2021
8000,Yes,No,Small Business,Farmer,Graduate,Semi-Urban,61.6,Merit,0,2023
12000,No,No,Engineer,Homemaker,Diploma,Urban,86.5,Management,0,2021
12000,Yes,Yes,Engineer,Shopkeeper,No Formal Education,Semi-Urban,87.3,SC/ST,1,2021
45000,Yes,Yes,Farmer,Government Job,Postgraduate,Rural,93.9,Management,0,2023
8000,Yes,No,Engineer,Daily Wage Worker,Graduate,Rural,90.8,Sports,0,2024
8000,No,No,Driver,Government Job,Postgraduate,Rural,65.9,Merit,1,2022
5000,Yes,Yes,Small Business,Shopkeeper,HighSchool,Urban,61.3,SC/ST,1,2023
60000,Yes,Yes,Farmer,Homemaker,Diploma,Rural,95.2,Sports,0,2021
35000,No,Yes,Government Job,Factory Worker,Graduate,Semi-Urban,64.1,SC/ST,1,2023
3000,No,Yes,Engineer,Nurse,Postgraduate,Urban,70.7,Merit,0,2021
3000,No,Yes,Small Business,Factory Worker,Graduate,Rural,45.7,OBC,1,2024
25000,No,No,Farmer,Homemaker,Graduate,Rural,57.3,Merit,1,2024
12000,Yes,No,Daily Wage Worker,Homemaker,Graduate,Urban,49.6,SC/ST,1,2022
25000,Yes,No,Factory Worker,Factory Worker,Primary School,Urban,44.9,SC/ST,1,2024
18000,No,Yes,Farmer,Factory Worker,Graduate,Urban,61.9,Merit,1,2023
75000,No,No,Small Business,Nurse,Graduate,Semi-Urban,70.4,OBC,0,2024
12000,No,No,Factory Worker,Daily Wage Worker,HighSchool,Rural,86.0,Merit,1,2021
35000,No,Yes,Doctor,Teacher,HighSchool,Urban,75.9,OBC,0,2023
5000,No,No,Daily Wage Worker,Farmer,HighSchool,Urban,88.6,Merit,1,2024
75000,Yes,Yes,Farmer,Factory Worker,Primary School,Urban,53.7,OBC,1,2021
100000,Yes,No,Engineer,Nurse,HighSchool,Rural,86.9,Merit,0,2023
45000,Yes,Yes,Government Job,Government Job,Primary School,Semi-Urban,43.0,Merit,0,2023
18000,Yes,No,Shopkeeper,Farmer,Graduate,Urban,56.4,Merit,0,2023
12000,No,No,Farmer,Teacher,Diploma,Urban,66.2,Management,1,2023
45000,Yes,No,Daily Wage Worker,Daily Wage Worker,Primary School,Rural,96.5,Merit,1,2023
45000,No,No,Doctor,Government Job,Graduate,Rural,45.4,Merit,0,2021
12000,No,Yes,Shopkeeper,Government Job,HighSchool,Semi-Urban,55.5,NRI,1,2023
18000,No,Yes,Daily Wage Worker,Shopkeeper,Diploma,Urban,49.0,SC/ST,1,2021
18000,No,No,Driver,Nurse,Postgraduate,Urban,65.1,Management,1,2021
60000,No,No,Shopkeeper,Nurse,Graduate,Rural,59.4,Sports,0,2021
35000,No,Yes,Engineer,Daily Wage Worker,Graduate,Semi-Urban,45.4,Merit,0,2023
35000,No,No,Engineer,Nurse,Graduate,Semi-Urban,68.4,SC/ST,1,2024
35000,Yes,Yes,Shopkeeper,Homemaker,Primary School,Rural,68.6,SC/ST,1,2022
12000,No,No,Teacher,Factory Worker,Diploma,Urban,77.2,Merit,0,2023
18000,No,No,Doctor,Government Job,HighSchool,Semi-Urban,89.6,Merit,0,2022
5000,Yes,No,Small Business,Factory Worker,Diploma,Urban,97.4,Management,0,2023
45000,Yes,No,Shopkeeper,Farmer,Postgraduate,Semi-Urban,46.1,Merit,0,2021
18000,No,Yes,Small Business,Daily Wage Worker,Graduate,Urban,60.0,Sports,1,2024
18000,Yes,Yes,Government Job,Homemaker,Graduate,Rural,97.4,Merit,0,2022
12000,No,Yes,Driver,Factory Worker,Graduate,Semi-Urban,73.5,OBC,1,2022
8000,No,Yes,Doctor,Government Job,Graduate,Semi-Urban,63.4,SC/ST,1,2023
25000,No,Yes,Factory Worker,Homemaker,Diploma,Rural,65.7,OBC,1,2022
12000,No,Yes,Shopkeeper,Shopkeeper,Postgraduate,Semi-Urban,89.7,Merit,0,2022
5000,Yes,Yes,Teacher,Factory Worker,Graduate,Urban,91.0,SC/ST,0,2022
45000,No,Yes,Farmer,Shopkeeper,Graduate,Semi-Urban,57.4,Management,1,2024
18000,Yes,No,Factory Worker,Teacher,No Formal Education,Urban,58.2,Merit,1,2022
18000,Yes,No,Doctor,Teacher,Diploma,Rural,81.3,SC/ST,0,2022
18000,Yes,No,Farmer,Teacher,HighSchool,Rural,44.0,Management,1,2021
45000,No,No,Farmer,Shopkeeper,No Formal Education,Rural,89.9,Sports,1,2023
12000,No,No,Shopkeeper,Government Job,Graduate,Urban,40.4,Merit,0,2021
45000,Yes,No,Farmer,Teacher,Postgraduate,Rural,67.2,Merit,0,2023
75000,Yes,No,Engineer,Daily Wage Worker,Graduate,Rural,86.8,OBC,0,2022
35000,No,No,Shopkeeper,Homemaker,Primary School,Rural,93.9,OBC,1,2022
18000,No,Yes,Driver,Farmer,No Formal Education,Semi-Urban,77.0,OBC,1,2021
45000,Yes,Yes,Driver,Farmer,HighSchool,Semi-Urban,71.3,SC/ST,1,2022
18000,Yes,No,Factory Worker,Homemaker,HighSchool,Semi-Urban,81.1,SC/ST,1,2021
18000,Yes,Yes,Engineer,Daily Wage Worker,No Formal Education,Urban,89.7,Merit,0,2024
25000,Yes,Yes,Small Business,Government Job,No Formal Education,Semi-Urban,40.8,SC/ST,1,2023
12000,No,Yes,Driver,Shopkeeper,HighSchool,Rural,75.8,NRI,1,2024
5000,No,No,Doctor,Factory Worker,Primary School,Semi-Urban,85.2,Merit,1,2021
18000,Yes,No,Government Job,Nurse,HighSchool,Rural,94.6,Sports,0,2022
8000,Yes,No,Shopkeeper,Nurse,Postgraduate,Rural,63.6,Merit,0,2021
18000,No,Yes,Government Job,Nurse,Postgraduate,Urban,93.2,SC/ST,0,2022
25000,Yes,Yes,Daily Wage Worker,Shopkeeper,Graduate,Rural,77.2,SC/ST,1,2023
75000,No,Yes,Teacher,Factory Worker,HighSchool,Urban,59.7,Management,0,2021
3000,No,Yes,Engineer,Factory Worker,HighSchool,Semi-Urban,98.0,Merit,1,2021
35000,Yes,Yes,Teacher,Government Job,Graduate,Urban,43.5,NRI,0,2021
18000,No,No,Teacher,Homemaker,Graduate,Rural,91.3,Sports,0,2023
3000,No,Yes,Teacher,Factory Worker,Graduate,Semi-Urban,71.2,Management,1,2023
12000,Yes,Yes,Government Job,Teacher,Graduate,Semi-Urban,74.5,SC/ST,0,2022
8000,No,No,Small Business,Teacher,Diploma,Urban,89.1,Merit,0,2021
12000,No,Yes,Government Job,Daily Wage Worker,Postgraduate,Rural,94.7,Merit,0,2022
12000,Yes,No,Shopkeeper,Farmer,Graduate,Semi-Urban,92.8,Management,0,2021
18000,No,No,Factory Worker,Daily Wage Worker,No Formal Education,Semi-Urban,67.5,Merit,1,2021
25000,Yes,Yes,Government Job,Factory Worker,HighSchool,Rural,82.0,Management,0,2021
3000,No,No,Shopkeeper,Daily Wage Worker,Diploma,Rural,84.4,Merit,1,2021
8000,No,No,Factory Worker,Homemaker,HighSchool,Urban,60.4,Merit,1,2021
5000,Yes,Yes,Doctor,Nurse,Diploma,Semi-Urban,57.9,Management,1,2024
25000,No,No,Driver,Daily Wage Worker,Graduate,Semi-Urban,88.5,Sports,0,2024
12000,Yes,No,Shopkeeper,Teacher,Diploma,Urban,71.6,SC/ST,0,2022
25000,Yes,No,Doctor,Homemaker,Postgraduate,Rural,53.2,Sports,0,2022
12000,Yes,No,Farmer,Nurse,HighSchool,Rural,91.9,SC/ST,1,2023
3000,No,No,Engineer,Daily Wage Worker,Postgraduate,Semi-Urban,69.2,Merit,0,2022
75000,No,No,Small Business,Nurse,HighSchool,Urban,91.5,NRI,0,2024
5000,Yes,Yes,Teacher,Teacher,Postgraduate,Semi-Urban,49.7,Management,0,2024
8000,No,No,Daily Wage Worker,Government Job,HighSchool,Semi-Urban,92.6,Management,1,2024
8000,Yes,No,Engineer,Government Job,Diploma,Semi-Urban,63.9,Merit,0,2021
100000,Yes,No,Engineer,Shopkeeper,Postgraduate,Urban,57.3,Merit,0,2024
35000,No,No,Government Job,Farmer,HighSchool,Semi-Urban,61.8,SC/ST,1,2022
35000,No,Yes,Teacher,Daily Wage Worker,Postgraduate,Semi-Urban,75.6,Merit,0,2021
100000,Yes,No,Doctor,Daily Wage Worker,Diploma,Rural,57.7,Management,0,2023
5000,Yes,No,Small Business,Farmer,Diploma,Rural,78.0,NRI,1,2023
100000,No,No,Driver,Farmer,Graduate,Urban,69.7,Merit,0,2024
8000,Yes,No,Engineer,Government Job,HighSchool,Semi-Urban,78.7,Merit,0,2021
35000,Yes,No,Farmer,Homemaker,Graduate,Urban,59.9,Management,0,2023
18000,No,No,Teacher,Farmer,HighSchool,Semi-Urban,55.3,NRI,1,2023
18000,No,No,Government Job,Shopkeeper,Graduate,Rural,79.8,SC/ST,1,2024
75000,Yes,No,Teacher,Shopkeeper,Graduate,Urban,71.2,Merit,0,2022
8000,Yes,No,Factory Worker,Government Job,Primary School,Rural,48.4,SC/ST,1,2023
100000,Yes,Yes,Teacher,Nurse,Primary School,Rural,78.5,SC/ST,0,2024
18000,No,No,Shopkeeper,Teacher,Graduate,Semi-Urban,56.3,SC/ST,1,2023
35000,Yes,No,Teacher,Teacher,Primary School,Semi-Urban,61.5,Management,1,2022
100000,Yes,No,Government Job,Farmer,Graduate,Rural,90.5,Sports,0,2024
5000,Yes,No,Shopkeeper,Teacher,Postgraduate,Rural,51.9,SC/ST,1,2024
75000,No,No,Doctor,Factory Worker,Primary School,Urban,65.4,Merit,0,2021
25000,No,No,Factory Worker,Government Job,Diploma,Urban,45.1,OBC,1,2021
35000,No,No,Government Job,Shopkeeper,Postgraduate,Urban,66.6,NRI,0,2023
8000,No,No,Shopkeeper,Nurse,Postgraduate,Rural,94.3,Management,0,2021
25000,No,No,Shopkeeper,Nurse,No Formal Education,Urban,73.0,OBC,1,2021
35000,Yes,Yes,Shopkeeper,Shopkeeper,Graduate,Urban,91.2,SC/ST,0,2024
18000,No,Yes,Government Job,Teacher,HighSchool,Rural,72.0,Merit,1,2022
8000,Yes,No,Driver,Farmer,Graduate,Rural,43.5,Merit,1,2023
12000,No,Yes,Teacher,Nurse,HighSchool,Rural,69.8,Merit,1,2022
60000,Yes,No,Daily Wage Worker,Homemaker,HighSchool,Urban,53.7,Management,0,2021
3000,No,No,Shopkeeper,Nurse,Diploma,Semi-Urban,65.5,Merit,1,2024
35000,Yes,No,Doctor,Factory Worker,HighSchool,Rural,54.0,Merit,0,2021
100000,Yes,Yes,Doctor,Shopkeeper,Diploma,Rural,46.7,Management,0,2022
3000,Yes,No,Government Job,Factory Worker,Diploma,Urban,52.5,Management,0,2024
8000,No,Yes,Driver,Government Job,Postgraduate,Semi-Urban,63.7,Merit,1,2022
35000,No,Yes,Daily Wage Worker,Daily Wage Worker,Diploma,Urban,88.6,SC/ST,1,2022
5000,Yes,No,Government Job,Government Job,Graduate,Rural,85.4,Merit,0,2022
25000,No,No,Doctor,Homemaker,HighSchool,Urban,42.2,Management,0,2023
35000,Yes,No,Farmer,Homemaker,Postgraduate,Rural,85.8,Management,0,2024
25000,No,Yes,Small Business,Shopkeeper,Diploma,Rural,41.8,SC/ST,1,2021
18000,No,No,Teacher,Homemaker,Primary School,Urban,44.5,Merit,0,2022
35000,Yes,No,Doctor,Homemaker,Graduate,Rural,84.9,NRI,0,2021
25000,Yes,No,Driver,Government Job,HighSchool,Semi-Urban,63.2,Management,0,2023
8000,Yes,Yes,Driver,Daily Wage Worker,HighSchool,Rural,59.0,SC/ST,1,2024
25000,No,Yes,Daily Wage Worker,Daily Wage Worker,HighSchool,Urban,62.2,Sports,1,2022
60000,Yes,No,Government Job,Shopkeeper,Diploma,Rural,70.9,SC/ST,0,2022
35000,Yes,No,Driver,Teacher,HighSchool,Semi-Urban,75.8,SC/ST,1,2022
18000,No,No,Shopkeeper,Shopkeeper,Graduate,Rural,79.6,Merit,1,2023
12000,No,No,Daily Wage Worker,Government Job,HighSchool,Urban,45.7,Merit,1,2024
5000,No,No,Factory Worker,Daily Wage Worker,Primary School,Urban,49.7,Management,1,2021
12000,Yes,Yes,Small Business,Nurse,Primary School,Urban,65.6,SC/ST,1,2022
3000,No,No,Driver,Factory Worker,Diploma,Urban,91.0,SC/ST,1,2021
100000,Yes,No,Engineer,Nurse,Primary School,Semi-Urban,85.0,Management,0,2024
12000,No,No,Farmer,Daily Wage Worker,No Formal Education,Rural,51.0,SC/ST,1,2022
45000,Yes,No,Small Business,Shopkeeper,HighSchool,Rural,57.0,Merit,0,2024
8000,Yes,No,Shopkeeper,Daily Wage Worker,Postgraduate,Urban,62.3,Sports,0,2022
12000,No,Yes,Factory Worker,Homemaker,No Formal Education,Semi-Urban,90.7,Sports,1,2022
18000,No,No,Daily Wage Worker,Daily Wage Worker,Primary School,Rural,97.7,Management,1,2024
12000,No,No,Shopkeeper,Farmer,Graduate,Rural,44.5,OBC,1,2021
45000,No,No,Driver,Factory Worker,Diploma,Urban,68.7,Management,1,2021
75000,No,No,Doctor,Shopkeeper,Primary School,Rural,61.4,Merit,0,2024
60000,Yes,Yes,Daily Wage Worker,Factory Worker,Postgraduate,Rural,59.0,Merit,0,2023
8000,No,Yes,Engineer,Government Job,Graduate,Urban,69.4,Merit,0,2024
45000,No,Yes,Farmer,Homemaker,Diploma,Semi-Urban,82.4,SC/ST,1,2024
8000,No,Yes,Government Job,Factory Worker,Diploma,Rural,74.8,Merit,1,2023
75000,No,Yes,Government Job,Nurse,Graduate,Semi-Urban,65.0,NRI,0,2022
25000,Yes,No,Factory Worker,Nurse,Primary School,Rural,82.6,SC/ST,1,2022
12000,No,No,Factory Worker,Homemaker,Postgraduate,Rural,64.3,Merit,1,2023
8000,No,Yes,Farmer,Factory Worker,Primary School,Semi-Urban,78.4,Management,1,2021
3000,No,No,Driver,Homemaker,Diploma,Urban,49.9,Merit,1,2024
12000,Yes,No,Teacher,Homemaker,HighSchool,Urban,60.0,Management,0,2023
75000,Yes,Yes,Teacher,Homemaker,Graduate,Rural,73.6,SC/ST,0,2022
45000,No,No,Factory Worker,Factory Worker,Graduate,Rural,94.2,Merit,1,2022
100000,Yes,No,Factory Worker,Farmer,Graduate,Semi-Urban,41.1,Merit,0,2024
5000,Yes,No,Factory Worker,Homemaker,HighSchool,Rural,82.9,Merit,1,2021
25000,Yes,No,Small Business,Government Job,Graduate,Rural,68.6,OBC,0,2024
12000,No,No,Teacher,Shopkeeper,Postgraduate,Rural,83.9,OBC,0,2022
25000,Yes,No,Shopkeeper,Shopkeeper,HighSchool,Rural,46.8,Merit,1,2022
12000,Yes,No,Factory Worker,Daily Wage Worker,HighSchool,Semi-Urban,74.9,Merit,1,2021
12000,No,No,Engineer,Homemaker,Diploma,Rural,64.9,Merit,0,2021
25000,No,No,Teacher,Homemaker,Graduate,Rural,58.4,Sports,1,2022
8000,No,No,Shopkeeper,Factory Worker,Primary School,Rural,41.9,Merit,1,2024
18000,No,No,Teacher,Shopkeeper,No Formal Education,Semi-Urban,71.0,Management,1,2024
35000,No,No,Factory Worker,Factory Worker,Graduate,Rural,60.2,Management,1,2021
8000,Yes,Yes,Driver,Farmer,Graduate,Rural,94.4,OBC,1,2021
75000,Yes,No,Government Job,Daily Wage Worker,HighSchool,Rural,84.3,Merit,0,2021
25000,No,Yes,Government Job,Homemaker,Graduate,Rural,45.1,OBC,1,2023
45000,No,Yes,Government Job,Nurse,Graduate,Urban,58.3,SC/ST,0,2022
35000,Yes,No,Government Job,Daily Wage Worker,No Formal Education,Rural,55.3,Merit,0,2023
35000,No,No,Teacher,Nurse,HighSchool,Semi-Urban,80.4,OBC,0,2023
35000,No,No,Engineer,Factory Worker,HighSchool,Urban,73.9,SC/ST,0,2024
60000,Yes,No,Shopkeeper,Factory Worker,Graduate,Semi-Urban,61.2,NRI,0,2024
35000,No,Yes,Teacher,Teacher,Graduate,Semi-Urban,53.1,Management,1,2024
12000,No,Yes,Teacher,Government Job,Graduate,Semi-Urban,66.0,SC/ST,1,2023
5000,Yes,Yes,Shopkeeper,Nurse,Diploma,Semi-Urban,54.8,OBC,1,2022
35000,Yes,Yes,Driver,Daily Wage Worker,HighSchool,Rural,51.2,OBC,1,2024
5000,No,Yes,Daily Wage Worker,Shopkeeper,Diploma,Rural,88.1,Management,1,2024
12000,Yes,Yes,Shopkeeper,Teacher,Diploma,Rural,97.1,Sports,0,2022
5000,Yes,No,Driver,Shopkeeper,Graduate,Semi-Urban,84.5,Merit,0,2022
25000,No,No,Government Job,Nurse,Postgraduate,Rural,43.7,Merit,0,2023
8000,Yes,No,Small Business,Factory Worker,Diploma,Urban,95.4,SC/ST,0,2023
35000,No,No,Doctor,Government Job,Graduate,Rural,66.8,SC/ST,1,2022
45000,No,No,Shopkeeper,Teacher,HighSchool,Rural,55.7,Management,1,2021
60000,No,No,Teacher,Homemaker,Graduate,Semi-Urban,85.5,Merit,0,2024
12000,No,Yes,Doctor,Nurse,Graduate,Urban,40.2,Merit,1,2023
25000,No,No,Small Business,Farmer,Graduate,Semi-Urban,41.8,OBC,1,2022
25000,Yes,Yes,Driver,Government Job,Postgraduate,Semi-Urban,84.8,Management,0,2021
18000,No,No,Factory Worker,Farmer,Postgraduate,Rural,49.5,SC/ST,1,2023
35000,Yes,No,Daily Wage Worker,Government Job,Diploma,Urban,67.9,Sports,0,2021
12000,No,Yes,Small Business,Government Job,Postgraduate,Semi-Urban,71.0,Sports,1,2022
100000,Yes,No,Driver,Homemaker,Graduate,Rural,98.6,Merit,0,2022
5000,No,Yes,Factory Worker,Shopkeeper,Diploma,Urban,59.4,NRI,1,2023
60000,No,Yes,Engineer,Shopkeeper,No Formal Education,Rural,57.9,Merit,1,2023
25000,Yes,No,Doctor,Government Job,Postgraduate,Semi-Urban,67.9,NRI,0,2023
12000,Yes,No,Farmer,Shopkeeper,Postgraduate,Semi-Urban,68.6,Merit,0,2024
45000,No,No,Driver,Shopkeeper,Diploma,Urban,72.4,OBC,1,2021
5000,No,No,Teacher,Nurse,HighSchool,Urban,91.8,SC/ST,1,2022
45000,Yes,Yes,Doctor,Homemaker,Primary School,Rural,81.8,Merit,0,2022
25000,Yes,Yes,Teacher,Shopkeeper,No Formal Education,Semi-Urban,90.9,Sports,1,2023
8000,No,No,Doctor,Government Job,Graduate,Semi-Urban,62.8,Sports,0,2022
5000,Yes,Yes,Engineer,Teacher,Diploma,Rural,85.5,Management,0,2023
45000,No,Yes,Farmer,Government Job,Graduate,Semi-Urban,96.7,SC/ST,1,2022
12000,No,No,Engineer,Nurse,HighSchool,Urban,44.6,Sports,1,2023
60000,Yes,No,Driver,Factory Worker,Graduate,Semi-Urban,65.7,OBC,0,2021
45000,Yes,Yes,Daily Wage Worker,Daily Wage Worker,Graduate,Semi-Urban,75.2,OBC,1,2023
35000,No,Yes,Engineer,Homemaker,Postgraduate,Semi-Urban,74.6,NRI,1,2024
12000,No,No,Driver,Teacher,Diploma,Urban,70.3,Management,1,2024
35000,No,No,Doctor,Teacher,HighSchool,Rural,88.5,Management,1,2022
75000,Yes,No,Daily Wage Worker,Homemaker,Primary School,Rural,52.4,Merit,1,2022
5000,No,Yes,Driver,Government Job,Postgraduate,Semi-Urban,97.0,NRI,0,2022
12000,No,Yes,Daily Wage Worker,Shopkeeper,Postgraduate,Rural,87.7,OBC,1,2021
12000,No,No,Engineer,Farmer,HighSchool,Urban,57.3,Merit,0,2022
18000,Yes,Yes,Farmer,Nurse,HighSchool,Rural,41.9,NRI,1,2021
45000,No,No,Small Business,Government Job,Graduate,Rural,82.5,Merit,0,2022
18000,Yes,Yes,Government Job,Nurse,Graduate,Urban,41.6,Merit,0,2023
25000,No,Yes,Small Business,Teacher,Graduate,Rural,68.7,Merit,1,2024
12000,No,No,Driver,Daily Wage Worker,Primary School,Semi-Urban,74.3,Merit,1,2023
8000,No,No,Doctor,Shopkeeper,Postgraduate,Semi-Urban,97.7,SC/ST,0,2023
12000,No,No,Government Job,Government Job,Diploma,Urban,58.5,SC/ST,1,2024
60000,No,Yes,Small Business,Teacher,Graduate,Rural,82.4,Merit,0,2022
35000,No,Yes,Engineer,Factory Worker,No Formal Education,Semi-Urban,96.3,Sports,0,2023
18000,No,No,Government Job,Shopkeeper,No Formal Education,Urban,67.3,Merit,0,2023
45000,No,Yes,Driver,Shopkeeper,Primary School,Semi-Urban,47.1,SC/ST,1,2021
5000,No,Yes,Small Business,Nurse,Diploma,Rural,47.3,Management,1,2022
12000,No,No,Teacher,Teacher,Postgraduate,Rural,63.0,Merit,0,2023
12000,No,No,Engineer,Shopkeeper,Graduate,Semi-Urban,59.1,SC/ST,1,2021
100000,No,No,Small Business,Factory Worker,Postgraduate,Rural,58.7,Merit,0,2022
35000,Yes,No,Engineer,Shopkeeper,Graduate,Semi-Urban,68.6,NRI,0,2022
35000,Yes,Yes,Farmer,Farmer,Primary School,Semi-Urban,71.7,Merit,1,2023
3000,Yes,Yes,Doctor,Homemaker,Graduate,Urban,55.7,Merit,0,2022
8000,No,No,Factory Worker,Nurse,Graduate,Semi-Urban,66.0,OBC,1,2022
35000,Yes,No,Doctor,Nurse,Postgraduate,Urban,78.4,SC/ST,0,2023
18000,Yes,No,Daily Wage Worker,Factory Worker,Diploma,Rural,72.9,SC/ST,1,2024
75000,No,No,Doctor,Factory Worker,HighSchool,Semi-Urban,84.6,Sports,0,2021
45000,No,No,Daily Wage Worker,Daily Wage Worker,Graduate,Urban,56.2,SC/ST,1,2023
18000,Yes,Yes,Government Job,Government Job,Graduate,Urban,62.2,Management,0,2022
45000,Yes,Yes,Teacher,Factory Worker,Diploma,Rural,72.7,NRI,0,2021
100000,Yes,Yes,Shopkeeper,Farmer,Primary School,Rural,93.6,Merit,0,2021
18000,Yes,No,Shopkeeper,Homemaker,Diploma,Semi-Urban,76.1,Merit,0,2021
35000,Yes,No,Doctor,Shopkeeper,Graduate,Semi-Urban,57.0,NRI,0,2023
75000,Yes,Yes,Small Business,Teacher,HighSchool,Semi-Urban,42.2,SC/ST,0,2022
12000,No,No,Driver,Nurse,Graduate,Rural,70.4,Merit,1,2021
60000,No,No,Government Job,Shopkeeper,HighSchool,Semi-Urban,96.1,Management,0,2024
5000,Yes,Yes,Doctor,Teacher,HighSchool,Rural,79.4,SC/ST,1,2022
35000,No,Yes,Farmer,Government Job,HighSchool,Rural,65.0,Management,1,2024
45000,No,Yes,Government Job,Factory Worker,Primary School,Semi-Urban,44.5,Management,1,2022
35000,No,No,Engineer,Teacher,HighSchool,Urban,46.9,SC/ST,1,2023
25000,No,No,Factory Worker,Daily Wage Worker,Graduate,Urban,83.9,Merit,0,2022
35000,No,No,Driver,Homemaker,Diploma,Rural,58.6,NRI,1,2022
8000,Yes,No,Farmer,Daily Wage Worker,HighSchool,Rural,57.3,Merit,0,2023
12000,No,No,Doctor,Homemaker,Graduate,Rural,53.6,Merit,0,2023
12000,Yes,Yes,Shopkeeper,Homemaker,Diploma,Urban,92.9,Management,0,2021
25000,No,No,Daily Wage Worker,Shopkeeper,Diploma,Rural,58.0,Management,1,2024
18000,Yes,No,Doctor,Shopkeeper,Graduate,Urban,50.4,OBC,0,2024
12000,Yes,Yes,Factory Worker,Farmer,Diploma,Semi-Urban,61.7,Merit,1,2022
60000,Yes,Yes,Farmer,Shopkeeper,Diploma,Urban,81.9,SC/ST,1,2023
18000,No,No,Teacher,Daily Wage Worker,No Formal Education,Rural,64.4,Merit,1,2023
18000,No,Yes,Engineer,Nurse,HighSchool,Semi-Urban,85.1,Management,1,2023
18000,Yes,No,Teacher,Government Job,HighSchool,Rural,80.2,Management,1,2022
8000,Yes,No,Factory Worker,Daily Wage Worker,Postgraduate,Semi-Urban,61.0,Management,0,2022
45000,No,No,Farmer,Nurse,No Formal Education,Semi-Urban,91.6,Merit,1,2021
18000,Yes,Yes,Daily Wage Worker,Nurse,Graduate,Urban,44.4,Merit,1,2021
3000,Yes,Yes,Government Job,Government Job,Graduate,Semi-Urban,83.4,Sports,0,2021
100000,No,Yes,Small Business,Daily Wage Worker,HighSchool,Urban,70.0,Management,0,2023
45000,Yes,No,Small Business,Homemaker,HighSchool,Semi-Urban,58.9,Merit,0,2022
45000,No,No,Shopkeeper,Farmer,HighSchool,Semi-Urban,64.1,Management,0,2022
60000,No,No,Teacher,Daily Wage Worker,HighSchool,Rural,74.7,NRI,0,2024
75000,Yes,Yes,Government Job,Teacher,Postgraduate,Rural,56.1,Management,0,2022
12000,No,Yes,Teacher,Nurse,No Formal Education,Rural,75.8,SC/ST,1,2022
35000,Yes,Yes,Farmer,Government Job,Diploma,Rural,71.3,SC/ST,1,2023
35000,Yes,No,Farmer,Farmer,HighSchool,Rural,85.4,Sports,1,2023
12000,Yes,No,Daily Wage Worker,Teacher,Graduate,Rural,50.6,Merit,1,2023
12000,No,No,Engineer,Factory Worker,HighSchool,Rural,61.0,SC/ST,1,2024
8000,No,No,Teacher,Teacher,HighSchool,Urban,70.1,Merit,0,2023
35000,No,No,Doctor,Homemaker,No Formal Education,Semi-Urban,82.9,Merit,1,2021
45000,Yes,No,Doctor,Nurse,Postgraduate,Urban,59.8,OBC,0,2022
45000,No,No,Farmer,Nurse,Diploma,Rural,58.0,OBC,1,2021
12000,Yes,No,Teacher,Factory Worker,Primary School,Rural,92.7,Merit,0,2024
8000,No,Yes,Doctor,Homemaker,Graduate,Urban,46.4,NRI,1,2022
18000,No,Yes,Shopkeeper,Shopkeeper,Graduate,Urban,82.9,SC/ST,1,2023
25000,Yes,Yes,Small Business,Nurse,Diploma,Rural,87.5,Merit,0,2023
75000,Yes,No,Daily Wage Worker,Government Job,Postgraduate,Rural,55.4,Management,0,2022
60000,No,Yes,Engineer,Teacher,HighSchool,Urban,65.8,OBC,0,2021
75000,Yes,No,Farmer,Teacher,Postgraduate,Urban,70.7,Merit,0,2021
60000,No,No,Farmer,Homemaker,Postgraduate,Urban,85.5,Merit,0,2023
100000,Yes,No,Small Business,Shopkeeper,Diploma,Semi-Urban,91.6,Management,0,2022
18000,No,No,Teacher,Farmer,Diploma,Rural,63.2,OBC,1,2022
5000,No,Yes,Engineer,Government Job,Primary School,Rural,60.6,Merit,1,2021
5000,No,Yes,Driver,Homemaker,Primary School,Semi-Urban,60.7,Merit,1,2021
18000,No,No,Farmer,Farmer,Diploma,Rural,51.5,Management,1,2021
12000,Yes,Yes,Shopkeeper,Factory Worker,Postgraduate,Rural,43.3,Management,1,2021
8000,No,No,Engineer,Shopkeeper,HighSchool,Urban,92.5,Merit,0,2023
75000,No,No,Doctor,Homemaker,Diploma,Rural,58.4,Merit,0,2022
8000,No,Yes,Driver,Government Job,Primary School,Rural,40.7,Management,1,2022
75000,No,Yes,Engineer,Shopkeeper,HighSchool,Semi-Urban,48.6,Management,0,2022
45000,Yes,Yes,Farmer,Factory Worker,HighSchool,Urban,95.6,SC/ST,0,2024
35000,No,No,Small Business,Government Job,Postgraduate,Urban,43.6,Merit,0,2021
35000,Yes,No,Shopkeeper,Homemaker,HighSchool,Rural,80.8,Sports,0,2021
12000,Yes,No,Daily Wage Worker,Nurse,Primary School,Semi-Urban,86.1,OBC,1,2023
35000,No,No,Shopkeeper,Nurse,No Formal Education,Urban,84.1,Merit,0,2023
8000,Yes,No,Teacher,Daily Wage Worker,Diploma,Semi-Urban,59.7,SC/ST,0,2022
75000,No,No,Doctor,Government Job,Diploma,Rural,77.7,Management,0,2023
12000,No,No,Government Job,Homemaker,HighSchool,Urban,56.6,Merit,0,2021
12000,No,No,Driver,Homemaker,HighSchool,Semi-Urban,64.6,Merit,1,2024
35000,No,Yes,Daily Wage Worker,Teacher,HighSchool,Semi-Urban,89.0,OBC,1,2022
35000,No,No,Factory Worker,Homemaker,No Formal Education,Semi-Urban,75.8,Merit,1,2024
18000,No,No,Small Business,Teacher,Graduate,Rural,67.6,Management,1,2024
35000,Yes,Yes,Government Job,Nurse,Graduate,Urban,80.5,SC/ST,0,2024
8000,No,Yes,Daily Wage Worker,Government Job,HighSchool,Rural,83.7,SC/ST,1,2022
35000,Yes,No,Doctor,Daily Wage Worker,Graduate,Rural,94.9,Merit,0,2021
12000,No,No,Farmer,Shopkeeper,HighSchool,Semi-Urban,85.3,SC/ST,1,2023
12000,Yes,No,Farmer,Farmer,No Formal Education,Semi-Urban,68.2,SC/ST,1,2022
8000,No,Yes,Government Job,Shopkeeper,Graduate,Semi-Urban,52.9,Management,1,2023
12000,No,No,Engineer,Teacher,Graduate,Urban,67.8,Merit,0,2024
12000,No,No,Shopkeeper,Farmer,HighSchool,Urban,66.0,SC/ST,1,2021
18000,Yes,Yes,Driver,Teacher,HighSchool,Semi-Urban,75.3,NRI,0,2024
8000,Yes,Yes,Engineer,Homemaker,HighSchool,Semi-Urban,76.9,Management,0,2021
8000,No,No,Doctor,Nurse,HighSchool,Semi-Urban,52.8,Merit,0,2024
25000,Yes,No,Factory Worker,Nurse,Diploma,Semi-Urban,87.6,Management,0,2024
8000,Yes,No,Government Job,Daily Wage Worker,Graduate,Semi-Urban,64.4,Sports,0,2023
35000,Yes,No,Factory Worker,Government Job,HighSchool,Semi-Urban,86.4,Merit,0,2021
75000,No,No,Teacher,Homemaker,Graduate,Urban,40.9,Merit,0,2024
18000,Yes,Yes,Factory Worker,Government Job,Postgraduate,Urban,85.4,Management,0,2021
75000,Yes,Yes,Shopkeeper,Government Job,HighSchool,Rural,72.4,Merit,0,2022
5000,No,Yes,Government Job,Teacher,Diploma,Urban,65.0,Sports,1,2024
5000,No,Yes,Daily Wage Worker,Shopkeeper,HighSchool,Urban,48.4,OBC,1,2022
45000,No,No,Doctor,Nurse,Graduate,Rural,92.3,Merit,0,2021
45000,Yes,No,Government Job,Government Job,Postgraduate,Urban,43.1,OBC,0,2024
60000,No,Yes,Daily Wage Worker,Farmer,Postgraduate,Semi-Urban,46.7,Merit,1,2024
5000,No,No,Farmer,Government Job,Diploma,Rural,89.9,NRI,1,2022
45000,No,No,Doctor,Government Job,Graduate,Urban,80.6,Merit,0,2022
18000,Yes,No,Shopkeeper,Nurse,Diploma,Rural,89.8,SC/ST,0,2024
12000,Yes,Yes,Government Job,Daily Wage Worker,Graduate,Urban,97.3,SC/ST,0,2024
8000,No,No,Doctor,Farmer,Postgraduate,Urban,60.1,Management,0,2022
100000,No,No,Farmer,Shopkeeper,Graduate,Rural,87.7,OBC,0,2022
5000,Yes,No,Farmer,Teacher,Primary School,Rural,42.3,Merit,1,2023
60000,No,Yes,Factory Worker,Daily Wage Worker,HighSchool,Rural,93.8,SC/ST,1,2023
35000,No,No,Teacher,Farmer,Graduate,Semi-Urban,77.6,Sports,0,2022
45000,Yes,No,Farmer,Homemaker,No Formal Education,Semi-Urban,93.3,Merit,1,2021
35000,No,Yes,Doctor,Homemaker,Diploma,Urban,73.3,Sports,0,2023
60000,No,Yes,Doctor,Shopkeeper,Graduate,Urban,77.2,SC/ST,0,2021
8000,No,No,Daily Wage Worker,Government Job,Graduate,Semi-Urban,94.9,SC/ST,1,2024
3000,Yes,No,Government Job,Daily Wage Worker,Graduate,Semi-Urban,57.8,Management,0,2022
25000,Yes,Yes,Driver,Government Job,Primary School,Rural,60.3,Merit,1,2023
18000,No,No,Government Job,Farmer,Graduate,Semi-Urban,90.3,Merit,0,2021
8000,Yes,Yes,Factory Worker,Government Job,Graduate,Rural,96.9,OBC,1,2024
8000,Yes,Yes,Teacher,Shopkeeper,Primary School,Semi-Urban,79.4,Merit,0,2022
12000,Yes,Yes,Daily Wage Worker,Homemaker,Diploma,Semi-Urban,65.4,Merit,1,2022
5000,No,No,Shopkeeper,Nurse,Graduate,Semi-Urban,46.6,Merit,0,2021
5000,No,No,Shopkeeper,Daily Wage Worker,HighSchool,Rural,75.8,Sports,1,2021
75000,Yes,No,Teacher,Daily Wage Worker,HighSchool,Semi-Urban,88.6,NRI,0,2024
12000,No,No,Farmer,Teacher,Primary School,Urban,46.5,Merit,1,2024
100000,No,No,Driver,Government Job,Graduate,Urban,57.1,SC/ST,0,2023
100000,No,No,Daily Wage Worker,Teacher,HighSchool,Semi-Urban,46.0,Merit,0,2024
8000,Yes,No,Doctor,Farmer,Diploma,Urban,60.0,OBC,0,2022
35000,No,Yes,Engineer,Government Job,Diploma,Urban,74.1,NRI,0,2022
35000,No,No,Teacher,Homemaker,Primary School,Urban,47.7,Merit,0,2024
35000,Yes,No,Farmer,Government Job,Diploma,Urban,67.9,Management,0,2024
5000,No,No,Driver,Homemaker,Primary School,Urban,40.8,Merit,1,2021
8000,No,Yes,Doctor,Daily Wage Worker,HighSchool,Urban,88.6,SC/ST,0,2023
5000,No,No,Small Business,Shopkeeper,HighSchool,Rural,79.9,Merit,1,2024
35000,No,Yes,Government Job,Shopkeeper,Diploma,Semi-Urban,78.3,Sports,1,2022
100000,Yes,No,Teacher,Nurse,Diploma,Urban,90.0,Merit,0,2022
35000,No,No,Farmer,Government Job,Primary School,Rural,48.2,OBC,1,2021
35000,Yes,Yes,Small Business,Farmer,HighSchool,Rural,97.1,Management,0,2022
100000,No,No,Shopkeeper,Homemaker,No Formal Education,Semi-Urban,42.8,Merit,0,2024
35000,No,Yes,Driver,Government Job,HighSchool,Semi-Urban,66.3,Sports,1,2024
5000,No,Yes,Government Job,Daily Wage Worker,Primary School,Urban,40.1,Merit,1,2024
60000,No,No,Doctor,Homemaker,HighSchool,Semi-Urban,94.3,SC/ST,0,2022
18000,No,No,Engineer,Shopkeeper,Diploma,Rural,68.2,SC/ST,1,2021
3000,No,Yes,Small Business,Homemaker,Postgraduate,Urban,56.1,Merit,0,2024
25000,Yes,Yes,Small Business,Shopkeeper,HighSchool,Rural,66.2,OBC,1,2021
75000,No,Yes,Farmer,Farmer,Graduate,Urban,96.1,Merit,0,2024
12000,Yes,No,Driver,Farmer,No Formal Education,Semi-Urban,53.6,Merit,1,2022
25000,No,No,Small Business,Nurse,HighSchool,Rural,60.4,SC/ST,1,2022
8000,No,Yes,Farmer,Daily Wage Worker,Diploma,Semi-Urban,40.6,Merit,1,2024
5000,Yes,Yes,Teacher,Nurse,Primary School,Semi-Urban,52.9,OBC,1,2024
5000,No,No,Farmer,Shopkeeper,Graduate,Urban,92.2,Management,1,2024
45000,No,No,Shopkeeper,Government Job,Primary School,Semi-Urban,68.3,OBC,1,2023
60000,No,Yes,Driver,Government Job,Graduate,Urban,45.8,Merit,0,2022
8000,No,No,Engineer,Daily Wage Worker,Graduate,Semi-Urban,89.1,SC/ST,1,2022
12000,Yes,Yes,Farmer,Farmer,Graduate,Rural,89.9,Sports,0,2024
8000,No,No,Farmer,Farmer,HighSchool,Semi-Urban,97.7,Sports,1,2024
3000,Yes,No,Driver,Nurse,HighSchool,Semi-Urban,43.6,OBC,1,2022
25000,No,No,Engineer,Shopkeeper,Graduate,Rural,66.0,SC/ST,0,2023
35000,No,No,Doctor,Daily Wage Worker,Diploma,Rural,92.2,Merit,0,2023
35000,No,No,Farmer,Nurse,Graduate,Semi-Urban,47.0,Merit,1,2021
18000,No,No,Driver,Factory Worker,Diploma,Semi-Urban,61.4,Merit,1,2023
25000,Yes,No,Doctor,Daily Wage Worker,Graduate,Urban,93.4,Merit,0,2021
5000,Yes,No,Daily Wage Worker,Teacher,Graduate,Rural,45.4,Merit,1,2021
8000,No,Yes,Daily Wage Worker,Factory Worker,HighSchool,Semi-Urban,82.8,NRI,1,2023
75000,No,No,Shopkeeper,Factory Worker,Postgraduate,Semi-Urban,96.0,Merit,0,2021
45000,Yes,No,Daily Wage Worker,Government Job,Graduate,Urban,75.5,SC/ST,0,2024
75000,No,Yes,Small Business,Teacher,Primary School,Rural,91.9,SC/ST,1,2021
75000,No,No,Daily Wage Worker,Teacher,No Formal Education,Rural,87.2,OBC,1,2024
35000,No,No,Daily Wage Worker,Government Job,Graduate,Rural,87.6,Merit,1,2024
75000,No,Yes,Driver,Teacher,Graduate,Urban,77.1,Merit,0,2024
18000,No,No,Factory Worker,Shopkeeper,Postgraduate,Rural,44.1,NRI,1,2022
3000,No,No,Government Job,Homemaker,Graduate,Urban,63.6,Merit,0,2022
5000,Yes,Yes,Farmer,Homemaker,HighSchool,Semi-Urban,89.2,SC/ST,1,2022
5000,No,Yes,Small Business,Homemaker,No Formal Education,Urban,52.0,Merit,1,2024
5000,Yes,Yes,Government Job,Nurse,Diploma,Rural,57.7,SC/ST,1,2022
18000,Yes,No,Factory Worker,Factory Worker,Diploma,Semi-Urban,70.3,OBC,0,2023
35000,No,Yes,Doctor,Homemaker,Postgraduate,Urban,64.9,Merit,0,2024
45000,No,No,Engineer,Factory Worker,Graduate,Rural,88.2,NRI,0,2021
25000,No,No,Daily Wage Worker,Daily Wage Worker,Postgraduate,Semi-Urban,97.4,OBC,1,2021
8000,Yes,No,Farmer,Homemaker,Graduate,Urban,46.3,NRI,1,2022
45000,No,Yes,Small Business,Teacher,Graduate,Rural,41.1,Merit,0,2024
18000,Yes,No,Small Business,Teacher,Graduate,Urban,85.7,SC/ST,0,2021
3000,Yes,Yes,Engineer,Factory Worker,Graduate,Rural,44.4,Merit,1,2023
12000,Yes,Yes,Driver,Homemaker,Diploma,Rural,54.2,Merit,1,2023
12000,No,No,Engineer,Factory Worker,Graduate,Rural,60.6,Sports,1,2023
12000,Yes,No,Government Job,Farmer,HighSchool,Urban,57.6,Merit,0,2022
45000,Yes,Yes,Doctor,Government Job,Postgraduate,Rural,78.3,OBC,0,2022
45000,Yes,No,Daily Wage Worker,Nurse,Diploma,Semi-Urban,56.3,SC/ST,1,2022
35000,No,Yes,Factory Worker,Shopkeeper,Diploma,Urban,75.8,Merit,0,2021
8000,Yes,No,Daily Wage Worker,Factory Worker,HighSchool,Rural,81.1,OBC,1,2024
45000,No,No,Government Job,Daily Wage Worker,HighSchool,Rural,41.3,Management,1,2024
35000,Yes,No,Shopkeeper,Factory Worker,Graduate,Rural,61.7,Sports,0,2024
8000,No,No,Engineer,Government Job,Primary School,Rural,43.0,SC/ST,1,2023
35000,No,Yes,Factory Worker,Factory Worker,No Formal Education,Semi-Urban,85.2,Merit,1,2022
25000,Yes,No,Small Business,Factory Worker,HighSchool,Semi-Urban,43.5,Merit,0,2021
18000,No,No,Driver,Farmer,HighSchool,Urban,90.8,OBC,1,2023
8000,Yes,Yes,Government Job,Farmer,Postgraduate,Urban,90.0,SC/ST,0,2023
25000,Yes,Yes,Small Business,Government Job,Graduate,Urban,70.5,Merit,0,2024
5000,Yes,No,Daily Wage Worker,Nurse,Diploma,Urban,95.6,OBC,0,2022
8000,Yes,Yes,Government Job,Daily Wage Worker,Postgraduate,Urban,61.6,Merit,0,2023
8000,No,No,Doctor,Teacher,HighSchool,Rural,57.9,SC/ST,1,2022
75000,No,Yes,Daily Wage Worker,Nurse,Postgraduate,Rural,46.7,SC/ST,1,2024
12000,Yes,Yes,Farmer,Farmer,Postgraduate,Semi-Urban,82.9,Merit,0,2021
18000,No,Yes,Government Job,Teacher,Graduate,Semi-Urban,65.1,Merit,0,2023
12000,No,Yes,Factory Worker,Factory Worker,Diploma,Urban,97.7,SC/ST,1,2023
60000,No,Yes,Doctor,Nurse,Graduate,Semi-Urban,91.3,Merit,0,2021
25000,No,No,Daily Wage Worker,Factory Worker,HighSchool,Urban,70.2,OBC,1,2023
75000,Yes,Yes,Daily Wage Worker,Government Job,HighSchool,Rural,66.6,Merit,1,2024
12000,No,Yes,Daily Wage Worker,Shopkeeper,HighSchool,Semi-Urban,53.9,Management,1,2024
8000,No,No,Government Job,Nurse,HighSchool,Semi-Urban,49.0,SC/ST,1,2021
25000,Yes,Yes,Small Business,Daily Wage Worker,Primary School,Rural,54.3,SC/ST,1,2021
12000,Yes,Yes,Farmer,Teacher,Postgraduate,Urban,72.5,SC/ST,1,2022
45000,No,Yes,Engineer,Factory Worker,No Formal Education,Semi-Urban,48.4,OBC,1,2024
60000,Yes,No,Doctor,Nurse,Diploma,Rural,92.2,SC/ST,0,2022
18000,No,Yes,Teacher,Shopkeeper,HighSchool,Semi-Urban,97.1,SC/ST,1,2022
100000,Yes,No,Shopkeeper,Homemaker,Diploma,Semi-Urban,55.7,Merit,0,2023
25000,No,Yes,Teacher,Homemaker,Postgraduate,Urban,78.0,SC/ST,0,2021
12000,No,No,Shopkeeper,Shopkeeper,Graduate,Semi-Urban,64.2,Merit,1,2024
25000,No,Yes,Shopkeeper,Homemaker,Graduate,Urban,70.9,Merit,0,2024
3000,Yes,No,Driver,Daily Wage Worker,Graduate,Rural,85.5,NRI,0,2024
45000,No,Yes,Government Job,Shopkeeper,Graduate,Rural,75.9,SC/ST,1,2022
5000,No,No,Daily Wage Worker,Factory Worker,Diploma,Rural,79.3,Management,1,2024
12000,Yes,Yes,Daily Wage Worker,Farmer,Diploma,Semi-Urban,48.6,Merit,1,2021
25000,No,Yes,Driver,Government Job,HighSchool,Rural,54.1,Management,1,2022
5000,Yes,No,Driver,Factory Worker,HighSchool,Semi-Urban,91.0,Merit,0,2021
5000,No,Yes,Government Job,Shopkeeper,Postgraduate,Urban,97.2,Merit,0,2023
35000,No,Yes,Factory Worker,Factory Worker,Graduate,Urban,72.7,Management,1,2024
5000,No,No,Engineer,Daily Wage Worker,Diploma,Rural,52.2,Merit,1,2024
18000,No,No,Daily Wage Worker,Shopkeeper,No Formal Education,Urban,70.2,Merit,1,2023
12000,No,No,Teacher,Factory Worker,Graduate,Urban,68.0,OBC,0,2023
12000,No,No,Daily Wage Worker,Factory Worker,Postgraduate,Semi-Urban,79.1,Merit,1,2024
8000,Yes,No,Farmer,Farmer,Postgraduate,Rural,59.3,Management,1,2023
45000,No,No,Engineer,Daily Wage Worker,Graduate,Rural,92.0,Merit,0,2024
75000,No,No,Daily Wage Worker,Shopkeeper,Graduate,Rural,97.7,SC/ST,1,2022
8000,Yes,Yes,Government Job,Homemaker,Primary School,Urban,93.8,OBC,0,2023
75000,No,No,Factory Worker,Government Job,Primary School,Rural,98.3,OBC,1,2023
25000,Yes,Yes,Doctor,Homemaker,HighSchool,Rural,48.1,Merit,0,2021
35000,Yes,Yes,Daily Wage Worker,Farmer,Graduate,Urban,54.9,SC/ST,1,2023
35000,No,Yes,Small Business,Farmer,Postgraduate,Urban,85.1,Sports,0,2022
35000,Yes,No,Shopkeeper,Homemaker,Postgraduate,Rural,67.5,Management,0,2024
45000,Yes,No,Shopkeeper,Factory Worker,HighSchool,Urban,96.7,OBC,0,2021
25000,No,Yes,Shopkeeper,Farmer,HighSchool,Semi-Urban,48.8,OBC,1,2022
25000,Yes,Yes,Doctor,Farmer,HighSchool,Rural,58.1,OBC,1,2021
12000,No,Yes,Engineer,Government Job,Diploma,Semi-Urban,78.1,Sports,0,2021
5000,Yes,No,Factory Worker,Factory Worker,Graduate,Urban,64.2,Management,1,2022
35000,No,No,Shopkeeper,Factory Worker,Graduate,Rural,61.4,Merit,1,2024
3000,No,No,Farmer,Shopkeeper,Postgraduate,Rural,72.5,Management,1,2022
12000,Yes,Yes,Driver,Government Job,Diploma,Urban,87.5,Merit,0,2024
5000,No,Yes,Teacher,Farmer,Graduate,Urban,65.5,SC/ST,1,2024
8000,Yes,No,Farmer,Homemaker,Postgraduate,Semi-Urban,42.0,OBC,1,2024
35000,Yes,No,Driver,Teacher,Graduate,Rural,86.1,Merit,0,2021
35000,Yes,No,Daily Wage Worker,Homemaker,HighSchool,Rural,82.6,SC/ST,1,2023
18000,Yes,No,Daily Wage Worker,Farmer,HighSchool,Rural,69.8,Merit,1,2021
5000,Yes,No,Government Job,Homemaker,Primary School,Rural,75.6,Merit,1,2022
18000,Yes,No,Doctor,Farmer,Primary School,Urban,61.7,Management,0,2023
18000,Yes,No,Engineer,Shopkeeper,Diploma,Rural,46.2,SC/ST,1,2024
45000,No,Yes,Small Business,Government Job,Graduate,Rural,87.0,Merit,0,2021
25000,Yes,Yes,Teacher,Nurse,HighSchool,Urban,63.2,Management,0,2024
25000,No,No,Engineer,Homemaker,HighSchool,Rural,98.1,Merit,0,2023
25000,No,No,Farmer,Farmer,HighSchool,Rural,97.7,Merit,1,2023
100000,No,Yes,Driver,Teacher,Postgraduate,Semi-Urban,58.8,SC/ST,0,2024
45000,No,No,Government Job,Farmer,HighSchool,Rural,51.5,Merit,1,2023
25000,No,No,Teacher,Factory Worker,No Formal Education,Semi-Urban,84.8,Merit,0,2021
18000,No,No,Government Job,Shopkeeper,Graduate,Rural,85.1,Management,0,2024
3000,Yes,Yes,Factory Worker,Shopkeeper,Diploma,Rural,41.9,SC/ST,1,2021
75000,Yes,No,Small Business,Factory Worker,No Formal Education,Semi-Urban,71.7,Management,0,2021
12000,Yes,Yes,Small Business,Government Job,Graduate,Semi-Urban,56.7,Merit,0,2024
12000,Yes,No,Daily Wage Worker,Government Job,Diploma,Rural,42.9,Merit,1,2024
100000,Yes,No,Driver,Factory Worker,Diploma,Urban,65.4,Sports,0,2024
35000,Yes,No,Factory Worker,Government Job,Graduate,Urban,47.9,NRI,0,2024
5000,No,Yes,Teacher,Teacher,No Formal Education,Semi-Urban,56.7,Management,1,2021
5000,Yes,No,Teacher,Homemaker,HighSchool,Rural,73.4,SC/ST,1,2024
3000,No,No,Daily Wage Worker,Teacher,Diploma,Rural,54.6,OBC,1,2022
25000,No,Yes,Engineer,Daily Wage Worker,HighSchool,Urban,61.4,SC/ST,1,2021
5000,No,No,Driver,Farmer,Primary School,Rural,81.8,Merit,1,2021
75000,Yes,No,Small Business,Shopkeeper,HighSchool,Rural,87.6,Merit,0,2023
75000,Yes,Yes,Daily Wage Worker,Teacher,Diploma,Rural,67.1,NRI,0,2024
25000,No,No,Driver,Factory Worker,Postgraduate,Rural,74.8,Management,1,2022
35000,Yes,No,Daily Wage Worker,Government Job,Graduate,Rural,59.5,Merit,1,2021
12000,No,Yes,Teacher,Government Job,Postgraduate,Rural,92.2,OBC,0,2021
5000,No,No,Driver,Nurse,Diploma,Urban,44.8,SC/ST,1,2024
45000,No,No,Factory Worker,Teacher,Diploma,Rural,45.7,Management,1,2024
5000,No,No,Daily Wage Worker,Government Job,HighSchool,Urban,42.2,SC/ST,1,2021
5000,Yes,No,Driver,Nurse,Primary School,Semi-Urban,46.0,OBC,1,2021
12000,No,No,Daily Wage Worker,Teacher,HighSchool,Rural,77.1,SC/ST,1,2021
3000,No,No,Driver,Government Job,Primary School,Urban,98.9,NRI,1,2022
18000,No,No,Daily Wage Worker,Homemaker,Graduate,Semi-Urban,75.5,Merit,1,2021
35000,Yes,No,Engineer,Farmer,HighSchool,Semi-Urban,55.0,NRI,0,2022
45000,Yes,No,Driver,Farmer,No Formal Education,Rural,88.3,OBC,1,2023
35000,Yes,No,Small Business,Nurse,Graduate,Semi-Urban,60.9,Merit,0,2021
60000,Yes,No,Daily Wage Worker,Shopkeeper,HighSchool,Urban,75.0,SC/ST,1,2024
18000,Yes,Yes,Daily Wage Worker,Factory Worker,Postgraduate,Urban,66.0,SC/ST,1,2024
60000,No,No,Government Job,Farmer,Graduate,Semi-Urban,70.1,Management,1,2021
25000,No,No,Government Job,Government Job,HighSchool,Semi-Urban,46.2,Merit,0,2022
12000,No,Yes,Small Business,Shopkeeper,HighSchool,Urban,94.9,OBC,1,2021
75000,No,No,Engineer,Factory Worker,Postgraduate,Rural,58.0,Merit,0,2024
12000,No,Yes,Government Job,Daily Wage Worker,Graduate,Semi-Urban,75.5,Merit,1,2023
3000,No,Yes,Doctor,Farmer,Postgraduate,Urban,40.4,Merit,0,2021
12000,No,No,Small Business,Teacher,No Formal Education,Rural,67.1,Merit,1,2021
18000,No,No,Government Job,Homemaker,Graduate,Rural,85.2,Management,1,2022
18000,No,No,Driver,Government Job,HighSchool,Rural,76.1,Merit,1,2022
25000,No,Yes,Factory Worker,Shopkeeper,HighSchool,Rural,58.8,Merit,1,2022
60000,Yes,No,Factory Worker,Nurse,Primary School,Urban,78.4,OBC,0,2022
12000,Yes,Yes,Government Job,Daily Wage Worker,Graduate,Urban,86.9,Merit,0,2021
25000,No,Yes,Driver,Shopkeeper,Diploma,Urban,49.3,Merit,1,2022
12000,No,Yes,Government Job,Nurse,Graduate,Urban,43.9,Merit,0,2022
60000,No,No,Factory Worker,Nurse,Primary School,Rural,67.2,SC/ST,1,2023
8000,No,Yes,Factory Worker,Farmer,Postgraduate,Urban,65.8,SC/ST,1,2024
5000,No,Yes,Government Job,Farmer,HighSchool,Rural,42.8,Management,1,2021
25000,No,No,Teacher,Government Job,Postgraduate,Urban,80.1,Merit,0,2021
35000,Yes,Yes,Farmer,Teacher,Graduate,Urban,74.3,Merit,0,2022
45000,Yes,No,Government Job,Factory Worker,Primary School,Urban,58.4,Management,0,2021
25000,Yes,Yes,Doctor,Factory Worker,Graduate,Urban,56.4,Merit,0,2022
45000,Yes,No,Teacher,Daily Wage Worker,Graduate,Rural,57.0,Merit,0,2024
18000,Yes,No,Government Job,Government Job,HighSchool,Urban,46.7,OBC,0,2022
3000,Yes,Yes,Factory Worker,Farmer,HighSchool,Rural,94.8,OBC,1,2024
8000,Yes,No,Teacher,Nurse,Postgraduate,Semi-Urban,43.5,Merit,0,2023
3000,Yes,No,Driver,Farmer,Postgraduate,Rural,42.6,Merit,1,2024
12000,Yes,No,Daily Wage Worker,Daily Wage Worker,Graduate,Semi-Urban,86.2,Merit,1,2021
25000,Yes,Yes,Doctor,Factory Worker,HighSchool,Urban,67.1,SC/ST,0,2023
18000,Yes,No,Factory Worker,Daily Wage Worker,HighSchool,Rural,87.9,Merit,0,2021
25000,No,Yes,Engineer,Homemaker,HighSchool,Rural,70.1,OBC,1,2023
25000,No,No,Small Business,Nurse,Graduate,Rural,93.0,Merit,0,2021
35000,No,No,Doctor,Factory Worker,Diploma,Rural,60.6,Merit,1,2024
35000,No,No,Engineer,Teacher,HighSchool,Rural,74.5,Merit,0,2023
12000,No,No,Engineer,Daily Wage Worker,Graduate,Urban,53.0,SC/ST,0,2023
12000,No,Yes,Shopkeeper,Factory Worker,Postgraduate,Urban,66.5,Merit,0,2021
25000,No,Yes,Engineer,Homemaker,HighSchool,Semi-Urban,47.8,Merit,1,2022
25000,Yes,Yes,Small Business,Nurse,Diploma,Rural,69.4,Sports,1,2021
12000,No,Yes,Daily Wage Worker,Daily Wage Worker,Diploma,Semi-Urban,67.1,SC/ST,1,2024
12000,No,Yes,Farmer,Nurse,HighSchool,Urban,41.6,NRI,1,2024
35000,No,Yes,Doctor,Homemaker,Diploma,Semi-Urban,45.3,Merit,1,2023
35000,No,No,Small Business,Government Job,No Formal Education,Semi-Urban,73.2,OBC,1,2024
8000,Yes,Yes,Farmer,Government Job,No Formal Education,Semi-Urban,82.3,Merit,1,2024
18000,Yes,No,Government Job,Factory Worker,Graduate,Rural,79.0,Merit,0,2021
60000,No,No,Small Business,Nurse,HighSchool,Rural,82.5,Merit,0,2024
3000,No,No,Doctor,Factory Worker,Graduate,Urban,68.2,Merit,0,2021
60000,No,No,Daily Wage Worker,Shopkeeper,Primary School,Rural,60.1,Management,1,2021
8000,Yes,No,Shopkeeper,Teacher,Graduate,Semi-Urban,80.5,Merit,0,2023
25000,Yes,No,Shopkeeper,Government Job,Graduate,Semi-Urban,56.0,Merit,0,2023
18000,Yes,No,Driver,Shopkeeper,Graduate,Rural,77.1,Merit,0,2024
3000,No,Yes,Farmer,Shopkeeper,HighSchool,Semi-Urban,45.4,Merit,1,2023
75000,Yes,No,Factory Worker,Factory Worker,Diploma,Rural,71.7,Merit,0,2023
18000,Yes,No,Daily Wage Worker,Factory Worker,Postgraduate,Rural,82.4,Management,1,2021
75000,Yes,Yes,Factory Worker,Homemaker,HighSchool,Semi-Urban,58.7,OBC,1,2022
12000,No,Yes,Factory Worker,Farmer,Primary School,Semi-Urban,94.2,Management,1,2021
60000,No,Yes,Small Business,Teacher,HighSchool,Urban,44.3,Merit,0,2024
75000,No,No,Engineer,Shopkeeper,Postgraduate,Urban,55.7,SC/ST,0,2022
25000,No,No,Shopkeeper,Factory Worker,Primary School,Semi-Urban,79.9,OBC,1,2024
8000,Yes,Yes,Farmer,Factory Worker,Primary School,Rural,88.7,SC/ST,1,2021
35000,No,No,Doctor,Government Job,Postgraduate,Rural,46.7,Merit,0,2024
25000,No,Yes,Government Job,Homemaker,Diploma,Rural,45.8,SC/ST,1,2023
75000,Yes,No,Farmer,Factory Worker,Primary School,Rural,67.5,Merit,0,2021
18000,No,No,Teacher,Factory Worker,Diploma,Rural,60.4,SC/ST,1,2024
12000,Yes,Yes,Shopkeeper,Government Job,No Formal Education,Urban,72.4,Merit,0,2023
8000,Yes,No,Doctor,Daily Wage Worker,Diploma,Semi-Urban,89.7,Management,0,2023
35000,Yes,No,Doctor,Shopkeeper,No Formal Education,Rural,57.0,Merit,0,2021
100000,Yes,Yes,Doctor,Farmer,Graduate,Semi-Urban,40.6,Management,0,2022
3000,No,No,Farmer,Government Job,Graduate,Urban,79.6,NRI,1,2022
45000,No,No,Small Business,Homemaker,No Formal Education,Rural,73.2,Merit,1,2021
75000,Yes,No,Factory Worker,Government Job,Diploma,Rural,70.4,OBC,0,2024
5000,No,No,Doctor,Shopkeeper,Postgraduate,Semi-Urban,86.3,Merit,0,2023
8000,No,Yes,Small Business,Factory Worker,Diploma,Rural,90.1,Management,1,2024
35000,Yes,No,Daily Wage Worker,Farmer,Postgraduate,Rural,48.5,SC/ST,1,2024
35000,No,No,Farmer,Nurse,Postgraduate,Semi-Urban,89.1,OBC,1,2023
5000,No,No,Doctor,Government Job,HighSchool,Semi-Urban,71.9,Management,1,2022
60000,No,Yes,Small Business,Factory Worker,Graduate,Urban,91.4,SC/ST,0,2024
25000,No,No,Factory Worker,Daily Wage Worker,Graduate,Rural,73.5,SC/ST,1,2023
75000,Yes,Yes,Doctor,Teacher,Graduate,Urban,92.8,SC/ST,0,2021
60000,No,No,Farmer,Farmer,Graduate,Rural,89.1,Merit,1,2022
45000,No,No,Small Business,Factory Worker,HighSchool,Rural,59.2,SC/ST,1,2024
25000,No,Yes,Daily Wage Worker,Farmer,Postgraduate,Rural,78.0,Merit,1,2023
12000,Yes,No,Daily Wage Worker,Nurse,HighSchool,Rural,73.5,Merit,1,2024
25000,No,Yes,Factory Worker,Factory Worker,Graduate,Urban,71.6,Management,1,2024
5000,No,Yes,Government Job,Daily Wage Worker,Postgraduate,Rural,46.5,Merit,1,2023
35000,Yes,Yes,Driver,Nurse,HighSchool,Rural,41.4,SC/ST,1,2022
8000,No,No,Small Business,Government Job,Diploma,Semi-Urban,60.2,Management,1,2021
25000,Yes,Yes,Government Job,Shopkeeper,Graduate,Rural,69.4,Management,0,2021
5000,No,No,Doctor,Daily Wage Worker,Postgraduate,Semi-Urban,72.6,Management,0,2021
12000,No,Yes,Small Business,Government Job,Diploma,Urban,70.6,Merit,1,2022
12000,No,No,Engineer,Daily Wage Worker,Graduate,Rural,48.6,Merit,0,2021
35000,Yes,No,Farmer,Nurse,Primary School,Rural,88.2,OBC,1,2023
45000,No,No,Daily Wage Worker,Factory Worker,Primary School,Semi-Urban,82.5,Management,1,2023
5000,No,No,Driver,Homemaker,No Formal Education,Urban,90.9,SC/ST,1,2021
60000,No,Yes,Small Business,Factory Worker,Diploma,Urban,92.1,SC/ST,1,2022
60000,No,No,Farmer,Nurse,Diploma,Urban,89.1,Merit,0,2021
12000,Yes,No,Small Business,Homemaker,Primary School,Semi-Urban,79.2,Merit,0,2021
35000,Yes,Yes,Engineer,Shopkeeper,HighSchool,Semi-Urban,66.0,Management,1,2023
18000,No,No,Engineer,Daily Wage Worker,HighSchool,Urban,77.5,Management,0,2023
8000,No,Yes,Factory Worker,Farmer,Postgraduate,Urban,54.6,Merit,0,2021
25000,No,No,Driver,Teacher,Primary School,Rural,94.4,Merit,1,2022
5000,Yes,No,Small Business,Homemaker,Diploma,Urban,77.3,Merit,0,2024
60000,No,No,Small Business,Farmer,Graduate,Urban,75.3,Merit,0,2022
75000,No,No,Farmer,Shopkeeper,Postgraduate,Urban,74.2,OBC,0,2024
60000,Yes,No,Farmer,Shopkeeper,Graduate,Urban,80.3,Management,0,2023
25000,Yes,Yes,Daily Wage Worker,Farmer,HighSchool,Urban,80.4,OBC,1,2022
25000,No,No,Daily Wage Worker,Shopkeeper,Primary School,Urban,42.6,Merit,1,2021
100000,No,Yes,Engineer,Farmer,Primary School,Rural,65.0,Merit,0,2024
12000,Yes,No,Teacher,Shopkeeper,Graduate,Semi-Urban,97.5,SC/ST,0,2024
5000,Yes,Yes,Driver,Homemaker,HighSchool,Urban,84.7,SC/ST,1,2021
25000,No,No,Government Job,Factory Worker,HighSchool,Semi-Urban,51.3,SC/ST,1,2023
12000,No,No,Small Business,Factory Worker,HighSchool,Urban,65.2,SC/ST,1,2021
12000,No,No,Teacher,Teacher,Diploma,Rural,67.2,Management,1,2024
3000,No,No,Teacher,Nurse,HighSchool,Rural,97.7,Merit,1,2021
25000,No,No,Teacher,Homemaker,HighSchool,Rural,96.2,Merit,1,2022
12000,Yes,No,Farmer,Teacher,No Formal Education,Rural,44.5,OBC,1,2022
8000,No,No,Daily Wage Worker,Shopkeeper,Diploma,Semi-Urban,55.6,Sports,1,2023
5000,No,Yes,Doctor,Teacher,Primary School,Semi-Urban,44.3,Merit,1,2024
18000,Yes,No,Engineer,Factory Worker,Diploma,Rural,51.5,SC/ST,0,2024
60000,No,No,Small Business,Homemaker,Graduate,Urban,66.5,Merit,0,2022
12000,No,No,Shopkeeper,Nurse,Diploma,Semi-Urban,75.4,SC/ST,1,2021
35000,Yes,No,Farmer,Shopkeeper,Primary School,Rural,87.9,Merit,1,2024
45000,No,No,Small Business,Factory Worker,Graduate,Semi-Urban,45.1,SC/ST,1,2022
12000,Yes,Yes,Factory Worker,Farmer,Diploma,Urban,56.6,Management,1,2024
60000,No,Yes,Doctor,Factory Worker,HighSchool,Rural,76.0,SC/ST,1,2021
35000,No,Yes,Small Business,Farmer,Primary School,Urban,67.1,Merit,1,2023
25000,Yes,No,Doctor,Daily Wage Worker,Postgraduate,Semi-Urban,58.2,SC/ST,0,2024
3000,No,No,Engineer,Government Job,Diploma,Urban,50.5,Management,0,2021
3000,No,Yes,Small Business,Nurse,Diploma,Rural,81.8,OBC,1,2024
100000,No,No,Teacher,Factory Worker,Primary School,Urban,53.9,SC/ST,0,2021
45000,Yes,No,Factory Worker,Farmer,Graduate,Rural,80.4,Merit,0,2024
75000,No,No,Daily Wage Worker,Nurse,HighSchool,Urban,94.1,Merit,0,2021
75000,Yes,Yes,Daily Wage Worker,Homemaker,Graduate,Rural,52.7,Merit,0,2024
3000,Yes,No,Shopkeeper,Government Job,Primary School,Rural,82.6,NRI,1,2022
45000,No,Yes,Small Business,Nurse,HighSchool,Semi-Urban,87.3,Management,1,2022
18000,No,No,Daily Wage Worker,Farmer,Graduate,Rural,77.3,SC/ST,1,2023
45000,No,Yes,Doctor,Teacher,Diploma,Rural,59.2,SC/ST,1,2023
3000,Yes,No,Government Job,Government Job,No Formal Education,Rural,54.2,Merit,1,2024
12000,No,Yes,Shopkeeper,Farmer,Graduate,Urban,86.4,Management,0,2022
45000,Yes,No,Shopkeeper,Farmer,Postgraduate,Semi-Urban,59.2,Sports,0,2022
45000,No,Yes,Daily Wage Worker,Daily Wage Worker,HighSchool,Semi-Urban,87.6,SC/ST,1,2022
35000,No,No,Farmer,Teacher,Graduate,Rural,89.6,SC/ST,1,2023
12000,Yes,Yes,Teacher,Teacher,HighSchool,Semi-Urban,91.3,SC/ST,1,2021
12000,No,Yes,Government Job,Nurse,Diploma,Semi-Urban,88.2,Merit,0,2023
100000,No,No,Daily Wage Worker,Nurse,Graduate,Rural,93.1,SC/ST,0,2023
18000,Yes,No,Engineer,Farmer,Graduate,Rural,94.9,Merit,0,2022
18000,Yes,No,Teacher,Shopkeeper,HighSchool,Semi-Urban,69.1,Merit,0,2024
25000,No,Yes,Shopkeeper,Factory Worker,HighSchool,Rural,57.2,NRI,1,2021
18000,No,Yes,Engineer,Homemaker,Diploma,Urban,51.2,OBC,1,2022
25000,No,No,Factory Worker,Shopkeeper,Graduate,Rural,63.1,SC/ST,1,2022
18000,Yes,No,Engineer,Daily Wage Worker,Graduate,Rural,54.9,SC/ST,1,2024
60000,No,No,Teacher,Shopkeeper,Primary School,Rural,89.7,Merit,0,2023
75000,Yes,No,Shopkeeper,Factory Worker,HighSchool,Urban,89.6,Merit,0,2022
75000,Yes,No,Driver,Factory Worker,Graduate,Rural,66.1,OBC,0,2022
25000,Yes,Yes,Teacher,Factory Worker,Primary School,Rural,87.7,SC/ST,0,2023
18000,No,No,Driver,Government Job,Postgraduate,Rural,77.8,OBC,1,2023
35000,No,Yes,Farmer,Nurse,Diploma,Rural,73.9,Sports,1,2021
60000,No,Yes,Factory Worker,Government Job,Graduate,Rural,87.8,Merit,0,2024
25000,No,No,Shopkeeper,Homemaker,HighSchool,Semi-Urban,87.5,NRI,1,2023
35000,No,No,Shopkeeper,Teacher,HighSchool,Semi-Urban,87.2,Merit,0,2022
45000,Yes,No,Small Business,Nurse,Postgraduate,Rural,72.2,Merit,0,2022
35000,No,No,Engineer,Homemaker,Graduate,Rural,58.9,Merit,0,2023
45000,No,Yes,Teacher,Nurse,Primary School,Urban,63.8,Sports,0,2024
8000,No,No,Daily Wage Worker,Government Job,Postgraduate,Urban,80.2,Sports,1,2024
25000,Yes,No,Teacher,Government Job,HighSchool,Urban,93.7,Merit,0,2021
25000,No,Yes,Small Business,Nurse,Graduate,Rural,82.6,Merit,1,2023
3000,Yes,No,Driver,Daily Wage Worker,Primary School,Semi-Urban,86.7,OBC,1,2021
60000,Yes,No,Teacher,Teacher,Postgraduate,Rural,57.2,OBC,0,2022
35000,No,Yes,Government Job,Daily Wage Worker,Postgraduate,Urban,65.9,Merit,0,2024
8000,Yes,No,Daily Wage Worker,Homemaker,Diploma,Urban,84.1,Merit,0,2021
45000,No,No,Teacher,Homemaker,Primary School,Semi-Urban,91.4,Merit,0,2022
35000,No,No,Doctor,Homemaker,Diploma,Rural,70.2,Merit,0,2021
45000,No,No,Teacher,Nurse,HighSchool,Semi-Urban,41.1,Management,1,2022
18000,No,No,Daily Wage Worker,Teacher,Diploma,Urban,92.3,Merit,0,2023
60000,Yes,Yes,Engineer,Teacher,Graduate,Semi-Urban,45.7,Management,0,2021
18000,Yes,No,Factory Worker,Farmer,Primary School,Urban,71.3,Merit,0,2024
25000,No,No,Shopkeeper,Shopkeeper,Postgraduate,Urban,68.3,Merit,0,2022
3000,Yes,No,Government Job,Homemaker,Graduate,Rural,96.8,OBC,0,2021
35000,No,No,Small Business,Shopkeeper,HighSchool,Urban,47.4,Management,1,2024
35000,No,Yes,Factory Worker,Nurse,Diploma,Rural,79.2,Merit,1,2021
25000,Yes,Yes,Small Business,Shopkeeper,Postgraduate,Urban,58.3,Management,0,2023
25000,No,Yes,Driver,Farmer,Diploma,Rural,65.6,Merit,1,2022
45000,Yes,No,Teacher,Shopkeeper,Postgraduate,Semi-Urban,64.6,Merit,0,2021
35000,No,No,Shopkeeper,Farmer,Primary School,Rural,60.6,Management,1,2022
12000,Yes,Yes,Farmer,Shopkeeper,HighSchool,Rural,91.9,NRI,1,2022
75000,No,Yes,Daily Wage Worker,Nurse,Diploma,Urban,82.6,Merit,0,2022
35000,No,Yes,Driver,Daily Wage Worker,Primary School,Urban,93.0,Merit,1,2022
100000,Yes,No,Small Business,Factory Worker,HighSchool,Urban,87.7,Sports,0,2021
100000,No,No,Government Job,Homemaker,Diploma,Semi-Urban,64.6,SC/ST,0,2021
75000,No,No,Small Business,Factory Worker,HighSchool,Rural,43.6,NRI,1,2024
45000,Yes,No,Engineer,Shopkeeper,HighSchool,Rural,57.6,Sports,0,2022
35000,No,No,Driver,Teacher,HighSchool,Semi-Urban,60.4,SC/ST,1,2024
8000,No,No,Teacher,Government Job,Primary School,Rural,46.0,Merit,1,2021
25000,No,No,Daily Wage Worker,Homemaker,HighSchool,Semi-Urban,49.1,Sports,1,2023
45000,Yes,No,Driver,Government Job,Primary School,Rural,41.4,SC/ST,1,2023
25000,Yes,No,Engineer,Homemaker,Postgraduate,Urban,65.9,Management,0,2023
60000,Yes,No,Teacher,Government Job,HighSchool,Rural,50.0,Management,1,2021
5000,No,No,Government Job,Daily Wage Worker,No Formal Education,Urban,56.0,Management,1,2021
18000,No,No,Daily Wage Worker,Homemaker,Postgraduate,Semi-Urban,68.4,Merit,1,2022
25000,No,Yes,Engineer,Nurse,Graduate,Semi-Urban,49.7,Management,1,2023
18000,No,No,Government Job,Daily Wage Worker,HighSchool,Semi-Urban,43.9,Merit,0,2021
5000,Yes,Yes,Daily Wage Worker,Teacher,Postgraduate,Urban,85.2,Merit,0,2021
8000,No,No,Factory Worker,Nurse,Postgraduate,Semi-Urban,92.2,Merit,1,2024
60000,Yes,Yes,Driver,Shopkeeper,Graduate,Rural,59.9,Merit,0,2021
25000,Yes,No,Shopkeeper,Shopkeeper,Graduate,Rural,67.3,Merit,0,2024
5000,Yes,Yes,Small Business,Government Job,Graduate,Urban,57.0,Sports,1,2024
3000,No,Yes,Teacher,Shopkeeper,Postgraduate,Semi-Urban,67.3,Merit,0,2021
18000,No,No,Doctor,Nurse,Diploma,Urban,45.2,OBC,0,2021
8000,Yes,Yes,Doctor,Daily Wage Worker,Graduate,Rural,67.1,OBC,0,2023
35000,Yes,Yes,Factory Worker,Factory Worker,Primary School,Urban,67.2,Merit,0,2022
45000,No,Yes,Government Job,Farmer,Graduate,Semi-Urban,58.1,Management,1,2024
12000,Yes,No,Small Business,Government Job,Postgraduate,Semi-Urban,91.2,OBC,0,2022
25000,Yes,No,Engineer,Teacher,No Formal Education,Urban,64.8,Merit,0,2024
8000,No,Yes,Teacher,Nurse,HighSchool,Semi-Urban,48.8,Management,1,2023
12000,Yes,Yes,Engineer,Shopkeeper,Graduate,Rural,84.3,OBC,0,2021
60000,No,Yes,Government Job,Farmer,Graduate,Semi-Urban,48.6,SC/ST,1,2022
25000,Yes,No,Daily Wage Worker,Government Job,Graduate,Rural,45.0,Management,1,2023
60000,No,Yes,Doctor,Government Job,Postgraduate,Rural,61.8,Merit,0,2022
12000,No,Yes,Daily Wage Worker,Government Job,Primary School,Semi-Urban,87.0,SC/ST,1,2023
12000,No,Yes,Engineer,Teacher,Graduate,Rural,96.1,Management,1,2023
18000,Yes,Yes,Teacher,Farmer,Graduate,Semi-Urban,78.8,SC/ST,0,2022
25000,Yes,No,Engineer,Farmer,HighSchool,Semi-Urban,92.8,Merit,0,2024
100000,No,Yes,Doctor,Homemaker,HighSchool,Rural,73.6,OBC,0,2024
8000,No,Yes,Small Business,Homemaker,Graduate,Rural,51.2,SC/ST,1,2024
60000,No,No,Small Business,Homemaker,Graduate,Semi-Urban,73.3,Sports,0,2021
60000,No,No,Driver,Teacher,Graduate,Urban,83.4,OBC,0,2021
25000,Yes,Yes,Driver,Homemaker,Diploma,Rural,44.4,Merit,1,2024
12000,No,No,Farmer,Shopkeeper,Graduate,Rural,64.8,Merit,1,2024
25000,Yes,No,Small Business,Factory Worker,HighSchool,Urban,45.0,Sports,0,2021
12000,Yes,Yes,Government Job,Nurse,HighSchool,Urban,63.4,Management,1,2024
45000,No,Yes,Factory Worker,Factory Worker,Graduate,Urban,73.2,Merit,0,2021
25000,No,Yes,Daily Wage Worker,Daily Wage Worker,Graduate,Rural,82.3,Merit,1,2024
75000,Yes,No,Factory Worker,Nurse,Graduate,Urban,61.0,Merit,0,2023
35000,Yes,No,Daily Wage Worker,Nurse,Diploma,Urban,47.2,Management,1,2024
25000,Yes,No,Driver,Government Job,Graduate,Rural,69.2,Merit,0,2024
35000,No,No,Daily Wage Worker,Nurse,Postgraduate,Semi-Urban,47.6,Merit,1,2021
25000,No,Yes,Driver,Homemaker,Diploma,Rural,45.7,OBC,1,2023
75000,Yes,No,Shopkeeper,Shopkeeper,Diploma,Semi-Urban,83.2,Merit,0,2022
8000,No,No,Factory Worker,Farmer,Postgraduate,Semi-Urban,75.9,Merit,1,2024
100000,Yes,Yes,Shopkeeper,Government Job,HighSchool,Rural,71.3,Management,0,2024
45000,Yes,No,Engineer,Daily Wage Worker,Graduate,Urban,49.9,NRI,0,2023
60000,No,No,Teacher,Homemaker,Graduate,Urban,94.3,Merit,0,2022
25000,No,No,Teacher,Teacher,Diploma,Urban,90.8,Management,0,2023
60000,No,No,Daily Wage Worker,Farmer,Postgraduate,Rural,89.7,Management,1,2023
12000,Yes,No,Driver,Farmer,Primary School,Semi-Urban,43.9,SC/ST,1,2021
45000,No,Yes,Factory Worker,Shopkeeper,No Formal Education,Urban,44.3,OBC,1,2023
8000,No,Yes,Engineer,Teacher,HighSchool,Rural,67.8,Merit,1,2021
12000,Yes,Yes,Small Business,Teacher,Postgraduate,Semi-Urban,57.0,Merit,0,2021
18000,Yes,Yes,Teacher,Farmer,HighSchool,Rural,59.8,Merit,0,2023
12000,No,No,Shopkeeper,Shopkeeper,Graduate,Urban,81.9,Merit,0,2024
18000,Yes,Yes,Farmer,Farmer,HighSchool,Semi-Urban,95.2,Merit,1,2021
60000,No,No,Shopkeeper,Teacher,Diploma,Urban,75.6,NRI,0,2023
12000,Yes,No,Doctor,Farmer,Diploma,Semi-Urban,41.7,OBC,0,2024
45000,Yes,No,Factory Worker,Government Job,HighSchool,Urban,42.4,Merit,0,2024
5000,No,No,Farmer,Nurse,Diploma,Rural,53.7,Merit,1,2022
45000,No,No,Farmer,Farmer,HighSchool,Semi-Urban,40.5,NRI,1,2024
45000,No,No,Teacher,Teacher,Primary School,Urban,48.2,Merit,0,2022
18000,Yes,No,Small Business,Farmer,Diploma,Urban,43.1,Management,0,2021
45000,Yes,No,Government Job,Nurse,Graduate,Urban,56.4,Management,0,2021
75000,No,No,Teacher,Government Job,Primary School,Semi-Urban,42.7,Merit,0,2023
45000,Yes,No,Small Business,Farmer,HighSchool,Semi-Urban,93.8,NRI,0,2022
18000,No,No,Government Job,Government Job,Diploma,Urban,70.9,NRI,0,2021
25000,Yes,No,Government Job,Nurse,Postgraduate,Rural,90.8,OBC,0,2021
45000,Yes,No,Government Job,Homemaker,Graduate,Urban,80.0,Merit,0,2023
12000,No,No,Factory Worker,Farmer,Postgraduate,Urban,67.2,Merit,0,2024
45000,No,Yes,Farmer,Factory Worker,Diploma,Urban,67.5,Merit,1,2022
12000,Yes,Yes,Shopkeeper,Factory Worker,Graduate,Semi-Urban,82.5,Merit,0,2021
45000,Yes,No,Factory Worker,Farmer,Primary School,Semi-Urban,58.9,SC/ST,1,2023
5000,No,No,Daily Wage Worker,Nurse,Graduate,Rural,71.3,Merit,1,2022
5000,Yes,Yes,Doctor,Nurse,HighSchool,Urban,46.9,NRI,0,2023
100000,No,No,Farmer,Factory Worker,Graduate,Semi-Urban,86.3,Merit,0,2024
60000,No,No,Farmer,Nurse,Postgraduate,Semi-Urban,59.4,Merit,0,2023
60000,Yes,No,Factory Worker,Teacher,Graduate,Rural,50.5,Merit,0,2024
75000,No,Yes,Small Business,Daily Wage Worker,Primary School,Semi-Urban,83.7,Merit,0,2024
18000,Yes,No,Doctor,Factory Worker,Graduate,Rural,45.5,Merit,0,2024
12000,Yes,Yes,Small Business,Daily Wage Worker,Graduate,Semi-Urban,96.2,SC/ST,0,2022
8000,No,Yes,Government Job,Factory Worker,No Formal Education,Urban,80.7,NRI,1,2021
25000,No,No,Teacher,Factory Worker,HighSchool,Semi-Urban,83.7,SC/ST,1,2023
12000,No,No,Teacher,Homemaker,Graduate,Rural,44.8,Management,1,2021
75000,No,No,Daily Wage Worker,Farmer,HighSchool,Urban,73.3,OBC,1,2021
3000,Yes,No,Driver,Shopkeeper,Primary School,Semi-Urban,41.8,Merit,1,2021
8000,No,No,Doctor,Government Job,Postgraduate,Rural,59.3,SC/ST,1,2021
12000,Yes,No,Small Business,Shopkeeper,Postgraduate,Rural,82.7,Sports,0,2024
8000,No,Yes,Farmer,Government Job,HighSchool,Urban,52.7,Merit,1,2023
12000,No,Yes,Engineer,Farmer,Postgraduate,Urban,81.1,OBC,0,2024
35000,Yes,Yes,Teacher,Government Job,Postgraduate,Urban,72.5,Merit,0,2023
12000,No,No,Daily Wage Worker,Daily Wage Worker,Diploma,Urban,93.7,OBC,1,2023
35000,Yes,Yes,Small Business,Government Job,Graduate,Semi-Urban,69.3,Sports,0,2021
60000,Yes,Yes,Shopkeeper,Shopkeeper,Postgraduate,Semi-Urban,57.8,Merit,0,2023
35000,Yes,Yes,Farmer,Government Job,Graduate,Urban,91.6,Merit,0,2022
35000,No,Yes,Driver,Shopkeeper,HighSchool,Semi-Urban,68.2,OBC,1,2022
18000,No,No,Small Business,Factory Worker,HighSchool,Urban,57.0,Merit,1,2024
8000,Yes,Yes,Doctor,Government Job,Diploma,Semi-Urban,64.5,SC/ST,1,2024
12000,No,No,Factory Worker,Farmer,HighSchool,Rural,66.1,Management,1,2023
100000,Yes,Yes,Shopkeeper,Factory Worker,No Formal Education,Rural,53.1,Merit,0,2021
35000,Yes,No,Teacher,Farmer,Diploma,Rural,87.0,SC/ST,0,2024
12000,Yes,No,Small Business,Shopkeeper,HighSchool,Rural,88.4,Merit,0,2024
18000,Yes,No,Daily Wage Worker,Factory Worker,Primary School,Semi-Urban,66.3,SC/ST,1,2021
60000,Yes,No,Factory Worker,Government Job,Postgraduate,Rural,41.0,Merit,0,2022
35000,No,No,Doctor,Teacher,Primary School,Rural,46.1,OBC,1,2022
25000,Yes,Yes,Factory Worker,Farmer,Graduate,Rural,70.0,Management,1,2022
60000,Yes,No,Shopkeeper,Factory Worker,Graduate,Semi-Urban,55.4,NRI,0,2024
35000,No,No,Driver,Daily Wage Worker,Postgraduate,Urban,59.5,Merit,0,2023
35000,Yes,No,Doctor,Teacher,HighSchool,Semi-Urban,71.3,OBC,0,2021
8000,No,No,Teacher,Teacher,HighSchool,Semi-Urban,79.1,OBC,1,2022
5000,No,No,Teacher,Farmer,Graduate,Semi-Urban,51.0,Merit,0,2023
100000,Yes,Yes,Farmer,Teacher,Diploma,Semi-Urban,80.5,OBC,0,2024
25000,Yes,Yes,Government Job,Nurse,Graduate,Urban,46.4,Merit,0,2021
18000,No,No,Daily Wage Worker,Factory Worker,HighSchool,Semi-Urban,73.3,Merit,1,2021
25000,Yes,No,Government Job,Factory Worker,HighSchool,Semi-Urban,79.5,Management,1,2022
5000,No,Yes,Farmer,Factory Worker,No Formal Education,Urban,57.2,Management,1,2021
60000,No,No,Driver,Shopkeeper,Graduate,Semi-Urban,89.3,NRI,0,2022
12000,No,Yes,Driver,Shopkeeper,HighSchool,Semi-Urban,86.5,Merit,1,2023
45000,Yes,No,Factory Worker,Nurse,HighSchool,Urban,92.0,Management,0,2023
25000,No,Yes,Engineer,Teacher,Graduate,Rural,60.2,OBC,1,2024
12000,No,No,Daily Wage Worker,Shopkeeper,HighSchool,Semi-Urban,95.1,Merit,1,2022
3000,Yes,Yes,Doctor,Government Job,No Formal Education,Urban,68.6,Sports,1,2022
45000,No,Yes,Daily Wage Worker,Farmer,HighSchool,Semi-Urban,58.4,Merit,1,2024
8000,No,No,Daily Wage Worker,Shopkeeper,Postgraduate,Rural,76.8,Merit,1,2023
5000,No,No,Farmer,Government Job,Graduate,Semi-Urban,92.1,OBC,1,2022
45000,Yes,No,Engineer,Shopkeeper,Diploma,Urban,92.5,SC/ST,0,2022
18000,Yes,No,Factory Worker,Daily Wage Worker,Diploma,Semi-Urban,54.3,Merit,0,2022
18000,Yes,Yes,Engineer,Teacher,Postgraduate,Urban,49.0,Merit,0,2024
12000,No,No,Factory Worker,Farmer,No Formal Education,Rural,66.4,Merit,1,2022
60000,No,No,Doctor,Daily Wage Worker,HighSchool,Semi-Urban,95.4,SC/ST,0,2023
12000,Yes,No,Driver,Nurse,Postgraduate,Rural,96.9,Merit,0,2023
12000,No,No,Government Job,Factory Worker,Diploma,Semi-Urban,56.3,Management,1,2024
12000,No,Yes,Government Job,Nurse,Postgraduate,Urban,44.0,OBC,1,2022
8000,No,Yes,Daily Wage Worker,Nurse,Graduate,Semi-Urban,81.9,Management,1,2023
12000,No,Yes,Small Business,Nurse,Graduate,Semi-Urban,53.7,NRI,1,2023
5000,No,No,Daily Wage Worker,Daily Wage Worker,Graduate,Urban,52.5,Merit,1,2023
8000,Yes,Yes,Farmer,Daily Wage Worker,No Formal Education,Semi-Urban,83.4,Merit,1,2024
18000,No,No,Shopkeeper,Factory Worker,Postgraduate,Semi-Urban,51.9,Management,0,2023
60000,Yes,No,Doctor,Government Job,Diploma,Rural,86.2,Management,0,2022
5000,No,No,Teacher,Government Job,No Formal Education,Semi-Urban,94.6,Merit,0,2023
12000,Yes,Yes,Government Job,Daily Wage Worker,HighSchool,Urban,49.1,Merit,0,2022
75000,Yes,Yes,Teacher,Nurse,HighSchool,Semi-Urban,72.3,Merit,0,2021
60000,Yes,Yes,Doctor,Homemaker,HighSchool,Rural,81.3,Management,0,2024
35000,No,No,Shopkeeper,Daily Wage Worker,No Formal Education,Rural,71.6,OBC,1,2022
12000,Yes,No,Factory Worker,Daily Wage Worker,HighSchool,Rural,93.7,Merit,0,2023
18000,No,No,Doctor,Factory Worker,Postgraduate,Urban,44.0,Merit,0,2021
12000,Yes,Yes,Factory Worker,Factory Worker,Graduate,Urban,98.7,OBC,0,2021
8000,Yes,Yes,Teacher,Homemaker,HighSchool,Semi-Urban,73.1,Management,0,2024
18000,Yes,Yes,Shopkeeper,Daily Wage Worker,Primary School,Urban,52.6,Merit,0,2021
25000,Yes,No,Doctor,Factory Worker,Graduate,Rural,77.3,Merit,0,2024
18000,Yes,No,Driver,Nurse,Graduate,Urban,79.2,Merit,0,2023
35000,Yes,No,Farmer,Nurse,No Formal Education,Rural,40.3,Merit,1,2022
12000,No,Yes,Farmer,Shopkeeper,Postgraduate,Rural,89.4,Management,1,2022
12000,No,Yes,Government Job,Daily Wage Worker,HighSchool,Rural,44.2,SC/ST,1,2021
45000,Yes,No,Driver,Nurse,HighSchool,Semi-Urban,52.7,SC/ST,1,2022
60000,Yes,Yes,Driver,Daily Wage Worker,HighSchool,Semi-Urban,75.2,Merit,0,2022
12000,No,Yes,Engineer,Homemaker,Postgraduate,Rural,85.7,Management,1,2021
25000,No,No,Engineer,Farmer,Postgraduate,Rural,77.7,Merit,0,2024
12000,No,No,Engineer,Government Job,Graduate,Urban,76.6,Merit,0,2024
5000,No,No,Small Business,Homemaker,Diploma,Urban,69.1,Merit,0,2021
45000,No,Yes,Doctor,Government Job,HighSchool,Rural,70.3,SC/ST,1,2023
8000,No,No,Driver,Homemaker,HighSchool,Rural,65.4,Management,1,2024
18000,No,No,Factory Worker,Government Job,HighSchool,Semi-Urban,56.4,Merit,1,2021
25000,Yes,No,Daily Wage Worker,Nurse,Postgraduate,Semi-Urban,61.4,OBC,0,2021
8000,No,Yes,Government Job,Teacher,Graduate,Semi-Urban,91.8,Merit,0,2022
5000,No,No,Teacher,Homemaker,Diploma,Semi-Urban,62.6,SC/ST,1,2023
12000,No,Yes,Doctor,Factory Worker,Postgraduate,Semi-Urban,84.9,Merit,0,2023
75000,No,No,Factory Worker,Shopkeeper,HighSchool,Semi-Urban,76.1,SC/ST,1,2024
35000,No,Yes,Factory Worker,Homemaker,Primary School,Urban,53.2,Merit,1,2024
18000,No,No,Government Job,Shopkeeper,HighSchool,Urban,49.1,Merit,0,2023
3000,No,No,Engineer,Factory Worker,Postgraduate,Semi-Urban,47.3,Management,1,2021
35000,Yes,Yes,Farmer,Homemaker,No Formal Education,Rural,69.2,Management,1,2021
5000,No,No,Factory Worker,Farmer,Primary School,Urban,52.0,Management,1,2024
25000,No,No,Engineer,Government Job,HighSchool,Rural,55.3,SC/ST,1,2024
45000,No,Yes,Government Job,Nurse,Postgraduate,Urban,89.4,Sports,0,2021
18000,No,No,Factory Worker,Homemaker,HighSchool,Semi-Urban,68.8,Merit,1,2024
12000,No,No,Shopkeeper,Factory Worker,Graduate,Urban,59.6,Merit,0,2022
5000,No,Yes,Driver,Factory Worker,Postgraduate,Semi-Urban,50.9,Merit,1,2021
3000,No,Yes,Farmer,Shopkeeper,Graduate,Rural,65.8,Merit,1,2023
18000,No,No,Driver,Daily Wage Worker,Primary School,Rural,55.5,SC/ST,1,2023
60000,Yes,No,Doctor,Daily Wage Worker,Primary School,Rural,42.3,Merit,0,2021
12000,No,No,Farmer,Nurse,HighSchool,Rural,91.2,NRI,1,2023
25000,No,No,Government Job,Farmer,Graduate,Rural,73.5,Management,1,2021
35000,No,No,Small Business,Nurse,Graduate,Semi-Urban,89.0,SC/ST,0,2023
5000,No,No,Small Business,Government Job,HighSchool,Urban,83.7,SC/ST,1,2024
8000,Yes,Yes,Teacher,Farmer,HighSchool,Rural,40.9,Sports,1,2022
12000,No,No,Engineer,Nurse,Primary School,Urban,78.6,SC/ST,1,2021
35000,No,No,Factory Worker,Teacher,Diploma,Rural,48.3,Merit,1,2024
18000,Yes,Yes,Driver,Farmer,HighSchool,Semi-Urban,44.3,NRI,1,2021
45000,No,Yes,Daily Wage Worker,Daily Wage Worker,Postgraduate,Semi-Urban,41.7,Management,1,2022
60000,No,Yes,Driver,Farmer,Diploma,Urban,89.8,Merit,0,2021
45000,Yes,No,Farmer,Shopkeeper,No Formal Education,Rural,73.7,OBC,0,2022
100000,Yes,Yes,Daily Wage Worker,Nurse,Diploma,Rural,85.6,OBC,0,2021
45000,No,Yes,Daily Wage Worker,Nurse,Postgraduate,Rural,77.7,Sports,1,2023
60000,Yes,No,Daily Wage Worker,Homemaker,HighSchool,Urban,48.2,SC/ST,1,2021
60000,No,No,Government Job,Farmer,Graduate,Rural,75.9,Merit,0,2021
45000,Yes,No,Driver,Farmer,Diploma,Semi-Urban,46.6,OBC,0,2024
45000,No,Yes,Teacher,Homemaker,Graduate,Rural,43.1,Merit,0,2021
75000,Yes,No,Engineer,Daily Wage Worker,Diploma,Semi-Urban,60.1,Management,0,2022
18000,No,No,Shopkeeper,Farmer,Postgraduate,Semi-Urban,45.9,Management,1,2024
35000,No,No,Engineer,Teacher,Graduate,Rural,81.6,NRI,0,2022
25000,No,Yes,Daily Wage Worker,Homemaker,HighSchool,Rural,75.7,SC/ST,1,2022
60000,Yes,No,Daily Wage Worker,Farmer,Graduate,Rural,80.3,Merit,0,2023
18000,Yes,No,Doctor,Shopkeeper,No Formal Education,Rural,93.5,Sports,0,2023
45000,Yes,Yes,Small Business,Government Job,HighSchool,Semi-Urban,61.4,Management,0,2024
45000,Yes,No,Government Job,Shopkeeper,HighSchool,Urban,73.0,Management,0,2024
100000,No,No,Government Job,Government Job,Graduate,Rural,62.1,Merit,0,2023
12000,Yes,No,Government Job,Daily Wage Worker,Graduate,Rural,48.3,Merit,0,2024
35000,No,No,Shopkeeper,Shopkeeper,Diploma,Rural,89.6,Merit,0,2021
45000,Yes,No,Daily Wage Worker,Factory Worker,Diploma,Urban,73.8,SC/ST,0,2024
75000,Yes,No,Farmer,Factory Worker,Primary School,Rural,76.8,Merit,1,2023
75000,No,No,Small Business,Nurse,Postgraduate,Urban,55.2,Merit,0,2023
25000,No,Yes,Factory Worker,Daily Wage Worker,HighSchool,Rural,88.9,Merit,1,2024
25000,Yes,No,Small Business,Daily Wage Worker,Primary School,Rural,70.1,OBC,1,2021
8000,Yes,No,Small Business,Teacher,Graduate,Rural,44.1,SC/ST,1,2023
100000,Yes,Yes,Factory Worker,Homemaker,Postgraduate,Semi-Urban,58.9,OBC,0,2021
12000,No,Yes,Teacher,Daily Wage Worker,HighSchool,Semi-Urban,66.8,OBC,1,2024
45000,No,No,Teacher,Farmer,Diploma,Semi-Urban,59.7,Management,0,2021
45000,Yes,No,Teacher,Government Job,Graduate,Urban,46.8,Merit,0,2021
18000,Yes,No,Teacher,Farmer,No Formal Education,Urban,59.1,OBC,0,2022
12000,No,Yes,Doctor,Homemaker,Postgraduate,Urban,40.2,OBC,0,2023
8000,Yes,Yes,Doctor,Homemaker,HighSchool,Urban,52.5,OBC,1,2022
60000,Yes,No,Factory Worker,Nurse,Diploma,Semi-Urban,77.7,Management,0,2023
25000,Yes,No,Government Job,Teacher,No Formal Education,Urban,71.9,Merit,0,2024
5000,Yes,No,Government Job,Daily Wage Worker,No Formal Education,Semi-Urban,62.1,Management,1,2021
35000,Yes,Yes,Small Business,Nurse,Primary School,Semi-Urban,96.6,Management,1,2024
12000,Yes,No,Driver,Factory Worker,HighSchool,Urban,42.7,Merit,0,2023
60000,No,No,Daily Wage Worker,Government Job,Postgraduate,Semi-Urban,77.8,Sports,0,2023
12000,No,No,Small Business,Farmer,Diploma,Semi-Urban,76.7,SC/ST,1,2023
8000,Yes,Yes,Farmer,Teacher,HighSchool,Rural,70.7,Merit,1,2023
5000,Yes,Yes,Government Job,Farmer,Diploma,Urban,55.6,OBC,0,2022
25000,No,No,Small Business,Government Job,HighSchool,Rural,69.7,SC/ST,1,2023
18000,Yes,Yes,Doctor,Daily Wage Worker,Graduate,Rural,67.7,Management,1,2021
45000,No,No,Shopkeeper,Shopkeeper,Diploma,Rural,48.6,NRI,1,2021
18000,No,Yes,Engineer,Teacher,HighSchool,Semi-Urban,54.0,Management,1,2023
12000,Yes,Yes,Shopkeeper,Daily Wage Worker,Graduate,Rural,65.8,Merit,0,2024
12000,Yes,No,Government Job,Daily Wage Worker,Diploma,Urban,62.0,Merit,0,2021
12000,No,No,Factory Worker,Government Job,Graduate,Semi-Urban,47.7,Sports,1,2021
75000,No,No,Farmer,Homemaker,Graduate,Urban,54.1,Management,1,2022
8000,No,Yes,Teacher,Homemaker,HighSchool,Rural,74.9,OBC,1,2023
100000,No,No,Factory Worker,Shopkeeper,HighSchool,Semi-Urban,81.5,Merit,0,2024
12000,No,No,Teacher,Homemaker,HighSchool,Semi-Urban,84.3,Merit,0,2021
5000,No,No,Shopkeeper,Farmer,Postgraduate,Rural,71.8,OBC,1,2024
12000,No,No,Teacher,Factory Worker,Graduate,Semi-Urban,43.2,Merit,1,2024
5000,Yes,No,Doctor,Daily Wage Worker,Postgraduate,Urban,53.6,SC/ST,0,2023
45000,Yes,Yes,Teacher,Homemaker,Graduate,Urban,83.0,OBC,0,2023
25000,Yes,No,Government Job,Daily Wage Worker,Postgraduate,Urban,57.0,Merit,0,2024
12000,No,No,Small Business,Homemaker,HighSchool,Semi-Urban,79.5,Merit,1,2021
35000,No,No,Shopkeeper,Teacher,Graduate,Rural,78.2,NRI,0,2024
35000,No,Yes,Shopkeeper,Factory Worker,Diploma,Urban,70.4,Merit,1,2024
75000,Yes,No,Shopkeeper,Farmer,Postgraduate,Urban,58.2,Merit,0,2024
100000,No,No,Factory Worker,Factory Worker,Postgraduate,Semi-Urban,44.7,SC/ST,0,2024
35000,Yes,No,Small Business,Farmer,Graduate,Rural,83.0,OBC,0,2021
45000,No,No,Small Business,Farmer,Graduate,Rural,54.6,Merit,0,2022
45000,Yes,No,Government Job,Shopkeeper,Postgraduate,Urban,56.7,Merit,0,2023
25000,No,No,Doctor,Daily Wage Worker,Primary School,Rural,47.2,SC/ST,1,2023
35000,No,No,Small Business,Farmer,Diploma,Rural,82.9,NRI,0,2024
5000,Yes,Yes,Factory Worker,Nurse,Graduate,Rural,96.6,SC/ST,1,2021
45000,No,No,Daily Wage Worker,Factory Worker,Graduate,Urban,68.4,Sports,0,2024
100000,Yes,No,Shopkeeper,Nurse,Diploma,Semi-Urban,61.3,Merit,0,2022
5000,No,Yes,Engineer,Shopkeeper,Diploma,Semi-Urban,70.5,SC/ST,1,2022
60000,Yes,No,Government Job,Farmer,HighSchool,Semi-Urban,63.1,Merit,0,2023
75000,Yes,No,Engineer,Nurse,Postgraduate,Urban,58.2,Merit,0,2024
12000,No,Yes,Engineer,Homemaker,Graduate,Rural,97.3,SC/ST,1,2021
25000,Yes,No,Doctor,Shopkeeper,Graduate,Rural,95.2,Merit,0,2023
75000,Yes,Yes,Government Job,Government Job,Primary School,Rural,76.9,Management,0,2022
100000,Yes,No,Government Job,Daily Wage Worker,Primary School,Rural,41.2,Merit,0,2023
8000,No,Yes,Government Job,Teacher,Diploma,Rural,61.9,Merit,1,2022
12000,No,No,Farmer,Farmer,Primary School,Semi-Urban,51.7,Management,1,2021
35000,Yes,No,Small Business,Nurse,Primary School,Rural,74.4,Merit,1,2023
12000,No,Yes,Engineer,Homemaker,Primary School,Urban,63.6,Merit,0,2023
12000,Yes,No,Daily Wage Worker,Teacher,HighSchool,Rural,64.6,Merit,1,2022
3000,No,No,Engineer,Nurse,No Formal Education,Urban,94.5,Merit,1,2021
8000,Yes,No,Engineer,Shopkeeper,Graduate,Rural,93.3,Management,0,2024
25000,No,No,Daily Wage Worker,Farmer,Graduate,Rural,56.0,SC/ST,1,2022
35000,Yes,Yes,Engineer,Nurse,Diploma,Urban,76.8,OBC,0,2024
35000,No,No,Teacher,Homemaker,Postgraduate,Urban,91.1,SC/ST,0,2022
45000,No,No,Factory Worker,Farmer,Diploma,Rural,96.6,Management,1,2023
18000,No,No,Government Job,Shopkeeper,Postgraduate,Urban,83.9,Merit,0,2024
12000,Yes,No,Doctor,Factory Worker,HighSchool,Urban,45.9,Merit,0,2023
3000,No,Yes,Daily Wage Worker,Daily Wage Worker,HighSchool,Semi-Urban,80.1,Merit,1,2023
8000,Yes,No,Government Job,Nurse,HighSchool,Semi-Urban,69.0,OBC,0,2022
12000,No,No,Teacher,Homemaker,Postgraduate,Rural,57.0,Management,1,2021
8000,Yes,No,Engineer,Daily Wage Worker,Postgraduate,Rural,92.6,Sports,0,2022
3000,Yes,No,Shopkeeper,Factory Worker,Diploma,Rural,77.7,Merit,0,2022
8000,No,No,Factory Worker,Factory Worker,Postgraduate,Rural,93.9,NRI,1,2023
35000,No,Yes,Shopkeeper,Factory Worker,HighSchool,Semi-Urban,44.0,Merit,1,2022
35000,No,No,Engineer,Daily Wage Worker,Graduate,Rural,86.3,Merit,0,2022
75000,Yes,No,Daily Wage Worker,Factory Worker,HighSchool,Rural,74.6,NRI,0,2021
45000,Yes,Yes,Doctor,Homemaker,Graduate,Rural,57.8,Management,0,2024
25000,No,No,Shopkeeper,Government Job,HighSchool,Semi-Urban,91.7,Merit,0,2021
8000,Yes,Yes,Farmer,Government Job,Graduate,Semi-Urban,87.0,SC/ST,1,2023
25000,Yes,No,Shopkeeper,Farmer,Diploma,Urban,73.5,SC/ST,0,2023
5000,Yes,No,Daily Wage Worker,Nurse,Diploma,Urban,97.3,Merit,0,2022
18000,No,No,Teacher,Teacher,HighSchool,Urban,87.1,Sports,0,2021
18000,Yes,No,Shopkeeper,Daily Wage Worker,Diploma,Rural,67.6,Management,0,2022
18000,No,Yes,Small Business,Teacher,HighSchool,Rural,43.2,OBC,1,2022
12000,Yes,No,Small Business,Teacher,Primary School,Semi-Urban,75.9,Merit,0,2024
35000,No,No,Driver,Nurse,Diploma,Rural,65.6,OBC,1,2024
60000,Yes,Yes,Government Job,Homemaker,Primary School,Rural,74.2,Merit,0,2022
45000,Yes,No,Teacher,Government Job,Diploma,Urban,42.8,SC/ST,0,2023
35000,Yes,No,Farmer,Shopkeeper,HighSchool,Semi-Urban,88.6,Sports,0,2021
25000,No,No,Teacher,Nurse,Diploma,Semi-Urban,87.5,OBC,0,2022
3000,Yes,No,Doctor,Nurse,Diploma,Urban,84.5,Management,0,2021
45000,No,Yes,Doctor,Teacher,Primary School,Urban,86.0,SC/ST,0,2022
25000,Yes,No,Factory Worker,Shopkeeper,HighSchool,Urban,50.7,Merit,0,2024
12000,No,Yes,Engineer,Homemaker,Diploma,Urban,70.2,Merit,0,2021
12000,Yes,No,Teacher,Government Job,Graduate,Rural,84.7,SC/ST,0,2022
75000,No,No,Engineer,Factory Worker,No Formal Education,Semi-Urban,76.8,Merit,0,2022
35000,No,No,Driver,Farmer,Primary School,Rural,70.5,NRI,1,2023
18000,No,No,Doctor,Shopkeeper,Graduate,Urban,60.9,SC/ST,0,2023
35000,No,No,Small Business,Government Job,HighSchool,Rural,79.1,OBC,1,2024
18000,No,No,Driver,Factory Worker,HighSchool,Semi-Urban,42.3,Merit,1,2023
18000,Yes,No,Government Job,Government Job,HighSchool,Urban,41.7,Merit,0,2022
12000,Yes,No,Shopkeeper,Farmer,Postgraduate,Semi-Urban,65.7,Merit,0,2024
18000,Yes,No,Shopkeeper,Shopkeeper,Diploma,Rural,72.4,SC/ST,1,2023
35000,Yes,No,Doctor,Homemaker,HighSchool,Rural,59.1,Sports,0,2022
3000,No,Yes,Engineer,Nurse,Diploma,Semi-Urban,80.2,Merit,0,2023
45000,No,No,Small Business,Factory Worker,HighSchool,Semi-Urban,94.8,Merit,0,2022
12000,No,No,Driver,Farmer,HighSchool,Semi-Urban,47.5,SC/ST,1,2021
35000,No,Yes,Small Business,Shopkeeper,Postgraduate,Rural,68.0,Merit,1,2021
35000,Yes,No,Teacher,Homemaker,Diploma,Urban,95.6,Management,0,2022
35000,Yes,No,Driver,Homemaker,Graduate,Rural,96.3,Management,0,2023
35000,Yes,Yes,Farmer,Farmer,Postgraduate,Urban,69.0,NRI,0,2021
75000,Yes,No,Farmer,Government Job,HighSchool,Semi-Urban,85.5,Merit,0,2022
25000,No,No,Shopkeeper,Government Job,Primary School,Urban,51.3,NRI,1,2021
45000,Yes,No,Shopkeeper,Nurse,HighSchool,Rural,87.5,SC/ST,0,2024
35000,No,No,Government Job,Factory Worker,Graduate,Urban,97.6,Merit,0,2024
12000,Yes,No,Small Business,Government Job,Diploma,Urban,59.6,NRI,0,2024
12000,No,No,Teacher,Shopkeeper,Diploma,Semi-Urban,53.9,Merit,1,2022
18000,No,No,Doctor,Shopkeeper,No Formal Education,Urban,46.9,OBC,1,2024
12000,No,No,Small Business,Government Job,No Formal Education,Urban,66.4,Sports,1,2021
18000,No,No,Small Business,Nurse,Diploma,Urban,59.3,SC/ST,1,2022
18000,No,No,Doctor,Daily Wage Worker,Primary School,Urban,69.4,Merit,1,2024
35000,No,No,Small Business,Teacher,Graduate,Urban,70.6,Sports,0,2023
12000,Yes,No,Doctor,Government Job,Postgraduate,Rural,90.9,Merit,0,2024
45000,Yes,No,Teacher,Shopkeeper,Postgraduate,Rural,92.1,Merit,0,2023
18000,No,No,Small Business,Government Job,Diploma,Semi-Urban,65.8,Sports,1,2023
35000,No,Yes,Doctor,Government Job,HighSchool,Urban,84.8,NRI,0,2022
5000,Yes,Yes,Shopkeeper,Factory Worker,Diploma,Rural,72.9,Merit,1,2022
18000,No,No,Doctor,Farmer,Primary School,Semi-Urban,82.8,Management,1,2021
3000,Yes,No,Farmer,Factory Worker,Postgraduate,Rural,81.3,SC/ST,1,2024
35000,No,Yes,Factory Worker,Shopkeeper,Graduate,Urban,88.8,Management,1,2022
12000,No,Yes,Engineer,Government Job,HighSchool,Urban,49.6,Management,1,2021
75000,No,Yes,Factory Worker,Government Job,Graduate,Rural,87.0,Merit,0,2023
12000,No,Yes,Daily Wage Worker,Farmer,HighSchool,Rural,53.3,SC/ST,1,2023
25000,Yes,Yes,Factory Worker,Nurse,Graduate,Urban,80.6,OBC,0,2024
12000,Yes,No,Teacher,Farmer,Diploma,Semi-Urban,96.6,Management,0,2021
35000,No,No,Daily Wage Worker,Farmer,Postgraduate,Semi-Urban,74.5,SC/ST,1,2024
18000,Yes,No,Engineer,Factory Worker,Postgraduate,Urban,92.2,Merit,0,2024
18000,No,No,Engineer,Shopkeeper,HighSchool,Urban,87.8,NRI,0,2021
8000,No,Yes,Doctor,Teacher,Diploma,Rural,81.4,SC/ST,1,2024
8000,Yes,Yes,Teacher,Factory Worker,HighSchool,Semi-Urban,44.4,SC/ST,1,2023
8000,Yes,No,Teacher,Daily Wage Worker,Graduate,Urban,41.4,OBC,0,2024
100000,No,No,Shopkeeper,Teacher,Diploma,Rural,93.5,Management,0,2021
18000,No,Yes,Factory Worker,Factory Worker,Postgraduate,Semi-Urban,81.1,Merit,1,2024
3000,No,Yes,Government Job,Nurse,Postgraduate,Urban,72.3,OBC,0,2023
75000,No,Yes,Shopkeeper,Shopkeeper,HighSchool,Rural,40.2,Management,1,2024
3000,Yes,Yes,Engineer,Shopkeeper,Primary School,Semi-Urban,47.3,Sports,1,2022
18000,No,Yes,Driver,Government Job,Graduate,Rural,80.7,Merit,1,2022
35000,Yes,No,Engineer,Factory Worker,HighSchool,Rural,53.8,Merit,0,2023
75000,No,No,Government Job,Government Job,HighSchool,Rural,61.0,Merit,0,2023
35000,No,No,Factory Worker,Government Job,Diploma,Rural,88.9,Merit,1,2024
18000,No,No,Factory Worker,Homemaker,Diploma,Semi-Urban,59.1,OBC,1,2024
100000,No,Yes,Farmer,Homemaker,Diploma,Urban,70.5,NRI,0,2022
3000,Yes,No,Daily Wage Worker,Daily Wage Worker,HighSchool,Urban,44.2,Merit,1,2021
100000,Yes,Yes,Factory Worker,Teacher,Primary School,Urban,69.3,SC/ST,0,2024
60000,Yes,No,Farmer,Teacher,HighSchool,Urban,82.3,SC/ST,0,2021
75000,Yes,Yes,Engineer,Nurse,Graduate,Rural,53.5,NRI,0,2024
12000,No,No,Engineer,Shopkeeper,Diploma,Semi-Urban,74.2,Merit,0,2023
8000,Yes,No,Engineer,Homemaker,Diploma,Urban,74.7,OBC,0,2024
35000,Yes,No,Engineer,Shopkeeper,Postgraduate,Urban,88.1,Merit,0,2023
25000,Yes,No,Shopkeeper,Homemaker,Postgraduate,Semi-Urban,61.3,OBC,0,2022
25000,No,No,Doctor,Shopkeeper,Primary School,Urban,92.8,NRI,0,2022
75000,No,Yes,Driver,Homemaker,Graduate,Urban,67.7,Sports,0,2024
35000,Yes,No,Engineer,Homemaker,HighSchool,Semi-Urban,41.9,Sports,0,2021
12000,No,Yes,Engineer,Farmer,Graduate,Urban,44.5,Management,1,2021
18000,No,Yes,Teacher,Homemaker,HighSchool,Urban,93.7,Merit,0,2024
8000,No,No,Small Business,Factory Worker,Primary School,Urban,44.6,SC/ST,1,2023
8000,Yes,No,Shopkeeper,Government Job,Postgraduate,Rural,86.8,Management,0,2022
8000,No,No,Shopkeeper,Farmer,Diploma,Urban,98.2,Merit,0,2023
45000,Yes,No,Farmer,Daily Wage Worker,HighSchool,Urban,89.4,Merit,0,2024
35000,Yes,No,Farmer,Government Job,Postgraduate,Rural,63.9,Sports,1,2023
25000,No,Yes,Government Job,Factory Worker,HighSchool,Urban,53.7,Merit,0,2023
18000,No,Yes,Farmer,Homemaker,Primary School,Rural,49.5,Management,1,2024
35000,Yes,No,Daily Wage Worker,Government Job,Diploma,Urban,61.7,Merit,1,2024
45000,No,Yes,Driver,Homemaker,Graduate,Urban,68.9,Merit,0,2022
60000,No,Yes,Farmer,Teacher,Graduate,Rural,68.0,SC/ST,1,2021
25000,No,No,Government Job,Factory Worker,Diploma,Urban,76.5,Management,0,2021
45000,No,Yes,Shopkeeper,Shopkeeper,Diploma,Rural,86.7,SC/ST,1,2023
25000,Yes,Yes,Government Job,Teacher,Diploma,Urban,49.8,Merit,0,2024
18000,No,Yes,Daily Wage Worker,Nurse,HighSchool,Semi-Urban,59.6,Sports,1,2024
60000,Yes,Yes,Small Business,Teacher,Primary School,Semi-Urban,83.8,OBC,0,2022
18000,No,No,Small Business,Homemaker,Primary School,Urban,92.6,SC/ST,1,2021
18000,Yes,No,Doctor,Shopkeeper,Graduate,Rural,89.5,Merit,0,2024
12000,Yes,Yes,Engineer,Nurse,Graduate,Semi-Urban,97.2,Merit,0,2023
25000,No,No,Daily Wage Worker,Daily Wage Worker,Diploma,Urban,87.1,Management,1,2022
25000,Yes,No,Small Business,Daily Wage Worker,HighSchool,Rural,97.4,OBC,1,2022
35000,No,No,Engineer,Shopkeeper,Graduate,Rural,95.2,Sports,0,2021
18000,Yes,No,Doctor,Government Job,No Formal Education,Semi-Urban,78.6,Merit,0,2021
12000,Yes,No,Engineer,Factory Worker,Graduate,Rural,81.6,Merit,0,2022
60000,No,Yes,Shopkeeper,Teacher,Diploma,Semi-Urban,58.2,Merit,0,2024
12000,No,No,Engineer,Government Job,Diploma,Semi-Urban,93.0,Merit,0,2023
75000,Yes,No,Factory Worker,Shopkeeper,No Formal Education,Semi-Urban,81.3,Merit,0,2022
8000,Yes,No,Doctor,Factory Worker,Postgraduate,Rural,92.9,NRI,0,2023
25000,No,No,Engineer,Nurse,HighSchool,Rural,52.5,SC/ST,1,2022
25000,No,Yes,Daily Wage Worker,Nurse,Primary School,Rural,61.8,Merit,1,2021
60000,No,Yes,Teacher,Farmer,Diploma,Urban,45.0,Management,0,2024
8000,Yes,Yes,Driver,Farmer,Graduate,Rural,95.0,Merit,0,2022
75000,Yes,No,Driver,Shopkeeper,Graduate,Urban,87.8,Management,0,2021
25000,Yes,Yes,Factory Worker,Teacher,Diploma,Rural,85.0,NRI,1,2021
25000,Yes,No,Small Business,Daily Wage Worker,Diploma,Rural,65.8,Merit,0,2023
25000,Yes,Yes,Engineer,Shopkeeper,Diploma,Urban,40.6,Management,0,2021
3000,No,Yes,Factory Worker,Nurse,No Formal Education,Rural,97.2,Merit,1,2021
25000,Yes,No,Factory Worker,Teacher,HighSchool,Semi-Urban,62.7,OBC,0,2021
12000,No,No,Teacher,Government Job,Diploma,Rural,54.6,OBC,1,2024
12000,Yes,Yes,Daily Wage Worker,Government Job,Diploma,Urban,90.4,NRI,0,2022
35000,No,No,Factory Worker,Shopkeeper,Graduate,Rural,52.1,Management,1,2024
25000,Yes,Yes,Doctor,Farmer,Postgraduate,Rural,50.1,SC/ST,0,2022
5000,Yes,No,Daily Wage Worker,Government Job,Diploma,Semi-Urban,67.8,Management,1,2023
5000,Yes,No,Doctor,Shopkeeper,Graduate,Rural,67.1,OBC,0,2022
8000,No,Yes,Factory Worker,Government Job,Postgraduate,Urban,92.2,NRI,1,2023
8000,Yes,No,Shopkeeper,Teacher,HighSchool,Urban,98.8,Merit,0,2022
35000,No,No,Factory Worker,Nurse,Diploma,Urban,55.3,Management,1,2024
8000,No,No,Small Business,Shopkeeper,Graduate,Rural,51.8,SC/ST,1,2024
60000,Yes,No,Teacher,Shopkeeper,Graduate,Semi-Urban,67.6,Management,0,2023
8000,Yes,No,Teacher,Teacher,Postgraduate,Rural,66.1,Merit,0,2021
5000,No,Yes,Farmer,Farmer,Graduate,Rural,88.5,Management,1,2022
60000,Yes,No,Driver,Farmer,Postgraduate,Rural,45.7,OBC,1,2021
12000,No,Yes,Farmer,Nurse,Primary School,Semi-Urban,49.5,SC/ST,1,2021
18000,Yes,No,Factory Worker,Farmer,Graduate,Semi-Urban,52.1,Management,0,2021
75000,Yes,No,Factory Worker,Government Job,HighSchool,Urban,44.9,SC/ST,0,2024
75000,Yes,No,Shopkeeper,Nurse,No Formal Education,Semi-Urban,43.8,Merit,0,2023
35000,Yes,Yes,Teacher,Daily Wage Worker,Primary School,Rural,70.4,Management,1,2023
5000,Yes,No,Daily Wage Worker,Farmer,Graduate,Rural,92.5,Merit,1,2022
25000,Yes,No,Shopkeeper,Homemaker,HighSchool,Semi-Urban,88.5,Merit,0,2022
100000,No,No,Government Job,Shopkeeper,Primary School,Semi-Urban,51.4,Merit,0,2023
75000,No,No,Engineer,Daily Wage Worker,Graduate,Rural,48.5,Sports,0,2022
5000,Yes,Yes,Driver,Shopkeeper,Diploma,Semi-Urban,76.1,Merit,0,2021
18000,No,No,Small Business,Teacher,Diploma,Urban,59.4,SC/ST,1,2023
12000,Yes,No,Teacher,Factory Worker,Diploma,Rural,69.8,Sports,0,2023
8000,No,No,Factory Worker,Homemaker,Postgraduate,Urban,82.3,Management,1,2023
35000,Yes,Yes,Doctor,Farmer,Graduate,Urban,93.0,Management,0,2021
12000,No,Yes,Factory Worker,Nurse,Diploma,Urban,51.0,SC/ST,1,2024
12000,Yes,No,Factory Worker,Factory Worker,Graduate,Rural,44.1,Merit,1,2024
5000,Yes,Yes,Doctor,Teacher,Postgraduate,Rural,53.4,OBC,0,2021
25000,No,No,Daily Wage Worker,Nurse,HighSchool,Urban,72.7,Merit,1,2023
8000,Yes,No,Factory Worker,Homemaker,Primary School,Semi-Urban,45.3,OBC,1,2023
18000,No,Yes,Factory Worker,Nurse,Primary School,Rural,59.3,Merit,1,2023
8000,Yes,No,Government Job,Government Job,Graduate,Semi-Urban,58.0,Merit,0,2022
75000,Yes,Yes,Driver,Nurse,Postgraduate,Semi-Urban,46.5,OBC,0,2022
8000,No,No,Small Business,Farmer,No Formal Education,Rural,97.8,Management,1,2022
25000,No,Yes,Farmer,Government Job,Diploma,Rural,90.4,Merit,1,2024
8000,No,No,Farmer,Teacher,HighSchool,Urban,75.0,Merit,1,2024
5000,No,Yes,Doctor,Nurse,Diploma,Semi-Urban,92.2,NRI,0,2022
8000,Yes,No,Small Business,Factory Worker,Postgraduate,Rural,56.8,Management,1,2022
5000,No,Yes,Teacher,Teacher,Graduate,Urban,89.8,Merit,0,2023
8000,Yes,No,Teacher,Farmer,Postgraduate,Urban,80.0,NRI,0,2022
25000,Yes,No,Engineer,Government Job,Diploma,Semi-Urban,53.8,NRI,0,2023
35000,Yes,Yes,Small Business,Factory Worker,Graduate,Rural,79.8,Management,0,2022
5000,Yes,No,Shopkeeper,Nurse,Postgraduate,Urban,70.2,Merit,0,2023
18000,No,Yes,Driver,Nurse,Graduate,Urban,69.3,Merit,0,2023
25000,Yes,No,Government Job,Nurse,Postgraduate,Urban,94.9,SC/ST,0,2022
12000,Yes,Yes,Small Business,Farmer,HighSchool,Rural,63.0,Sports,1,2022
18000,Yes,Yes,Driver,Farmer,Primary School,Semi-Urban,94.2,Management,1,2024
5000,No,No,Teacher,Government Job,Primary School,Rural,88.9,Sports,1,2022
12000,No,Yes,Engineer,Nurse,Postgraduate,Urban,64.9,OBC,0,2021
18000,Yes,No,Doctor,Nurse,No Formal Education,Rural,85.8,Merit,0,2023
100000,Yes,Yes,Factory Worker,Shopkeeper,Graduate,Semi-Urban,46.8,Merit,0,2023
100000,No,Yes,Small Business,Daily Wage Worker,Diploma,Urban,69.6,Merit,0,2023
100000,Yes,Yes,Shopkeeper,Government Job,Graduate,Urban,43.7,Merit,0,2024
18000,No,Yes,Doctor,Daily Wage Worker,Graduate,Semi-Urban,51.6,OBC,1,2024
5000,Yes,Yes,Farmer,Daily Wage Worker,Diploma,Semi-Urban,61.1,Management,1,2022
12000,No,No,Shopkeeper,Factory Worker,Primary School,Urban,45.4,OBC,1,2022
12000,No,Yes,Shopkeeper,Nurse,Graduate,Semi-Urban,92.6,Merit,0,2021
3000,No,No,Shopkeeper,Shopkeeper,Postgraduate,Semi-Urban,91.7,NRI,0,2024
5000,No,No,Teacher,Government Job,No Formal Education,Urban,40.3,Merit,1,2023
18000,No,Yes,Small Business,Homemaker,HighSchool,Semi-Urban,45.9,Merit,1,2023
12000,No,No,Doctor,Teacher,Postgraduate,Semi-Urban,95.5,Merit,0,2024
8000,No,No,Doctor,Daily Wage Worker,Primary School,Rural,40.2,Merit,1,2021
35000,Yes,Yes,Doctor,Shopkeeper,No Formal Education,Rural,96.4,Merit,1,2024
18000,Yes,No,Farmer,Government Job,Postgraduate,Semi-Urban,73.8,NRI,0,2023
60000,Yes,No,Government Job,Factory Worker,Graduate,Rural,72.7,Management,0,2022
12000,No,No,Engineer,Farmer,HighSchool,Rural,42.1,SC/ST,1,2022
25000,No,No,Doctor,Shopkeeper,Postgraduate,Semi-Urban,61.4,Merit,0,2024
8000,Yes,No,Government Job,Factory Worker,Graduate,Semi-Urban,89.4,OBC,0,2024
25000,Yes,No,Factory Worker,Teacher,Primary School,Rural,59.1,Merit,1,2021
8000,Yes,Yes,Shopkeeper,Homemaker,Diploma,Semi-Urban,93.4,Management,1,2022
8000,Yes,No,Engineer,Shopkeeper,Postgraduate,Rural,70.4,OBC,1,2023
35000,Yes,Yes,Teacher,Homemaker,Graduate,Rural,89.5,Sports,0,2021
12000,Yes,Yes,Farmer,Factory Worker,Graduate,Rural,86.2,NRI,1,2022
8000,No,No,Farmer,Homemaker,Diploma,Urban,67.3,Merit,1,2023
75000,Yes,Yes,Daily Wage Worker,Farmer,HighSchool,Semi-Urban,89.3,Merit,0,2022
5000,Yes,No,Shopkeeper,Nurse,Graduate,Urban,90.9,OBC,0,2022
25000,Yes,Yes,Government Job,Daily Wage Worker,Primary School,Urban,96.7,Management,0,2021
25000,No,Yes,Teacher,Shopkeeper,Graduate,Urban,44.5,Management,0,2023
12000,No,Yes,Teacher,Shopkeeper,HighSchool,Rural,87.7,OBC,1,2021
18000,No,No,Farmer,Nurse,Primary School,Semi-Urban,79.3,Management,1,2022
5000,No,No,Farmer,Government Job,Primary School,Semi-Urban,81.3,SC/ST,1,2024
45000,Yes,No,Factory Worker,Shopkeeper,Graduate,Semi-Urban,94.7,OBC,0,2022
12000,Yes,Yes,Factory Worker,Government Job,Diploma,Urban,42.3,Merit,1,2024
8000,No,No,Doctor,Homemaker,Diploma,Semi-Urban,84.6,Sports,1,2023
12000,Yes,No,Government Job,Nurse,Diploma,Rural,62.1,SC/ST,1,2021
75000,No,No,Engineer,Teacher,Graduate,Urban,75.6,SC/ST,0,2023
45000,Yes,No,Factory Worker,Teacher,Postgraduate,Rural,53.9,Merit,0,2022
75000,No,No,Farmer,Teacher,HighSchool,Rural,57.2,Merit,1,2024
35000,No,No,Daily Wage Worker,Shopkeeper,HighSchool,Semi-Urban,76.4,NRI,1,2024
35000,Yes,No,Small Business,Nurse,Postgraduate,Rural,61.7,Management,0,2023
25000,Yes,No,Farmer,Farmer,Diploma,Urban,57.6,Merit,0,2024
75000,Yes,No,Farmer,Shopkeeper,Graduate,Semi-Urban,42.1,SC/ST,1,2023
25000,No,No,Engineer,Government Job,Primary School,Urban,49.0,OBC,1,2021
18000,Yes,No,Driver,Factory Worker,Postgraduate,Semi-Urban,75.9,Merit,0,2024
35000,No,Yes,Teacher,Government Job,Postgraduate,Semi-Urban,63.9,Management,0,2023
25000,No,No,Small Business,Daily Wage Worker,Diploma,Semi-Urban,41.7,Management,1,2021
8000,Yes,No,Engineer,Farmer,No Formal Education,Urban,60.7,OBC,0,2021
18000,Yes,No,Engineer,Factory Worker,No Formal Education,Rural,61.6,Merit,0,2024
12000,Yes,No,Government Job,Teacher,HighSchool,Rural,53.5,Management,1,2022
60000,No,Yes,Shopkeeper,Daily Wage Worker,Diploma,Rural,49.8,SC/ST,1,2022
18000,Yes,Yes,Shopkeeper,Teacher,Diploma,Semi-Urban,40.6,Management,1,2023
60000,No,No,Shopkeeper,Teacher,Graduate,Urban,77.1,Merit,0,2024
18000,Yes,No,Engineer,Daily Wage Worker,HighSchool,Semi-Urban,85.3,SC/ST,0,2023
45000,Yes,No,Factory Worker,Homemaker,HighSchool,Semi-Urban,53.7,OBC,1,2023
8000,Yes,Yes,Factory Worker,Daily Wage Worker,Postgraduate,Rural,59.2,Merit,1,2021
75000,Yes,No,Factory Worker,Teacher,HighSchool,Semi-Urban,93.1,SC/ST,0,2024
25000,Yes,Yes,Farmer,Daily Wage Worker,Postgraduate,Urban,97.0,Management,0,2021
12000,No,No,Shopkeeper,Daily Wage Worker,Graduate,Rural,73.4,Merit,1,2022
12000,Yes,Yes,Shopkeeper,Factory Worker,Primary School,Urban,63.6,Merit,0,2023
12000,Yes,No,Factory Worker,Daily Wage Worker,Graduate,Rural,98.2,Merit,0,2024
18000,No,No,Doctor,Farmer,Postgraduate,Rural,43.4,OBC,1,2023
35000,No,No,Engineer,Shopkeeper,Graduate,Urban,57.4,SC/ST,0,2024
75000,No,No,Small Business,Government Job,HighSchool,Semi-Urban,71.0,Merit,0,2021
35000,Yes,Yes,Daily Wage Worker,Farmer,Primary School,Semi-Urban,54.6,Management,1,2022
25000,Yes,No,Shopkeeper,Homemaker,Diploma,Urban,94.5,SC/ST,0,2023
18000,Yes,No,Small Business,Nurse,Primary School,Urban,71.0,Merit,0,2023
60000,No,Yes,Government Job,Government Job,HighSchool,Urban,92.5,SC/ST,0,2021
60000,No,No,Engineer,Farmer,Postgraduate,Urban,59.5,SC/ST,0,2021
12000,No,No,Teacher,Factory Worker,Graduate,Semi-Urban,49.8,OBC,1,2022
75000,No,No,Small Business,Nurse,Graduate,Semi-Urban,94.0,Merit,0,2023
18000,No,No,Small Business,Homemaker,Diploma,Rural,68.2,OBC,1,2023
45000,No,Yes,Government Job,Factory Worker,HighSchool,Rural,86.8,Merit,1,2024
100000,No,No,Government Job,Farmer,Primary School,Urban,58.6,SC/ST,0,2023
35000,No,Yes,Daily Wage Worker,Homemaker,Graduate,Rural,46.5,Merit,1,2023
8000,Yes,No,Government Job,Daily Wage Worker,Diploma,Urban,77.4,OBC,0,2022
25000,No,No,Doctor,Factory Worker,Diploma,Rural,55.5,Merit,0,2023
8000,No,Yes,Engineer,Farmer,HighSchool,Rural,94.1,Merit,0,2023
45000,Yes,Yes,Government Job,Government Job,HighSchool,Rural,57.3,Sports,1,2024
12000,Yes,No,Shopkeeper,Factory Worker,Primary School,Rural,56.9,Merit,0,2021
35000,Yes,No,Small Business,Government Job,HighSchool,Rural,84.5,OBC,0,2023
75000,Yes,No,Driver,Farmer,Postgraduate,Rural,62.3,OBC,0,2022
8000,Yes,Yes,Teacher,Shopkeeper,Graduate,Urban,48.4,Merit,0,2022
18000,Yes,No,Teacher,Nurse,Postgraduate,Semi-Urban,54.1,Merit,0,2021
35000,Yes,No,Small Business,Homemaker,Postgraduate,Rural,79.1,Management,0,2023
18000,No,No,Shopkeeper,Factory Worker,Graduate,Rural,47.3,Merit,1,2022
8000,Yes,Yes,Engineer,Daily Wage Worker,HighSchool,Rural,81.1,OBC,1,2024
3000,No,No,Doctor,Daily Wage Worker,Diploma,Urban,95.9,Merit,0,2022
18000,No,Yes,Small Business,Government Job,No Formal Education,Urban,48.1,Merit,1,2023
35000,No,Yes,Engineer,Farmer,Graduate,Rural,56.4,Management,1,2022
25000,No,No,Teacher,Farmer,Graduate,Rural,60.1,Merit,0,2022
8000,No,No,Shopkeeper,Nurse,Diploma,Rural,74.6,Merit,1,2023
18000,Yes,No,Driver,Farmer,HighSchool,Urban,78.2,SC/ST,0,2024
18000,No,No,Farmer,Nurse,HighSchool,Rural,96.9,OBC,1,2023
12000,No,Yes,Daily Wage Worker,Daily Wage Worker,Primary School,Semi-Urban,98.0,Management,1,2024
45000,No,No,Shopkeeper,Farmer,HighSchool,Rural,58.9,Merit,1,2022
12000,No,No,Driver,Teacher,Postgraduate,Urban,52.2,NRI,1,2021
25000,Yes,No,Farmer,Shopkeeper,Primary School,Semi-Urban,54.7,Merit,1,2021
75000,No,Yes,Driver,Shopkeeper,Postgraduate,Rural,76.0,Merit,0,2022
25000,No,No,Factory Worker,Government Job,Diploma,Rural,55.8,SC/ST,1,2024
35000,No,Yes,Shopkeeper,Teacher,Diploma,Urban,88.1,Management,1,2021
5000,No,No,Farmer,Teacher,Primary School,Urban,67.3,OBC,1,2023
8000,No,No,Driver,Teacher,Primary School,Semi-Urban,40.6,SC/ST,1,2024
5000,No,No,Government Job,Factory Worker,Diploma,Rural,86.4,Merit,0,2023
45000,Yes,Yes,Doctor,Government Job,Graduate,Semi-Urban,64.9,Merit,0,2023
60000,Yes,Yes,Small Business,Government Job,Diploma,Rural,98.6,Merit,0,2023
8000,Yes,No,Daily Wage Worker,Nurse,HighSchool,Semi-Urban,85.0,Management,1,2022
12000,No,No,Teacher,Daily Wage Worker,No Formal Education,Urban,73.0,SC/ST,1,2023
12000,No,Yes,Daily Wage Worker,Daily Wage Worker,HighSchool,Rural,47.2,SC/ST,1,2022
25000,Yes,Yes,Engineer,Daily Wage Worker,Graduate,Urban,70.8,Merit,0,2024
35000,No,No,Farmer,Homemaker,Graduate,Urban,76.2,Merit,0,2023
35000,Yes,Yes,Shopkeeper,Government Job,Primary School,Urban,90.4,Merit,0,2022
75000,No,Yes,Engineer,Homemaker,Graduate,Rural,87.9,Management,0,2024
12000,No,No,Farmer,Government Job,Primary School,Urban,95.2,Merit,1,2022
35000,No,No,Shopkeeper,Shopkeeper,Graduate,Rural,81.9,Merit,0,2022
25000,Yes,No,Teacher,Teacher,Diploma,Rural,68.3,OBC,1,2021
12000,Yes,No,Farmer,Teacher,Graduate,Semi-Urban,64.3,Management,0,2024
75000,Yes,Yes,Government Job,Shopkeeper,Primary School,Rural,68.1,Merit,0,2023
5000,No,No,Doctor,Shopkeeper,Graduate,Rural,57.8,Merit,0,2023
35000,Yes,No,Factory Worker,Farmer,Graduate,Urban,48.3,Management,0,2024
45000,No,No,Shopkeeper,Factory Worker,HighSchool,Rural,55.1,Merit,0,2023
75000,No,Yes,Driver,Daily Wage Worker,Primary School,Semi-Urban,80.9,Sports,1,2024
25000,Yes,No,Daily Wage Worker,Teacher,Graduate,Urban,44.7,OBC,1,2021
12000,Yes,No,Engineer,Shopkeeper,Diploma,Rural,63.1,Management,1,2022
60000,No,No,Daily Wage Worker,Daily Wage Worker,Graduate,Urban,50.4,Merit,0,2021
45000,No,Yes,Government Job,Nurse,No Formal Education,Urban,80.6,OBC,1,2022
25000,No,No,Small Business,Homemaker,HighSchool,Rural,59.8,Merit,1,2023
45000,No,No,Small Business,Teacher,Graduate,Semi-Urban,70.9,Merit,0,2023
12000,No,Yes,Small Business,Factory Worker,HighSchool,Rural,89.3,Merit,1,2021
25000,Yes,No,Engineer,Nurse,Primary School,Urban,71.2,Merit,0,2023
60000,No,Yes,Engineer,Shopkeeper,HighSchool,Rural,57.6,Management,1,2023
12000,Yes,No,Shopkeeper,Homemaker,Graduate,Semi-Urban,75.2,Merit,0,2022
25000,No,Yes,Engineer,Farmer,HighSchool,Semi-Urban,97.5,OBC,0,2023
75000,No,No,Daily Wage Worker,Government Job,Diploma,Semi-Urban,73.6,Merit,0,2024
45000,No,No,Doctor,Farmer,Graduate,Semi-Urban,60.3,OBC,0,2023
60000,No,No,Government Job,Farmer,HighSchool,Rural,85.4,Merit,0,2021
18000,No,Yes,Farmer,Factory Worker,Primary School,Urban,76.6,Merit,1,2023
100000,Yes,Yes,Teacher,Homemaker,HighSchool,Urban,97.1,Sports,0,2022
8000,Yes,No,Teacher,Farmer,Primary School,Semi-Urban,49.3,Sports,1,2021
25000,No,No,Government Job,Nurse,Postgraduate,Urban,98.3,Merit,0,2024
18000,Yes,No,Small Business,Teacher,Graduate,Rural,81.2,Sports,0,2024
45000,Yes,No,Engineer,Farmer,Graduate,Rural,76.2,Sports,0,2024
75000,No,No,Engineer,Shopkeeper,Graduate,Rural,84.9,Merit,0,2024
45000,Yes,Yes,Shopkeeper,Nurse,No Formal Education,Rural,48.9,Merit,0,2024
35000,Yes,No,Daily Wage Worker,Factory Worker,Graduate,Rural,55.1,Management,1,2021
18000,Yes,Yes,Farmer,Shopkeeper,Diploma,Rural,47.0,Management,1,2024
25000,Yes,No,Factory Worker,Nurse,Graduate,Semi-Urban,69.1,Management,0,2023
25000,Yes,Yes,Shopkeeper,Farmer,Postgraduate,Semi-Urban,70.3,Merit,0,2022
3000,No,No,Teacher,Farmer,HighSchool,Semi-Urban,93.2,OBC,1,2021
25000,Yes,No,Government Job,Nurse,Graduate,Urban,66.1,Merit,0,2021
60000,Yes,Yes,Small Business,Factory Worker,HighSchool,Semi-Urban,82.4,SC/ST,0,2021
35000,No,No,Driver,Factory Worker,Postgraduate,Semi-Urban,63.8,Sports,0,2022
45000,Yes,Yes,Teacher,Shopkeeper,HighSchool,Rural,87.1,Merit,0,2021
18000,No,Yes,Engineer,Homemaker,HighSchool,Urban,46.9,OBC,1,2022
25000,No,Yes,Engineer,Nurse,Postgraduate,Semi-Urban,46.1,Merit,0,2024
3000,Yes,Yes,Farmer,Teacher,Primary School,Rural,59.0,Merit,1,2022
18000,Yes,No,Driver,Shopkeeper,Diploma,Rural,98.7,SC/ST,0,2023
18000,Yes,No,Daily Wage Worker,Government Job,Graduate,Rural,71.5,SC/ST,1,2023
12000,Yes,Yes,Shopkeeper,Teacher,Graduate,Semi-Urban,78.4,SC/ST,1,2023
3000,No,No,Farmer,Factory Worker,Primary School,Rural,45.8,Merit,1,2022
35000,Yes,No,Farmer,Daily Wage Worker,No Formal Education,Urban,63.0,Merit,0,2021
18000,Yes,No,Daily Wage Worker,Daily Wage Worker,Diploma,Rural,94.9,Merit,1,2021
18000,Yes,Yes,Engineer,Nurse,Diploma,Urban,73.6,OBC,0,2021
12000,No,No,Daily Wage Worker,Nurse,Postgraduate,Rural,43.4,Sports,1,2021
25000,No,No,Small Business,Factory Worker,Graduate,Rural,90.2,Management,1,2021
18000,Yes,Yes,Factory Worker,Homemaker,Graduate,Urban,46.3,SC/ST,1,2021
18000,No,Yes,Factory Worker,Factory Worker,HighSchool,Rural,76.5,Merit,1,2022
25000,No,No,Government Job,Farmer,Postgraduate,Urban,49.0,SC/ST,1,2021
3000,Yes,No,Daily Wage Worker,Daily Wage Worker,HighSchool,Rural,91.5,Merit,1,2024
75000,Yes,Yes,Farmer,Farmer,Postgraduate,Semi-Urban,97.4,Merit,0,2023
5000,Yes,No,Doctor,Farmer,Postgraduate,Urban,55.3,Merit,0,2021
18000,Yes,Yes,Engineer,Homemaker,Postgraduate,Rural,90.0,OBC,0,2021
8000,Yes,Yes,Driver,Homemaker,HighSchool,Rural,93.5,Merit,1,2021
25000,No,No,Engineer,Nurse,Primary School,Rural,84.8,OBC,0,2021
12000,Yes,No,Government Job,Shopkeeper,Graduate,Rural,85.8,Management,0,2021
60000,Yes,No,Teacher,Farmer,Diploma,Semi-Urban,81.4,Merit,0,2021
18000,Yes,No,Driver,Factory Worker,Diploma,Urban,44.1,Merit,0,2024
35000,No,No,Driver,Homemaker,Diploma,Rural,61.0,Merit,1,2023
12000,No,No,Farmer,Factory Worker,Graduate,Semi-Urban,58.1,NRI,1,2021
3000,Yes,Yes,Engineer,Farmer,HighSchool,Urban,52.3,Merit,0,2021
18000,Yes,Yes,Shopkeeper,Shopkeeper,HighSchool,Urban,67.1,Merit,0,2021
25000,No,No,Driver,Teacher,Graduate,Urban,55.4,Sports,1,2024
18000,Yes,No,Factory Worker,Nurse,Primary School,Urban,71.0,OBC,1,2023
100000,Yes,No,Farmer,Shopkeeper,Graduate,Rural,68.4,Merit,0,2022
35000,No,No,Government Job,Government Job,Graduate,Rural,40.5,SC/ST,1,2023
100000,Yes,No,Driver,Homemaker,Postgraduate,Urban,47.7,Management,0,2022
12000,Yes,No,Farmer,Nurse,Graduate,Rural,74.6,Merit,1,2022
45000,No,No,Factory Worker,Teacher,Diploma,Rural,97.8,Sports,1,2022
25000,No,No,Doctor,Daily Wage Worker,Postgraduate,Urban,74.0,Sports,0,2024
35000,No,No,Factory Worker,Government Job,Diploma,Semi-Urban,94.9,OBC,1,2024
100000,Yes,Yes,Teacher,Homemaker,Graduate,Semi-Urban,98.5,SC/ST,0,2023
35000,No,Yes,Daily Wage Worker,Government Job,Primary School,Semi-Urban,80.4,OBC,1,2024
60000,No,Yes,Farmer,Farmer,Graduate,Rural,74.8,Management,1,2021
45000,No,Yes,Government Job,Nurse,Primary School,Rural,74.2,Merit,1,2023
8000,Yes,No,Shopkeeper,Homemaker,No Formal Education,Urban,51.9,NRI,0,2022
35000,Yes,No,Shopkeeper,Teacher,Diploma,Rural,49.8,NRI,0,2021
25000,No,Yes,Factory Worker,Nurse,Primary School,Semi-Urban,57.6,Merit,1,2024
75000,Yes,No,Small Business,Factory Worker,HighSchool,Rural,59.5,SC/ST,0,2024
45000,No,No,Shopkeeper,Government Job,Graduate,Rural,56.4,Merit,0,2021
5000,No,Yes,Factory Worker,Factory Worker,Diploma,Rural,51.3,SC/ST,1,2023
8000,No,Yes,Small Business,Homemaker,Graduate,Rural,84.5,Merit,1,2024
5000,Yes,Yes,Factory Worker,Factory Worker,Graduate,Semi-Urban,62.0,Merit,1,2023
25000,Yes,No,Engineer,Daily Wage Worker,Diploma,Rural,74.3,Sports,0,2023
5000,No,Yes,Engineer,Nurse,Postgraduate,Semi-Urban,63.5,Sports,0,2022
45000,Yes,No,Small Business,Homemaker,HighSchool,Semi-Urban,65.9,SC/ST,1,2022
25000,Yes,No,Teacher,Factory Worker,Primary School,Rural,65.1,Merit,0,2024
60000,Yes,Yes,Small Business,Daily Wage Worker,HighSchool,Rural,74.0,Merit,0,2021
12000,Yes,No,Shopkeeper,Teacher,Graduate,Rural,53.7,Merit,0,2021
25000,Yes,Yes,Farmer,Nurse,Primary School,Rural,98.0,SC/ST,1,2022
8000,No,Yes,Small Business,Homemaker,Diploma,Rural,75.5,SC/ST,1,2022
60000,No,Yes,Farmer,Shopkeeper,Graduate,Rural,81.0,Merit,1,2021
8000,Yes,No,Small Business,Teacher,Graduate,Semi-Urban,60.4,Merit,0,2023
5000,Yes,No,Teacher,Government Job,Postgraduate,Rural,90.8,SC/ST,0,2023
8000,No,Yes,Shopkeeper,Teacher,HighSchool,Rural,61.7,Management,1,2024
45000,Yes,No,Farmer,Farmer,HighSchool,Semi-Urban,89.2,Management,0,2022
5000,Yes,No,Small Business,Government Job,Graduate,Rural,53.4,OBC,1,2022
35000,Yes,No,Farmer,Farmer,Postgraduate,Semi-Urban,89.3,OBC,0,2024
45000,Yes,No,Driver,Homemaker,HighSchool,Urban,96.1,Management,0,2022
45000,No,Yes,Doctor,Nurse,Graduate,Urban,52.0,OBC,0,2021
8000,Yes,No,Government Job,Government Job,HighSchool,Rural,42.0,OBC,1,2023
5000,Yes,Yes,Factory Worker,Shopkeeper,HighSchool,Semi-Urban,88.6,Management,1,2022
18000,No,No,Daily Wage Worker,Farmer,HighSchool,Urban,74.4,Management,1,2023
8000,No,No,Factory Worker,Nurse,Graduate,Urban,54.4,Merit,1,2023
35000,Yes,No,Daily Wage Worker,Teacher,Graduate,Semi-Urban,71.6,SC/ST,1,2024
18000,No,Yes,Doctor,Daily Wage Worker,Diploma,Semi-Urban,98.1,Merit,0,2024
18000,No,No,Daily Wage Worker,Factory Worker,Graduate,Urban,95.6,OBC,1,2024
8000,No,No,Small Business,Teacher,Diploma,Rural,58.1,Management,1,2021
25000,No,No,Teacher,Homemaker,HighSchool,Semi-Urban,80.6,Merit,0,2024
8000,No,No,Doctor,Teacher,Postgraduate,Rural,70.1,SC/ST,1,2024
35000,Yes,No,Engineer,Homemaker,No Formal Education,Semi-Urban,56.9,Merit,0,2021
5000,Yes,No,Teacher,Nurse,Postgraduate,Rural,48.4,Merit,0,2024
100000,Yes,No,Driver,Factory Worker,Graduate,Urban,47.5,OBC,0,2022
35000,No,Yes,Small Business,Government Job,Graduate,Rural,41.4,Management,1,2022
8000,No,No,Shopkeeper,Shopkeeper,Graduate,Semi-Urban,77.7,Merit,0,2023
3000,No,Yes,Farmer,Factory Worker,Graduate,Urban,56.0,OBC,1,2022
12000,Yes,Yes,Shopkeeper,Factory Worker,No Formal Education,Rural,74.5,OBC,1,2022
8000,Yes,Yes,Shopkeeper,Homemaker,Graduate,Rural,84.6,Merit,0,2022
12000,No,Yes,Engineer,Homemaker,HighSchool,Semi-Urban,40.3,Merit,0,2022
60000,Yes,No,Daily Wage Worker,Government Job,Graduate,Semi-Urban,66.2,Management,1,2022
35000,No,No,Engineer,Teacher,Graduate,Rural,56.0,Merit,0,2023
8000,No,No,Small Business,Daily Wage Worker,HighSchool,Urban,76.2,Management,1,2024
25000,Yes,No,Doctor,Daily Wage Worker,Primary School,Semi-Urban,48.5,Merit,0,2021
12000,No,Yes,Small Business,Farmer,Graduate,Rural,73.7,Sports,1,2023
100000,Yes,No,Daily Wage Worker,Daily Wage Worker,Postgraduate,Semi-Urban,74.6,Management,0,2022
3000,No,No,Driver,Government Job,Graduate,Rural,77.7,Sports,1,2024
45000,Yes,No,Driver,Homemaker,Diploma,Rural,46.0,Merit,0,2021
45000,No,Yes,Doctor,Shopkeeper,Postgraduate,Urban,97.8,Management,0,2022
5000,No,No,Driver,Nurse,Graduate,Semi-Urban,65.8,Management,1,2022
8000,No,No,Shopkeeper,Shopkeeper,Graduate,Rural,67.1,Merit,1,2023
18000,Yes,No,Shopkeeper,Teacher,Diploma,Rural,82.4,Merit,0,2021
60000,Yes,Yes,Driver,Homemaker,Diploma,Semi-Urban,94.5,SC/ST,0,2023
25000,Yes,Yes,Daily Wage Worker,Government Job,HighSchool,Semi-Urban,80.4,Merit,1,2024
35000,No,No,Factory Worker,Farmer,Graduate,Rural,79.3,SC/ST,1,2022
45000,No,Yes,Shopkeeper,Homemaker,HighSchool,Rural,81.0,Merit,1,2022
60000,No,No,Farmer,Farmer,Graduate,Urban,80.1,NRI,0,2024
18000,Yes,No,Daily Wage Worker,Factory Worker,Postgraduate,Rural,71.9,Merit,1,2022
25000,No,No,Government Job,Shopkeeper,Diploma,Rural,70.4,SC/ST,1,2023
35000,No,No,Driver,Farmer,Primary School,Urban,68.1,NRI,1,2021
12000,Yes,Yes,Driver,Teacher,No Formal Education,Semi-Urban,85.0,Merit,0,2023
60000,Yes,No,Doctor,Shopkeeper,Graduate,Rural,67.6,OBC,0,2024
3000,No,Yes,Shopkeeper,Nurse,HighSchool,Rural,48.1,OBC,1,2021
8000,No,No,Farmer,Nurse,No Formal Education,Semi-Urban,68.8,OBC,1,2024
45000,No,No,Driver,Nurse,HighSchool,Semi-Urban,77.6,Merit,1,2024
12000,Yes,No,Driver,Daily Wage Worker,Graduate,Rural,73.3,SC/ST,1,2021
8000,No,Yes,Shopkeeper,Factory Worker,Diploma,Urban,76.4,SC/ST,1,2023
8000,Yes,No,Small Business,Nurse,HighSchool,Rural,62.5,OBC,1,2023
25000,No,No,Teacher,Homemaker,Graduate,Rural,50.3,SC/ST,1,2021
60000,Yes,No,Small Business,Nurse,Diploma,Semi-Urban,82.5,Merit,0,2021
5000,Yes,No,Engineer,Factory Worker,Diploma,Urban,42.2,Merit,0,2022
3000,No,No,Shopkeeper,Homemaker,Postgraduate,Semi-Urban,55.0,Merit,0,2023
18000,No,Yes,Doctor,Factory Worker,Primary School,Rural,95.0,Merit,0,2022
75000,No,No,Factory Worker,Teacher,Diploma,Semi-Urban,61.7,Merit,1,2021
12000,Yes,No,Engineer,Teacher,HighSchool,Rural,59.7,OBC,0,2024
75000,No,Yes,Daily Wage Worker,Government Job,HighSchool,Rural,47.4,OBC,1,2024
60000,Yes,Yes,Farmer,Nurse,Graduate,Semi-Urban,54.8,SC/ST,1,2024
12000,No,Yes,Teacher,Homemaker,Graduate,Semi-Urban,60.0,Merit,0,2024
45000,No,No,Government Job,Teacher,Graduate,Urban,56.5,SC/ST,0,2023
35000,Yes,Yes,Government Job,Farmer,Postgraduate,Urban,54.7,OBC,0,2022
25000,Yes,No,Daily Wage Worker,Daily Wage Worker,Graduate,Semi-Urban,94.9,NRI,1,2024
18000,Yes,No,Driver,Teacher,HighSchool,Urban,73.1,NRI,0,2024
45000,Yes,No,Daily Wage Worker,Nurse,Graduate,Rural,42.9,Merit,1,2023
45000,Yes,No,Doctor,Teacher,Graduate,Urban,94.9,Merit,0,2021
45000,No,No,Government Job,Homemaker,Graduate,Rural,87.7,SC/ST,1,2021
100000,Yes,Yes,Shopkeeper,Shopkeeper,Diploma,Semi-Urban,45.9,OBC,0,2024
18000,Yes,No,Teacher,Homemaker,Postgraduate,Rural,53.9,SC/ST,0,2021
45000,Yes,No,Daily Wage Worker,Government Job,Diploma,Semi-Urban,51.3,Merit,0,2022
60000,Yes,No,Teacher,Nurse,Graduate,Semi-Urban,80.7,SC/ST,0,2022
12000,No,No,Farmer,Nurse,Diploma,Rural,75.5,Merit,1,2024
5000,Yes,Yes,Doctor,Factory Worker,Graduate,Urban,85.2,Merit,0,2021
18000,Yes,Yes,Small Business,Farmer,Diploma,Urban,69.9,Merit,0,2022
60000,No,Yes,Factory Worker,Homemaker,No Formal Education,Semi-Urban,57.8,SC/ST,1,2024
12000,Yes,Yes,Engineer,Government Job,Diploma,Rural,54.3,OBC,0,2022
35000,No,No,Engineer,Homemaker,Diploma,Urban,79.2,Merit,0,2021
3000,No,No,Driver,Farmer,Primary School,Rural,62.1,Merit,1,2022
18000,No,No,Engineer,Homemaker,Graduate,Rural,63.6,Merit,0,2021
35000,Yes,Yes,Small Business,Farmer,Postgraduate,Rural,52.4,OBC,0,2024
8000,Yes,No,Doctor,Homemaker,Postgraduate,Semi-Urban,86.4,Management,0,2024
60000,No,No,Driver,Homemaker,HighSchool,Rural,75.9,Merit,1,2024
8000,No,No,Daily Wage Worker,Factory Worker,Diploma,Rural,53.1,Management,1,2021
75000,Yes,No,Small Business,Daily Wage Worker,Postgraduate,Semi-Urban,64.6,NRI,0,2022
12000,No,Yes,Doctor,Government Job,Postgraduate,Urban,81.6,Merit,0,2021
100000,No,Yes,Small Business,Shopkeeper,No Formal Education,Urban,80.8,Merit,0,2022
35000,No,No,Factory Worker,Nurse,Primary School,Urban,66.6,Merit,1,2023
5000,Yes,No,Daily Wage Worker,Factory Worker,No Formal Education,Rural,78.6,Merit,1,2022
5000,No,No,Small Business,Government Job,Diploma,Urban,76.7,SC/ST,1,2021
5000,Yes,No,Doctor,Shopkeeper,Graduate,Semi-Urban,45.0,Management,0,2021
25000,Yes,No,Driver,Factory Worker,Primary School,Rural,74.4,SC/ST,1,2022
45000,No,No,Government Job,Homemaker,Graduate,Rural,42.9,Merit,0,2024
18000,Yes,No,Small Business,Government Job,HighSchool,Rural,87.1,SC/ST,1,2022
18000,No,Yes,Shopkeeper,Teacher,No Formal Education,Semi-Urban,88.8,Management,1,2023
25000,No,Yes,Doctor,Factory Worker,Graduate,Urban,43.1,SC/ST,1,2024
25000,No,No,Small Business,Shopkeeper,Graduate,Semi-Urban,59.5,SC/ST,1,2021
35000,Yes,Yes,Driver,Nurse,HighSchool,Rural,86.2,Management,1,2021
18000,Yes,Yes,Daily Wage Worker,Daily Wage Worker,HighSchool,Urban,79.1,OBC,1,2023
35000,Yes,No,Factory Worker,Factory Worker,HighSchool,Urban,62.8,Management,1,2021
100000,Yes,No,Shopkeeper,Homemaker,Postgraduate,Semi-Urban,55.4,Management,0,2022
18000,No,No,Doctor,Government Job,Postgraduate,Semi-Urban,57.4,Merit,0,2024
3000,Yes,No,Shopkeeper,Nurse,Diploma,Urban,47.2,Merit,0,2024
8000,No,No,Teacher,Factory Worker,Postgraduate,Rural,98.9,OBC,0,2022
25000,No,No,Doctor,Teacher,Graduate,Semi-Urban,79.9,Merit,0,2021
12000,Yes,Yes,Farmer,Teacher,Primary School,Urban,72.4,Management,1,2023
75000,No,Yes,Farmer,Homemaker,Diploma,Urban,98.1,Merit,0,2022
35000,No,No,Teacher,Nurse,Postgraduate,Rural,61.9,SC/ST,1,2021
25000,No,Yes,Teacher,Daily Wage Worker,Graduate,Urban,91.4,Sports,0,2024
45000,No,Yes,Teacher,Shopkeeper,Postgraduate,Rural,92.6,NRI,0,2024
12000,Yes,No,Small Business,Homemaker,Diploma,Semi-Urban,47.1,Management,1,2021
45000,No,No,Daily Wage Worker,Government Job,Postgraduate,Semi-Urban,98.5,Management,1,2023
3000,Yes,Yes,Daily Wage Worker,Government Job,Graduate,Rural,84.2,OBC,1,2022
35000,No,Yes,Farmer,Shopkeeper,Graduate,Rural,60.3,SC/ST,1,2023
75000,Yes,Yes,Small Business,Teacher,Postgraduate,Semi-Urban,63.8,Management,0,2021
45000,Yes,No,Shopkeeper,Daily Wage Worker,HighSchool,Rural,44.2,SC/ST,1,2023
60000,Yes,Yes,Factory Worker,Farmer,Graduate,Semi-Urban,86.3,Management,0,2021
18000,No,No,Farmer,Factory Worker,HighSchool,Urban,58.0,Merit,1,2022
60000,Yes,No,Government Job,Teacher,Postgraduate,Semi-Urban,60.2,Management,0,2022
25000,Yes,No,Driver,Government Job,Graduate,Urban,70.5,Sports,0,2022
35000,Yes,Yes,Engineer,Homemaker,HighSchool,Urban,69.8,Merit,0,2022
5000,No,No,Small Business,Daily Wage Worker,Diploma,Urban,52.2,Management,1,2022
8000,No,No,Government Job,Teacher,HighSchool,Semi-Urban,40.7,OBC,1,2021
25000,Yes,Yes,Government Job,Nurse,Diploma,Rural,82.1,Merit,0,2024
5000,No,No,Doctor,Nurse,Primary School,Semi-Urban,65.8,NRI,1,2024
45000,No,Yes,Doctor,Nurse,Postgraduate,Urban,82.4,OBC,0,2021
60000,Yes,No,Doctor,Homemaker,Graduate,Urban,62.9,Merit,0,2023
75000,No,No,Teacher,Homemaker,Postgraduate,Urban,61.9,Merit,0,2022
5000,No,No,Small Business,Teacher,HighSchool,Urban,93.5,Management,0,2024
75000,Yes,Yes,Engineer,Teacher,Diploma,Semi-Urban,55.8,OBC,0,2024
5000,No,Yes,Driver,Shopkeeper,Postgraduate,Semi-Urban,62.6,Merit,1,2023
18000,No,No,Government Job,Shopkeeper,Graduate,Rural,60.9,Merit,1,2021
60000,No,Yes,Shopkeeper,Daily Wage Worker,Primary School,Semi-Urban,51.5,SC/ST,1,2024
5000,No,Yes,Engineer,Farmer,Postgraduate,Rural,52.0,OBC,1,2024
3000,No,No,Government Job,Nurse,HighSchool,Rural,95.8,Merit,0,2024
3000,Yes,No,Factory Worker,Teacher,HighSchool,Rural,45.7,Management,1,2023
25000,No,Yes,Government Job,Nurse,Graduate,Semi-Urban,81.9,Merit,0,2023
45000,No,No,Government Job,Teacher,Graduate,Semi-Urban,46.7,Management,0,2021
8000,Yes,Yes,Government Job,Homemaker,Graduate,Urban,49.3,Merit,0,2021
8000,No,No,Doctor,Nurse,No Formal Education,Urban,83.2,Merit,0,2021
25000,No,Yes,Daily Wage Worker,Homemaker,HighSchool,Rural,77.1,Merit,1,2022
12000,No,Yes,Government Job,Daily Wage Worker,HighSchool,Rural,60.9,Merit,1,2021
45000,No,No,Factory Worker,Teacher,Diploma,Rural,54.5,SC/ST,1,2022
75000,No,No,Government Job,Factory Worker,Primary School,Rural,64.7,Merit,0,2021
45000,No,Yes,Doctor,Shopkeeper,Graduate,Urban,91.5,Merit,0,2024
60000,Yes,Yes,Small Business,Farmer,Postgraduate,Semi-Urban,82.8,Merit,0,2023
25000,Yes,No,Shopkeeper,Factory Worker,Postgraduate,Rural,93.0,NRI,0,2021
60000,Yes,No,Small Business,Factory Worker,Graduate,Semi-Urban,57.0,Merit,0,2024
8000,No,Yes,Factory Worker,Shopkeeper,HighSchool,Urban,67.5,Merit,1,2021
5000,Yes,No,Factory Worker,Teacher,Diploma,Rural,79.4,NRI,1,2021
35000,Yes,Yes,Engineer,Government Job,Postgraduate,Urban,91.4,Merit,0,2023
5000,No,No,Shopkeeper,Daily Wage Worker,Primary School,Rural,75.9,Merit,1,2021
60000,Yes,Yes,Shopkeeper,Shopkeeper,HighSchool,Rural,42.9,Merit,0,2022
35000,Yes,No,Daily Wage Worker,Shopkeeper,HighSchool,Semi-Urban,66.3,OBC,1,2021
75000,No,Yes,Doctor,Factory Worker,Graduate,Rural,90.8,SC/ST,0,2021
12000,Yes,No,Farmer,Daily Wage Worker,Postgraduate,Rural,86.5,NRI,0,2021
25000,No,Yes,Shopkeeper,Farmer,Diploma,Rural,96.4,Management,1,2021
45000,No,No,Shopkeeper,Teacher,Graduate,Rural,84.1,Merit,0,2021
12000,No,Yes,Engineer,Homemaker,Graduate,Semi-Urban,49.5,Management,1,2024
25000,No,Yes,Government Job,Government Job,Postgraduate,Rural,51.9,Merit,1,2022
35000,Yes,Yes,Driver,Factory Worker,HighSchool,Rural,60.4,Management,1,2021
100000,Yes,No,Government Job,Government Job,Graduate,Semi-Urban,46.8,Management,0,2023
45000,No,No,Factory Worker,Daily Wage Worker,Postgraduate,Semi-Urban,80.9,Merit,0,2021
8000,Yes,No,Teacher,Teacher,Postgraduate,Semi-Urban,61.1,SC/ST,0,2021
18000,Yes,No,Small Business,Nurse,Diploma,Semi-Urban,51.6,Merit,0,2023
25000,Yes,Yes,Government Job,Teacher,Primary School,Urban,53.9,Management,1,2022
8000,Yes,Yes,Shopkeeper,Daily Wage Worker,Postgraduate,Rural,95.5,Merit,0,2024
18000,Yes,Yes,Engineer,Daily Wage Worker,Postgraduate,Urban,85.4,Merit,0,2021
12000,Yes,No,Engineer,Homemaker,Primary School,Semi-Urban,59.0,Sports,0,2022
8000,No,No,Shopkeeper,Nurse,Primary School,Urban,86.2,Management,1,2024
25000,Yes,No,Doctor,Teacher,HighSchool,Rural,94.3,SC/ST,0,2023
8000,No,No,Doctor,Teacher,Graduate,Urban,85.4,SC/ST,0,2023
25000,No,Yes,Government Job,Teacher,HighSchool,Urban,63.0,OBC,0,2021
8000,No,No,Teacher,Nurse,HighSchool,Rural,50.5,OBC,1,2021
45000,No,No,Daily Wage Worker,Farmer,Graduate,Semi-Urban,86.5,Merit,1,2023
8000,Yes,Yes,Small Business,Nurse,HighSchool,Rural,43.3,SC/ST,1,2021
60000,Yes,No,Driver,Shopkeeper,Postgraduate,Rural,57.0,Merit,0,2023
3000,No,No,Small Business,Nurse,Diploma,Semi-Urban,44.6,OBC,1,2022
25000,Yes,No,Shopkeeper,Daily Wage Worker,Diploma,Semi-Urban,54.5,SC/ST,0,2022
12000,No,No,Driver,Factory Worker,Postgraduate,Semi-Urban,58.6,Management,1,2023
12000,Yes,No,Government Job,Shopkeeper,Primary School,Rural,61.5,Merit,1,2021
18000,No,No,Shopkeeper,Factory Worker,Primary School,Rural,48.4,OBC,1,2024
60000,No,Yes,Factory Worker,Teacher,Diploma,Rural,76.2,Merit,1,2024
75000,Yes,No,Driver,Daily Wage Worker,Graduate,Rural,96.8,SC/ST,0,2022
12000,No,No,Engineer,Nurse,Diploma,Semi-Urban,46.8,OBC,1,2022
8000,No,Yes,Farmer,Teacher,Postgraduate,Rural,81.9,Management,1,2024
45000,No,No,Doctor,Daily Wage Worker,Postgraduate,Urban,50.7,Management,0,2023
25000,No,No,Driver,Farmer,No Formal Education,Urban,77.9,Sports,1,2024
8000,Yes,No,Daily Wage Worker,Shopkeeper,HighSchool,Urban,49.7,NRI,1,2023
45000,No,No,Daily Wage Worker,Farmer,Diploma,Rural,92.4,SC/ST,1,2023
25000,No,No,Driver,Daily Wage Worker,Postgraduate,Rural,41.4,Merit,1,2024
35000,Yes,Yes,Doctor,Homemaker,HighSchool,Rural,52.8,Merit,0,2023
18000,Yes,No,Doctor,Government Job,HighSchool,Rural,78.6,Management,0,2022
18000,No,No,Teacher,Factory Worker,HighSchool,Urban,79.8,Merit,0,2024
8000,Yes,No,Teacher,Shopkeeper,Postgraduate,Semi-Urban,67.0,Management,0,2024
45000,No,No,Engineer,Farmer,Primary School,Urban,54.5,OBC,0,2023
8000,No,Yes,Teacher,Farmer,Graduate,Urban,76.7,OBC,0,2022
45000,Yes,Yes,Engineer,Factory Worker,No Formal Education,Rural,98.5,SC/ST,0,2023
45000,No,Yes,Small Business,Government Job,Graduate,Semi-Urban,77.7,Management,0,2023
45000,No,No,Factory Worker,Daily Wage Worker,Diploma,Rural,50.5,Merit,1,2023
3000,Yes,No,Government Job,Factory Worker,Graduate,Urban,94.1,Merit,0,2022
12000,Yes,Yes,Driver,Shopkeeper,Primary School,Semi-Urban,82.1,Management,1,2024
18000,Yes,No,Government Job,Teacher,Primary School,Rural,75.4,Management,1,2023
25000,Yes,No,Farmer,Government Job,Primary School,Urban,50.4,SC/ST,1,2021
75000,No,No,Driver,Farmer,Graduate,Urban,57.5,Merit,0,2021
18000,Yes,No,Farmer,Teacher,Graduate,Urban,68.2,NRI,0,2024
60000,No,Yes,Shopkeeper,Farmer,Primary School,Rural,75.1,SC/ST,1,2023
8000,Yes,Yes,Teacher,Daily Wage Worker,HighSchool,Urban,60.7,Merit,0,2024
18000,No,Yes,Engineer,Teacher,Diploma,Semi-Urban,78.2,Management,1,2022
5000,No,No,Small Business,Daily Wage Worker,Primary School,Rural,49.7,Sports,1,2022
45000,No,Yes,Small Business,Farmer,Graduate,Rural,88.4,SC/ST,1,2022
8000,Yes,Yes,Farmer,Farmer,HighSchool,Rural,50.1,Merit,1,2021
12000,No,Yes,Driver,Daily Wage Worker,Graduate,Rural,96.4,SC/ST,1,2023
45000,Yes,No,Small Business,Shopkeeper,Graduate,Semi-Urban,82.8,Merit,0,2024
25000,Yes,Yes,Daily Wage Worker,Farmer,Postgraduate,Urban,85.4,SC/ST,1,2023
3000,Yes,No,Farmer,Shopkeeper,Graduate,Urban,59.4,SC/ST,1,2024
3000,No,Yes,Teacher,Nurse,No Formal Education,Rural,58.4,Merit,1,2024
25000,No,Yes,Engineer,Teacher,Primary School,Semi-Urban,88.0,SC/ST,1,2023
12000,Yes,Yes,Government Job,Homemaker,Diploma,Rural,89.2,Merit,0,2021
8000,Yes,Yes,Shopkeeper,Factory Worker,Primary School,Rural,74.5,SC/ST,1,2023
35000,No,No,Government Job,Factory Worker,Diploma,Urban,62.7,Merit,0,2023
12000,Yes,Yes,Driver,Factory Worker,Postgraduate,Urban,73.0,Management,0,2024
25000,No,No,Farmer,Homemaker,HighSchool,Urban,81.5,Management,1,2023
18000,No,Yes,Doctor,Nurse,Graduate,Semi-Urban,86.5,SC/ST,0,2022
8000,No,No,Farmer,Teacher,HighSchool,Urban,66.6,Merit,1,2021
8000,No,No,Daily Wage Worker,Teacher,No Formal Education,Rural,86.8,NRI,1,2021
12000,No,Yes,Teacher,Government Job,Primary School,Urban,77.9,OBC,1,2022
3000,Yes,Yes,Teacher,Daily Wage Worker,Primary School,Rural,89.8,Sports,1,2024
12000,No,No,Doctor,Shopkeeper,HighSchool,Rural,87.3,Sports,0,2021
75000,Yes,No,Engineer,Shopkeeper,Postgraduate,Urban,64.3,SC/ST,0,2022
60000,Yes,No,Small Business,Factory Worker,Graduate,Rural,85.4,Merit,0,2021
18000,Yes,No,Factory Worker,Farmer,Primary School,Urban,75.7,Merit,0,2022
25000,No,No,Farmer,Nurse,Primary School,Rural,79.1,Management,1,2021
25000,Yes,Yes,Engineer,Factory Worker,Postgraduate,Urban,53.4,Merit,0,2024
60000,No,No,Shopkeeper,Government Job,HighSchool,Urban,85.6,Merit,0,2024
12000,Yes,No,Teacher,Homemaker,HighSchool,Rural,46.8,Merit,0,2022
12000,No,Yes,Driver,Factory Worker,Postgraduate,Semi-Urban,51.5,NRI,1,2021
12000,Yes,No,Small Business,Teacher,Diploma,Urban,60.7,Sports,0,2022
5000,No,No,Daily Wage Worker,Government Job,HighSchool,Rural,84.9,Merit,1,2021
12000,Yes,No,Driver,Government Job,Graduate,Rural,64.5,Sports,0,2021
60000,No,No,Doctor,Factory Worker,HighSchool,Rural,76.5,SC/ST,1,2022
75000,No,No,Factory Worker,Teacher,Graduate,Rural,94.1,SC/ST,0,2021
5000,Yes,Yes,Driver,Nurse,Primary School,Rural,82.0,Management,1,2022
18000,No,No,Government Job,Nurse,Postgraduate,Rural,89.1,NRI,1,2023
18000,Yes,Yes,Farmer,Shopkeeper,Graduate,Rural,47.9,NRI,1,2022
25000,Yes,Yes,Shopkeeper,Shopkeeper,No Formal Education,Urban,43.6,SC/ST,1,2024
25000,Yes,Yes,Government Job,Homemaker,Diploma,Rural,54.3,Merit,0,2023
3000,Yes,Yes,Farmer,Factory Worker,HighSchool,Rural,92.9,Sports,1,2021
60000,Yes,Yes,Doctor,Teacher,Postgraduate,Urban,83.1,Merit,0,2024
100000,Yes,Yes,Daily Wage Worker,Daily Wage Worker,Primary School,Urban,62.5,Management,0,2024
35000,No,No,Daily Wage Worker,Daily Wage Worker,HighSchool,Semi-Urban,93.7,SC/ST,1,2021
35000,Yes,No,Factory Worker,Government Job,Graduate,Semi-Urban,78.7,Sports,0,2021
25000,Yes,Yes,Daily Wage Worker,Shopkeeper,HighSchool,Rural,87.2,Merit,1,2022
12000,No,Yes,Teacher,Shopkeeper,HighSchool,Urban,45.2,Management,1,2024
8000,No,Yes,Engineer,Farmer,Graduate,Urban,89.1,SC/ST,1,2023
25000,No,Yes,Farmer,Farmer,Graduate,Rural,68.9,SC/ST,1,2024
5000,Yes,Yes,Shopkeeper,Teacher,HighSchool,Semi-Urban,45.0,Merit,1,2024
60000,No,Yes,Farmer,Farmer,Diploma,Urban,42.3,Merit,1,2021
18000,Yes,Yes,Teacher,Nurse,Diploma,Urban,73.4,Merit,0,2023
18000,Yes,No,Farmer,Farmer,Postgraduate,Rural,74.6,Merit,1,2022
12000,Yes,No,Doctor,Homemaker,Graduate,Urban,50.7,Merit,0,2024
100000,No,No,Farmer,Shopkeeper,Graduate,Urban,58.1,Merit,0,2021
8000,Yes,No,Driver,Nurse,Graduate,Semi-Urban,63.3,Management,1,2023
8000,Yes,No,Engineer,Daily Wage Worker,HighSchool,Semi-Urban,40.6,SC/ST,1,2024
8000,No,No,Daily Wage Worker,Nurse,Diploma,Semi-Urban,97.2,SC/ST,1,2024
35000,No,Yes,Daily Wage Worker,Nurse,Graduate,Urban,88.9,Sports,1,2022
100000,No,No,Doctor,Daily Wage Worker,Diploma,Semi-Urban,54.8,OBC,0,2024
12000,Yes,Yes,Doctor,Factory Worker,Diploma,Urban,89.8,Merit,0,2023
75000,No,No,Government Job,Factory Worker,HighSchool,Urban,76.0,Merit,0,2024
12000,No,Yes,Teacher,Teacher,Graduate,Urban,50.6,Merit,1,2022
35000,No,No,Factory Worker,Daily Wage Worker,Graduate,Rural,86.6,SC/ST,1,2023
5000,No,No,Factory Worker,Daily Wage Worker,Postgraduate,Semi-Urban,45.7,Management,1,2023
25000,No,Yes,Factory Worker,Homemaker,Primary School,Rural,65.0,Sports,1,2023
35000,Yes,No,Shopkeeper,Homemaker,Postgraduate,Rural,84.5,SC/ST,0,2023
25000,No,No,Small Business,Teacher,Primary School,Semi-Urban,92.9,OBC,0,2024
12000,Yes,Yes,Daily Wage Worker,Nurse,Graduate,Semi-Urban,56.9,SC/ST,1,2022
60000,No,Yes,Farmer,Nurse,Graduate,Rural,75.6,OBC,1,2023
100000,No,No,Daily Wage Worker,Shopkeeper,Diploma,Semi-Urban,89.7,OBC,1,2024
18000,Yes,Yes,Small Business,Nurse,Postgraduate,Rural,91.1,Merit,0,2024
35000,Yes,No,Farmer,Daily Wage Worker,Diploma,Urban,40.2,SC/ST,1,2021
45000,Yes,No,Shopkeeper,Factory Worker,No Formal Education,Urban,45.6,Sports,0,2022
12000,No,No,Government Job,Daily Wage Worker,Diploma,Rural,51.2,Sports,1,2024
60000,No,No,Small Business,Teacher,Diploma,Urban,40.8,OBC,0,2024
12000,Yes,No,Doctor,Nurse,Graduate,Rural,92.7,SC/ST,0,2023
45000,No,Yes,Engineer,Daily Wage Worker,HighSchool,Rural,43.9,SC/ST,1,2022
8000,Yes,No,Daily Wage Worker,Government Job,Primary School,Semi-Urban,94.0,Merit,1,2024
12000,No,Yes,Shopkeeper,Factory Worker,HighSchool,Rural,58.1,Merit,1,2021
25000,No,No,Teacher,Daily Wage Worker,Graduate,Urban,44.4,Merit,1,2024
25000,Yes,Yes,Driver,Shopkeeper,Diploma,Urban,62.3,Management,0,2024
60000,Yes,No,Shopkeeper,Shopkeeper,Postgraduate,Urban,83.0,Management,0,2024
100000,Yes,No,Driver,Homemaker,HighSchool,Rural,48.0,Management,0,2022
5000,Yes,No,Small Business,Homemaker,Graduate,Rural,96.3,Merit,0,2022
12000,No,Yes,Factory Worker,Daily Wage Worker,Postgraduate,Rural,50.4,Management,1,2022
18000,Yes,Yes,Daily Wage Worker,Homemaker,HighSchool,Rural,93.0,OBC,1,2021
18000,Yes,No,Government Job,Shopkeeper,Diploma,Urban,40.8,OBC,0,2022
25000,No,No,Factory Worker,Teacher,Postgraduate,Rural,83.4,SC/ST,1,2024
60000,No,No,Teacher,Shopkeeper,Primary School,Rural,68.7,Merit,0,2023
45000,Yes,No,Factory Worker,Teacher,Graduate,Urban,85.3,Sports,0,2021
3000,No,Yes,Factory Worker,Teacher,HighSchool,Semi-Urban,78.8,Merit,1,2021
18000,Yes,No,Daily Wage Worker,Homemaker,No Formal Education,Urban,51.5,NRI,1,2021
35000,No,Yes,Doctor,Farmer,Graduate,Urban,42.9,SC/ST,0,2024
18000,Yes,Yes,Teacher,Homemaker,HighSchool,Semi-Urban,63.9,SC/ST,1,2024
8000,Yes,No,Farmer,Factory Worker,Postgraduate,Urban,74.2,OBC,0,2023
18000,Yes,Yes,Small Business,Daily Wage Worker,Diploma,Urban,90.1,Merit,0,2024
18000,Yes,Yes,Engineer,Factory Worker,Primary School,Urban,53.9,SC/ST,0,2022
8000,No,No,Teacher,Nurse,HighSchool,Urban,57.8,Management,1,2024
45000,Yes,Yes,Driver,Farmer,Graduate,Semi-Urban,60.1,Merit,0,2024
12000,Yes,No,Factory Worker,Farmer,HighSchool,Rural,82.7,Management,1,2023
25000,Yes,Yes,Shopkeeper,Government Job,HighSchool,Urban,47.4,Merit,0,2021
25000,Yes,Yes,Small Business,Daily Wage Worker,HighSchool,Rural,70.8,Merit,1,2024
60000,Yes,Yes,Government Job,Nurse,Graduate,Urban,74.8,SC/ST,0,2022
8000,Yes,Yes,Small Business,Nurse,HighSchool,Semi-Urban,70.8,Merit,0,2021
8000,Yes,Yes,Driver,Farmer,Postgraduate,Semi-Urban,72.1,Sports,0,2024
12000,Yes,No,Teacher,Daily Wage Worker,No Formal Education,Urban,65.6,Merit,0,2023
18000,Yes,Yes,Doctor,Farmer,Primary School,Semi-Urban,98.2,Management,0,2023
12000,No,Yes,Doctor,Factory Worker,Diploma,Rural,66.6,Merit,1,2024
45000,No,Yes,Government Job,Nurse,HighSchool,Urban,89.4,OBC,0,2021
12000,Yes,Yes,Driver,Teacher,Graduate,Rural,72.7,Sports,1,2024
5000,No,No,Teacher,Daily Wage Worker,Postgraduate,Urban,76.1,SC/ST,0,2022
18000,No,No,Doctor,Daily Wage Worker,Graduate,Urban,87.9,SC/ST,0,2024
45000,No,Yes,Factory Worker,Farmer,Postgraduate,Semi-Urban,97.9,NRI,0,2021
60000,Yes,Yes,Factory Worker,Government Job,Graduate,Semi-Urban,48.3,SC/ST,1,2023
45000,Yes,Yes,Government Job,Teacher,Primary School,Rural,74.3,OBC,0,2022
25000,Yes,No,Factory Worker,Daily Wage Worker,Primary School,Urban,50.8,Merit,0,2022
45000,Yes,No,Factory Worker,Government Job,Graduate,Semi-Urban,42.8,SC/ST,1,2024
35000,Yes,No,Teacher,Daily Wage Worker,Postgraduate,Rural,93.0,SC/ST,0,2021
12000,No,No,Farmer,Farmer,Graduate,Urban,98.6,Merit,1,2021
25000,No,Yes,Farmer,Teacher,Graduate,Semi-Urban,80.7,Merit,0,2021
45000,No,No,Daily Wage Worker,Government Job,Primary School,Urban,63.9,Merit,1,2023
12000,No,No,Small Business,Nurse,Graduate,Semi-Urban,84.6,Sports,0,2021
35000,Yes,No,Farmer,Nurse,Graduate,Urban,98.2,Management,0,2024
25000,No,Yes,Doctor,Homemaker,Postgraduate,Semi-Urban,94.0,Merit,0,2021
25000,Yes,Yes,Shopkeeper,Homemaker,Graduate,Semi-Urban,90.9,SC/ST,0,2023
5000,Yes,No,Daily Wage Worker,Teacher,Primary School,Rural,70.3,Merit,1,2023
35000,No,No,Small Business,Nurse,Graduate,Urban,52.7,SC/ST,0,2022
60000,Yes,No,Daily Wage Worker,Farmer,Diploma,Semi-Urban,47.9,SC/ST,1,2021
8000,Yes,No,Daily Wage Worker,Factory Worker,Diploma,Urban,44.2,Merit,1,2023
18000,Yes,Yes,Daily Wage Worker,Teacher,Graduate,Urban,60.1,Merit,1,2021
5000,Yes,No,Teacher,Farmer,Postgraduate,Urban,42.4,SC/ST,0,2022
3000,Yes,No,Shopkeeper,Daily Wage Worker,Graduate,Semi-Urban,79.9,Management,0,2022
100000,Yes,No,Factory Worker,Daily Wage Worker,No Formal Education,Urban,88.7,SC/ST,0,2023
25000,Yes,No,Teacher,Shopkeeper,Primary School,Urban,87.0,Merit,0,2023
18000,No,No,Farmer,Homemaker,HighSchool,Urban,45.0,OBC,1,2024
12000,Yes,Yes,Driver,Homemaker,Graduate,Urban,51.8,SC/ST,1,2024
100000,No,No,Doctor,Factory Worker,Graduate,Rural,97.1,Merit,0,2023
12000,No,No,Shopkeeper,Farmer,Diploma,Semi-Urban,98.8,SC/ST,1,2022
45000,No,Yes,Government Job,Nurse,Diploma,Rural,97.3,Management,1,2024
12000,No,Yes,Factory Worker,Daily Wage Worker,Graduate,Urban,94.5,Merit,0,2022
5000,No,No,Engineer,Homemaker,Primary School,Semi-Urban,48.6,Merit,0,2023
35000,No,No,Doctor,Daily Wage Worker,Graduate,Urban,86.6,SC/ST,0,2023
3000,No,Yes,Farmer,Government Job,Graduate,Rural,52.5,Merit,1,2022
35000,Yes,No,Engineer,Farmer,HighSchool,Semi-Urban,55.2,SC/ST,0,2023
12000,Yes,Yes,Farmer,Shopkeeper,HighSchool,Rural,69.0,Merit,1,2023
45000,Yes,Yes,Factory Worker,Farmer,Graduate,Rural,87.4,Merit,0,2022
45000,No,No,Factory Worker,Factory Worker,HighSchool,Semi-Urban,66.1,Merit,0,2021
45000,Yes,No,Driver,Nurse,Diploma,Urban,53.3,Merit,0,2023
3000,No,Yes,Engineer,Homemaker,Postgraduate,Semi-Urban,93.7,Merit,0,2021
35000,No,No,Driver,Daily Wage Worker,Primary School,Urban,56.9,Merit,1,2022
100000,No,No,Driver,Teacher,Postgraduate,Rural,85.6,Merit,0,2024
12000,Yes,No,Engineer,Shopkeeper,HighSchool,Semi-Urban,85.1,Sports,0,2021
12000,Yes,Yes,Shopkeeper,Farmer,Diploma,Semi-Urban,45.4,SC/ST,0,2021
45000,Yes,Yes,Factory Worker,Factory Worker,Primary School,Rural,66.3,Merit,1,2024
8000,Yes,Yes,Small Business,Factory Worker,Graduate,Urban,47.8,Sports,1,2024
35000,No,No,Engineer,Government Job,Postgraduate,Urban,82.7,Merit,0,2021
45000,Yes,No,Farmer,Factory Worker,HighSchool,Rural,83.8,SC/ST,1,2021
3000,No,Yes,Government Job,Factory Worker,Postgraduate,Rural,57.8,Merit,0,2024
25000,No,No,Government Job,Daily Wage Worker,Graduate,Urban,80.2,OBC,0,2023
25000,Yes,Yes,Small Business,Nurse,Postgraduate,Urban,64.5,Merit,0,2023
12000,Yes,Yes,Government Job,Government Job,Graduate,Semi-Urban,73.1,Management,0,2024
60000,No,No,Daily Wage Worker,Farmer,Graduate,Urban,80.4,Merit,0,2024
8000,No,Yes,Engineer,Farmer,Postgraduate,Rural,89.5,Merit,0,2022
18000,No,No,Small Business,Daily Wage Worker,Graduate,Rural,69.1,Merit,0,2021
60000,No,No,Small Business,Shopkeeper,Postgraduate,Rural,81.4,SC/ST,1,2022
8000,No,No,Factory Worker,Factory Worker,HighSchool,Semi-Urban,56.4,SC/ST,1,2021
60000,Yes,No,Driver,Nurse,HighSchool,Semi-Urban,67.5,Management,0,2023
5000,No,No,Farmer,Farmer,Graduate,Semi-Urban,45.2,Management,1,2022
25000,No,No,Doctor,Nurse,HighSchool,Rural,68.5,Merit,0,2021
5000,No,Yes,Shopkeeper,Farmer,Diploma,Rural,61.9,Merit,1,2024
35000,Yes,Yes,Teacher,Farmer,Postgraduate,Semi-Urban,94.3,Merit,0,2021
45000,No,No,Daily Wage Worker,Factory Worker,Graduate,Semi-Urban,55.5,Merit,1,2021
60000,No,Yes,Factory Worker,Daily Wage Worker,Postgraduate,Semi-Urban,98.7,OBC,0,2024
100000,Yes,Yes,Daily Wage Worker,Farmer,HighSchool,Urban,52.4,Merit,0,2023
35000,Yes,No,Teacher,Government Job,HighSchool,Semi-Urban,75.3,SC/ST,0,2024
45000,No,Yes,Engineer,Shopkeeper,HighSchool,Urban,59.3,Sports,1,2024
25000,Yes,No,Doctor,Nurse,Postgraduate,Urban,93.1,SC/ST,0,2021
75000,No,No,Small Business,Nurse,Diploma,Rural,68.5,NRI,0,2021
35000,Yes,No,Driver,Daily Wage Worker,Postgraduate,Urban,55.5,SC/ST,0,2022
60000,No,No,Farmer,Farmer,HighSchool,Semi-Urban,50.0,Merit,1,2021
12000,Yes,No,Shopkeeper,Nurse,HighSchool,Semi-Urban,84.1,OBC,1,2022
25000,Yes,No,Daily Wage Worker,Nurse,Graduate,Urban,92.7,SC/ST,0,2022
45000,Yes,No,Government Job,Shopkeeper,Graduate,Urban,85.2,OBC,0,2022
8000,Yes,Yes,Doctor,Shopkeeper,Diploma,Rural,70.6,Merit,0,2021
12000,No,Yes,Doctor,Teacher,Diploma,Rural,94.3,Merit,1,2021
100000,Yes,Yes,Small Business,Shopkeeper,Diploma,Urban,70.2,OBC,0,2021
18000,No,Yes,Small Business,Teacher,Graduate,Semi-Urban,53.1,Merit,0,2023
8000,No,Yes,Doctor,Factory Worker,Primary School,Urban,53.8,Sports,1,2021
12000,No,No,Daily Wage Worker,Homemaker,No Formal Education,Rural,77.8,OBC,1,2023
18000,Yes,No,Farmer,Homemaker,No Formal Education,Urban,88.0,Merit,1,2022
35000,Yes,No,Government Job,Nurse,Diploma,Rural,81.2,OBC,0,2023
75000,Yes,No,Daily Wage Worker,Nurse,Graduate,Urban,47.3,OBC,0,2022
100000,Yes,No,Daily Wage Worker,Shopkeeper,Graduate,Urban,67.3,Merit,0,2021
35000,Yes,No,Daily Wage Worker,Shopkeeper,Postgraduate,Urban,43.8,OBC,0,2024
35000,Yes,No,Driver,Homemaker,Graduate,Rural,94.3,SC/ST,0,2024
12000,Yes,No,Farmer,Farmer,Diploma,Rural,46.1,Merit,1,2022
60000,No,Yes,Farmer,Farmer,Graduate,Rural,93.8,Merit,1,2021
12000,No,No,Factory Worker,Daily Wage Worker,Postgraduate,Urban,61.1,OBC,1,2023
5000,Yes,No,Engineer,Homemaker,No Formal Education,Rural,74.5,SC/ST,1,2023
100000,Yes,No,Engineer,Shopkeeper,Diploma,Semi-Urban,81.6,SC/ST,0,2022
60000,No,No,Teacher,Teacher,Diploma,Rural,89.2,SC/ST,0,2022
12000,No,Yes,Teacher,Daily Wage Worker,Postgraduate,Urban,82.1,SC/ST,0,2021
35000,No,No,Engineer,Homemaker,HighSchool,Urban,69.7,Merit,0,2022
18000,No,No,Driver,Nurse,No Formal Education,Rural,55.4,OBC,1,2022
12000,Yes,Yes,Small Business,Teacher,Graduate,Urban,51.9,NRI,0,2023
12000,No,No,Small Business,Farmer,Graduate,Rural,80.2,Sports,0,2022
8000,No,Yes,Doctor,Teacher,HighSchool,Urban,63.6,Merit,1,2024
25000,Yes,Yes,Driver,Shopkeeper,Diploma,Urban,82.6,Merit,0,2024
18000,No,No,Driver,Teacher,Graduate,Rural,86.0,Management,1,2024
25000,No,No,Factory Worker,Shopkeeper,HighSchool,Rural,54.8,SC/ST,1,2024
12000,Yes,No,Daily Wage Worker,Nurse,Diploma,Semi-Urban,41.5,Merit,1,2024
75000,No,No,Factory Worker,Teacher,Primary School,Urban,69.5,OBC,0,2021
35000,Yes,No,Farmer,Factory Worker,Graduate,Urban,59.1,OBC,0,2024
60000,Yes,Yes,Driver,Nurse,Diploma,Semi-Urban,46.1,Merit,0,2022
5000,Yes,No,Farmer,Daily Wage Worker,Graduate,Semi-Urban,65.4,Sports,1,2021
35000,No,No,Farmer,Factory Worker,Diploma,Rural,63.0,OBC,1,2023
60000,Yes,No,Doctor,Government Job,HighSchool,Rural,53.3,Management,0,2023
12000,Yes,No,Doctor,Nurse,Graduate,Urban,59.4,Merit,0,2023
8000,Yes,Yes,Government Job,Teacher,Diploma,Urban,42.7,SC/ST,0,2024
12000,No,No,Engineer,Homemaker,HighSchool,Semi-Urban,96.8,Management,1,2022
12000,No,Yes,Factory Worker,Shopkeeper,Postgraduate,Rural,82.3,Merit,1,2024
18000,No,Yes,Teacher,Shopkeeper,Postgraduate,Semi-Urban,50.8,Merit,0,2023
12000,Yes,No,Factory Worker,Nurse,Graduate,Semi-Urban,73.4,Sports,0,2023
12000,Yes,Yes,Small Business,Nurse,Graduate,Urban,78.8,OBC,0,2023
35000,No,No,Doctor,Nurse,Graduate,Semi-Urban,71.3,Management,0,2022
5000,Yes,No,Farmer,Shopkeeper,HighSchool,Semi-Urban,75.7,SC/ST,1,2023
12000,Yes,No,Small Business,Homemaker,HighSchool,Rural,91.3,Management,1,2023
35000,Yes,No,Shopkeeper,Shopkeeper,Graduate,Semi-Urban,92.5,OBC,0,2022
8000,No,Yes,Daily Wage Worker,Factory Worker,Graduate,Urban,41.6,SC/ST,1,2023
12000,Yes,No,Engineer,Factory Worker,Diploma,Semi-Urban,70.4,Management,0,2021
8000,Yes,No,Engineer,Homemaker,Postgraduate,Urban,67.0,Sports,0,2024
3000,Yes,Yes,Small Business,Farmer,Diploma,Urban,42.4,Management,1,2021
18000,Yes,No,Daily Wage Worker,Daily Wage Worker,HighSchool,Rural,93.5,Merit,1,2024
3000,Yes,Yes,Farmer,Homemaker,Diploma,Rural,98.5,Management,1,2022
12000,No,No,Factory Worker,Homemaker,Graduate,Rural,81.9,Merit,1,2023
100000,Yes,Yes,Doctor,Shopkeeper,No Formal Education,Urban,56.1,Management,0,2022
75000,No,No,Doctor,Daily Wage Worker,HighSchool,Rural,43.9,Sports,0,2023
12000,Yes,Yes,Farmer,Shopkeeper,Graduate,Semi-Urban,56.7,Merit,1,2021
12000,Yes,No,Doctor,Government Job,Diploma,Rural,75.8,SC/ST,1,2023
18000,Yes,Yes,Farmer,Farmer,HighSchool,Urban,56.9,Merit,1,2023
60000,Yes,Yes,Government Job,Daily Wage Worker,Graduate,Semi-Urban,83.8,Merit,0,2024
45000,No,Yes,Shopkeeper,Teacher,Postgraduate,Rural,97.9,Merit,0,2021
8000,No,No,Engineer,Shopkeeper,Diploma,Semi-Urban,52.6,SC/ST,1,2022
8000,Yes,No,Daily Wage Worker,Daily Wage Worker,Graduate,Rural,98.6,NRI,1,2022
18000,No,Yes,Doctor,Government Job,HighSchool,Urban,69.5,Merit,0,2024
60000,No,Yes,Farmer,Shopkeeper,Diploma,Urban,64.6,Management,1,2022
60000,Yes,Yes,Daily Wage Worker,Shopkeeper,HighSchool,Urban,51.6,Merit,0,2023
5000,No,Yes,Teacher,Government Job,Postgraduate,Semi-Urban,44.3,SC/ST,1,2023
25000,No,No,Teacher,Homemaker,HighSchool,Urban,83.9,Management,0,2023
8000,No,No,Small Business,Teacher,Postgraduate,Rural,79.6,NRI,1,2023
35000,Yes,No,Factory Worker,Homemaker,Diploma,Semi-Urban,85.2,Sports,0,2021
75000,No,Yes,Farmer,Factory Worker,Diploma,Semi-Urban,52.8,Merit,1,2022
18000,Yes,No,Doctor,Shopkeeper,Diploma,Semi-Urban,84.1,Merit,0,2023
5000,No,No,Doctor,Teacher,HighSchool,Rural,77.1,Merit,1,2024
25000,No,Yes,Farmer,Teacher,HighSchool,Rural,63.4,SC/ST,1,2023
18000,No,No,Teacher,Homemaker,HighSchool,Urban,50.2,Merit,0,2022
45000,No,No,Doctor,Government Job,Graduate,Semi-Urban,79.2,Management,0,2023
12000,Yes,No,Engineer,Homemaker,Graduate,Urban,93.7,SC/ST,0,2024
60000,No,No,Factory Worker,Nurse,Postgraduate,Urban,87.3,Merit,0,2022
12000,No,No,Factory Worker,Daily Wage Worker,Primary School,Rural,98.1,SC/ST,1,2021
8000,No,Yes,Engineer,Homemaker,Graduate,Rural,48.9,Merit,1,2024
12000,No,Yes,Driver,Homemaker,HighSchool,Urban,78.2,Sports,1,2022
3000,No,Yes,Daily Wage Worker,Homemaker,Diploma,Rural,61.0,Management,1,2024
12000,No,Yes,Teacher,Government Job,HighSchool,Rural,60.3,Sports,1,2023
35000,Yes,No,Small Business,Homemaker,Postgraduate,Semi-Urban,59.8,Management,0,2024
8000,No,No,Doctor,Homemaker,Diploma,Urban,79.1,Merit,0,2023
8000,Yes,No,Teacher,Daily Wage Worker,Diploma,Semi-Urban,86.3,Management,0,2021
8000,Yes,Yes,Driver,Shopkeeper,HighSchool,Rural,72.6,OBC,1,2022
5000,No,No,Doctor,Daily Wage Worker,Diploma,Urban,81.3,SC/ST,0,2021
60000,Yes,Yes,Daily Wage Worker,Government Job,Primary School,Urban,60.8,Merit,0,2021
75000,Yes,No,Shopkeeper,Government Job,Graduate,Urban,69.5,Sports,0,2023
5000,Yes,Yes,Doctor,Shopkeeper,Graduate,Rural,49.5,Management,1,2023
45000,Yes,No,Farmer,Homemaker,Primary School,Urban,43.1,Merit,1,2024
45000,Yes,Yes,Farmer,Factory Worker,Primary School,Semi-Urban,66.8,Management,1,2021
100000,No,No,Daily Wage Worker,Homemaker,HighSchool,Rural,97.6,Merit,0,2021
12000,Yes,No,Small Business,Factory Worker,Diploma,Semi-Urban,94.4,Management,0,2022
12000,No,Yes,Small Business,Teacher,HighSchool,Urban,92.9,Merit,1,2024
18000,Yes,No,Shopkeeper,Government Job,Primary School,Semi-Urban,61.5,Merit,0,2021
60000,Yes,Yes,Driver,Homemaker,Primary School,Rural,84.2,Merit,0,2023
45000,Yes,Yes,Daily Wage Worker,Teacher,HighSchool,Rural,95.3,Merit,1,2022
18000,Yes,Yes,Government Job,Factory Worker,Graduate,Semi-Urban,43.6,Management,0,2024
12000,No,No,Government Job,Nurse,Graduate,Urban,66.3,SC/ST,0,2024
45000,Yes,No,Engineer,Shopkeeper,HighSchool,Rural,62.0,Management,0,2023
60000,No,No,Farmer,Teacher,Diploma,Rural,89.7,Merit,0,2022
18000,Yes,Yes,Small Business,Factory Worker,Graduate,Urban,74.1,Merit,0,2022
35000,Yes,No,Doctor,Farmer,HighSchool,Urban,98.9,Sports,0,2023
18000,No,Yes,Doctor,Teacher,Postgraduate,Urban,43.3,OBC,0,2021
18000,Yes,Yes,Driver,Shopkeeper,Graduate,Rural,58.5,OBC,1,2023
25000,No,No,Shopkeeper,Government Job,Graduate,Urban,72.6,SC/ST,1,2021
45000,No,Yes,Government Job,Daily Wage Worker,Diploma,Rural,52.9,Merit,0,2021
100000,Yes,No,Driver,Nurse,Diploma,Semi-Urban,97.1,NRI,0,2021
18000,Yes,No,Driver,Government Job,HighSchool,Semi-Urban,80.9,SC/ST,1,2021
12000,Yes,No,Government Job,Homemaker,Primary School,Urban,75.8,Management,0,2021
18000,No,Yes,Engineer,Farmer,Graduate,Rural,48.1,Sports,1,2022
8000,No,Yes,Teacher,Shopkeeper,Postgraduate,Urban,86.7,OBC,0,2022
12000,No,No,Shopkeeper,Shopkeeper,Postgraduate,Urban,97.3,Merit,0,2023
5000,No,No,Factory Worker,Factory Worker,Diploma,Urban,87.3,Merit,1,2022
18000,No,No,Driver,Nurse,Postgraduate,Rural,73.4,SC/ST,1,2023
8000,No,No,Factory Worker,Factory Worker,Graduate,Rural,80.4,Sports,1,2023
12000,Yes,No,Farmer,Nurse,Diploma,Rural,71.4,Merit,1,2023
45000,No,Yes,Small Business,Daily Wage Worker,Postgraduate,Semi-Urban,42.2,Management,1,2024
12000,Yes,Yes,Driver,Government Job,Postgraduate,Rural,91.4,SC/ST,1,2023
35000,Yes,No,Engineer,Shopkeeper,Diploma,Semi-Urban,53.8,Merit,0,2023
75000,No,Yes,Farmer,Teacher,Graduate,Urban,58.5,Merit,0,2022
25000,Yes,Yes,Small Business,Teacher,Graduate,Urban,94.0,Merit,0,2023
8000,No,No,Engineer,Shopkeeper,Graduate,Semi-Urban,84.1,NRI,0,2022
12000,No,Yes,Doctor,Government Job,Diploma,Semi-Urban,72.5,Merit,0,2024
25000,Yes,No,Farmer,Homemaker,Primary School,Semi-Urban,55.0,Merit,1,2023
25000,No,No,Small Business,Shopkeeper,Postgraduate,Urban,88.6,Merit,0,2022
8000,No,No,Government Job,Shopkeeper,Primary School,Rural,71.5,Merit,0,2024
18000,Yes,Yes,Small Business,Farmer,Primary School,Rural,72.2,Management,1,2024
25000,No,No,Shopkeeper,Homemaker,HighSchool,Rural,51.2,Merit,1,2023
12000,Yes,No,Daily Wage Worker,Government Job,Diploma,Urban,65.9,Management,0,2022
35000,Yes,No,Factory Worker,Factory Worker,HighSchool,Rural,61.1,Management,1,2021
5000,No,No,Small Business,Teacher,Primary School,Urban,57.3,Merit,1,2021
12000,Yes,No,Doctor,Nurse,Postgraduate,Urban,67.9,Sports,0,2024
45000,No,No,Government Job,Teacher,Diploma,Urban,89.6,Merit,0,2021
12000,No,Yes,Shopkeeper,Daily Wage Worker,Postgraduate,Semi-Urban,58.7,OBC,1,2023
35000,Yes,No,Shopkeeper,Nurse,Postgraduate,Urban,54.5,Merit,0,2022
18000,No,No,Government Job,Farmer,Diploma,Rural,92.0,SC/ST,1,2023
12000,Yes,Yes,Daily Wage Worker,Factory Worker,Diploma,Semi-Urban,85.6,Merit,1,2021
75000,No,Yes,Farmer,Nurse,HighSchool,Semi-Urban,73.4,Sports,1,2023
12000,No,No,Factory Worker,Teacher,Postgraduate,Urban,80.1,SC/ST,1,2021
12000,Yes,No,Driver,Nurse,Graduate,Rural,45.0,Merit,1,2022
75000,Yes,No,Daily Wage Worker,Homemaker,Postgraduate,Semi-Urban,83.6,Merit,0,2022
45000,No,No,Daily Wage Worker,Teacher,Postgraduate,Urban,92.6,OBC,1,2023
35000,Yes,Yes,Engineer,Daily Wage Worker,HighSchool,Rural,67.9,Sports,0,2021
5000,No,No,Driver,Shopkeeper,Postgraduate,Rural,89.7,Merit,1,2022
8000,No,No,Factory Worker,Nurse,Graduate,Urban,73.6,Management,1,2022
35000,Yes,No,Daily Wage Worker,Shopkeeper,Diploma,Urban,42.1,Sports,1,2023
8000,Yes,No,Shopkeeper,Daily Wage Worker,Postgraduate,Rural,40.8,SC/ST,1,2022
12000,No,No,Small Business,Government Job,Graduate,Semi-Urban,47.5,Management,1,2022
45000,Yes,Yes,Small Business,Homemaker,Diploma,Rural,96.9,Merit,0,2023
12000,No,No,Government Job,Shopkeeper,Primary School,Rural,96.5,SC/ST,1,2022
5000,Yes,No,Factory Worker,Nurse,Graduate,Rural,42.5,OBC,1,2021
3000,Yes,Yes,Government Job,Daily Wage Worker,Graduate,Rural,61.8,Management,0,2021
18000,No,No,Teacher,Shopkeeper,HighSchool,Semi-Urban,95.9,Management,0,2022
35000,No,No,Small Business,Farmer,HighSchool,Rural,72.6,Management,1,2023
60000,Yes,No,Farmer,Homemaker,No Formal Education,Rural,86.7,Sports,1,2021
8000,Yes,No,Farmer,Factory Worker,Diploma,Rural,52.0,Sports,1,2022
8000,No,No,Engineer,Teacher,Graduate,Rural,46.1,NRI,1,2022
25000,No,No,Daily Wage Worker,Teacher,Postgraduate,Semi-Urban,59.5,Merit,1,2021
18000,No,Yes,Doctor,Nurse,No Formal Education,Urban,80.9,Merit,1,2023
25000,Yes,Yes,Factory Worker,Teacher,Primary School,Urban,94.9,SC/ST,1,2024
75000,Yes,No,Doctor,Government Job,No Formal Education,Rural,86.0,OBC,0,2023
25000,Yes,No,Engineer,Daily Wage Worker,Postgraduate,Rural,64.2,SC/ST,0,2023
18000,No,Yes,Farmer,Daily Wage Worker,Diploma,Urban,62.0,SC/ST,1,2023
100000,Yes,No,Farmer,Farmer,HighSchool,Rural,91.4,Sports,0,2023
5000,No,No,Farmer,Homemaker,No Formal Education,Semi-Urban,70.5,Management,1,2024
75000,No,Yes,Daily Wage Worker,Daily Wage Worker,Primary School,Urban,67.0,SC/ST,1,2023
25000,No,No,Doctor,Farmer,Graduate,Semi-Urban,56.9,Sports,0,2024
25000,No,Yes,Small Business,Farmer,Diploma,Rural,80.7,Merit,1,2023
75000,Yes,No,Teacher,Daily Wage Worker,Graduate,Semi-Urban,49.0,Merit,0,2022
25000,No,Yes,Government Job,Farmer,HighSchool,Semi-Urban,62.9,Merit,0,2021
18000,No,No,Government Job,Nurse,Diploma,Rural,84.4,OBC,1,2021
12000,Yes,No,Engineer,Teacher,Graduate,Rural,79.8,NRI,0,2022
35000,No,No,Government Job,Homemaker,HighSchool,Semi-Urban,47.9,NRI,1,2023
25000,No,Yes,Farmer,Farmer,HighSchool,Rural,61.1,NRI,1,2024
12000,No,No,Daily Wage Worker,Nurse,Primary School,Rural,63.3,Merit,1,2023
35000,No,No,Shopkeeper,Government Job,Graduate,Semi-Urban,53.8,Merit,0,2024
35000,No,Yes,Farmer,Teacher,Graduate,Semi-Urban,51.8,Management,1,2024
18000,Yes,No,Small Business,Teacher,Diploma,Rural,70.0,Merit,0,2021
3000,No,No,Engineer,Teacher,Graduate,Urban,59.8,Sports,0,2023
18000,No,No,Engineer,Factory Worker,HighSchool,Rural,75.8,OBC,1,2023
3000,Yes,Yes,Factory Worker,Daily Wage Worker,Graduate,Urban,77.8,Merit,0,2024
5000,No,No,Factory Worker,Government Job,Graduate,Urban,96.4,Merit,0,2021
18000,Yes,No,Teacher,Nurse,HighSchool,Rural,74.8,Merit,0,2023
5000,No,Yes,Government Job,Homemaker,Postgraduate,Rural,88.4,SC/ST,1,2024
12000,Yes,Yes,Shopkeeper,Shopkeeper,Diploma,Rural,93.7,Management,1,2022
35000,No,No,Daily Wage Worker,Nurse,Diploma,Urban,65.1,Management,1,2022
12000,Yes,No,Government Job,Shopkeeper,Diploma,Urban,50.3,SC/ST,0,2022
100000,Yes,No,Government Job,Nurse,Graduate,Semi-Urban,56.5,NRI,0,2022
75000,Yes,No,Government Job,Government Job,HighSchool,Urban,80.4,Merit,0,2023
25000,Yes,No,Doctor,Nurse,HighSchool,Urban,59.0,Merit,0,2022
100000,No,Yes,Daily Wage Worker,Factory Worker,Postgraduate,Semi-Urban,47.7,Merit,0,2024
60000,No,Yes,Driver,Teacher,Postgraduate,Urban,48.2,SC/ST,1,2023
12000,Yes,No,Farmer,Teacher,Graduate,Semi-Urban,59.7,Merit,1,2022
45000,Yes,No,Government Job,Nurse,HighSchool,Semi-Urban,48.5,Management,0,2023
8000,No,No,Doctor,Homemaker,Graduate,Urban,94.2,Merit,0,2022
35000,Yes,Yes,Driver,Teacher,Diploma,Urban,40.4,SC/ST,0,2023
25000,Yes,Yes,Doctor,Daily Wage Worker,Primary School,Rural,53.7,Merit,0,2022
3000,Yes,Yes,Doctor,Government Job,Primary School,Semi-Urban,94.8,Merit,0,2024
12000,Yes,Yes,Small Business,Homemaker,Postgraduate,Rural,87.6,Merit,0,2021
75000,Yes,Yes,Factory Worker,Daily Wage Worker,Primary School,Rural,94.6,OBC,0,2022
12000,No,Yes,Doctor,Government Job,HighSchool,Rural,91.8,Sports,1,2023
8000,Yes,Yes,Daily Wage Worker,Shopkeeper,Primary School,Semi-Urban,64.8,Merit,1,2023
8000,No,No,Engineer,Government Job,Graduate,Rural,45.5,Merit,1,2021
18000,No,Yes,Driver,Farmer,Graduate,Rural,89.1,NRI,1,2022
60000,Yes,No,Driver,Farmer,HighSchool,Rural,62.1,Sports,1,2023
45000,Yes,No,Small Business,Homemaker,Graduate,Urban,46.8,SC/ST,0,2023
18000,No,No,Factory Worker,Nurse,HighSchool,Urban,85.6,Management,1,2024
8000,Yes,No,Government Job,Homemaker,HighSchool,Rural,41.5,Merit,1,2021
5000,No,Yes,Factory Worker,Daily Wage Worker,HighSchool,Semi-Urban,52.8,Merit,1,2022
18000,No,No,Doctor,Farmer,Diploma,Semi-Urban,78.7,Management,0,2024
45000,Yes,No,Government Job,Shopkeeper,Postgraduate,Semi-Urban,54.2,SC/ST,0,2023
45000,Yes,Yes,Shopkeeper,Teacher,Graduate,Urban,43.9,SC/ST,0,2024
18000,No,No,Small Business,Daily Wage Worker,HighSchool,Semi-Urban,80.3,Merit,1,2022
25000,No,No,Government Job,Teacher,Postgraduate,Rural,57.9,Merit,0,2024
18000,Yes,No,Shopkeeper,Farmer,Graduate,Urban,94.1,Merit,0,2022
25000,No,No,Small Business,Shopkeeper,Diploma,Rural,43.7,Sports,1,2023
25000,Yes,Yes,Farmer,Daily Wage Worker,Postgraduate,Urban,60.6,Merit,0,2022
35000,No,No,Shopkeeper,Government Job,Graduate,Urban,93.0,Merit,0,2023
25000,Yes,Yes,Engineer,Daily Wage Worker,Graduate,Rural,44.7,Sports,0,2024
75000,No,No,Driver,Homemaker,HighSchool,Urban,91.7,Merit,0,2021
18000,No,Yes,Daily Wage Worker,Homemaker,Primary School,Urban,89.4,Management,1,2024
3000,No,No,Teacher,Farmer,Postgraduate,Urban,47.8,SC/ST,1,2022
12000,Yes,No,Farmer,Daily Wage Worker,Graduate,Rural,73.0,NRI,1,2023
25000,Yes,No,Engineer,Daily Wage Worker,Graduate,Rural,47.0,SC/ST,1,2021
25000,No,No,Small Business,Farmer,Graduate,Semi-Urban,94.7,NRI,0,2021
25000,No,Yes,Engineer,Farmer,Postgraduate,Semi-Urban,98.2,OBC,0,2024
35000,No,Yes,Government Job,Shopkeeper,HighSchool,Rural,60.5,SC/ST,1,2024
12000,Yes,No,Shopkeeper,Farmer,HighSchool,Rural,96.7,SC/ST,1,2023
35000,No,Yes,Teacher,Homemaker,HighSchool,Semi-Urban,56.2,OBC,1,2023
35000,Yes,No,Daily Wage Worker,Daily Wage Worker,Primary School,Rural,75.6,Merit,1,2021
18000,No,Yes,Engineer,Teacher,Diploma,Semi-Urban,54.2,Management,1,2023
18000,Yes,No,Factory Worker,Farmer,Diploma,Rural,41.2,Management,1,2023
8000,Yes,No,Engineer,Homemaker,Primary School,Semi-Urban,60.7,Merit,0,2024
18000,No,No,Teacher,Nurse,Graduate,Semi-Urban,66.0,Merit,0,2023
45000,No,No,Doctor,Homemaker,HighSchool,Rural,51.4,Management,1,2024
75000,Yes,Yes,Shopkeeper,Factory Worker,Diploma,Rural,70.5,SC/ST,0,2024
25000,No,No,Teacher,Daily Wage Worker,Diploma,Semi-Urban,94.9,Sports,0,2024
12000,Yes,No,Doctor,Nurse,HighSchool,Rural,88.0,Merit,0,2023
35000,Yes,Yes,Shopkeeper,Shopkeeper,Graduate,Rural,64.3,Merit,0,2024
45000,No,No,Small Business,Government Job,Diploma,Semi-Urban,64.8,Sports,0,2024
12000,Yes,No,Factory Worker,Farmer,Diploma,Semi-Urban,91.2,Management,1,2021
60000,No,Yes,Factory Worker,Shopkeeper,Diploma,Rural,73.7,Merit,1,2024
5000,Yes,No,Government Job,Government Job,No Formal Education,Urban,64.7,Sports,1,2023
3000,No,Yes,Shopkeeper,Nurse,Graduate,Urban,56.3,Management,1,2023
8000,No,No,Small Business,Teacher,Postgraduate,Urban,95.4,OBC,0,2023
8000,No,No,Shopkeeper,Nurse,Primary School,Semi-Urban,68.8,Merit,1,2021
60000,No,No,Daily Wage Worker,Nurse,HighSchool,Semi-Urban,59.2,Merit,1,2023
18000,No,No,Small Business,Government Job,Postgraduate,Urban,93.1,OBC,1,2022
12000,No,No,Government Job,Nurse,Graduate,Semi-Urban,80.1,Sports,0,2024
18000,Yes,No,Government Job,Farmer,HighSchool,Semi-Urban,92.2,Management,0,2024
18000,No,Yes,Engineer,Nurse,Graduate,Semi-Urban,57.7,Merit,0,2024
12000,No,No,Factory Worker,Teacher,Postgraduate,Rural,97.7,Merit,1,2024
8000,No,Yes,Engineer,Teacher,HighSchool,Urban,91.5,Merit,0,2024
35000,No,No,Doctor,Factory Worker,Graduate,Semi-Urban,77.5,Management,0,2021
8000,No,Yes,Farmer,Farmer,Graduate,Semi-Urban,97.5,Merit,1,2023
45000,No,No,Daily Wage Worker,Teacher,Primary School,Rural,65.9,NRI,1,2021
8000,Yes,Yes,Government Job,Nurse,Postgraduate,Semi-Urban,69.6,SC/ST,0,2022
45000,Yes,No,Farmer,Homemaker,Postgraduate,Semi-Urban,75.2,Sports,0,2024
45000,Yes,No,Farmer,Nurse,Graduate,Semi-Urban,86.1,Merit,0,2023
8000,No,No,Daily Wage Worker,Daily Wage Worker,Diploma,Rural,81.4,Sports,1,2021
5000,Yes,Yes,Small Business,Teacher,Graduate,Rural,94.1,Merit,0,2024
75000,Yes,Yes,Farmer,Factory Worker,Graduate,Rural,67.7,OBC,0,2023
18000,Yes,Yes,Farmer,Daily Wage Worker,Primary School,Semi-Urban,73.5,SC/ST,1,2024
35000,No,No,Government Job,Farmer,HighSchool,Semi-Urban,64.5,Merit,0,2024
3000,No,No,Small Business,Government Job,Primary School,Rural,86.6,Sports,1,2022
12000,No,No,Shopkeeper,Government Job,HighSchool,Rural,82.4,Management,1,2023
25000,No,Yes,Teacher,Government Job,Graduate,Urban,96.3,SC/ST,0,2023
60000,Yes,No,Teacher,Factory Worker,Postgraduate,Rural,97.1,SC/ST,0,2021
12000,No,Yes,Teacher,Shopkeeper,HighSchool,Semi-Urban,73.0,Management,1,2023
45000,No,Yes,Daily Wage Worker,Daily Wage Worker,Graduate,Semi-Urban,42.3,Merit,1,2024
35000,No,No,Engineer,Homemaker,Graduate,Semi-Urban,74.6,Merit,0,2024
8000,No,Yes,Teacher,Daily Wage Worker,Diploma,Rural,78.3,Merit,0,2021
12000,No,No,Shopkeeper,Daily Wage Worker,Graduate,Urban,44.0,Sports,1,2024
12000,No,No,Engineer,Daily Wage Worker,Primary School,Rural,50.7,Management,1,2024
18000,No,No,Small Business,Factory Worker,Primary School,Semi-Urban,91.2,Merit,1,2021
35000,No,No,Factory Worker,Government Job,HighSchool,Rural,65.5,Merit,1,2021
18000,Yes,No,Farmer,Factory Worker,Postgraduate,Semi-Urban,94.5,Merit,0,2024
12000,Yes,Yes,Driver,Shopkeeper,Postgraduate,Semi-Urban,59.0,Management,1,2021
35000,Yes,Yes,Government Job,Daily Wage Worker,Graduate,Urban,97.9,Merit,0,2021
25000,Yes,No,Daily Wage Worker,Daily Wage Worker,Graduate,Rural,79.8,OBC,1,2021
25000,No,Yes,Government Job,Farmer,Graduate,Rural,84.2,Merit,0,2024
25000,Yes,Yes,Shopkeeper,Homemaker,Diploma,Rural,75.4,Management,1,2023
12000,Yes,No,Engineer,Homemaker,HighSchool,Semi-Urban,72.1,Sports,0,2022
35000,No,No,Daily Wage Worker,Government Job,No Formal Education,Rural,82.9,OBC,1,2023
18000,No,Yes,Government Job,Teacher,No Formal Education,Urban,51.8,Merit,1,2021
18000,Yes,No,Factory Worker,Daily Wage Worker,Postgraduate,Rural,68.8,OBC,1,2023
8000,No,No,Daily Wage Worker,Shopkeeper,Graduate,Urban,96.1,Sports,1,2021
25000,Yes,Yes,Shopkeeper,Shopkeeper,Graduate,Semi-Urban,92.8,Management,0,2022
35000,No,Yes,Factory Worker,Government Job,Postgraduate,Semi-Urban,95.0,Merit,1,2022
12000,No,Yes,Factory Worker,Shopkeeper,Graduate,Urban,87.3,Merit,1,2024
60000,Yes,Yes,Factory Worker,Nurse,Graduate,Rural,86.3,SC/ST,1,2023
60000,Yes,No,Farmer,Daily Wage Worker,Graduate,Semi-Urban,94.6,OBC,0,2021
5000,Yes,Yes,Driver,Teacher,Primary School,Rural,85.1,Merit,1,2022
35000,Yes,Yes,Small Business,Homemaker,HighSchool,Rural,45.3,Management,1,2022
18000,Yes,No,Farmer,Factory Worker,Diploma,Semi-Urban,74.0,Management,0,2024
100000,No,No,Daily Wage Worker,Nurse,Primary School,Rural,42.3,OBC,1,2021
12000,Yes,No,Farmer,Farmer,Graduate,Semi-Urban,50.5,Merit,1,2024
12000,No,Yes,Farmer,Farmer,Graduate,Semi-Urban,80.0,Management,1,2022
18000,No,Yes,Driver,Homemaker,Graduate,Urban,94.4,SC/ST,1,2022
12000,Yes,Yes,Daily Wage Worker,Government Job,HighSchool,Urban,40.8,SC/ST,1,2024
35000,No,No,Teacher,Farmer,HighSchool,Rural,84.6,Merit,0,2021
25000,Yes,Yes,Daily Wage Worker,Shopkeeper,Postgraduate,Urban,67.0,OBC,0,2022
12000,No,No,Shopkeeper,Shopkeeper,Postgraduate,Rural,88.5,Merit,1,2023
25000,No,Yes,Doctor,Factory Worker,HighSchool,Semi-Urban,77.4,SC/ST,1,2022
60000,No,No,Doctor,Nurse,Postgraduate,Urban,74.7,Merit,0,2023
45000,Yes,Yes,Daily Wage Worker,Farmer,Postgraduate,Rural,65.1,Merit,1,2022
25000,Yes,No,Driver,Farmer,HighSchool,Urban,60.5,Sports,0,2021
12000,No,No,Engineer,Teacher,HighSchool,Rural,69.7,NRI,1,2024
8000,No,No,Farmer,Factory Worker,Postgraduate,Urban,79.7,Merit,0,2024
60000,No,Yes,Factory Worker,Farmer,Graduate,Semi-Urban,62.3,Merit,0,2023
35000,No,No,Shopkeeper,Homemaker,Graduate,Rural,68.8,SC/ST,1,2023
25000,Yes,Yes,Daily Wage Worker,Shopkeeper,Postgraduate,Rural,75.2,SC/ST,1,2022
60000,Yes,No,Small Business,Daily Wage Worker,Postgraduate,Semi-Urban,40.2,SC/ST,0,2023
8000,No,No,Teacher,Shopkeeper,Primary School,Urban,52.6,SC/ST,1,2022
35000,No,No,Daily Wage Worker,Farmer,Diploma,Urban,50.9,Merit,1,2022
12000,Yes,No,Factory Worker,Nurse,Postgraduate,Semi-Urban,91.5,Merit,0,2023
8000,No,No,Teacher,Farmer,Primary School,Semi-Urban,93.1,Merit,0,2023
18000,No,No,Doctor,Government Job,Primary School,Semi-Urban,50.6,Merit,1,2024
18000,Yes,No,Government Job,Homemaker,Postgraduate,Rural,81.2,OBC,0,2021
75000,No,Yes,Engineer,Factory Worker,Graduate,Rural,64.6,Merit,0,2022
12000,No,No,Daily Wage Worker,Homemaker,HighSchool,Rural,72.3,Merit,1,2022
45000,No,No,Factory Worker,Daily Wage Worker,HighSchool,Urban,64.2,Merit,0,2021
45000,Yes,Yes,Teacher,Nurse,Graduate,Semi-Urban,67.6,Management,0,2022
35000,No,No,Doctor,Government Job,HighSchool,Rural,80.7,Merit,0,2022
75000,Yes,No,Factory Worker,Government Job,Primary School,Urban,57.1,Merit,0,2024
18000,No,No,Doctor,Homemaker,Postgraduate,Semi-Urban,41.2,NRI,0,2021
18000,No,No,Engineer,Daily Wage Worker,Graduate,Rural,69.7,OBC,1,2024
8000,Yes,No,Driver,Nurse,Diploma,Semi-Urban,45.8,Merit,0,2023
12000,No,No,Shopkeeper,Shopkeeper,Graduate,Urban,96.5,Merit,0,2024
60000,No,No,Driver,Teacher,Diploma,Urban,60.2,SC/ST,1,2021
18000,No,Yes,Doctor,Government Job,HighSchool,Semi-Urban,41.2,Sports,0,2024
12000,Yes,Yes,Government Job,Government Job,Postgraduate,Urban,68.3,SC/ST,0,2022
12000,No,No,Farmer,Factory Worker,Diploma,Semi-Urban,59.0,Merit,1,2021
25000,Yes,No,Engineer,Factory Worker,Graduate,Urban,80.5,Merit,0,2021
35000,No,No,Driver,Government Job,Diploma,Urban,81.6,Management,1,2021
12000,No,No,Driver,Daily Wage Worker,Diploma,Rural,81.2,Management,1,2021
45000,No,Yes,Farmer,Shopkeeper,HighSchool,Semi-Urban,63.1,OBC,1,2023
35000,No,No,Doctor,Homemaker,Diploma,Rural,90.6,Merit,0,2022
45000,Yes,No,Teacher,Nurse,Graduate,Urban,42.8,Merit,0,2022
12000,No,Yes,Teacher,Shopkeeper,Graduate,Rural,67.7,Merit,1,2024
35000,Yes,Yes,Driver,Factory Worker,Graduate,Semi-Urban,95.9,Merit,0,2023
8000,No,No,Daily Wage Worker,Government Job,No Formal Education,Urban,64.7,Management,1,2023
18000,No,Yes,Engineer,Shopkeeper,Diploma,Semi-Urban,98.0,SC/ST,1,2022
45000,No,Yes,Daily Wage Worker,Homemaker,HighSchool,Rural,82.0,Merit,1,2024
35000,Yes,Yes,Factory Worker,Farmer,Graduate,Rural,64.1,Management,1,2023
8000,No,No,Doctor,Teacher,Postgraduate,Urban,80.3,SC/ST,0,2022
60000,Yes,Yes,Engineer,Farmer,Graduate,Urban,95.9,Sports,0,2024
5000,Yes,No,Driver,Daily Wage Worker,HighSchool,Urban,90.1,Management,0,2021
25000,Yes,No,Driver,Teacher,Graduate,Rural,51.5,Merit,1,2024
100000,No,No,Government Job,Teacher,Primary School,Semi-Urban,88.1,Merit,0,2021
25000,Yes,No,Driver,Factory Worker,Primary School,Semi-Urban,53.4,Management,1,2023
45000,No,No,Shopkeeper,Farmer,HighSchool,Urban,45.9,Merit,0,2021
25000,No,No,Daily Wage Worker,Nurse,Diploma,Semi-Urban,63.8,SC/ST,1,2024
45000,No,No,Factory Worker,Teacher,Diploma,Rural,74.9,Merit,1,2023
35000,Yes,Yes,Farmer,Nurse,Diploma,Semi-Urban,58.4,Management,1,2024
35000,No,No,Factory Worker,Government Job,Graduate,Urban,90.0,NRI,0,2022
12000,Yes,No,Teacher,Nurse,Primary School,Rural,59.2,OBC,1,2024
45000,Yes,Yes,Driver,Teacher,Diploma,Semi-Urban,47.1,Merit,0,2024
12000,No,No,Doctor,Shopkeeper,HighSchool,Rural,69.4,Merit,1,2024
100000,No,Yes,Small Business,Factory Worker,HighSchool,Urban,77.4,Management,0,2023
12000,Yes,No,Teacher,Homemaker,Diploma,Semi-Urban,56.3,Sports,0,2024
12000,No,Yes,Government Job,Farmer,Primary School,Semi-Urban,92.8,Sports,1,2022
60000,No,No,Daily Wage Worker,Nurse,Diploma,Semi-Urban,43.6,SC/ST,1,2023
12000,No,No,Farmer,Government Job,Graduate,Urban,75.2,Management,1,2023
18000,Yes,Yes,Driver,Factory Worker,HighSchool,Urban,89.7,Merit,0,2024
35000,No,No,Government Job,Nurse,Graduate,Rural,87.8,Merit,0,2022
8000,No,No,Farmer,Shopkeeper,HighSchool,Rural,78.4,Management,1,2023
8000,No,No,Daily Wage Worker,Teacher,Graduate,Urban,42.5,Merit,1,2021
25000,No,Yes,Daily Wage Worker,Nurse,HighSchool,Semi-Urban,44.8,Merit,1,2021
12000,Yes,No,Factory Worker,Homemaker,Postgraduate,Semi-Urban,68.4,Sports,0,2023
12000,No,Yes,Farmer,Teacher,Primary School,Semi-Urban,95.8,SC/ST,1,2021
3000,Yes,Yes,Driver,Government Job,Postgraduate,Urban,44.6,Management,1,2023
18000,Yes,No,Doctor,Daily Wage Worker,HighSchool,Urban,90.3,Management,0,2023
12000,No,Yes,Small Business,Shopkeeper,Graduate,Semi-Urban,88.0,Sports,1,2023
3000,Yes,Yes,Shopkeeper,Farmer,HighSchool,Rural,96.3,SC/ST,1,2023
35000,Yes,No,Engineer,Teacher,Primary School,Urban,48.9,Management,0,2021
35000,Yes,No,Government Job,Government Job,No Formal Education,Semi-Urban,46.2,OBC,1,2022
5000,Yes,No,Teacher,Government Job,Primary School,Rural,62.4,Merit,0,2023
12000,No,Yes,Teacher,Nurse,Diploma,Urban,70.6,SC/ST,1,2024
60000,Yes,No,Factory Worker,Nurse,Graduate,Urban,90.6,NRI,0,2022
25000,No,No,Teacher,Daily Wage Worker,Diploma,Semi-Urban,94.3,SC/ST,0,2024
18000,Yes,Yes,Shopkeeper,Factory Worker,Graduate,Urban,58.9,Merit,0,2024
18000,No,Yes,Engineer,Nurse,Primary School,Rural,88.6,Merit,1,2023
8000,Yes,No,Small Business,Factory Worker,Graduate,Semi-Urban,89.4,Merit,0,2022
45000,Yes,Yes,Farmer,Factory Worker,Graduate,Rural,64.3,Merit,1,2024
75000,Yes,Yes,Small Business,Shopkeeper,HighSchool,Urban,67.0,Management,0,2024
75000,No,No,Factory Worker,Nurse,Graduate,Rural,92.0,SC/ST,1,2023
12000,Yes,No,Driver,Nurse,HighSchool,Rural,91.7,Management,1,2023
12000,Yes,Yes,Small Business,Shopkeeper,Diploma,Rural,96.7,Merit,0,2023
8000,Yes,No,Daily Wage Worker,Shopkeeper,Graduate,Semi-Urban,76.1,Management,1,2024
12000,Yes,Yes,Factory Worker,Daily Wage Worker,Graduate,Rural,68.7,SC/ST,1,2022
12000,Yes,No,Factory Worker,Teacher,Diploma,Semi-Urban,88.8,Merit,0,2022
35000,Yes,Yes,Daily Wage Worker,Nurse,HighSchool,Urban,44.8,Merit,1,2023
8000,No,Yes,Farmer,Nurse,Graduate,Rural,91.5,Merit,1,2023
75000,No,No,Government Job,Government Job,Diploma,Urban,52.8,Management,0,2021
5000,Yes,No,Engineer,Homemaker,Postgraduate,Urban,67.7,OBC,0,2022
3000,Yes,Yes,Farmer,Daily Wage Worker,Graduate,Rural,80.5,Merit,1,2023
60000,No,Yes,Doctor,Factory Worker,Primary School,Rural,41.6,SC/ST,1,2024
35000,No,No,Engineer,Daily Wage Worker,Diploma,Semi-Urban,63.0,Sports,0,2021
18000,No,No,Factory Worker,Teacher,Graduate,Rural,57.3,Management,1,2021
25000,Yes,No,Shopkeeper,Homemaker,Graduate,Semi-Urban,44.0,SC/ST,0,2022
12000,Yes,No,Farmer,Daily Wage Worker,HighSchool,Semi-Urban,49.9,Management,1,2022
8000,Yes,No,Engineer,Farmer,Graduate,Semi-Urban,49.4,Sports,0,2024
18000,No,No,Driver,Teacher,Graduate,Urban,84.3,Merit,0,2023
18000,No,No,Daily Wage Worker,Farmer,Primary School,Urban,63.9,Merit,1,2022
35000,Yes,Yes,Driver,Farmer,No Formal Education,Semi-Urban,42.7,Merit,1,2021
12000,No,Yes,Government Job,Nurse,Graduate,Rural,53.1,Sports,1,2021
35000,No,Yes,Factory Worker,Teacher,Graduate,Rural,82.7,Merit,1,2024
45000,No,Yes,Teacher,Factory Worker,HighSchool,Semi-Urban,53.2,OBC,1,2023
8000,Yes,No,Shopkeeper,Shopkeeper,HighSchool,Urban,65.8,OBC,0,2024
5000,No,No,Farmer,Farmer,HighSchool,Urban,78.8,OBC,1,2022
18000,No,No,Driver,Teacher,Diploma,Semi-Urban,96.7,Management,1,2021
45000,No,No,Doctor,Nurse,Graduate,Semi-Urban,43.6,SC/ST,0,2023
35000,Yes,Yes,Factory Worker,Nurse,HighSchool,Urban,53.1,Merit,0,2024
35000,No,Yes,Factory Worker,Shopkeeper,Graduate,Rural,53.1,Merit,1,2021
18000,No,Yes,Doctor,Shopkeeper,HighSchool,Rural,92.1,Management,1,2023
12000,No,No,Engineer,Nurse,Graduate,Urban,72.5,Sports,0,2022
25000,No,No,Driver,Factory Worker,Postgraduate,Urban,84.3,Merit,0,2023
8000,Yes,Yes,Doctor,Farmer,HighSchool,Rural,67.1,OBC,1,2023
45000,Yes,No,Shopkeeper,Teacher,Postgraduate,Semi-Urban,67.9,Management,0,2022
8000,No,No,Teacher,Factory Worker,Graduate,Urban,97.5,SC/ST,0,2022
12000,Yes,Yes,Teacher,Teacher,Postgraduate,Rural,49.7,SC/ST,0,2023
25000,No,Yes,Doctor,Daily Wage Worker,HighSchool,Rural,63.4,Merit,1,2023
25000,Yes,No,Small Business,Daily Wage Worker,Postgraduate,Rural,98.2,Merit,0,2022
35000,No,No,Factory Worker,Nurse,Diploma,Semi-Urban,55.4,Merit,1,2022
18000,No,Yes,Small Business,Government Job,HighSchool,Rural,46.5,Merit,1,2021
75000,Yes,Yes,Teacher,Farmer,Postgraduate,Rural,57.5,NRI,0,2022
60000,Yes,No,Factory Worker,Farmer,Postgraduate,Rural,89.3,SC/ST,0,2023
60000,Yes,Yes,Engineer,Shopkeeper,Primary School,Urban,98.7,SC/ST,0,2024
35000,Yes,No,Shopkeeper,Daily Wage Worker,Diploma,Urban,76.8,OBC,0,2024
35000,Yes,Yes,Farmer,Homemaker,Postgraduate,Urban,98.4,SC/ST,0,2023
35000,Yes,No,Small Business,Factory Worker,Diploma,Rural,50.5,Merit,1,2021
18000,No,Yes,Government Job,Teacher,Diploma,Urban,77.1,Sports,1,2021
12000,No,Yes,Shopkeeper,Homemaker,HighSchool,Urban,75.0,Sports,1,2023
25000,Yes,No,Doctor,Government Job,Diploma,Rural,47.8,Merit,0,2021
3000,Yes,No,Small Business,Farmer,Diploma,Urban,76.3,Sports,0,2022
3000,Yes,Yes,Shopkeeper,Homemaker,Graduate,Semi-Urban,71.6,Sports,0,2022
60000,No,No,Engineer,Nurse,Diploma,Rural,84.6,SC/ST,0,2022
5000,No,Yes,Small Business,Government Job,Graduate,Semi-Urban,89.0,SC/ST,1,2023
25000,No,No,Shopkeeper,Factory Worker,Primary School,Semi-Urban,53.2,Management,1,2022
35000,Yes,No,Farmer,Government Job,Graduate,Urban,46.5,Merit,0,2023
8000,No,Yes,Shopkeeper,Shopkeeper,No Formal Education,Rural,94.5,Management,1,2021
60000,Yes,No,Daily Wage Worker,Government Job,Graduate,Urban,83.7,Management,0,2024
8000,No,Yes,Doctor,Nurse,Graduate,Urban,61.4,SC/ST,0,2024
60000,No,No,Doctor,Homemaker,Graduate,Rural,71.7,Merit,0,2021
45000,Yes,No,Shopkeeper,Homemaker,Primary School,Semi-Urban,88.5,Merit,0,2023
12000,No,No,Shopkeeper,Shopkeeper,Postgraduate,Semi-Urban,49.6,Merit,0,2024
8000,Yes,No,Driver,Government Job,Primary School,Rural,40.1,Management,1,2023
12000,No,Yes,Shopkeeper,Daily Wage Worker,Primary School,Semi-Urban,72.2,OBC,1,2024
18000,No,No,Driver,Farmer,Graduate,Urban,45.5,OBC,1,2023
12000,Yes,No,Doctor,Nurse,HighSchool,Urban,96.8,Management,0,2021
100000,Yes,Yes,Driver,Homemaker,Diploma,Semi-Urban,52.0,NRI,0,2021
12000,No,No,Factory Worker,Daily Wage Worker,Postgraduate,Rural,83.4,NRI,1,2023
60000,No,No,Government Job,Farmer,HighSchool,Semi-Urban,82.0,NRI,0,2022
8000,Yes,Yes,Driver,Government Job,Graduate,Urban,49.8,Merit,0,2024
100000,Yes,Yes,Daily Wage Worker,Teacher,Graduate,Urban,41.5,Management,0,2024
12000,Yes,No,Farmer,Shopkeeper,Diploma,Urban,53.6,Management,1,2021
18000,Yes,Yes,Farmer,Teacher,Diploma,Rural,71.9,SC/ST,1,2023
25000,No,No,Doctor,Homemaker,Diploma,Urban,47.5,Merit,0,2023
8000,Yes,No,Daily Wage Worker,Nurse,Graduate,Urban,95.5,NRI,0,2022
45000,Yes,No,Small Business,Nurse,Graduate,Rural,86.2,Merit,0,2024
12000,Yes,Yes,Small Business,Homemaker,HighSchool,Urban,53.2,SC/ST,1,2021
25000,Yes,No,Small Business,Daily Wage Worker,Graduate,Rural,46.7,SC/ST,1,2022
25000,Yes,Yes,Daily Wage Worker,Shopkeeper,Diploma,Semi-Urban,44.0,Merit,1,2021
35000,Yes,No,Small Business,Farmer,Graduate,Rural,88.4,SC/ST,1,2021
5000,No,No,Small Business,Factory Worker,No Formal Education,Urban,92.0,Merit,1,2024
8000,No,Yes,Factory Worker,Shopkeeper,HighSchool,Rural,71.0,Management,1,2024
8000,Yes,Yes,Doctor,Homemaker,HighSchool,Urban,73.3,OBC,0,2023
12000,No,No,Government Job,Teacher,Graduate,Rural,64.9,SC/ST,1,2021
8000,No,No,Farmer,Teacher,HighSchool,Rural,87.1,SC/ST,1,2022
75000,No,Yes,Doctor,Factory Worker,Diploma,Rural,91.5,Merit,0,2021
25000,Yes,No,Government Job,Homemaker,Postgraduate,Semi-Urban,58.5,SC/ST,0,2024
35000,Yes,No,Teacher,Government Job,No Formal Education,Semi-Urban,93.1,Merit,0,2023
18000,Yes,No,Small Business,Shopkeeper,Diploma,Semi-Urban,54.3,Merit,0,2021
12000,No,Yes,Shopkeeper,Teacher,Primary School,Semi-Urban,53.0,Merit,1,2024
25000,No,No,Daily Wage Worker,Nurse,Graduate,Urban,90.2,SC/ST,1,2024
12000,No,No,Driver,Daily Wage Worker,HighSchool,Semi-Urban,70.7,Merit,1,2023
12000,Yes,No,Teacher,Factory Worker,Postgraduate,Semi-Urban,43.1,Management,0,2023
18000,No,No,Teacher,Government Job,HighSchool,Semi-Urban,46.0,Merit,0,2021
25000,Yes,No,Driver,Teacher,Postgraduate,Urban,57.0,Merit,0,2024
100000,Yes,No,Engineer,Factory Worker,No Formal Education,Rural,50.5,Merit,0,2021
12000,Yes,Yes,Factory Worker,Daily Wage Worker,Graduate,Rural,98.8,SC/ST,1,2024
25000,Yes,No,Doctor,Government Job,HighSchool,Semi-Urban,82.3,Management,0,2021
8000,Yes,No,Teacher,Homemaker,HighSchool,Semi-Urban,65.9,SC/ST,1,2022
12000,Yes,Yes,Doctor,Shopkeeper,Postgraduate,Rural,87.6,Merit,0,2024
35000,No,No,Shopkeeper,Teacher,HighSchool,Urban,57.3,Merit,0,2021
8000,No,No,Government Job,Nurse,Graduate,Rural,41.7,Merit,0,2022
25000,No,No,Factory Worker,Shopkeeper,Graduate,Semi-Urban,61.5,Merit,0,2024
18000,No,No,Farmer,Nurse,Diploma,Rural,61.1,OBC,1,2021
5000,Yes,Yes,Daily Wage Worker,Factory Worker,Primary School,Urban,48.3,Merit,1,2024
75000,No,Yes,Factory Worker,Factory Worker,Postgraduate,Rural,77.2,OBC,1,2022
18000,Yes,Yes,Small Business,Daily Wage Worker,Graduate,Rural,62.8,Merit,1,2021
45000,No,No,Daily Wage Worker,Shopkeeper,Postgraduate,Rural,57.6,Management,1,2024
18000,Yes,Yes,Teacher,Farmer,Graduate,Rural,75.7,Management,0,2023
75000,No,No,Teacher,Daily Wage Worker,Graduate,Rural,82.6,Merit,0,2023
12000,No,No,Teacher,Government Job,Graduate,Rural,98.5,OBC,0,2022
18000,No,No,Engineer,Shopkeeper,No Formal Education,Semi-Urban,92.2,NRI,0,2024
45000,Yes,No,Driver,Farmer,Postgraduate,Semi-Urban,40.9,SC/ST,1,2023
12000,No,No,Daily Wage Worker,Homemaker,Graduate,Semi-Urban,49.0,Merit,1,2023
18000,Yes,No,Farmer,Farmer,Graduate,Rural,72.2,Merit,0,2024
100000,Yes,Yes,Government Job,Daily Wage Worker,Postgraduate,Semi-Urban,67.3,SC/ST,0,2022
25000,Yes,Yes,Shopkeeper,Farmer,HighSchool,Urban,91.5,Merit,0,2023
35000,Yes,Yes,Factory Worker,Nurse,HighSchool,Rural,88.1,Management,1,2021
35000,Yes,No,Doctor,Government Job,Primary School,Urban,71.2,Merit,0,2024
60000,Yes,No,Shopkeeper,Daily Wage Worker,Graduate,Rural,96.0,SC/ST,0,2022
60000,No,Yes,Shopkeeper,Teacher,Diploma,Rural,61.2,Merit,0,2021
25000,Yes,No,Farmer,Nurse,Primary School,Urban,78.5,Merit,0,2022
12000,No,No,Doctor,Daily Wage Worker,Graduate,Semi-Urban,81.1,SC/ST,1,2022
3000,Yes,No,Shopkeeper,Nurse,HighSchool,Semi-Urban,70.0,Merit,0,2021
35000,No,No,Farmer,Daily Wage Worker,Diploma,Semi-Urban,52.7,Merit,1,2022
60000,No,No,Farmer,Homemaker,HighSchool,Urban,49.1,SC/ST,1,2022
18000,Yes,Yes,Government Job,Shopkeeper,HighSchool,Urban,49.5,Sports,1,2022
8000,No,Yes,Shopkeeper,Farmer,Diploma,Rural,62.9,Merit,1,2024
12000,No,Yes,Small Business,Factory Worker,HighSchool,Rural,79.6,Merit,1,2022
25000,No,No,Teacher,Shopkeeper,Diploma,Urban,58.3,Management,0,2024
60000,Yes,No,Small Business,Shopkeeper,Diploma,Rural,90.8,Merit,0,2021
8000,No,Yes,Factory Worker,Nurse,Postgraduate,Rural,75.2,Merit,1,2024
35000,No,No,Driver,Government Job,HighSchool,Rural,66.8,OBC,1,2023
45000,Yes,No,Daily Wage Worker,Homemaker,HighSchool,Semi-Urban,59.0,OBC,1,2024
75000,Yes,Yes,Government Job,Daily Wage Worker,Graduate,Semi-Urban,46.7,Management,0,2022
8000,No,No,Doctor,Government Job,HighSchool,Rural,72.5,OBC,1,2024
75000,No,No,Farmer,Nurse,Diploma,Rural,62.3,Merit,0,2023
35000,No,No,Teacher,Teacher,Graduate,Semi-Urban,96.8,Merit,0,2022
45000,Yes,No,Government Job,Daily Wage Worker,No Formal Education,Semi-Urban,83.8,OBC,0,2022
5000,No,No,Daily Wage Worker,Factory Worker,Postgraduate,Urban,48.0,Merit,1,2021
25000,No,No,Teacher,Homemaker,Diploma,Urban,72.8,Management,0,2021
35000,No,No,Daily Wage Worker,Farmer,Graduate,Rural,91.6,Management,1,2022
12000,Yes,Yes,Small Business,Homemaker,Postgraduate,Semi-Urban,95.4,Merit,0,2023
18000,No,Yes,Farmer,Teacher,Postgraduate,Urban,95.0,OBC,1,2023
25000,Yes,Yes,Daily Wage Worker,Farmer,HighSchool,Semi-Urban,88.2,Management,1,2023
25000,No,Yes,Engineer,Farmer,Diploma,Urban,56.4,Merit,0,2022
5000,Yes,No,Driver,Government Job,Diploma,Urban,77.3,Sports,0,2024
18000,Yes,No,Government Job,Homemaker,Diploma,Rural,81.9,Merit,0,2024
12000,No,No,Small Business,Factory Worker,Graduate,Rural,89.2,OBC,1,2022
75000,No,No,Driver,Factory Worker,HighSchool,Rural,92.3,Merit,0,2023
100000,No,Yes,Shopkeeper,Government Job,Diploma,Rural,71.3,Merit,0,2023
12000,Yes,No,Government Job,Homemaker,Graduate,Urban,59.1,Sports,0,2021
8000,No,Yes,Daily Wage Worker,Nurse,HighSchool,Rural,71.0,Sports,1,2024
12000,Yes,No,Factory Worker,Farmer,Graduate,Urban,94.4,Management,0,2024
18000,No,No,Teacher,Farmer,Primary School,Semi-Urban,71.0,SC/ST,1,2023
60000,Yes,Yes,Shopkeeper,Nurse,Graduate,Urban,48.3,Merit,0,2021
25000,Yes,No,Teacher,Farmer,Primary School,Semi-Urban,65.7,Management,0,2021
5000,No,Yes,Shopkeeper,Shopkeeper,Graduate,Rural,84.9,Management,1,2023
3000,No,Yes,Farmer,Daily Wage Worker,HighSchool,Rural,97.4,Merit,1,2022
12000,Yes,Yes,Farmer,Nurse,Graduate,Urban,64.9,Management,1,2021
60000,No,Yes,Teacher,Daily Wage Worker,Graduate,Rural,87.0,Sports,0,2022
35000,Yes,No,Factory Worker,Nurse,Diploma,Urban,56.1,Merit,0,2021
25000,Yes,No,Government Job,Daily Wage Worker,Graduate,Rural,61.5,Merit,0,2021
12000,No,Yes,Engineer,Homemaker,Postgraduate,Semi-Urban,57.6,SC/ST,1,2023
75000,No,No,Government Job,Government Job,Primary School,Semi-Urban,80.0,Merit,0,2022
12000,No,Yes,Daily Wage Worker,Shopkeeper,Graduate,Semi-Urban,94.1,Merit,1,2021
60000,No,No,Driver,Daily Wage Worker,Diploma,Urban,88.3,NRI,0,2023
60000,Yes,No,Shopkeeper,Farmer,Graduate,Rural,75.0,Merit,0,2021
25000,Yes,No,Shopkeeper,Nurse,Postgraduate,Urban,71.6,Merit,0,2022
60000,No,Yes,Doctor,Farmer,Graduate,Semi-Urban,90.2,Sports,0,2021
12000,Yes,No,Farmer,Teacher,Primary School,Semi-Urban,95.3,SC/ST,1,2021
35000,No,No,Engineer,Nurse,Diploma,Urban,86.0,Merit,0,2024
5000,Yes,No,Teacher,Factory Worker,Diploma,Urban,78.7,OBC,0,2024
18000,Yes,No,Farmer,Daily Wage Worker,Primary School,Rural,87.0,OBC,1,2023
12000,No,No,Farmer,Farmer,Graduate,Rural,68.7,Merit,1,2022
5000,Yes,Yes,Shopkeeper,Nurse,Graduate,Urban,65.0,Sports,0,2022
3000,Yes,No,Daily Wage Worker,Nurse,Graduate,Semi-Urban,96.8,Merit,0,2022
12000,No,No,Doctor,Nurse,Primary School,Semi-Urban,72.6,Sports,1,2023
25000,No,No,Farmer,Nurse,Graduate,Rural,73.9,Merit,1,2021
18000,Yes,No,Daily Wage Worker,Farmer,HighSchool,Semi-Urban,46.9,Management,1,2022
12000,No,Yes,Teacher,Homemaker,HighSchool,Rural,70.4,Management,1,2024
100000,No,Yes,Farmer,Homemaker,Diploma,Rural,62.3,Merit,1,2022
75000,No,Yes,Factory Worker,Homemaker,Graduate,Semi-Urban,56.5,Management,1,2021
8000,Yes,Yes,Driver,Factory Worker,Diploma,Rural,96.9,SC/ST,1,2022
18000,No,No,Doctor,Government Job,Postgraduate,Semi-Urban,94.8,Merit,0,2023
35000,No,Yes,Farmer,Factory Worker,Primary School,Semi-Urban,97.7,Management,1,2023
45000,No,No,Shopkeeper,Factory Worker,Diploma,Urban,60.6,SC/ST,0,2024
18000,No,Yes,Government Job,Teacher,HighSchool,Rural,78.4,NRI,1,2021
45000,Yes,Yes,Factory Worker,Homemaker,No Formal Education,Rural,58.2,Management,1,2021
8000,No,No,Farmer,Farmer,HighSchool,Urban,66.2,Merit,1,2023
12000,Yes,No,Farmer,Government Job,Graduate,Semi-Urban,55.7,SC/ST,1,2022
35000,No,No,Teacher,Teacher,Diploma,Rural,74.5,Management,0,2024
35000,Yes,No,Small Business,Farmer,Diploma,Urban,57.0,Management,0,2024
60000,No,No,Doctor,Government Job,Diploma,Semi-Urban,57.3,Sports,0,2023
5000,Yes,Yes,Doctor,Teacher,HighSchool,Rural,64.9,Merit,0,2022
8000,No,No,Farmer,Government Job,Primary School,Urban,41.4,OBC,1,2023
5000,Yes,No,Government Job,Factory Worker,Graduate,Rural,93.0,Merit,0,2023
8000,No,No,Farmer,Teacher,Graduate,Semi-Urban,53.1,Sports,1,2024
3000,No,No,Daily Wage Worker,Factory Worker,Graduate,Urban,77.2,Merit,1,2024
25000,Yes,No,Shopkeeper,Shopkeeper,HighSchool,Rural,44.0,SC/ST,1,2021
25000,No,No,Daily Wage Worker,Homemaker,Diploma,Semi-Urban,62.5,Sports,1,2024
35000,No,No,Driver,Homemaker,Diploma,Rural,42.6,Merit,1,2021
18000,Yes,No,Engineer,Shopkeeper,Graduate,Urban,98.9,Management,0,2022
3000,Yes,No,Small Business,Daily Wage Worker,HighSchool,Rural,91.3,Merit,0,2022
35000,Yes,No,Doctor,Daily Wage Worker,Primary School,Urban,90.3,SC/ST,0,2024
5000,Yes,Yes,Shopkeeper,Government Job,Postgraduate,Rural,52.2,Merit,1,2024
60000,No,Yes,Teacher,Government Job,Primary School,Urban,73.6,OBC,1,2022
3000,No,No,Daily Wage Worker,Factory Worker,Postgraduate,Urban,91.2,Merit,1,2023
25000,Yes,Yes,Factory Worker,Factory Worker,Graduate,Rural,62.4,Management,1,2024
60000,No,Yes,Factory Worker,Factory Worker,Diploma,Semi-Urban,42.1,Merit,1,2024
25000,No,No,Shopkeeper,Homemaker,HighSchool,Rural,64.8,Merit,1,2024
35000,No,No,Small Business,Farmer,Postgraduate,Rural,92.6,Merit,0,2024
35000,No,No,Driver,Factory Worker,HighSchool,Rural,46.6,Merit,1,2023
8000,No,No,Government Job,Shopkeeper,Diploma,Urban,45.2,Merit,0,2021
35000,No,Yes,Government Job,Factory Worker,No Formal Education,Rural,75.3,Management,1,2023
60000,Yes,Yes,Teacher,Farmer,No Formal Education,Semi-Urban,53.4,Merit,0,2023
100000,Yes,No,Doctor,Nurse,Graduate,Urban,62.9,SC/ST,0,2023
18000,Yes,No,Small Business,Government Job,HighSchool,Rural,63.6,OBC,1,2021
12000,No,Yes,Small Business,Teacher,Graduate,Rural,81.3,Merit,1,2021
45000,No,No,Teacher,Government Job,Graduate,Semi-Urban,41.7,SC/ST,0,2021
25000,Yes,No,Shopkeeper,Teacher,Diploma,Rural,78.9,Merit,0,2022
12000,No,No,Small Business,Shopkeeper,Graduate,Rural,68.9,OBC,1,2022
8000,No,Yes,Doctor,Government Job,HighSchool,Rural,70.3,SC/ST,1,2021
8000,Yes,Yes,Government Job,Teacher,Graduate,Rural,81.7,Merit,0,2022
18000,Yes,Yes,Small Business,Daily Wage Worker,HighSchool,Semi-Urban,77.8,Merit,0,2021
8000,No,Yes,Factory Worker,Shopkeeper,Graduate,Rural,79.9,NRI,1,2022
3000,Yes,No,Factory Worker,Homemaker,Graduate,Urban,57.6,SC/ST,1,2022
5000,Yes,No,Engineer,Teacher,Graduate,Urban,90.3,Management,0,2021
75000,Yes,Yes,Engineer,Homemaker,No Formal Education,Urban,76.3,SC/ST,0,2022
5000,No,Yes,Engineer,Teacher,HighSchool,Semi-Urban,67.2,Management,1,2021
5000,Yes,No,Shopkeeper,Nurse,Postgraduate,Rural,69.6,Sports,0,2022
18000,Yes,No,Shopkeeper,Nurse,Postgraduate,Rural,54.5,Sports,0,2024
12000,No,Yes,Daily Wage Worker,Homemaker,Graduate,Rural,86.5,OBC,1,2023
100000,Yes,No,Driver,Nurse,Primary School,Urban,56.4,OBC,0,2021
75000,Yes,No,Government Job,Teacher,Diploma,Semi-Urban,74.2,Sports,0,2022
18000,No,No,Teacher,Government Job,Postgraduate,Rural,95.1,Merit,0,2024
18000,No,No,Shopkeeper,Nurse,Primary School,Urban,72.5,Merit,1,2023
18000,No,Yes,Engineer,Homemaker,Graduate,Rural,42.3,Management,1,2023
3000,Yes,Yes,Engineer,Daily Wage Worker,Diploma,Semi-Urban,97.1,Merit,0,2023
12000,No,No,Teacher,Daily Wage Worker,Graduate,Rural,73.3,Management,0,2024
8000,No,No,Government Job,Teacher,No Formal Education,Rural,50.8,SC/ST,1,2023
5000,No,No,Small Business,Homemaker,No Formal Education,Semi-Urban,69.3,Management,1,2023
25000,Yes,No,Teacher,Homemaker,HighSchool,Urban,61.8,OBC,0,2023
5000,Yes,No,Small Business,Shopkeeper,Postgraduate,Semi-Urban,64.8,OBC,0,2024
5000,No,No,Teacher,Homemaker,Graduate,Rural,68.6,Sports,0,2022
25000,No,Yes,Small Business,Government Job,Graduate,Semi-Urban,88.8,Management,0,2021
18000,No,Yes,Daily Wage Worker,Daily Wage Worker,Postgraduate,Semi-Urban,54.2,OBC,1,2023
8000,No,No,Farmer,Factory Worker,HighSchool,Rural,79.0,Merit,1,2022
3000,Yes,Yes,Small Business,Daily Wage Worker,Postgraduate,Semi-Urban,82.4,Merit,0,2022
8000,No,Yes,Farmer,Government Job,Primary School,Rural,97.8,SC/ST,1,2023
12000,Yes,No,Government Job,Government Job,HighSchool,Semi-Urban,58.5,Management,0,2024
45000,Yes,Yes,Engineer,Nurse,Diploma,Rural,51.8,OBC,0,2021
75000,Yes,No,Small Business,Daily Wage Worker,Postgraduate,Urban,95.2,OBC,0,2024
18000,No,No,Doctor,Factory Worker,Graduate,Rural,96.1,Merit,0,2023
18000,No,No,Government Job,Teacher,Primary School,Rural,85.9,Merit,1,2024
35000,No,No,Daily Wage Worker,Homemaker,Postgraduate,Semi-Urban,62.8,OBC,0,2024
35000,Yes,Yes,Government Job,Nurse,Graduate,Urban,97.3,SC/ST,0,2024
8000,Yes,Yes,Daily Wage Worker,Shopkeeper,Graduate,Urban,74.4,Management,1,2024
5000,Yes,No,Factory Worker,Nurse,Diploma,Rural,52.9,Merit,1,2023
18000,Yes,No,Engineer,Factory Worker,Diploma,Rural,88.7,Merit,0,2022
25000,No,Yes,Doctor,Government Job,Primary School,Semi-Urban,68.4,OBC,1,2023
8000,Yes,Yes,Farmer,Factory Worker,Graduate,Rural,43.4,OBC,1,2022
12000,Yes,Yes,Engineer,Factory Worker,Primary School,Rural,85.9,Merit,1,2022
12000,No,No,Driver,Shopkeeper,Graduate,Rural,88.2,Management,1,2024
12000,Yes,No,Small Business,Farmer,Diploma,Rural,90.5,NRI,0,2024
18000,Yes,No,Shopkeeper,Homemaker,Graduate,Semi-Urban,49.6,Merit,0,2021
35000,Yes,Yes,Engineer,Shopkeeper,Graduate,Semi-Urban,59.8,Merit,0,2022
25000,Yes,Yes,Farmer,Homemaker,Diploma,Rural,86.7,Sports,1,2023
8000,No,Yes,Farmer,Government Job,Diploma,Rural,84.9,Sports,1,2023
5000,Yes,No,Engineer,Nurse,No Formal Education,Rural,92.3,Merit,0,2021
60000,No,Yes,Shopkeeper,Homemaker,HighSchool,Urban,72.3,Sports,0,2023
18000,Yes,Yes,Engineer,Government Job,Primary School,Semi-Urban,58.3,Merit,1,2023
5000,No,Yes,Farmer,Government Job,Primary School,Urban,64.2,Merit,1,2022
12000,Yes,Yes,Government Job,Daily Wage Worker,Diploma,Urban,57.3,SC/ST,0,2022
45000,No,No,Driver,Shopkeeper,Diploma,Semi-Urban,77.9,Merit,0,2022
45000,No,No,Shopkeeper,Farmer,Postgraduate,Urban,69.2,SC/ST,0,2022
60000,No,No,Teacher,Factory Worker,Primary School,Rural,73.5,Management,0,2021
35000,Yes,No,Driver,Factory Worker,Primary School,Rural,79.7,Merit,1,2024
18000,No,No,Driver,Factory Worker,Graduate,Semi-Urban,54.1,SC/ST,1,2023
18000,No,Yes,Engineer,Daily Wage Worker,No Formal Education,Rural,92.8,Merit,1,2021
8000,No,No,Driver,Homemaker,Graduate,Semi-Urban,42.8,Merit,1,2024
35000,No,No,Daily Wage Worker,Daily Wage Worker,Graduate,Urban,54.4,Merit,1,2023
25000,Yes,No,Driver,Factory Worker,Graduate,Urban,47.3,NRI,0,2021
8000,No,Yes,Doctor,Daily Wage Worker,HighSchool,Semi-Urban,64.3,Merit,1,2021
60000,No,Yes,Doctor,Farmer,Primary School,Urban,95.7,Merit,0,2024
18000,No,No,Shopkeeper,Government Job,Postgraduate,Semi-Urban,88.8,Merit,0,2022
5000,No,Yes,Small Business,Nurse,Postgraduate,Semi-Urban,69.1,Merit,1,2021
12000,No,Yes,Farmer,Farmer,Graduate,Rural,63.7,Management,1,2022
60000,No,Yes,Teacher,Factory Worker,HighSchool,Semi-Urban,42.3,Management,1,2021
75000,No,Yes,Factory Worker,Homemaker,Diploma,Rural,68.9,Merit,1,2023
25000,No,Yes,Daily Wage Worker,Teacher,Graduate,Urban,55.0,OBC,1,2024
75000,No,Yes,Engineer,Homemaker,Primary School,Rural,40.1,SC/ST,1,2023
60000,Yes,No,Government Job,Government Job,Postgraduate,Urban,89.9,Merit,0,2024
60000,No,Yes,Driver,Teacher,Postgraduate,Semi-Urban,82.6,SC/ST,0,2024
60000,Yes,No,Driver,Farmer,Primary School,Rural,95.4,Sports,0,2021
18000,Yes,No,Farmer,Nurse,HighSchool,Urban,67.6,Sports,1,2022
45000,Yes,Yes,Doctor,Homemaker,HighSchool,Semi-Urban,69.3,Sports,0,2021
25000,No,Yes,Factory Worker,Government Job,Diploma,Urban,73.1,Management,1,2023
35000,Yes,Yes,Small Business,Nurse,Diploma,Rural,92.1,SC/ST,1,2022
8000,Yes,Yes,Shopkeeper,Nurse,Graduate,Rural,52.1,SC/ST,1,2021
45000,Yes,Yes,Driver,Farmer,Diploma,Urban,44.0,Management,0,2021
75000,Yes,No,Farmer,Daily Wage Worker,HighSchool,Semi-Urban,79.2,Merit,0,2023
12000,No,Yes,Daily Wage Worker,Factory Worker,HighSchool,Rural,70.1,Management,1,2022
100000,Yes,No,Doctor,Factory Worker,Diploma,Semi-Urban,75.0,Merit,0,2024
18000,Yes,No,Driver,Daily Wage Worker,Diploma,Rural,92.4,Merit,0,2023
8000,No,No,Teacher,Nurse,Postgraduate,Urban,93.5,Management,0,2024
8000,No,No,Factory Worker,Nurse,Primary School,Rural,62.3,Merit,1,2021
45000,Yes,Yes,Factory Worker,Factory Worker,Graduate,Semi-Urban,80.6,Merit,0,2024
25000,No,Yes,Farmer,Homemaker,HighSchool,Rural,69.0,OBC,1,2022
12000,Yes,No,Daily Wage Worker,Daily Wage Worker,Graduate,Rural,72.8,Management,1,2023
35000,No,Yes,Daily Wage Worker,Farmer,HighSchool,Urban,88.0,Merit,1,2022
12000,Yes,Yes,Shopkeeper,Homemaker,Diploma,Rural,56.5,Merit,1,2024
18000,No,Yes,Shopkeeper,Government Job,Diploma,Rural,45.4,Merit,1,2024
60000,Yes,No,Driver,Teacher,Graduate,Semi-Urban,80.3,Merit,0,2021
35000,No,Yes,Daily Wage Worker,Shopkeeper,HighSchool,Semi-Urban,58.0,Sports,1,2023
45000,Yes,Yes,Driver,Government Job,HighSchool,Urban,57.6,SC/ST,0,2021
25000,No,No,Shopkeeper,Farmer,Diploma,Semi-Urban,47.4,Management,1,2022
100000,No,No,Factory Worker,Homemaker,Graduate,Rural,96.1,OBC,0,2023
12000,No,No,Engineer,Shopkeeper,Primary School,Rural,89.2,Merit,1,2021
12000,No,No,Daily Wage Worker,Shopkeeper,Primary School,Semi-Urban,83.1,Management,1,2024
5000,Yes,No,Government Job,Shopkeeper,Graduate,Rural,72.1,Merit,0,2024
25000,No,Yes,Small Business,Homemaker,HighSchool,Rural,41.7,Management,1,2023
35000,No,No,Teacher,Government Job,HighSchool,Urban,97.3,Merit,0,2022
45000,Yes,Yes,Driver,Factory Worker,HighSchool,Urban,51.6,Merit,0,2024
12000,No,No,Engineer,Shopkeeper,Graduate,Rural,82.2,Management,0,2023
3000,No,No,Daily Wage Worker,Homemaker,Postgraduate,Rural,72.3,SC/ST,1,2023
35000,Yes,Yes,Government Job,Nurse,Graduate,Urban,56.6,Merit,0,2023
100000,No,Yes,Factory Worker,Factory Worker,Graduate,Semi-Urban,66.9,SC/ST,0,2021
12000,Yes,Yes,Teacher,Farmer,Graduate,Rural,74.0,OBC,0,2024
8000,Yes,Yes,Daily Wage Worker,Homemaker,HighSchool,Semi-Urban,81.4,Merit,1,2024
12000,No,Yes,Government Job,Homemaker,Postgraduate,Urban,84.0,Merit,0,2023
18000,Yes,Yes,Government Job,Daily Wage Worker,Primary School,Rural,42.0,Management,1,2022
12000,Yes,Yes,Daily Wage Worker,Teacher,Graduate,Urban,91.4,Merit,1,2022
12000,No,No,Government Job,Factory Worker,HighSchool,Urban,82.5,OBC,0,2024
35000,Yes,No,Driver,Government Job,Graduate,Semi-Urban,86.2,Management,0,2021
12000,No,Yes,Farmer,Factory Worker,Postgraduate,Urban,60.5,Management,1,2024
18000,No,No,Doctor,Homemaker,Postgraduate,Rural,80.9,SC/ST,1,2021
5000,Yes,No,Teacher,Farmer,Postgraduate,Urban,76.1,SC/ST,0,2023
75000,No,No,Teacher,Farmer,Graduate,Semi-Urban,60.0,Merit,0,2023
18000,No,Yes,Government Job,Factory Worker,Diploma,Rural,49.9,Management,1,2024
12000,No,No,Doctor,Shopkeeper,Diploma,Semi-Urban,74.4,Management,0,2022
5000,Yes,Yes,Factory Worker,Shopkeeper,Diploma,Semi-Urban,85.4,Management,1,2023
35000,Yes,Yes,Teacher,Homemaker,HighSchool,Rural,60.3,Merit,0,2022
60000,No,Yes,Driver,Factory Worker,Diploma,Rural,91.2,Management,1,2024
5000,No,No,Small Business,Nurse,Primary School,Semi-Urban,91.2,Merit,1,2023
8000,Yes,Yes,Farmer,Nurse,Postgraduate,Urban,85.0,OBC,0,2021
8000,No,Yes,Shopkeeper,Teacher,Graduate,Urban,47.5,Management,1,2024
35000,No,No,Factory Worker,Homemaker,Primary School,Rural,70.3,SC/ST,1,2024
75000,No,Yes,Engineer,Nurse,Graduate,Rural,98.0,Merit,0,2021
18000,Yes,No,Doctor,Nurse,Graduate,Urban,55.3,Merit,0,2022
12000,No,Yes,Shopkeeper,Daily Wage Worker,Postgraduate,Urban,42.1,Sports,1,2021
45000,Yes,Yes,Driver,Farmer,HighSchool,Semi-Urban,70.6,Merit,0,2023
45000,Yes,No,Driver,Homemaker,Graduate,Urban,55.7,Management,0,2021
12000,No,Yes,Doctor,Nurse,HighSchool,Rural,83.7,SC/ST,1,2021
8000,Yes,No,Factory Worker,Homemaker,Postgraduate,Rural,95.6,Merit,0,2022
18000,No,Yes,Doctor,Farmer,Postgraduate,Rural,65.4,SC/ST,1,2021
45000,No,Yes,Engineer,Government Job,Primary School,Semi-Urban,87.1,Management,1,2021
35000,Yes,No,Teacher,Teacher,HighSchool,Urban,82.2,Merit,0,2023
35000,No,Yes,Daily Wage Worker,Nurse,Primary School,Urban,79.6,OBC,1,2022
60000,Yes,Yes,Driver,Farmer,Diploma,Urban,41.9,Merit,0,2023
12000,Yes,No,Government Job,Shopkeeper,No Formal Education,Rural,82.8,Merit,1,2021
12000,No,Yes,Doctor,Nurse,Graduate,Urban,85.9,SC/ST,0,2024
5000,Yes,No,Teacher,Homemaker,Diploma,Urban,44.4,Merit,0,2022
60000,No,No,Government Job,Farmer,Diploma,Rural,93.6,SC/ST,0,2021
25000,No,No,Government Job,Shopkeeper,Graduate,Rural,67.3,Merit,0,2022
12000,No,No,Farmer,Daily Wage Worker,Graduate,Urban,85.5,OBC,1,2022
5000,Yes,No,Daily Wage Worker,Government Job,HighSchool,Rural,81.2,Management,1,2024
45000,No,No,Driver,Nurse,Graduate,Urban,87.2,Merit,0,2021
45000,No,Yes,Doctor,Farmer,Graduate,Semi-Urban,41.3,Sports,0,2023
35000,No,No,Teacher,Shopkeeper,HighSchool,Rural,78.0,SC/ST,1,2021
8000,No,Yes,Farmer,Teacher,No Formal Education,Urban,58.8,Merit,1,2024
75000,No,No,Driver,Teacher,Graduate,Rural,62.2,Sports,0,2024
45000,Yes,No,Government Job,Nurse,HighSchool,Semi-Urban,48.0,Management,0,2023
35000,Yes,Yes,Engineer,Farmer,Primary School,Rural,73.7,Merit,0,2023
35000,Yes,No,Doctor,Nurse,Diploma,Rural,82.6,OBC,0,2022
75000,No,No,Factory Worker,Farmer,Postgraduate,Rural,54.4,SC/ST,1,2024
75000,No,Yes,Farmer,Shopkeeper,Graduate,Semi-Urban,49.2,Merit,0,2024
25000,No,No,Shopkeeper,Government Job,Graduate,Rural,96.1,Sports,0,2023
18000,No,No,Farmer,Government Job,HighSchool,Rural,54.3,SC/ST,1,2024
18000,Yes,Yes,Teacher,Government Job,Graduate,Rural,59.4,Sports,1,2023
45000,No,No,Small Business,Homemaker,Diploma,Urban,92.0,NRI,0,2021
35000,Yes,Yes,Shopkeeper,Shopkeeper,Postgraduate,Rural,64.7,Management,1,2023
5000,No,No,Doctor,Daily Wage Worker,Graduate,Urban,59.5,Sports,1,2021
8000,Yes,No,Shopkeeper,Factory Worker,Graduate,Urban,44.1,OBC,0,2023
75000,Yes,No,Shopkeeper,Farmer,Postgraduate,Rural,86.5,Merit,0,2024
60000,Yes,No,Small Business,Government Job,Postgraduate,Rural,83.4,Management,0,2022
75000,Yes,Yes,Small Business,Shopkeeper,No Formal Education,Urban,56.1,OBC,0,2024
18000,Yes,Yes,Farmer,Homemaker,HighSchool,Rural,75.9,SC/ST,1,2024
45000,Yes,Yes,Factory Worker,Shopkeeper,Graduate,Urban,43.4,Management,0,2022
60000,No,No,Daily Wage Worker,Farmer,No Formal Education,Urban,53.7,Merit,1,2023
12000,No,Yes,Farmer,Shopkeeper,HighSchool,Semi-Urban,87.8,Sports,1,2023
8000,Yes,Yes,Shopkeeper,Farmer,HighSchool,Rural,95.9,NRI,0,2021
100000,No,No,Teacher,Homemaker,Diploma,Rural,85.5,SC/ST,0,2024
3000,Yes,No,Engineer,Factory Worker,Graduate,Semi-Urban,82.5,SC/ST,0,2022
25000,No,No,Farmer,Teacher,HighSchool,Rural,79.4,Merit,1,2022
35000,Yes,No,Driver,Homemaker,Diploma,Urban,44.3,SC/ST,1,2021
35000,No,No,Driver,Shopkeeper,Diploma,Semi-Urban,72.8,Merit,1,2021
12000,Yes,No,Daily Wage Worker,Shopkeeper,Postgraduate,Semi-Urban,79.8,Merit,0,2022
45000,No,Yes,Factory Worker,Daily Wage Worker,Primary School,Semi-Urban,85.0,OBC,1,2023
12000,No,No,Government Job,Teacher,Postgraduate,Rural,82.0,Merit,0,2024
60000,Yes,No,Teacher,Factory Worker,Postgraduate,Urban,59.4,Merit,0,2021
12000,No,Yes,Small Business,Daily Wage Worker,Diploma,Urban,74.2,Management,1,2022
35000,No,No,Daily Wage Worker,Homemaker,Graduate,Semi-Urban,87.6,Sports,1,2021
45000,Yes,No,Factory Worker,Farmer,Primary School,Semi-Urban,69.2,Merit,1,2023
8000,Yes,No,Driver,Nurse,HighSchool,Rural,64.3,NRI,1,2023
12000,No,Yes,Teacher,Government Job,HighSchool,Semi-Urban,45.3,Merit,1,2024
45000,Yes,No,Farmer,Teacher,Graduate,Urban,72.3,Merit,0,2024
5000,No,Yes,Engineer,Farmer,Postgraduate,Urban,81.8,Management,0,2022
8000,No,Yes,Doctor,Farmer,No Formal Education,Rural,60.9,Sports,1,2021
18000,Yes,Yes,Factory Worker,Homemaker,Diploma,Rural,84.4,Merit,1,2023
75000,No,Yes,Factory Worker,Farmer,Graduate,Urban,98.6,Merit,0,2021
25000,No,Yes,Driver,Government Job,Diploma,Semi-Urban,52.2,Merit,1,2024
18000,No,Yes,Teacher,Teacher,Diploma,Rural,76.7,NRI,1,2022
100000,Yes,No,Shopkeeper,Teacher,Diploma,Semi-Urban,59.8,Management,0,2022
18000,Yes,No,Driver,Government Job,Graduate,Rural,54.3,SC/ST,1,2021
18000,No,No,Small Business,Shopkeeper,Primary School,Urban,73.0,Merit,0,2023
18000,Yes,No,Factory Worker,Factory Worker,Diploma,Semi-Urban,62.7,SC/ST,1,2021
12000,Yes,No,Daily Wage Worker,Homemaker,Diploma,Rural,76.6,Management,1,2022
12000,No,Yes,Factory Worker,Shopkeeper,HighSchool,Rural,79.1,SC/ST,1,2022
35000,Yes,No,Small Business,Homemaker,Diploma,Rural,64.3,Management,0,2021
5000,No,No,Small Business,Homemaker,Diploma,Semi-Urban,40.8,OBC,1,2024
35000,No,No,Doctor,Teacher,Graduate,Urban,93.8,SC/ST,0,2024
8000,No,Yes,Government Job,Farmer,Graduate,Semi-Urban,96.8,Management,0,2023
18000,No,No,Teacher,Teacher,Diploma,Rural,56.2,Merit,0,2024
8000,Yes,Yes,Doctor,Teacher,Graduate,Urban,90.8,Sports,0,2022
25000,Yes,Yes,Teacher,Factory Worker,HighSchool,Urban,93.8,Merit,0,2024
45000,Yes,No,Doctor,Teacher,Diploma,Semi-Urban,53.0,Management,0,2024
18000,No,Yes,Small Business,Farmer,Diploma,Semi-Urban,68.6,Merit,1,2021
8000,No,Yes,Teacher,Farmer,Diploma,Rural,44.7,Management,1,2022
12000,No,Yes,Shopkeeper,Nurse,Graduate,Urban,66.2,SC/ST,1,2023
45000,No,Yes,Doctor,Factory Worker,Graduate,Rural,58.1,OBC,0,2023
12000,Yes,No,Teacher,Factory Worker,No Formal Education,Urban,49.6,Merit,0,2023
45000,Yes,Yes,Factory Worker,Homemaker,Diploma,Semi-Urban,72.8,Sports,1,2023
12000,Yes,Yes,Daily Wage Worker,Daily Wage Worker,Primary School,Rural,47.6,Merit,1,2021
8000,Yes,Yes,Farmer,Government Job,Graduate,Rural,60.8,OBC,1,2024
45000,No,Yes,Doctor,Nurse,Postgraduate,Urban,90.9,Merit,0,2021
18000,No,Yes,Government Job,Teacher,Graduate,Semi-Urban,80.1,OBC,1,2024
3000,No,No,Teacher,Nurse,HighSchool,Semi-Urban,87.5,OBC,1,2023
75000,Yes,No,Shopkeeper,Factory Worker,Primary School,Urban,53.8,Merit,0,2022
8000,No,No,Factory Worker,Homemaker,HighSchool,Semi-Urban,73.2,Management,1,2022
18000,No,Yes,Small Business,Farmer,Diploma,Urban,57.3,Merit,0,2023
18000,Yes,No,Government Job,Government Job,Postgraduate,Urban,66.7,Merit,0,2021
25000,No,Yes,Farmer,Factory Worker,Diploma,Urban,75.9,Sports,1,2022
45000,No,No,Daily Wage Worker,Nurse,Postgraduate,Rural,62.5,SC/ST,1,2024
3000,No,No,Factory Worker,Homemaker,HighSchool,Urban,71.2,SC/ST,1,2022
75000,No,No,Teacher,Factory Worker,No Formal Education,Semi-Urban,74.7,SC/ST,1,2022
35000,No,No,Farmer,Homemaker,Graduate,Semi-Urban,47.6,Merit,1,2022
75000,Yes,Yes,Factory Worker,Teacher,HighSchool,Urban,41.3,SC/ST,1,2024
45000,Yes,No,Engineer,Shopkeeper,HighSchool,Rural,45.3,Merit,0,2021
75000,No,No,Driver,Factory Worker,No Formal Education,Rural,92.1,SC/ST,1,2022
35000,Yes,No,Factory Worker,Daily Wage Worker,Diploma,Semi-Urban,98.2,SC/ST,0,2021
18000,Yes,No,Small Business,Shopkeeper,HighSchool,Semi-Urban,48.6,SC/ST,1,2021
18000,Yes,No,Engineer,Homemaker,Postgraduate,Semi-Urban,60.8,Management,0,2021
35000,Yes,No,Small Business,Teacher,Graduate,Semi-Urban,59.6,Merit,0,2022
18000,Yes,Yes,Shopkeeper,Teacher,Graduate,Urban,75.1,Merit,0,2021
45000,No,Yes,Doctor,Government Job,HighSchool,Rural,58.2,Merit,1,2024
5000,No,Yes,Driver,Nurse,Primary School,Rural,96.4,SC/ST,1,2022
60000,No,No,Doctor,Nurse,Graduate,Rural,50.8,Merit,0,2022
8000,No,No,Doctor,Nurse,No Formal Education,Urban,68.4,Management,1,2023
75000,Yes,No,Farmer,Homemaker,Diploma,Rural,53.0,OBC,0,2022
8000,Yes,Yes,Shopkeeper,Farmer,No Formal Education,Rural,63.7,Management,1,2024
8000,No,No,Teacher,Nurse,Diploma,Urban,51.8,Merit,1,2023
45000,Yes,No,Small Business,Homemaker,Diploma,Semi-Urban,45.2,Merit,0,2024
45000,Yes,No,Driver,Factory Worker,Diploma,Rural,93.2,Merit,0,2023
45000,No,No,Small Business,Farmer,Graduate,Urban,74.4,Management,0,2022
100000,Yes,No,Daily Wage Worker,Nurse,HighSchool,Rural,79.6,Merit,0,2023
12000,No,Yes,Teacher,Government Job,HighSchool,Semi-Urban,63.9,Management,1,2021
60000,No,Yes,Factory Worker,Farmer,Diploma,Rural,49.3,Management,1,2021
18000,No,No,Doctor,Teacher,Graduate,Semi-Urban,97.2,Management,0,2021
25000,Yes,No,Factory Worker,Nurse,Primary School,Rural,60.0,OBC,1,2021
18000,No,No,Small Business,Shopkeeper,Postgraduate,Urban,83.7,Management,0,2024
3000,No,No,Small Business,Shopkeeper,HighSchool,Semi-Urban,93.3,Merit,1,2021
25000,Yes,No,Government Job,Farmer,Primary School,Rural,73.0,Merit,1,2024
45000,Yes,No,Small Business,Daily Wage Worker,Graduate,Urban,64.2,Management,0,2024
8000,No,No,Small Business,Homemaker,HighSchool,Urban,55.1,Merit,1,2024
75000,No,No,Daily Wage Worker,Shopkeeper,Diploma,Semi-Urban,43.0,Merit,1,2023
25000,Yes,Yes,Small Business,Farmer,Primary School,Semi-Urban,44.3,OBC,1,2024
8000,Yes,Yes,Doctor,Teacher,Diploma,Semi-Urban,79.6,Management,0,2021
35000,No,No,Government Job,Shopkeeper,HighSchool,Semi-Urban,94.3,Management,0,2024
8000,No,No,Engineer,Factory Worker,HighSchool,Urban,84.7,Management,1,2021
5000,No,Yes,Shopkeeper,Shopkeeper,Diploma,Rural,58.2,Merit,1,2022
35000,Yes,No,Daily Wage Worker,Homemaker,Graduate,Semi-Urban,46.7,Management,1,2022
8000,Yes,Yes,Driver,Factory Worker,Graduate,Urban,52.0,NRI,0,2022
5000,Yes,No,Daily Wage Worker,Factory Worker,HighSchool,Urban,90.6,SC/ST,1,2023
45000,No,Yes,Doctor,Nurse,Postgraduate,Rural,54.8,Merit,0,2024
5000,Yes,No,Farmer,Shopkeeper,Primary School,Rural,72.1,Merit,1,2023
45000,No,No,Engineer,Shopkeeper,Postgraduate,Urban,98.7,Merit,0,2024
45000,Yes,Yes,Driver,Shopkeeper,Postgraduate,Urban,98.9,Merit,0,2023
8000,No,Yes,Daily Wage Worker,Teacher,Graduate,Urban,52.7,OBC,1,2022
25000,No,No,Doctor,Nurse,Primary School,Semi-Urban,96.5,Merit,0,2023
5000,No,Yes,Engineer,Shopkeeper,Postgraduate,Rural,58.2,OBC,1,2023
35000,No,Yes,Engineer,Farmer,Diploma,Urban,89.1,Sports,0,2022
5000,No,No,Teacher,Farmer,HighSchool,Urban,53.9,Merit,1,2021
75000,Yes,No,Government Job,Nurse,Postgraduate,Urban,42.3,OBC,0,2022
8000,Yes,No,Factory Worker,Factory Worker,Diploma,Urban,87.4,OBC,1,2021
35000,No,Yes,Small Business,Government Job,Diploma,Urban,66.9,NRI,0,2023
8000,No,No,Government Job,Farmer,Graduate,Rural,98.2,OBC,1,2022
8000,No,No,Engineer,Teacher,Postgraduate,Rural,60.9,Merit,0,2024
18000,Yes,No,Shopkeeper,Farmer,Diploma,Rural,61.6,NRI,0,2024
25000,No,No,Doctor,Teacher,Postgraduate,Urban,73.4,Merit,0,2024
100000,No,No,Driver,Nurse,HighSchool,Semi-Urban,86.9,Sports,0,2023
3000,No,No,Farmer,Homemaker,Graduate,Semi-Urban,41.2,Merit,1,2024
3000,No,No,Daily Wage Worker,Farmer,Diploma,Rural,77.4,Merit,1,2024
18000,Yes,No,Doctor,Teacher,HighSchool,Semi-Urban,54.3,SC/ST,1,2024
18000,No,No,Shopkeeper,Daily Wage Worker,HighSchool,Rural,53.2,SC/ST,1,2022
60000,No,No,Small Business,Teacher,Primary School,Urban,45.2,OBC,1,2022
75000,Yes,No,Small Business,Government Job,HighSchool,Semi-Urban,40.5,Management,0,2021
60000,No,Yes,Farmer,Daily Wage Worker,Graduate,Urban,57.9,SC/ST,1,2023
8000,Yes,No,Shopkeeper,Shopkeeper,HighSchool,Rural,78.2,Merit,0,2022
18000,No,No,Daily Wage Worker,Homemaker,Graduate,Rural,65.2,SC/ST,1,2024
45000,Yes,No,Teacher,Shopkeeper,Postgraduate,Rural,46.9,Merit,0,2022
12000,Yes,Yes,Government Job,Teacher,Graduate,Rural,69.0,Merit,0,2021
35000,No,Yes,Engineer,Shopkeeper,Graduate,Semi-Urban,88.6,Management,0,2023
12000,Yes,Yes,Factory Worker,Daily Wage Worker,Graduate,Rural,89.3,Merit,1,2022
12000,No,No,Engineer,Factory Worker,Postgraduate,Semi-Urban,74.3,SC/ST,0,2024
60000,No,No,Daily Wage Worker,Homemaker,Graduate,Rural,72.6,Management,1,2023
12000,Yes,No,Doctor,Farmer,HighSchool,Urban,61.6,OBC,0,2022
100000,Yes,No,Daily Wage Worker,Teacher,Graduate,Rural,68.8,Merit,0,2023
12000,No,Yes,Driver,Farmer,Graduate,Urban,85.5,Management,1,2024
3000,No,No,Shopkeeper,Shopkeeper,Graduate,Urban,65.5,OBC,0,2022
12000,No,Yes,Driver,Farmer,HighSchool,Urban,89.6,Merit,1,2024
8000,Yes,Yes,Engineer,Shopkeeper,Diploma,Semi-Urban,76.2,Management,0,2021
25000,Yes,Yes,Engineer,Farmer,Postgraduate,Semi-Urban,64.0,Management,0,2021
8000,No,No,Doctor,Nurse,Postgraduate,Semi-Urban,94.4,Merit,0,2021
35000,Yes,Yes,Driver,Nurse,HighSchool,Urban,92.4,Merit,0,2024
60000,No,No,Factory Worker,Shopkeeper,Diploma,Urban,63.5,OBC,1,2022
18000,Yes,No,Engineer,Teacher,HighSchool,Semi-Urban,83.7,Merit,0,2024
8000,Yes,No,Driver,Farmer,Graduate,Urban,94.8,Merit,0,2022
18000,Yes,Yes,Engineer,Farmer,No Formal Education,Urban,74.7,NRI,0,2024
45000,No,Yes,Factory Worker,Nurse,Postgraduate,Rural,95.3,Sports,0,2023
25000,No,No,Small Business,Teacher,Diploma,Semi-Urban,44.7,OBC,1,2022
5000,No,Yes,Engineer,Government Job,HighSchool,Rural,95.3,Management,1,2024
25000,Yes,No,Driver,Nurse,No Formal Education,Semi-Urban,80.2,OBC,1,2023
18000,Yes,Yes,Small Business,Daily Wage Worker,Graduate,Urban,49.3,Merit,0,2022
12000,No,No,Teacher,Homemaker,Graduate,Semi-Urban,47.1,Merit,0,2023
8000,No,No,Small Business,Government Job,Graduate,Rural,83.1,Merit,1,2024
100000,No,No,Engineer,Shopkeeper,Diploma,Urban,54.7,SC/ST,0,2024
8000,Yes,Yes,Government Job,Factory Worker,Diploma,Rural,42.0,Merit,1,2021
8000,Yes,Yes,Teacher,Teacher,HighSchool,Semi-Urban,51.9,SC/ST,1,2023
8000,No,No,Factory Worker,Daily Wage Worker,HighSchool,Rural,46.2,Management,1,2023
25000,Yes,No,Driver,Nurse,HighSchool,Urban,50.1,Merit,1,2024
18000,No,No,Government Job,Factory Worker,HighSchool,Semi-Urban,71.2,Sports,1,2024
12000,Yes,Yes,Farmer,Farmer,Graduate,Urban,71.5,Merit,0,2024
18000,No,No,Shopkeeper,Nurse,Primary School,Semi-Urban,66.4,SC/ST,1,2021
35000,No,No,Government Job,Homemaker,Graduate,Rural,84.1,Management,0,2021
12000,Yes,No,Teacher,Nurse,No Formal Education,Rural,40.9,Management,1,2024
75000,Yes,No,Government Job,Homemaker,No Formal Education,Semi-Urban,92.5,Management,0,2024
12000,No,Yes,Driver,Farmer,HighSchool,Urban,98.4,SC/ST,1,2024
8000,Yes,No,Daily Wage Worker,Factory Worker,HighSchool,Semi-Urban,95.7,Management,1,2023
75000,No,No,Daily Wage Worker,Shopkeeper,HighSchool,Rural,55.6,NRI,1,2023
45000,No,No,Government Job,Daily Wage Worker,Postgraduate,Semi-Urban,91.8,Merit,0,2024
12000,Yes,No,Engineer,Teacher,HighSchool,Semi-Urban,83.7,Management,0,2021
60000,Yes,No,Factory Worker,Nurse,Diploma,Urban,68.6,SC/ST,0,2022
25000,No,No,Engineer,Farmer,Postgraduate,Urban,98.3,Merit,0,2021
12000,Yes,Yes,Small Business,Farmer,HighSchool,Semi-Urban,53.4,OBC,1,2024
60000,Yes,No,Daily Wage Worker,Homemaker,Graduate,Urban,74.5,SC/ST,0,2022
45000,No,No,Driver,Nurse,Graduate,Semi-Urban,52.6,Merit,0,2024
12000,No,No,Doctor,Factory Worker,HighSchool,Rural,55.1,Management,1,2021
35000,No,No,Shopkeeper,Homemaker,No Formal Education,Rural,89.1,SC/ST,1,2024
18000,Yes,No,Government Job,Government Job,Graduate,Urban,77.5,Merit,0,2021
3000,Yes,Yes,Small Business,Nurse,HighSchool,Rural,82.1,Management,1,2024
100000,No,No,Small Business,Shopkeeper,HighSchool,Rural,61.1,Merit,0,2024
25000,No,Yes,Engineer,Factory Worker,Diploma,Urban,94.5,SC/ST,0,2021
25000,No,No,Farmer,Nurse,No Formal Education,Semi-Urban,66.9,Merit,1,2022
25000,No,No,Farmer,Teacher,Postgraduate,Rural,59.3,SC/ST,1,2021
25000,Yes,No,Factory Worker,Shopkeeper,Postgraduate,Urban,51.0,Management,0,2023
12000,No,Yes,Teacher,Nurse,Postgraduate,Rural,55.6,SC/ST,1,2024
100000,Yes,No,Doctor,Farmer,HighSchool,Urban,86.5,Management,0,2021
35000,No,Yes,Engineer,Teacher,Postgraduate,Rural,59.7,SC/ST,1,2023
35000,Yes,No,Engineer,Factory Worker,Graduate,Urban,59.0,Merit,0,2022
18000,Yes,Yes,Doctor,Factory Worker,Graduate,Urban,62.9,Management,0,2023
12000,Yes,No,Small Business,Daily Wage Worker,Graduate,Rural,59.3,Management,1,2024
5000,No,No,Factory Worker,Daily Wage Worker,Graduate,Urban,70.8,OBC,1,2022
18000,Yes,Yes,Daily Wage Worker,Government Job,Diploma,Semi-Urban,97.7,OBC,1,2023
8000,Yes,No,Factory Worker,Teacher,Graduate,Urban,95.9,Merit,0,2021
35000,Yes,No,Factory Worker,Daily Wage Worker,Graduate,Rural,95.1,SC/ST,1,2021
60000,Yes,No,Doctor,Daily Wage Worker,No Formal Education,Urban,75.6,OBC,0,2023
12000,Yes,Yes,Small Business,Nurse,No Formal Education,Urban,98.1,Management,1,2023
12000,No,Yes,Driver,Factory Worker,Diploma,Urban,61.6,Merit,1,2023
35000,No,No,Driver,Homemaker,Diploma,Urban,51.7,Merit,0,2023
8000,Yes,No,Shopkeeper,Shopkeeper,Graduate,Semi-Urban,93.4,Merit,0,2023
75000,No,No,Daily Wage Worker,Teacher,Graduate,Urban,88.3,Merit,0,2024
18000,Yes,No,Teacher,Daily Wage Worker,Graduate,Semi-Urban,63.0,OBC,0,2021
5000,Yes,No,Daily Wage Worker,Shopkeeper,HighSchool,Rural,54.2,SC/ST,1,2022
8000,Yes,No,Daily Wage Worker,Daily Wage Worker,Graduate,Semi-Urban,61.8,NRI,0,2022
75000,Yes,No,Daily Wage Worker,Homemaker,HighSchool,Rural,65.5,SC/ST,1,2023
12000,Yes,No,Factory Worker,Farmer,Graduate,Urban,89.2,Merit,0,2022
35000,Yes,No,Factory Worker,Government Job,Diploma,Urban,63.0,SC/ST,0,2023
8000,No,No,Driver,Homemaker,Postgraduate,Urban,68.4,SC/ST,1,2022
8000,No,No,Teacher,Factory Worker,Primary School,Semi-Urban,50.9,Merit,1,2022
60000,No,No,Doctor,Nurse,Graduate,Urban,83.2,Management,0,2021
8000,No,Yes,Farmer,Nurse,Diploma,Rural,77.0,Management,1,2022
3000,Yes,No,Factory Worker,Shopkeeper,Primary School,Semi-Urban,48.7,SC/ST,1,2023
25000,No,No,Shopkeeper,Government Job,Diploma,Rural,56.7,SC/ST,1,2024
60000,Yes,Yes,Government Job,Farmer,HighSchool,Semi-Urban,58.3,Merit,0,2021
12000,No,No,Teacher,Teacher,HighSchool,Rural,76.3,Management,1,2024
8000,No,No,Doctor,Nurse,Diploma,Urban,41.3,SC/ST,1,2024
100000,Yes,Yes,Doctor,Factory Worker,HighSchool,Semi-Urban,74.4,Merit,0,2023
35000,No,Yes,Factory Worker,Farmer,Diploma,Urban,55.1,SC/ST,1,2023
60000,Yes,Yes,Small Business,Shopkeeper,Diploma,Urban,93.6,SC/ST,0,2021
45000,No,Yes,Driver,Homemaker,No Formal Education,Semi-Urban,88.5,Sports,1,2024
35000,No,Yes,Shopkeeper,Homemaker,HighSchool,Rural,73.0,Management,1,2023
18000,No,No,Farmer,Government Job,Diploma,Semi-Urban,57.6,SC/ST,1,2022
12000,Yes,No,Doctor,Nurse,Graduate,Urban,55.6,SC/ST,0,2023
35000,No,No,Daily Wage Worker,Homemaker,Diploma,Semi-Urban,43.5,Merit,1,2022
35000,Yes,No,Government Job,Government Job,HighSchool,Semi-Urban,62.5,SC/ST,0,2021
75000,Yes,Yes,Government Job,Government Job,Graduate,Urban,48.7,Merit,0,2022
25000,No,No,Teacher,Government Job,No Formal Education,Rural,77.1,SC/ST,1,2021
12000,No,Yes,Government Job,Shopkeeper,HighSchool,Semi-Urban,90.8,SC/ST,1,2022
25000,No,No,Government Job,Teacher,Graduate,Urban,44.6,OBC,0,2022
35000,Yes,No,Factory Worker,Shopkeeper,Graduate,Semi-Urban,92.8,Sports,0,2024
18000,No,Yes,Factory Worker,Government Job,HighSchool,Urban,63.8,Sports,1,2022
45000,No,No,Daily Wage Worker,Factory Worker,HighSchool,Semi-Urban,41.7,SC/ST,1,2024
25000,No,No,Government Job,Teacher,Diploma,Semi-Urban,44.9,Merit,0,2021
3000,No,No,Factory Worker,Factory Worker,Diploma,Urban,40.0,SC/ST,1,2024
25000,Yes,No,Farmer,Factory Worker,Graduate,Rural,74.9,SC/ST,1,2022
35000,No,No,Doctor,Teacher,Graduate,Rural,55.9,OBC,0,2024
75000,No,Yes,Engineer,Government Job,No Formal Education,Rural,67.6,Merit,0,2021
18000,No,Yes,Teacher,Nurse,Graduate,Urban,83.0,SC/ST,1,2021
25000,Yes,Yes,Teacher,Government Job,Postgraduate,Rural,64.7,Merit,0,2023
18000,Yes,Yes,Doctor,Nurse,Postgraduate,Rural,51.6,Management,0,2023
25000,No,Yes,Engineer,Teacher,No Formal Education,Rural,89.4,SC/ST,1,2022
5000,No,No,Factory Worker,Factory Worker,Postgraduate,Semi-Urban,52.2,NRI,1,2022
60000,Yes,Yes,Government Job,Nurse,HighSchool,Rural,82.8,Merit,0,2022
75000,No,Yes,Engineer,Homemaker,HighSchool,Rural,80.6,Merit,0,2022
25000,Yes,No,Engineer,Daily Wage Worker,Diploma,Semi-Urban,87.3,Merit,0,2024
25000,No,No,Government Job,Shopkeeper,HighSchool,Semi-Urban,66.3,NRI,0,2022
5000,No,Yes,Teacher,Teacher,HighSchool,Semi-Urban,94.8,Management,1,2024
25000,No,Yes,Teacher,Government Job,HighSchool,Semi-Urban,47.1,SC/ST,1,2022
18000,No,Yes,Driver,Nurse,Graduate,Semi-Urban,71.7,Merit,1,2023
35000,Yes,No,Engineer,Teacher,Graduate,Urban,81.7,SC/ST,0,2021
5000,No,Yes,Factory Worker,Factory Worker,Graduate,Semi-Urban,91.0,Management,1,2023
35000,No,No,Government Job,Shopkeeper,Diploma,Urban,78.3,Merit,0,2021
12000,No,Yes,Shopkeeper,Government Job,HighSchool,Semi-Urban,79.0,Merit,1,2022
35000,No,Yes,Shopkeeper,Teacher,Graduate,Urban,96.8,Merit,0,2022
35000,Yes,Yes,Doctor,Teacher,Graduate,Urban,64.3,OBC,0,2024
12000,Yes,Yes,Factory Worker,Homemaker,No Formal Education,Semi-Urban,71.5,SC/ST,1,2023
18000,Yes,No,Doctor,Homemaker,Postgraduate,Semi-Urban,79.8,SC/ST,0,2021
60000,No,Yes,Farmer,Farmer,Graduate,Rural,55.8,SC/ST,1,2024
35000,No,Yes,Shopkeeper,Farmer,Graduate,Urban,62.8,Merit,0,2024
5000,No,No,Factory Worker,Homemaker,Graduate,Rural,80.6,Merit,1,2021
18000,Yes,No,Engineer,Shopkeeper,Graduate,Semi-Urban,63.3,SC/ST,0,2021
12000,No,Yes,Small Business,Teacher,Graduate,Rural,93.6,Merit,0,2021
35000,No,No,Teacher,Nurse,Graduate,Rural,73.6,Sports,0,2021
35000,Yes,No,Engineer,Shopkeeper,HighSchool,Semi-Urban,81.0,Merit,0,2023
3000,No,No,Driver,Farmer,HighSchool,Semi-Urban,49.6,Merit,1,2021
35000,No,No,Small Business,Shopkeeper,HighSchool,Rural,97.2,Management,1,2024
45000,No,No,Doctor,Daily Wage Worker,Postgraduate,Rural,98.7,Management,0,2022
45000,Yes,Yes,Farmer,Nurse,HighSchool,Semi-Urban,79.5,Management,1,2021
5000,Yes,No,Factory Worker,Farmer,HighSchool,Urban,52.4,Management,1,2023
12000,No,Yes,Government Job,Factory Worker,HighSchool,Semi-Urban,72.0,SC/ST,1,2024
18000,Yes,No,Farmer,Nurse,Diploma,Urban,45.8,Management,1,2022
8000,No,Yes,Doctor,Government Job,Postgraduate,Rural,43.3,Management,1,2023
18000,No,No,Doctor,Shopkeeper,Graduate,Semi-Urban,57.9,NRI,0,2024
5000,Yes,Yes,Government Job,Daily Wage Worker,HighSchool,Semi-Urban,53.2,OBC,1,2022
8000,Yes,Yes,Shopkeeper,Nurse,Graduate,Rural,96.5,Management,0,2022
35000,Yes,Yes,Daily Wage Worker,Daily Wage Worker,Postgraduate,Urban,84.1,Merit,0,2023
12000,Yes,No,Government Job,Teacher,Graduate,Rural,82.1,Merit,0,2024
35000,No,No,Small Business,Shopkeeper,Graduate,Semi-Urban,84.9,OBC,0,2022
5000,No,No,Shopkeeper,Government Job,Graduate,Rural,61.2,Merit,1,2021
25000,No,No,Small Business,Government Job,Graduate,Semi-Urban,98.6,SC/ST,0,2022
18000,No,No,Small Business,Nurse,Postgraduate,Urban,74.3,Merit,0,2021
45000,No,Yes,Doctor,Factory Worker,Graduate,Urban,52.3,OBC,0,2022
45000,No,No,Small Business,Factory Worker,Diploma,Urban,79.7,Merit,0,2022
18000,No,No,Small Business,Shopkeeper,HighSchool,Rural,72.6,Sports,1,2022
35000,Yes,No,Small Business,Shopkeeper,HighSchool,Rural,75.9,Merit,0,2022
12000,No,No,Doctor,Government Job,Primary School,Urban,55.7,SC/ST,1,2022
25000,No,Yes,Factory Worker,Factory Worker,Graduate,Rural,74.5,Management,1,2022
5000,Yes,No,Engineer,Farmer,Postgraduate,Semi-Urban,44.4,Management,0,2024
18000,Yes,No,Driver,Homemaker,Primary School,Urban,88.1,Merit,0,2021
8000,No,No,Small Business,Farmer,Diploma,Semi-Urban,75.7,Merit,1,2022
60000,Yes,Yes,Driver,Homemaker,Graduate,Semi-Urban,79.1,Management,0,2022
18000,Yes,Yes,Factory Worker,Nurse,No Formal Education,Urban,74.0,Merit,1,2022
25000,Yes,No,Daily Wage Worker,Teacher,Diploma,Urban,98.3,Merit,0,2021
18000,No,No,Teacher,Shopkeeper,Graduate,Rural,44.9,NRI,1,2023
12000,No,Yes,Shopkeeper,Farmer,HighSchool,Urban,67.6,Management,1,2023
8000,Yes,Yes,Teacher,Daily Wage Worker,Graduate,Semi-Urban,79.6,OBC,0,2021
75000,No,No,Small Business,Daily Wage Worker,Graduate,Urban,75.5,Merit,0,2024
45000,Yes,No,Engineer,Shopkeeper,Graduate,Rural,82.6,Sports,0,2023
8000,Yes,No,Driver,Farmer,HighSchool,Urban,97.8,Merit,0,2024
45000,Yes,Yes,Government Job,Homemaker,HighSchool,Urban,68.6,SC/ST,0,2024
18000,Yes,No,Engineer,Government Job,No Formal Education,Semi-Urban,87.1,SC/ST,1,2022
3000,Yes,Yes,Doctor,Shopkeeper,Diploma,Rural,69.4,Merit,0,2022
25000,Yes,Yes,Driver,Daily Wage Worker,HighSchool,Rural,83.7,Merit,0,2024
8000,Yes,Yes,Shopkeeper,Farmer,Graduate,Rural,69.5,Merit,1,2021
8000,No,Yes,Factory Worker,Shopkeeper,Diploma,Semi-Urban,66.7,OBC,1,2022
35000,Yes,No,Engineer,Shopkeeper,Graduate,Rural,96.9,OBC,0,2024
12000,Yes,Yes,Engineer,Daily Wage Worker,Graduate,Semi-Urban,80.4,Merit,0,2023
60000,Yes,Yes,Teacher,Homemaker,HighSchool,Semi-Urban,80.3,Merit,0,2024
35000,No,Yes,Daily Wage Worker,Daily Wage Worker,HighSchool,Rural,70.7,Merit,1,2022
60000,No,No,Engineer,Homemaker,Primary School,Rural,44.0,Merit,0,2024
35000,Yes,No,Government Job,Shopkeeper,Graduate,Rural,61.2,Management,0,2023
60000,No,Yes,Shopkeeper,Farmer,Diploma,Semi-Urban,42.9,SC/ST,1,2024
18000,Yes,No,Driver,Farmer,HighSchool,Semi-Urban,83.7,SC/ST,1,2023
25000,No,Yes,Small Business,Daily Wage Worker,Graduate,Rural,87.0,Merit,1,2024
25000,No,No,Teacher,Daily Wage Worker,HighSchool,Rural,41.9,Merit,1,2023
75000,No,No,Engineer,Shopkeeper,Diploma,Rural,69.4,Management,0,2024
8000,Yes,Yes,Driver,Farmer,Diploma,Semi-Urban,93.2,NRI,0,2021
25000,No,Yes,Engineer,Farmer,HighSchool,Urban,46.3,Merit,1,2022
45000,Yes,No,Teacher,Shopkeeper,Graduate,Urban,61.1,Management,0,2022
18000,Yes,No,Factory Worker,Teacher,Graduate,Semi-Urban,47.0,Management,1,2024
60000,Yes,No,Driver,Government Job,Diploma,Semi-Urban,69.4,Merit,0,2022
18000,No,No,Factory Worker,Nurse,Graduate,Semi-Urban,71.4,SC/ST,1,2022
8000,No,No,Small Business,Factory Worker,Primary School,Rural,63.1,Merit,1,2023
25000,Yes,No,Factory Worker,Homemaker,Diploma,Urban,89.4,Management,1,2024
18000,No,No,Government Job,Farmer,Graduate,Rural,64.2,NRI,1,2024
3000,No,No,Factory Worker,Nurse,Diploma,Semi-Urban,46.5,NRI,1,2024
5000,Yes,Yes,Shopkeeper,Daily Wage Worker,Graduate,Urban,87.0,Merit,0,2024
8000,No,Yes,Engineer,Homemaker,Diploma,Rural,52.6,OBC,1,2023
45000,No,No,Driver,Teacher,Diploma,Semi-Urban,82.7,NRI,0,2022
60000,Yes,Yes,Farmer,Teacher,Diploma,Urban,65.6,OBC,0,2021
25000,No,No,Engineer,Homemaker,Graduate,Rural,52.9,OBC,1,2023
5000,No,No,Driver,Teacher,Primary School,Urban,45.9,SC/ST,1,2022
25000,No,No,Factory Worker,Daily Wage Worker,Graduate,Rural,88.8,Merit,1,2024
60000,Yes,Yes,Government Job,Factory Worker,No Formal Education,Urban,52.9,SC/ST,0,2021
45000,Yes,No,Doctor,Homemaker,Primary School,Rural,98.3,Merit,0,2024
12000,Yes,No,Farmer,Shopkeeper,Graduate,Semi-Urban,70.8,Merit,0,2022
8000,Yes,Yes,Driver,Teacher,HighSchool,Rural,82.9,Management,1,2023
75000,No,Yes,Farmer,Farmer,Diploma,Semi-Urban,73.4,Management,1,2024
60000,Yes,Yes,Doctor,Government Job,HighSchool,Semi-Urban,98.9,Merit,0,2021
5000,No,Yes,Engineer,Shopkeeper,Primary School,Semi-Urban,54.1,NRI,1,2022
60000,Yes,Yes,Teacher,Government Job,Graduate,Urban,63.1,Sports,0,2023
5000,Yes,No,Engineer,Farmer,Graduate,Urban,92.1,SC/ST,0,2024
5000,No,Yes,Daily Wage Worker,Nurse,HighSchool,Urban,51.3,Merit,1,2021
45000,Yes,No,Teacher,Shopkeeper,Graduate,Urban,77.1,OBC,0,2023
25000,Yes,No,Driver,Government Job,Primary School,Rural,92.9,Sports,1,2024
18000,No,Yes,Teacher,Government Job,Graduate,Rural,98.5,Merit,0,2021
75000,Yes,No,Daily Wage Worker,Teacher,Graduate,Rural,87.2,OBC,0,2022
60000,Yes,No,Farmer,Nurse,Postgraduate,Semi-Urban,44.1,SC/ST,0,2022
5000,No,No,Small Business,Teacher,Graduate,Rural,73.5,Merit,0,2021
35000,No,Yes,Small Business,Teacher,Postgraduate,Rural,80.5,Management,1,2022
45000,Yes,Yes,Farmer,Government Job,Postgraduate,Semi-Urban,58.0,SC/ST,1,2022
25000,No,No,Driver,Factory Worker,Postgraduate,Rural,80.0,Sports,1,2022
100000,No,No,Factory Worker,Government Job,Graduate,Rural,93.7,Management,0,2023
35000,Yes,Yes,Factory Worker,Factory Worker,HighSchool,Urban,78.1,OBC,0,2023
5000,Yes,Yes,Shopkeeper,Shopkeeper,Graduate,Rural,69.1,Merit,0,2022
8000,No,No,Driver,Homemaker,Graduate,Semi-Urban,84.8,Merit,1,2022
60000,No,No,Farmer,Shopkeeper,Postgraduate,Urban,57.5,Merit,0,2024
100000,Yes,No,Daily Wage Worker,Factory Worker,Graduate,Rural,79.4,Merit,0,2022
5000,No,No,Factory Worker,Factory Worker,HighSchool,Rural,69.9,Management,1,2024
5000,Yes,Yes,Shopkeeper,Daily Wage Worker,HighSchool,Urban,76.0,Management,0,2024
45000,Yes,No,Factory Worker,Teacher,HighSchool,Urban,68.9,Merit,0,2023
5000,No,Yes,Driver,Nurse,Diploma,Semi-Urban,64.5,Merit,1,2022
5000,Yes,Yes,Teacher,Government Job,Graduate,Semi-Urban,43.1,SC/ST,1,2024
60000,Yes,Yes,Engineer,Farmer,HighSchool,Urban,76.7,Merit,0,2023
45000,Yes,Yes,Farmer,Shopkeeper,HighSchool,Rural,97.7,Merit,0,2022
60000,No,No,Teacher,Daily Wage Worker,HighSchool,Rural,60.9,Merit,0,2023
35000,No,No,Small Business,Teacher,Graduate,Semi-Urban,76.9,SC/ST,1,2023
12000,Yes,No,Small Business,Homemaker,HighSchool,Rural,82.7,OBC,1,2021
75000,Yes,Yes,Driver,Teacher,Primary School,Semi-Urban,75.6,SC/ST,0,2021
12000,Yes,Yes,Teacher,Farmer,Diploma,Urban,93.1,Merit,0,2022
12000,No,No,Engineer,Daily Wage Worker,No Formal Education,Semi-Urban,95.0,Management,1,2023
60000,No,Yes,Factory Worker,Government Job,Graduate,Rural,91.4,SC/ST,1,2021
35000,No,No,Factory Worker,Daily Wage Worker,Postgraduate,Semi-Urban,64.8,Merit,0,2021
60000,Yes,No,Engineer,Government Job,HighSchool,Urban,48.3,Management,0,2021
8000,Yes,No,Shopkeeper,Factory Worker,Postgraduate,Rural,63.6,SC/ST,1,2021
75000,Yes,Yes,Daily Wage Worker,Farmer,Graduate,Semi-Urban,70.9,Merit,0,2024
35000,No,No,Engineer,Farmer,Primary School,Rural,42.5,Merit,1,2023
35000,Yes,No,Engineer,Teacher,HighSchool,Urban,89.5,SC/ST,0,2023
75000,No,Yes,Farmer,Teacher,HighSchool,Rural,92.3,Merit,1,2023
18000,No,No,Factory Worker,Homemaker,HighSchool,Semi-Urban,77.3,Merit,1,2022
35000,Yes,No,Farmer,Factory Worker,HighSchool,Semi-Urban,74.2,SC/ST,1,2022
35000,No,No,Factory Worker,Factory Worker,Postgraduate,Rural,62.9,Merit,0,2021
45000,Yes,No,Factory Worker,Teacher,HighSchool,Urban,97.7,Management,0,2022
60000,Yes,No,Engineer,Nurse,Postgraduate,Urban,65.7,Management,0,2024
35000,No,No,Small Business,Daily Wage Worker,Diploma,Rural,52.2,Merit,1,2024
5000,No,Yes,Shopkeeper,Nurse,Diploma,Rural,96.7,Sports,1,2024
8000,No,Yes,Factory Worker,Homemaker,Graduate,Semi-Urban,89.3,Merit,1,2023
75000,Yes,Yes,Farmer,Teacher,Graduate,Rural,59.3,Sports,0,2022
100000,No,No,Factory Worker,Government Job,Postgraduate,Rural,72.9,OBC,0,2024
100000,No,No,Farmer,Factory Worker,No Formal Education,Rural,74.5,OBC,1,2023
3000,No,No,Teacher,Government Job,Diploma,Rural,91.7,Merit,1,2023
18000,Yes,No,Small Business,Daily Wage Worker,HighSchool,Semi-Urban,72.3,Merit,0,2022
45000,No,Yes,Teacher,Homemaker,Primary School,Rural,64.7,SC/ST,1,2024
45000,No,No,Driver,Daily Wage Worker,Primary School,Rural,74.9,Management,1,2022
5000,No,Yes,Factory Worker,Daily Wage Worker,Graduate,Urban,97.4,Management,1,2023
35000,No,Yes,Factory Worker,Teacher,No Formal Education,Rural,43.1,Sports,1,2023
8000,No,No,Factory Worker,Daily Wage Worker,Graduate,Rural,78.2,Merit,1,2022
25000,No,Yes,Factory Worker,Nurse,Graduate,Semi-Urban,44.9,OBC,1,2022
12000,Yes,No,Shopkeeper,Government Job,Diploma,Urban,55.5,Management,0,2022
5000,No,Yes,Driver,Daily Wage Worker,Diploma,Urban,81.1,Merit,1,2021
5000,No,Yes,Factory Worker,Shopkeeper,Graduate,Rural,81.9,Management,1,2021
75000,Yes,No,Engineer,Teacher,No Formal Education,Urban,89.2,SC/ST,0,2023
45000,No,No,Small Business,Nurse,Diploma,Semi-Urban,71.9,Merit,0,2024
75000,No,No,Government Job,Shopkeeper,HighSchool,Semi-Urban,87.3,SC/ST,0,2021
18000,No,Yes,Teacher,Factory Worker,HighSchool,Semi-Urban,69.7,SC/ST,1,2021
18000,No,No,Teacher,Nurse,Diploma,Rural,51.9,Management,1,2022
18000,No,Yes,Engineer,Teacher,HighSchool,Urban,66.3,Merit,0,2024
35000,Yes,No,Engineer,Daily Wage Worker,HighSchool,Semi-Urban,50.2,Merit,0,2024
18000,No,Yes,Factory Worker,Homemaker,Graduate,Semi-Urban,72.2,SC/ST,1,2022
45000,Yes,No,Doctor,Nurse,Graduate,Semi-Urban,70.5,SC/ST,0,2023
45000,Yes,Yes,Daily Wage Worker,Homemaker,HighSchool,Semi-Urban,55.4,Merit,1,2024
60000,No,Yes,Farmer,Government Job,No Formal Education,Urban,68.7,SC/ST,1,2021
12000,Yes,No,Government Job,Homemaker,No Formal Education,Rural,75.6,Sports,1,2021
25000,No,No,Government Job,Teacher,Diploma,Rural,65.7,Merit,0,2022
12000,No,No,Factory Worker,Factory Worker,Diploma,Semi-Urban,53.2,Management,1,2024
3000,Yes,Yes,Engineer,Homemaker,Graduate,Rural,96.3,Management,0,2021
35000,No,Yes,Engineer,Factory Worker,Primary School,Rural,87.3,Merit,1,2021
25000,Yes,No,Daily Wage Worker,Factory Worker,Postgraduate,Rural,52.6,Management,1,2024
45000,Yes,Yes,Daily Wage Worker,Farmer,HighSchool,Urban,68.1,OBC,1,2024
5000,No,Yes,Shopkeeper,Nurse,HighSchool,Urban,62.3,Merit,1,2024
100000,No,Yes,Driver,Daily Wage Worker,Postgraduate,Semi-Urban,98.8,SC/ST,0,2023
100000,Yes,No,Daily Wage Worker,Homemaker,Graduate,Urban,82.6,Sports,0,2023
18000,No,No,Engineer,Factory Worker,Diploma,Urban,78.3,Merit,0,2021
60000,No,Yes,Shopkeeper,Teacher,Primary School,Urban,48.7,SC/ST,1,2021
12000,No,Yes,Factory Worker,Government Job,Graduate,Rural,51.2,SC/ST,1,2023
45000,No,Yes,Daily Wage Worker,Homemaker,Graduate,Rural,95.0,Merit,1,2023
60000,Yes,Yes,Engineer,Homemaker,HighSchool,Semi-Urban,66.5,Management,0,2024
45000,No,No,Driver,Shopkeeper,HighSchool,Urban,40.9,Management,1,2024
45000,No,Yes,Small Business,Government Job,Diploma,Urban,69.3,OBC,0,2023
18000,Yes,Yes,Doctor,Nurse,Graduate,Rural,76.5,Sports,0,2023
45000,Yes,Yes,Government Job,Farmer,Diploma,Urban,57.2,Merit,0,2022
35000,Yes,Yes,Farmer,Homemaker,HighSchool,Rural,65.1,Merit,0,2021
8000,Yes,No,Driver,Factory Worker,Postgraduate,Semi-Urban,56.3,Merit,0,2022
8000,No,No,Small Business,Factory Worker,Postgraduate,Urban,66.1,SC/ST,0,2023
45000,No,Yes,Doctor,Shopkeeper,Graduate,Semi-Urban,98.1,Management,0,2023
35000,Yes,Yes,Government Job,Teacher,Primary School,Urban,67.1,Management,0,2022
25000,No,No,Teacher,Daily Wage Worker,HighSchool,Rural,87.6,Sports,1,2022
75000,Yes,Yes,Factory Worker,Daily Wage Worker,Graduate,Urban,47.6,Merit,0,2024
35000,No,No,Doctor,Nurse,Graduate,Rural,86.6,Merit,0,2022
18000,Yes,No,Farmer,Daily Wage Worker,Diploma,Semi-Urban,69.9,Merit,0,2024
18000,Yes,Yes,Small Business,Factory Worker,HighSchool,Rural,61.6,Management,1,2022
35000,Yes,Yes,Small Business,Daily Wage Worker,Postgraduate,Rural,74.0,SC/ST,0,2022
45000,No,Yes,Teacher,Farmer,Diploma,Rural,60.7,OBC,1,2023
25000,Yes,Yes,Teacher,Farmer,Postgraduate,Rural,87.8,Merit,0,2021
25000,Yes,No,Farmer,Teacher,Diploma,Rural,86.6,Merit,0,2022
45000,Yes,No,Teacher,Government Job,Graduate,Rural,53.6,OBC,0,2024
35000,Yes,Yes,Engineer,Shopkeeper,Primary School,Urban,65.5,Merit,0,2024
60000,No,No,Engineer,Farmer,HighSchool,Rural,48.2,OBC,0,2024
5000,No,No,Driver,Homemaker,Postgraduate,Semi-Urban,40.3,OBC,1,2024
45000,No,No,Daily Wage Worker,Daily Wage Worker,Graduate,Semi-Urban,57.5,OBC,1,2022
25000,Yes,No,Factory Worker,Daily Wage Worker,Diploma,Urban,73.1,SC/ST,0,2024
5000,Yes,No,Doctor,Teacher,Diploma,Rural,84.8,Sports,0,2021
35000,No,Yes,Small Business,Nurse,Primary School,Rural,96.0,OBC,1,2021
35000,Yes,Yes,Small Business,Government Job,Graduate,Rural,64.9,Sports,0,2023
25000,No,No,Farmer,Government Job,Primary School,Rural,40.2,Merit,1,2021
45000,Yes,No,Teacher,Government Job,Diploma,Semi-Urban,78.3,Merit,0,2022
12000,No,No,Teacher,Homemaker,Diploma,Semi-Urban,52.2,Sports,0,2021
8000,No,Yes,Small Business,Homemaker,Graduate,Urban,74.0,Management,1,2023
18000,No,No,Government Job,Daily Wage Worker,Diploma,Urban,66.7,NRI,0,2024
18000,Yes,No,Shopkeeper,Homemaker,Postgraduate,Urban,56.4,SC/ST,0,2021
35000,Yes,Yes,Factory Worker,Farmer,Graduate,Rural,57.6,Merit,1,2021
60000,No,No,Doctor,Factory Worker,Postgraduate,Urban,60.2,Merit,0,2023
45000,No,Yes,Farmer,Government Job,Diploma,Rural,50.3,Management,1,2024
8000,Yes,Yes,Doctor,Nurse,HighSchool,Urban,81.6,Management,0,2024
18000,No,No,Government Job,Homemaker,Postgraduate,Semi-Urban,63.3,Sports,0,2024
8000,Yes,No,Driver,Homemaker,Primary School,Semi-Urban,82.4,Merit,0,2023
35000,No,No,Farmer,Shopkeeper,Postgraduate,Semi-Urban,74.4,Merit,1,2021
12000,Yes,Yes,Shopkeeper,Farmer,Primary School,Semi-Urban,53.4,Merit,0,2024
25000,Yes,Yes,Shopkeeper,Factory Worker,Graduate,Semi-Urban,59.0,Merit,0,2024
45000,No,Yes,Factory Worker,Teacher,Graduate,Urban,94.5,Merit,0,2023
35000,Yes,Yes,Doctor,Government Job,Graduate,Rural,64.9,Merit,0,2024
12000,No,Yes,Doctor,Farmer,Graduate,Urban,46.7,Merit,0,2023
12000,Yes,No,Shopkeeper,Daily Wage Worker,Primary School,Rural,77.9,Sports,1,2023
35000,Yes,No,Driver,Factory Worker,HighSchool,Rural,60.2,NRI,1,2024
25000,No,Yes,Driver,Teacher,HighSchool,Rural,67.5,Management,1,2024
5000,Yes,Yes,Farmer,Homemaker,Postgraduate,Rural,52.2,SC/ST,1,2024
60000,No,No,Engineer,Farmer,Diploma,Semi-Urban,40.8,Management,0,2021
25000,Yes,No,Factory Worker,Factory Worker,No Formal Education,Rural,74.5,Merit,1,2024
18000,Yes,No,Farmer,Government Job,HighSchool,Urban,65.6,Merit,0,2022
8000,Yes,No,Teacher,Daily Wage Worker,Postgraduate,Semi-Urban,63.9,SC/ST,0,2024
18000,No,Yes,Government Job,Daily Wage Worker,Postgraduate,Rural,94.5,Management,1,2024
12000,Yes,Yes,Doctor,Teacher,Postgraduate,Semi-Urban,55.4,Merit,0,2021
12000,No,Yes,Shopkeeper,Shopkeeper,Primary School,Urban,74.6,Merit,1,2024
25000,No,No,Driver,Nurse,Graduate,Rural,88.8,Merit,0,2021
18000,Yes,Yes,Government Job,Nurse,Diploma,Rural,66.8,Merit,0,2024
60000,No,No,Factory Worker,Nurse,Graduate,Urban,84.4,Merit,0,2022
75000,No,No,Daily Wage Worker,Daily Wage Worker,Graduate,Rural,73.0,Sports,1,2023
12000,No,Yes,Factory Worker,Daily Wage Worker,HighSchool,Urban,60.7,SC/ST,1,2024
5000,Yes,Yes,Farmer,Factory Worker,Diploma,Urban,93.5,Merit,0,2021
45000,Yes,Yes,Shopkeeper,Daily Wage Worker,HighSchool,Semi-Urban,62.2,SC/ST,1,2024
100000,No,No,Small Business,Shopkeeper,Diploma,Semi-Urban,67.1,Merit,0,2024
60000,No,No,Teacher,Teacher,HighSchool,Urban,78.2,Management,0,2024
3000,Yes,Yes,Teacher,Nurse,HighSchool,Rural,75.0,Management,1,2024
12000,No,Yes,Small Business,Teacher,HighSchool,Rural,70.2,Merit,1,2024
5000,Yes,No,Driver,Homemaker,HighSchool,Rural,80.7,Management,1,2022
60000,Yes,No,Farmer,Teacher,Graduate,Urban,80.9,OBC,0,2022
25000,Yes,No,Shopkeeper,Homemaker,Graduate,Semi-Urban,71.2,Management,0,2023
25000,No,No,Doctor,Daily Wage Worker,Postgraduate,Urban,69.8,Merit,0,2021
25000,Yes,No,Engineer,Government Job,Diploma,Rural,49.7,Merit,0,2024
12000,Yes,Yes,Small Business,Factory Worker,Graduate,Semi-Urban,81.9,Sports,0,2023
35000,No,No,Daily Wage Worker,Daily Wage Worker,Postgraduate,Urban,98.5,Management,1,2024
3000,Yes,Yes,Teacher,Farmer,Diploma,Rural,57.2,SC/ST,1,2023
35000,No,Yes,Factory Worker,Shopkeeper,Graduate,Urban,51.8,Merit,1,2021
45000,Yes,No,Driver,Factory Worker,Postgraduate,Rural,95.4,Merit,0,2022
35000,Yes,No,Shopkeeper,Shopkeeper,Graduate,Rural,64.2,Merit,0,2021
12000,No,Yes,Small Business,Homemaker,Primary School,Rural,80.8,Management,1,2022
60000,No,No,Doctor,Government Job,HighSchool,Urban,67.8,SC/ST,0,2023
35000,No,Yes,Shopkeeper,Homemaker,HighSchool,Urban,73.2,SC/ST,1,2021
8000,No,No,Doctor,Daily Wage Worker,Graduate,Urban,59.7,Management,0,2023
8000,Yes,No,Factory Worker,Shopkeeper,Graduate,Semi-Urban,85.5,Merit,0,2022
35000,No,Yes,Factory Worker,Factory Worker,Primary School,Urban,69.7,Merit,1,2024
12000,Yes,No,Shopkeeper,Shopkeeper,Diploma,Semi-Urban,68.4,Management,0,2024
8000,No,No,Government Job,Teacher,Diploma,Urban,73.1,Merit,0,2022
8000,Yes,Yes,Farmer,Nurse,Graduate,Urban,95.3,Management,0,2021
8000,Yes,No,Shopkeeper,Daily Wage Worker,HighSchool,Semi-Urban,88.3,Merit,0,2021
18000,Yes,No,Engineer,Homemaker,HighSchool,Rural,43.5,Management,1,2023
35000,Yes,Yes,Farmer,Nurse,Graduate,Urban,61.2,Merit,0,2022
8000,Yes,No,Teacher,Farmer,Primary School,Semi-Urban,49.1,Merit,0,2023
35000,Yes,Yes,Driver,Shopkeeper,Graduate,Urban,93.8,Management,0,2022
12000,Yes,Yes,Factory Worker,Government Job,Diploma,Semi-Urban,54.5,NRI,1,2022
12000,No,Yes,Government Job,Government Job,Diploma,Rural,85.2,Merit,0,2024
12000,No,No,Shopkeeper,Teacher,Graduate,Rural,76.3,SC/ST,1,2022
45000,No,No,Daily Wage Worker,Factory Worker,HighSchool,Rural,85.3,OBC,1,2023
75000,Yes,Yes,Driver,Shopkeeper,HighSchool,Semi-Urban,79.5,Merit,0,2021
25000,Yes,Yes,Farmer,Farmer,Postgraduate,Urban,57.0,Merit,0,2021
5000,Yes,No,Small Business,Homemaker,Graduate,Semi-Urban,69.4,SC/ST,1,2022
12000,Yes,No,Government Job,Teacher,HighSchool,Semi-Urban,50.2,Merit,1,2021
8000,No,No,Engineer,Daily Wage Worker,Graduate,Rural,53.7,Merit,1,2023
60000,Yes,No,Daily Wage Worker,Homemaker,Diploma,Semi-Urban,47.3,Merit,0,2021
5000,No,Yes,Factory Worker,Factory Worker,Graduate,Rural,91.7,Merit,1,2021
100000,No,Yes,Farmer,Homemaker,Graduate,Urban,56.9,Merit,0,2023
25000,Yes,No,Farmer,Shopkeeper,No Formal Education,Urban,47.8,Merit,1,2024
25000,No,Yes,Daily Wage Worker,Daily Wage Worker,Graduate,Rural,54.2,Management,1,2024
60000,Yes,Yes,Shopkeeper,Homemaker,HighSchool,Semi-Urban,55.5,SC/ST,0,2021
3000,Yes,Yes,Daily Wage Worker,Factory Worker,Diploma,Rural,47.4,OBC,1,2023
45000,Yes,Yes,Factory Worker,Teacher,HighSchool,Urban,81.2,SC/ST,0,2021
8000,No,No,Teacher,Teacher,Postgraduate,Rural,79.3,NRI,1,2023
60000,No,Yes,Driver,Daily Wage Worker,Graduate,Urban,74.8,Management,1,2023
25000,No,No,Engineer,Nurse,Postgraduate,Urban,91.3,Merit,0,2021
5000,No,No,Shopkeeper,Factory Worker,HighSchool,Urban,43.2,Sports,1,2024
60000,No,No,Engineer,Teacher,HighSchool,Urban,75.8,OBC,0,2024
3000,No,No,Farmer,Farmer,Graduate,Semi-Urban,74.7,SC/ST,1,2022
8000,Yes,Yes,Shopkeeper,Government Job,HighSchool,Semi-Urban,82.3,SC/ST,1,2023
45000,Yes,No,Engineer,Shopkeeper,Postgraduate,Semi-Urban,59.2,Merit,0,2022
18000,Yes,No,Daily Wage Worker,Farmer,Graduate,Rural,65.1,Merit,1,2024
60000,No,No,Teacher,Factory Worker,Postgraduate,Urban,60.0,NRI,0,2023
35000,Yes,No,Government Job,Shopkeeper,Primary School,Semi-Urban,63.0,Merit,0,2022
35000,No,No,Driver,Teacher,Diploma,Semi-Urban,77.8,Merit,0,2024
12000,No,No,Farmer,Government Job,HighSchool,Rural,55.2,NRI,1,2024
8000,No,Yes,Factory Worker,Farmer,Postgraduate,Semi-Urban,91.2,OBC,1,2022
100000,Yes,Yes,Driver,Teacher,Primary School,Rural,98.6,Merit,0,2024
5000,Yes,No,Farmer,Government Job,Graduate,Rural,65.1,Management,1,2023
25000,No,Yes,Doctor,Farmer,Graduate,Semi-Urban,98.5,Management,0,2021
12000,Yes,Yes,Teacher,Farmer,Postgraduate,Rural,68.4,SC/ST,0,2024
12000,Yes,No,Shopkeeper,Government Job,Postgraduate,Semi-Urban,41.2,OBC,0,2022
25000,No,No,Small Business,Factory Worker,Graduate,Rural,93.2,SC/ST,0,2023
45000,Yes,No,Engineer,Farmer,HighSchool,Rural,59.8,Merit,0,2024
45000,No,No,Engineer,Government Job,Graduate,Urban,43.6,Merit,0,2021
60000,No,Yes,Government Job,Teacher,Diploma,Semi-Urban,50.9,Management,0,2024
12000,Yes,No,Shopkeeper,Daily Wage Worker,Graduate,Semi-Urban,82.7,Merit,0,2021
18000,No,No,Teacher,Homemaker,HighSchool,Urban,53.7,SC/ST,1,2021
3000,Yes,No,Farmer,Daily Wage Worker,Graduate,Rural,83.3,SC/ST,1,2024
45000,No,Yes,Driver,Homemaker,Diploma,Urban,89.1,NRI,0,2023
12000,Yes,Yes,Farmer,Teacher,Graduate,Urban,93.7,OBC,1,2022
25000,Yes,No,Driver,Factory Worker,Diploma,Rural,93.5,Merit,0,2023
8000,Yes,No,Engineer,Daily Wage Worker,Graduate,Semi-Urban,50.7,Management,0,2021
45000,Yes,Yes,Teacher,Government Job,Primary School,Rural,73.0,Merit,0,2024
45000,Yes,No,Driver,Government Job,Primary School,Rural,92.1,Sports,1,2021
60000,No,No,Driver,Shopkeeper,Postgraduate,Rural,54.3,OBC,0,2021
5000,No,Yes,Farmer,Shopkeeper,Graduate,Urban,98.9,OBC,1,2021
100000,Yes,No,Engineer,Shopkeeper,HighSchool,Rural,83.4,NRI,0,2021
12000,No,No,Daily Wage Worker,Homemaker,Graduate,Rural,95.1,Sports,1,2023
12000,No,No,Teacher,Teacher,Graduate,Rural,58.3,Merit,0,2021
12000,Yes,No,Engineer,Factory Worker,Graduate,Urban,52.0,Merit,0,2023
12000,No,Yes,Shopkeeper,Factory Worker,Diploma,Rural,96.0,SC/ST,1,2024
25000,No,No,Teacher,Homemaker,Graduate,Semi-Urban,56.6,Merit,0,2022
12000,Yes,No,Engineer,Nurse,No Formal Education,Rural,93.4,SC/ST,1,2021
18000,Yes,Yes,Farmer,Daily Wage Worker,Graduate,Rural,50.0,Merit,1,2022
35000,Yes,Yes,Small Business,Shopkeeper,Diploma,Urban,61.1,Sports,0,2022
60000,No,No,Driver,Homemaker,Graduate,Urban,77.1,Sports,0,2021
35000,No,Yes,Farmer,Farmer,HighSchool,Semi-Urban,93.8,SC/ST,1,2023
25000,Yes,Yes,Driver,Factory Worker,HighSchool,Urban,67.2,Management,1,2022
8000,No,No,Teacher,Homemaker,Postgraduate,Urban,75.4,Merit,0,2024
45000,Yes,No,Doctor,Government Job,Postgraduate,Urban,59.3,Sports,0,2021
3000,No,Yes,Engineer,Daily Wage Worker,Postgraduate,Rural,51.5,OBC,1,2021
12000,No,No,Daily Wage Worker,Daily Wage Worker,Graduate,Rural,83.7,Merit,1,2022
5000,No,No,Small Business,Farmer,Primary School,Urban,83.4,Merit,0,2022
35000,No,No,Doctor,Homemaker,Graduate,Semi-Urban,91.0,Management,0,2021
18000,No,No,Engineer,Homemaker,Diploma,Semi-Urban,48.9,OBC,1,2023
35000,Yes,No,Small Business,Teacher,HighSchool,Semi-Urban,43.5,Merit,0,2023
12000,Yes,No,Driver,Teacher,HighSchool,Urban,76.9,Merit,0,2024
18000,No,Yes,Engineer,Factory Worker,HighSchool,Semi-Urban,68.8,Management,1,2023
18000,Yes,Yes,Government Job,Government Job,Primary School,Rural,76.9,Management,1,2021
5000,No,No,Factory Worker,Shopkeeper,Primary School,Rural,54.1,Sports,1,2024
18000,No,No,Farmer,Homemaker,Graduate,Rural,88.7,SC/ST,1,2024
35000,Yes,Yes,Daily Wage Worker,Teacher,Postgraduate,Urban,66.2,Merit,0,2021
25000,Yes,Yes,Government Job,Daily Wage Worker,Diploma,Semi-Urban,80.0,Management,0,2022
5000,Yes,Yes,Daily Wage Worker,Teacher,Primary School,Urban,51.5,SC/ST,1,2023
35000,No,No,Government Job,Teacher,HighSchool,Semi-Urban,42.9,OBC,1,2021
12000,No,No,Farmer,Homemaker,Graduate,Urban,61.1,Merit,1,2024
3000,Yes,No,Teacher,Shopkeeper,HighSchool,Urban,65.1,SC/ST,1,2023
8000,Yes,Yes,Daily Wage Worker,Shopkeeper,Graduate,Rural,65.3,Sports,1,2024
25000,Yes,Yes,Small Business,Shopkeeper,HighSchool,Semi-Urban,54.1,Merit,0,2024
12000,Yes,No,Small Business,Government Job,Graduate,Urban,67.6,OBC,0,2021
35000,No,Yes,Doctor,Shopkeeper,Graduate,Rural,69.8,Merit,1,2023
12000,Yes,Yes,Engineer,Nurse,HighSchool,Rural,56.9,Management,1,2023
45000,Yes,Yes,Factory Worker,Teacher,Postgraduate,Urban,59.6,OBC,0,2022
12000,No,No,Factory Worker,Daily Wage Worker,Diploma,Urban,73.0,Sports,1,2021
35000,No,No,Government Job,Nurse,HighSchool,Rural,42.6,Management,1,2024
45000,Yes,Yes,Daily Wage Worker,Daily Wage Worker,Graduate,Semi-Urban,42.4,SC/ST,1,2021
18000,No,No,Shopkeeper,Teacher,Diploma,Urban,65.5,SC/ST,1,2021
5000,Yes,No,Government Job,Shopkeeper,Postgraduate,Rural,43.7,OBC,1,2023
25000,Yes,No,Doctor,Shopkeeper,HighSchool,Urban,84.0,SC/ST,0,2024
100000,No,No,Shopkeeper,Nurse,Postgraduate,Rural,74.6,OBC,0,2024
100000,No,No,Teacher,Government Job,Graduate,Rural,41.5,SC/ST,0,2023
12000,Yes,No,Doctor,Government Job,Graduate,Rural,59.4,Merit,0,2022
45000,No,Yes,Government Job,Homemaker,HighSchool,Rural,45.2,Management,1,2023
12000,Yes,No,Driver,Farmer,Primary School,Rural,93.5,OBC,1,2024
8000,No,Yes,Farmer,Daily Wage Worker,Postgraduate,Semi-Urban,58.3,Sports,1,2021
35000,Yes,Yes,Engineer,Farmer,Graduate,Rural,62.5,Management,0,2023
25000,No,Yes,Government Job,Nurse,Postgraduate,Urban,86.4,SC/ST,0,2021
25000,No,Yes,Daily Wage Worker,Factory Worker,Diploma,Rural,52.8,Management,1,2022
60000,Yes,Yes,Small Business,Factory Worker,Graduate,Semi-Urban,52.3,SC/ST,0,2024
12000,No,No,Farmer,Government Job,Postgraduate,Semi-Urban,87.6,Merit,1,2022
35000,No,No,Daily Wage Worker,Government Job,Graduate,Rural,71.5,Sports,1,2023
18000,No,Yes,Factory Worker,Factory Worker,HighSchool,Urban,55.1,SC/ST,1,2023
5000,Yes,No,Factory Worker,Factory Worker,Graduate,Rural,49.3,SC/ST,1,2021
18000,Yes,Yes,Driver,Nurse,HighSchool,Urban,86.7,Merit,0,2024
75000,No,No,Daily Wage Worker,Factory Worker,Diploma,Semi-Urban,52.0,Merit,1,2023
25000,No,No,Engineer,Shopkeeper,HighSchool,Rural,69.0,Merit,1,2021
5000,No,Yes,Teacher,Homemaker,Postgraduate,Urban,51.2,Management,1,2024
35000,Yes,Yes,Engineer,Shopkeeper,Postgraduate,Rural,62.2,Merit,0,2022
100000,No,No,Daily Wage Worker,Teacher,Postgraduate,Urban,44.9,OBC,0,2023
75000,Yes,Yes,Engineer,Homemaker,Diploma,Semi-Urban,40.6,Merit,0,2022
25000,No,No,Farmer,Shopkeeper,Graduate,Semi-Urban,74.0,Merit,0,2021
18000,Yes,No,Daily Wage Worker,Shopkeeper,HighSchool,Rural,73.6,OBC,1,2021
25000,Yes,Yes,Factory Worker,Nurse,Diploma,Semi-Urban,51.2,SC/ST,1,2021
45000,No,No,Daily Wage Worker,Farmer,Graduate,Urban,51.6,Merit,0,2021
60000,Yes,No,Small Business,Teacher,No Formal Education,Semi-Urban,85.6,SC/ST,0,2021
45000,No,No,Shopkeeper,Factory Worker,No Formal Education,Semi-Urban,66.4,Merit,0,2024
18000,Yes,No,Shopkeeper,Government Job,Graduate,Rural,75.6,Management,0,2021
8000,No,Yes,Daily Wage Worker,Government Job,Graduate,Urban,56.5,Merit,1,2023
25000,No,No,Engineer,Daily Wage Worker,Diploma,Semi-Urban,74.6,Merit,0,2023
8000,No,Yes,Government Job,Factory Worker,Graduate,Semi-Urban,64.7,OBC,1,2024
5000,No,Yes,Teacher,Government Job,Postgraduate,Rural,56.2,Sports,1,2024
25000,Yes,No,Teacher,Daily Wage Worker,Primary School,Rural,72.7,Management,1,2022
35000,Yes,Yes,Daily Wage Worker,Farmer,Graduate,Rural,44.1,OBC,1,2022
60000,No,No,Engineer,Factory Worker,Graduate,Urban,47.5,OBC,0,2024
45000,No,No,Small Business,Daily Wage Worker,Diploma,Semi-Urban,66.2,Merit,0,2022
60000,Yes,Yes,Shopkeeper,Shopkeeper,No Formal Education,Rural,58.2,Merit,0,2021
45000,No,Yes,Small Business,Factory Worker,Diploma,Semi-Urban,87.6,Merit,0,2024
35000,No,No,Daily Wage Worker,Nurse,Graduate,Rural,51.6,Merit,1,2024
3000,Yes,Yes,Teacher,Government Job,Diploma,Rural,47.9,Merit,1,2024
35000,No,Yes,Driver,Shopkeeper,HighSchool,Urban,43.9,Management,1,2021
8000,No,No,Driver,Homemaker,HighSchool,Rural,88.2,Merit,1,2021
5000,No,Yes,Farmer,Factory Worker,Postgraduate,Semi-Urban,90.8,Merit,1,2021
8000,No,No,Factory Worker,Shopkeeper,Diploma,Urban,93.2,Merit,1,2022
60000,Yes,No,Small Business,Homemaker,Primary School,Rural,92.3,Merit,0,2024
45000,Yes,No,Farmer,Teacher,Postgraduate,Urban,91.6,Merit,0,2024
75000,Yes,No,Doctor,Government Job,HighSchool,Rural,97.5,Merit,0,2024
100000,No,Yes,Driver,Factory Worker,Graduate,Urban,63.5,Management,0,2023
60000,Yes,No,Driver,Factory Worker,No Formal Education,Rural,78.8,Merit,0,2023
8000,Yes,No,Teacher,Teacher,HighSchool,Rural,42.5,Merit,1,2024
60000,Yes,No,Engineer,Daily Wage Worker,HighSchool,Rural,91.1,Management,0,2024
60000,Yes,No,Doctor,Homemaker,Postgraduate,Semi-Urban,48.6,Merit,0,2024
60000,Yes,No,Small Business,Shopkeeper,Graduate,Rural,80.2,Sports,0,2021
8000,Yes,No,Farmer,Government Job,HighSchool,Semi-Urban,59.3,NRI,1,2021
8000,Yes,No,Engineer,Shopkeeper,Graduate,Urban,74.7,SC/ST,0,2024
75000,Yes,No,Farmer,Teacher,Graduate,Rural,86.8,OBC,0,2023
8000,No,No,Daily Wage Worker,Farmer,Diploma,Rural,70.0,SC/ST,1,2022
18000,Yes,No,Factory Worker,Shopkeeper,Diploma,Rural,96.1,Merit,0,2024
18000,Yes,No,Driver,Factory Worker,Diploma,Semi-Urban,58.2,OBC,0,2024
8000,No,Yes,Factory Worker,Daily Wage Worker,HighSchool,Semi-Urban,73.1,Merit,1,2024
3000,No,Yes,Shopkeeper,Teacher,Graduate,Urban,90.6,Merit,0,2022
100000,No,No,Engineer,Shopkeeper,Graduate,Urban,72.5,Merit,0,2023
60000,Yes,No,Teacher,Nurse,Postgraduate,Urban,71.5,Merit,0,2024
75000,No,No,Small Business,Teacher,Graduate,Rural,62.8,SC/ST,0,2021
12000,No,No,Engineer,Shopkeeper,Graduate,Urban,85.9,Management,0,2023
12000,No,No,Farmer,Shopkeeper,Graduate,Rural,61.2,Merit,1,2022
18000,No,Yes,Teacher,Nurse,Postgraduate,Urban,54.6,NRI,0,2021
18000,Yes,No,Engineer,Nurse,Graduate,Urban,47.6,Sports,0,2024
3000,No,No,Doctor,Daily Wage Worker,Graduate,Rural,65.2,Merit,1,2021
45000,No,Yes,Driver,Homemaker,Graduate,Rural,56.9,Merit,1,2022
100000,No,Yes,Daily Wage Worker,Teacher,HighSchool,Rural,98.4,SC/ST,1,2023
25000,Yes,No,Engineer,Daily Wage Worker,Graduate,Urban,76.1,Management,0,2023
18000,Yes,No,Government Job,Shopkeeper,Graduate,Semi-Urban,98.6,Merit,0,2021
18000,No,No,Factory Worker,Shopkeeper,Primary School,Rural,81.0,Management,1,2022
5000,No,Yes,Teacher,Homemaker,Diploma,Semi-Urban,90.0,Management,1,2024
12000,Yes,No,Factory Worker,Farmer,No Formal Education,Urban,46.6,Merit,1,2024
25000,Yes,No,Driver,Nurse,HighSchool,Semi-Urban,80.8,OBC,1,2024
18000,Yes,No,Small Business,Government Job,Diploma,Urban,47.0,Merit,0,2023
25000,No,No,Government Job,Daily Wage Worker,HighSchool,Urban,48.6,Merit,0,2021
60000,Yes,Yes,Government Job,Daily Wage Worker,Graduate,Rural,44.6,Merit,0,2024
12000,Yes,No,Driver,Factory Worker,Graduate,Rural,76.8,Merit,0,2023
3000,No,No,Engineer,Daily Wage Worker,HighSchool,Semi-Urban,78.4,NRI,0,2022
3000,Yes,No,Factory Worker,Farmer,No Formal Education,Rural,57.1,Sports,1,2024
8000,Yes,Yes,Small Business,Nurse,HighSchool,Semi-Urban,92.8,Merit,0,2024
25000,Yes,No,Shopkeeper,Shopkeeper,Diploma,Urban,94.5,OBC,0,2023
45000,Yes,Yes,Engineer,Farmer,Graduate,Semi-Urban,87.5,Merit,0,2023
60000,No,No,Shopkeeper,Factory Worker,Graduate,Rural,76.9,Merit,0,2024
35000,No,No,Engineer,Teacher,No Formal Education,Urban,75.3,Management,0,2021
18000,No,No,Daily Wage Worker,Factory Worker,Diploma,Semi-Urban,63.2,NRI,1,2021
8000,Yes,No,Small Business,Daily Wage Worker,Postgraduate,Rural,66.9,SC/ST,1,2021
18000,No,No,Engineer,Farmer,Postgraduate,Semi-Urban,48.3,NRI,0,2023
12000,No,No,Farmer,Government Job,Graduate,Rural,96.4,OBC,1,2023
60000,Yes,No,Factory Worker,Nurse,HighSchool,Rural,74.8,Merit,0,2021
25000,No,No,Government Job,Farmer,No Formal Education,Rural,62.4,SC/ST,1,2023
12000,Yes,Yes,Driver,Government Job,Diploma,Semi-Urban,51.9,Merit,1,2022
12000,No,No,Shopkeeper,Homemaker,HighSchool,Semi-Urban,64.0,Merit,1,2023
8000,No,Yes,Daily Wage Worker,Farmer,Graduate,Urban,49.9,Merit,1,2022
75000,No,Yes,Small Business,Daily Wage Worker,Primary School,Semi-Urban,87.1,SC/ST,0,2022
5000,No,Yes,Teacher,Nurse,Postgraduate,Urban,82.6,OBC,1,2024
3000,No,No,Driver,Government Job,Graduate,Urban,84.0,NRI,1,2024
8000,No,No,Driver,Government Job,Postgraduate,Rural,80.4,SC/ST,1,2023
45000,Yes,Yes,Farmer,Teacher,Postgraduate,Rural,92.7,Sports,0,2024
25000,No,No,Small Business,Shopkeeper,Diploma,Urban,50.8,SC/ST,1,2024
35000,No,No,Farmer,Daily Wage Worker,Graduate,Rural,71.0,Merit,0,2022
18000,No,No,Government Job,Daily Wage Worker,Postgraduate,Semi-Urban,76.4,SC/ST,1,2023
5000,No,No,Teacher,Government Job,HighSchool,Rural,97.9,Management,1,2023
60000,No,No,Government Job,Farmer,No Formal Education,Semi-Urban,61.4,Management,1,2024
8000,No,No,Factory Worker,Shopkeeper,HighSchool,Semi-Urban,56.3,Sports,1,2024
3000,Yes,Yes,Government Job,Factory Worker,Diploma,Urban,43.5,Management,1,2024
25000,Yes,No,Doctor,Teacher,Graduate,Semi-Urban,97.2,OBC,0,2023
5000,Yes,No,Doctor,Homemaker,HighSchool,Semi-Urban,55.0,SC/ST,1,2022
5000,Yes,Yes,Small Business,Teacher,Diploma,Semi-Urban,46.6,SC/ST,1,2022
45000,No,No,Daily Wage Worker,Homemaker,Graduate,Semi-Urban,92.9,Merit,1,2024
25000,No,No,Small Business,Shopkeeper,Graduate,Rural,95.0,SC/ST,1,2023
12000,No,No,Factory Worker,Factory Worker,HighSchool,Urban,71.9,Sports,1,2024
12000,Yes,No,Factory Worker,Government Job,Graduate,Semi-Urban,56.0,SC/ST,1,2022
45000,No,No,Farmer,Daily Wage Worker,Postgraduate,Semi-Urban,69.2,Merit,0,2023
5000,No,No,Government Job,Shopkeeper,Diploma,Rural,46.6,OBC,1,2022
8000,Yes,Yes,Driver,Nurse,Diploma,Rural,47.9,Merit,1,2023
35000,No,Yes,Driver,Farmer,No Formal Education,Semi-Urban,68.3,Management,1,2021
35000,No,No,Daily Wage Worker,Government Job,Graduate,Urban,89.8,OBC,0,2021
100000,Yes,Yes,Factory Worker,Government Job,Postgraduate,Rural,48.5,Merit,0,2024
18000,No,No,Factory Worker,Shopkeeper,No Formal Education,Urban,78.0,Merit,0,2024
5000,No,Yes,Farmer,Daily Wage Worker,Postgraduate,Urban,59.6,SC/ST,1,2022
25000,No,No,Government Job,Homemaker,Primary School,Semi-Urban,43.3,Sports,1,2022
35000,No,Yes,Daily Wage Worker,Farmer,Postgraduate,Semi-Urban,54.9,OBC,1,2024
8000,Yes,No,Teacher,Daily Wage Worker,Diploma,Semi-Urban,44.1,Merit,0,2022
25000,Yes,No,Driver,Nurse,HighSchool,Rural,51.1,SC/ST,1,2023
8000,No,Yes,Farmer,Shopkeeper,Postgraduate,Rural,58.0,Merit,1,2021
60000,No,No,Government Job,Government Job,Graduate,Urban,50.2,Merit,0,2024
60000,No,No,Doctor,Government Job,No Formal Education,Semi-Urban,63.8,Management,1,2021
18000,Yes,No,Daily Wage Worker,Factory Worker,Graduate,Urban,40.2,Merit,1,2024
100000,No,Yes,Small Business,Farmer,HighSchool,Rural,41.7,Sports,1,2021
100000,No,No,Small Business,Daily Wage Worker,Postgraduate,Rural,85.2,Merit,0,2024
8000,Yes,No,Daily Wage Worker,Factory Worker,HighSchool,Rural,85.8,SC/ST,1,2023
18000,Yes,Yes,Teacher,Daily Wage Worker,Diploma,Rural,62.6,Merit,0,2023
35000,Yes,No,Factory Worker,Farmer,Diploma,Urban,98.0,Management,0,2022
5000,Yes,No,Daily Wage Worker,Government Job,Graduate,Rural,56.1,SC/ST,1,2021
18000,No,Yes,Farmer,Government Job,Diploma,Urban,84.1,Merit,1,2024
12000,Yes,Yes,Daily Wage Worker,Shopkeeper,Diploma,Urban,66.1,Merit,1,2022
75000,Yes,Yes,Shopkeeper,Government Job,Graduate,Rural,60.2,Merit,0,2021
18000,No,No,Doctor,Daily Wage Worker,Primary School,Semi-Urban,57.0,Merit,1,2021
45000,No,No,Doctor,Daily Wage Worker,Graduate,Urban,53.6,OBC,0,2021
18000,No,Yes,Daily Wage Worker,Nurse,No Formal Education,Rural,79.1,Merit,1,2024
8000,Yes,No,Daily Wage Worker,Nurse,Postgraduate,Rural,41.7,Merit,1,2021
60000,Yes,Yes,Shopkeeper,Government Job,Graduate,Semi-Urban,93.4,Management,0,2023
3000,Yes,No,Shopkeeper,Government Job,Graduate,Urban,55.0,SC/ST,0,2021
5000,No,Yes,Doctor,Government Job,HighSchool,Urban,68.4,SC/ST,1,2021
18000,Yes,No,Farmer,Farmer,Postgraduate,Urban,63.1,Merit,0,2021
35000,No,Yes,Daily Wage Worker,Homemaker,Graduate,Semi-Urban,96.0,Merit,1,2021
12000,No,No,Driver,Nurse,Postgraduate,Urban,49.9,Management,1,2024
5000,Yes,Yes,Doctor,Teacher,No Formal Education,Semi-Urban,61.5,OBC,1,2024
12000,Yes,No,Government Job,Daily Wage Worker,Graduate,Semi-Urban,79.0,Merit,0,2024
12000,Yes,No,Daily Wage Worker,Daily Wage Worker,Graduate,Urban,56.7,Management,1,2023
3000,No,No,Doctor,Government Job,Postgraduate,Rural,72.1,SC/ST,1,2022
25000,No,No,Driver,Daily Wage Worker,Diploma,Urban,41.6,SC/ST,1,2024
8000,No,No,Driver,Nurse,HighSchool,Semi-Urban,93.2,Merit,1,2021
12000,No,No,Factory Worker,Teacher,Postgraduate,Urban,89.5,Merit,0,2022
35000,Yes,Yes,Daily Wage Worker,Farmer,HighSchool,Semi-Urban,47.3,Merit,1,2023
45000,No,Yes,Factory Worker,Daily Wage Worker,Graduate,Rural,83.0,Merit,1,2022
12000,No,Yes,Teacher,Teacher,HighSchool,Urban,43.6,OBC,1,2023
12000,No,No,Driver,Government Job,Postgraduate,Rural,94.4,SC/ST,1,2024
12000,Yes,No,Farmer,Nurse,Diploma,Rural,47.1,OBC,1,2024
75000,Yes,No,Driver,Teacher,HighSchool,Rural,61.2,Merit,0,2021
8000,No,No,Factory Worker,Daily Wage Worker,Graduate,Urban,90.6,SC/ST,1,2024
8000,No,No,Factory Worker,Government Job,Primary School,Urban,52.2,Merit,1,2024
18000,Yes,Yes,Farmer,Factory Worker,Primary School,Semi-Urban,94.8,Merit,1,2022
8000,Yes,No,Driver,Farmer,Graduate,Rural,79.4,Merit,1,2021
8000,No,No,Daily Wage Worker,Shopkeeper,HighSchool,Semi-Urban,68.0,Merit,1,2024
5000,No,No,Small Business,Factory Worker,HighSchool,Rural,47.2,Management,1,2024
35000,Yes,No,Farmer,Farmer,Graduate,Rural,78.7,NRI,0,2023
35000,Yes,No,Small Business,Farmer,HighSchool,Urban,74.7,Management,0,2022
35000,No,No,Teacher,Government Job,Postgraduate,Rural,64.9,Merit,0,2024
45000,No,No,Shopkeeper,Government Job,Graduate,Rural,63.8,Merit,0,2024
12000,No,No,Shopkeeper,Factory Worker,Postgraduate,Rural,74.8,OBC,1,2023
75000,No,Yes,Farmer,Factory Worker,Graduate,Urban,64.3,Merit,0,2022
45000,No,Yes,Shopkeeper,Nurse,Postgraduate,Rural,80.3,Merit,0,2022
45000,No,No,Farmer,Homemaker,HighSchool,Semi-Urban,65.7,SC/ST,1,2024
45000,No,No,Factory Worker,Daily Wage Worker,Graduate,Rural,97.8,Management,1,2023
18000,No,No,Farmer,Government Job,Postgraduate,Semi-Urban,72.7,Management,1,2022
12000,No,Yes,Driver,Shopkeeper,Graduate,Urban,48.3,Management,1,2021
18000,No,No,Government Job,Shopkeeper,Postgraduate,Rural,97.1,Sports,1,2023
5000,Yes,No,Driver,Teacher,Postgraduate,Rural,98.2,Management,0,2023
18000,No,No,Doctor,Farmer,Primary School,Rural,98.6,SC/ST,1,2024
5000,Yes,Yes,Doctor,Farmer,Diploma,Urban,58.0,Management,0,2022
3000,Yes,No,Engineer,Daily Wage Worker,HighSchool,Semi-Urban,60.3,OBC,0,2024
75000,Yes,No,Small Business,Farmer,Postgraduate,Urban,40.4,SC/ST,0,2022
35000,No,No,Doctor,Daily Wage Worker,Postgraduate,Rural,92.4,Sports,0,2023
25000,No,No,Teacher,Government Job,Graduate,Semi-Urban,81.9,Sports,0,2022
12000,Yes,No,Farmer,Factory Worker,No Formal Education,Semi-Urban,56.6,Sports,1,2022
25000,No,Yes,Farmer,Teacher,HighSchool,Rural,51.0,Management,1,2022
60000,No,Yes,Engineer,Nurse,HighSchool,Semi-Urban,92.5,NRI,0,2023
35000,No,Yes,Driver,Farmer,Diploma,Rural,60.9,SC/ST,1,2024
35000,Yes,Yes,Government Job,Government Job,Postgraduate,Rural,73.2,Management,0,2022
18000,Yes,No,Engineer,Farmer,HighSchool,Urban,49.3,Merit,0,2023
12000,No,Yes,Shopkeeper,Nurse,Graduate,Urban,50.4,Merit,0,2023
35000,Yes,Yes,Small Business,Shopkeeper,Graduate,Urban,62.9,OBC,0,2021
100000,Yes,No,Government Job,Homemaker,Graduate,Rural,54.8,OBC,0,2023
18000,No,Yes,Driver,Nurse,Primary School,Rural,53.1,OBC,1,2023
18000,No,Yes,Doctor,Teacher,HighSchool,Rural,64.0,Merit,1,2022
18000,No,Yes,Farmer,Teacher,HighSchool,Urban,52.4,SC/ST,1,2023
18000,Yes,Yes,Small Business,Factory Worker,HighSchool,Rural,95.7,Management,0,2021
100000,Yes,No,Shopkeeper,Teacher,No Formal Education,Rural,74.4,Sports,0,2021
35000,Yes,Yes,Driver,Teacher,Diploma,Urban,42.6,Merit,0,2021
18000,Yes,No,Shopkeeper,Factory Worker,Graduate,Semi-Urban,53.0,SC/ST,0,2022
18000,No,Yes,Engineer,Teacher,HighSchool,Semi-Urban,66.5,Sports,1,2024
18000,Yes,Yes,Teacher,Nurse,Graduate,Semi-Urban,65.4,Merit,0,2022
3000,Yes,No,Farmer,Shopkeeper,Diploma,Semi-Urban,80.6,Merit,0,2023
25000,Yes,No,Factory Worker,Homemaker,Primary School,Urban,85.6,Merit,0,2022
45000,No,Yes,Doctor,Shopkeeper,HighSchool,Rural,73.7,Management,1,2021
35000,No,No,Daily Wage Worker,Government Job,HighSchool,Rural,61.0,SC/ST,1,2022
8000,No,No,Driver,Nurse,Diploma,Semi-Urban,51.1,Sports,1,2023
45000,No,No,Engineer,Government Job,Graduate,Semi-Urban,42.2,OBC,0,2024
35000,Yes,Yes,Shopkeeper,Daily Wage Worker,HighSchool,Semi-Urban,43.6,Sports,1,2023
12000,Yes,No,Driver,Daily Wage Worker,Primary School,Semi-Urban,64.2,Merit,1,2022
35000,Yes,No,Engineer,Shopkeeper,HighSchool,Semi-Urban,40.1,Management,0,2022
35000,No,Yes,Daily Wage Worker,Factory Worker,No Formal Education,Semi-Urban,60.0,Merit,1,2021
60000,No,No,Farmer,Government Job,Graduate,Urban,40.4,NRI,0,2021
8000,No,Yes,Small Business,Daily Wage Worker,Graduate,Rural,90.8,SC/ST,1,2022
8000,Yes,No,Small Business,Farmer,Graduate,Urban,52.5,SC/ST,1,2023
25000,Yes,No,Government Job,Teacher,Graduate,Semi-Urban,79.2,Management,0,2021
5000,No,Yes,Shopkeeper,Government Job,HighSchool,Rural,92.6,NRI,1,2022
18000,Yes,No,Teacher,Farmer,Primary School,Rural,92.5,Merit,0,2022
45000,Yes,Yes,Farmer,Homemaker,Graduate,Semi-Urban,88.5,Merit,0,2022
8000,No,No,Factory Worker,Daily Wage Worker,Graduate,Urban,77.4,SC/ST,1,2024
18000,No,Yes,Daily Wage Worker,Daily Wage Worker,Graduate,Semi-Urban,53.1,OBC,1,2022
100000,No,No,Daily Wage Worker,Government Job,Graduate,Semi-Urban,65.0,NRI,0,2023
25000,No,Yes,Teacher,Farmer,Graduate,Rural,64.1,Management,0,2023
25000,Yes,No,Small Business,Nurse,Graduate,Semi-Urban,74.8,Merit,0,2022
25000,No,Yes,Engineer,Farmer,Graduate,Urban,62.9,Sports,0,2023
8000,Yes,No,Driver,Teacher,Postgraduate,Semi-Urban,45.5,NRI,1,2024
8000,Yes,Yes,Government Job,Government Job,No Formal Education,Urban,42.6,OBC,1,2022
35000,No,No,Farmer,Government Job,Primary School,Rural,64.0,Merit,1,2022
18000,Yes,No,Shopkeeper,Homemaker,Graduate,Semi-Urban,91.4,Merit,0,2024
12000,No,Yes,Small Business,Shopkeeper,Diploma,Urban,81.6,Merit,1,2023
3000,Yes,No,Teacher,Teacher,HighSchool,Urban,58.0,OBC,0,2022
60000,No,Yes,Farmer,Factory Worker,Graduate,Semi-Urban,95.2,Sports,0,2021
3000,Yes,Yes,Farmer,Nurse,Diploma,Semi-Urban,78.7,Merit,1,2023
45000,No,No,Factory Worker,Farmer,Diploma,Rural,89.5,Sports,1,2022
18000,No,Yes,Driver,Daily Wage Worker,No Formal Education,Rural,88.6,SC/ST,1,2023
25000,No,No,Daily Wage Worker,Homemaker,Diploma,Semi-Urban,76.7,SC/ST,1,2023
12000,Yes,No,Shopkeeper,Government Job,Graduate,Urban,95.4,Sports,0,2023
8000,Yes,No,Government Job,Shopkeeper,HighSchool,Rural,66.5,Management,1,2023
25000,Yes,No,Shopkeeper,Shopkeeper,HighSchool,Urban,86.3,Management,0,2023
35000,No,Yes,Doctor,Nurse,Diploma,Urban,52.0,Management,1,2024
8000,Yes,Yes,Factory Worker,Farmer,Postgraduate,Rural,95.6,Merit,0,2024
18000,Yes,Yes,Daily Wage Worker,Teacher,Primary School,Rural,83.1,OBC,1,2023
18000,No,Yes,Farmer,Teacher,HighSchool,Rural,56.0,Management,1,2021
12000,No,No,Shopkeeper,Teacher,No Formal Education,Urban,74.6,Merit,1,2024
25000,No,No,Farmer,Teacher,HighSchool,Semi-Urban,41.3,NRI,1,2023
8000,Yes,No,Driver,Shopkeeper,Graduate,Rural,71.1,NRI,1,2024
25000,No,Yes,Farmer,Farmer,HighSchool,Urban,84.9,Merit,1,2024
8000,No,No,Teacher,Government Job,Diploma,Rural,61.5,Merit,1,2022
25000,Yes,Yes,Government Job,Government Job,Postgraduate,Urban,83.6,Management,0,2022
12000,Yes,No,Engineer,Factory Worker,HighSchool,Urban,83.1,Management,0,2023
18000,No,No,Factory Worker,Teacher,Diploma,Semi-Urban,95.1,Management,1,2021
18000,Yes,Yes,Farmer,Daily Wage Worker,Postgraduate,Urban,96.7,Merit,0,2024
75000,No,No,Government Job,Teacher,Diploma,Urban,52.3,SC/ST,0,2024
25000,Yes,No,Doctor,Homemaker,HighSchool,Semi-Urban,59.1,NRI,0,2022
45000,No,No,Government Job,Teacher,Primary School,Urban,53.3,SC/ST,1,2022
12000,No,Yes,Small Business,Factory Worker,Postgraduate,Semi-Urban,63.0,Management,1,2022
18000,Yes,No,Daily Wage Worker,Farmer,Postgraduate,Urban,42.3,Merit,1,2022
5000,No,No,Teacher,Factory Worker,HighSchool,Urban,68.4,Merit,1,2024
18000,Yes,No,Daily Wage Worker,Teacher,Graduate,Urban,92.3,SC/ST,1,2024
35000,No,No,Farmer,Government Job,HighSchool,Urban,82.8,SC/ST,1,2023
60000,No,No,Small Business,Farmer,HighSchool,Urban,73.3,SC/ST,0,2022
25000,Yes,No,Factory Worker,Farmer,Postgraduate,Rural,54.7,Merit,0,2021
35000,No,No,Farmer,Daily Wage Worker,Diploma,Rural,54.6,Merit,1,2021
8000,Yes,Yes,Government Job,Farmer,HighSchool,Semi-Urban,44.9,Merit,1,2023
3000,Yes,Yes,Daily Wage Worker,Homemaker,Diploma,Rural,44.9,OBC,1,2022
45000,No,Yes,Doctor,Teacher,Postgraduate,Urban,85.1,SC/ST,0,2021
8000,No,No,Farmer,Shopkeeper,Graduate,Rural,95.6,Management,1,2021
5000,No,No,Farmer,Nurse,Graduate,Semi-Urban,90.0,SC/ST,1,2022
75000,No,No,Government Job,Farmer,Graduate,Semi-Urban,95.3,Management,0,2022
100000,No,No,Small Business,Nurse,Graduate,Urban,44.9,Merit,0,2023
35000,No,No,Daily Wage Worker,Teacher,Postgraduate,Rural,61.0,Merit,1,2021
18000,Yes,No,Engineer,Teacher,Graduate,Urban,54.0,NRI,0,2024
60000,No,No,Doctor,Nurse,Graduate,Rural,45.8,OBC,0,2023
8000,Yes,No,Engineer,Factory Worker,Postgraduate,Rural,53.9,Merit,0,2022
18000,No,No,Engineer,Farmer,HighSchool,Rural,77.8,SC/ST,1,2023
18000,No,No,Shopkeeper,Factory Worker,Diploma,Urban,68.5,Merit,0,2021
75000,No,Yes,Small Business,Nurse,Postgraduate,Rural,93.6,NRI,0,2021
75000,No,No,Government Job,Government Job,Postgraduate,Rural,47.8,Management,0,2024
35000,Yes,Yes,Doctor,Farmer,Diploma,Rural,80.3,Merit,0,2022
8000,No,No,Daily Wage Worker,Homemaker,Graduate,Semi-Urban,74.7,Sports,1,2023
25000,Yes,Yes,Shopkeeper,Factory Worker,Graduate,Rural,83.7,Merit,0,2024
12000,Yes,No,Doctor,Factory Worker,Diploma,Rural,67.6,SC/ST,0,2023
60000,No,No,Teacher,Shopkeeper,Diploma,Rural,42.1,SC/ST,1,2021
8000,Yes,Yes,Government Job,Shopkeeper,Primary School,Urban,63.1,Sports,0,2022
5000,Yes,No,Teacher,Shopkeeper,HighSchool,Semi-Urban,52.5,Merit,0,2021
35000,No,No,Driver,Daily Wage Worker,HighSchool,Semi-Urban,58.2,OBC,1,2021
18000,Yes,No,Doctor,Daily Wage Worker,Diploma,Urban,53.2,Merit,0,2024
60000,No,Yes,Small Business,Nurse,Graduate,Urban,77.4,Merit,0,2023
5000,Yes,Yes,Teacher,Homemaker,HighSchool,Urban,94.4,Merit,0,2021
45000,No,No,Driver,Nurse,Primary School,Rural,48.7,SC/ST,1,2024
3000,Yes,Yes,Teacher,Teacher,Graduate,Semi-Urban,62.9,Merit,0,2021
3000,Yes,No,Teacher,Daily Wage Worker,No Formal Education,Rural,56.9,Merit,1,2022
18000,Yes,No,Engineer,Shopkeeper,Postgraduate,Semi-Urban,46.8,Sports,0,2022
12000,Yes,No,Farmer,Teacher,HighSchool,Rural,63.6,SC/ST,1,2023
25000,No,No,Factory Worker,Government Job,Graduate,Semi-Urban,87.0,Merit,0,2023
3000,Yes,Yes,Engineer,Farmer,HighSchool,Semi-Urban,56.2,Management,1,2021
3000,No,Yes,Small Business,Nurse,Postgraduate,Semi-Urban,55.3,Sports,1,2021
45000,No,Yes,Engineer,Factory Worker,Diploma,Rural,94.8,SC/ST,1,2023
12000,No,Yes,Daily Wage Worker,Government Job,Postgraduate,Rural,78.1,Sports,1,2024
35000,Yes,No,Doctor,Government Job,Diploma,Rural,56.7,Merit,0,2024
45000,Yes,Yes,Doctor,Nurse,Graduate,Semi-Urban,41.9,Management,0,2023
5000,No,No,Government Job,Daily Wage Worker,Primary School,Rural,98.5,SC/ST,1,2022
45000,Yes,Yes,Factory Worker,Farmer,Diploma,Urban,97.6,SC/ST,0,2022
12000,Yes,No,Doctor,Teacher,HighSchool,Semi-Urban,79.5,OBC,0,2021
18000,No,Yes,Government Job,Government Job,Graduate,Rural,47.4,Management,1,2023
5000,No,Yes,Factory Worker,Shopkeeper,Diploma,Rural,82.7,NRI,1,2022
60000,Yes,No,Farmer,Homemaker,Graduate,Semi-Urban,66.7,Management,0,2021
25000,Yes,No,Doctor,Teacher,HighSchool,Semi-Urban,42.8,Merit,0,2023
25000,No,No,Farmer,Daily Wage Worker,Primary School,Rural,47.8,Sports,1,2024
100000,No,No,Teacher,Shopkeeper,Graduate,Rural,42.4,SC/ST,0,2021
12000,No,Yes,Daily Wage Worker,Nurse,Diploma,Urban,46.8,Merit,1,2022
60000,No,No,Driver,Homemaker,Diploma,Semi-Urban,72.7,NRI,0,2021
35000,No,No,Daily Wage Worker,Homemaker,Postgraduate,Rural,83.4,Merit,1,2024
75000,No,No,Engineer,Farmer,Primary School,Urban,97.7,Merit,0,2021
75000,No,No,Teacher,Teacher,Graduate,Rural,98.1,Management,0,2021
100000,Yes,No,Engineer,Farmer,Primary School,Rural,87.9,SC/ST,0,2024
8000,No,Yes,Small Business,Nurse,Graduate,Urban,42.9,NRI,1,2023
45000,No,Yes,Small Business,Farmer,Diploma,Urban,66.7,Management,1,2022
45000,No,Yes,Driver,Government Job,Graduate,Semi-Urban,42.9,Management,1,2023
35000,Yes,No,Farmer,Teacher,Graduate,Semi-Urban,77.6,Merit,0,2023
12000,No,No,Factory Worker,Nurse,Primary School,Rural,49.2,Merit,1,2023
100000,No,No,Small Business,Nurse,HighSchool,Semi-Urban,78.8,Merit,0,2023
8000,No,No,Daily Wage Worker,Shopkeeper,HighSchool,Urban,54.9,OBC,1,2021
25000,Yes,No,Engineer,Teacher,Graduate,Urban,78.5,SC/ST,0,2022
25000,No,No,Daily Wage Worker,Shopkeeper,HighSchool,Rural,83.1,Merit,1,2024
8000,No,Yes,Factory Worker,Government Job,Diploma,Rural,57.0,SC/ST,1,2024
45000,Yes,No,Factory Worker,Factory Worker,Diploma,Urban,98.5,NRI,0,2024
5000,Yes,No,Small Business,Nurse,Graduate,Semi-Urban,53.6,Merit,0,2021
35000,No,No,Factory Worker,Government Job,HighSchool,Urban,45.8,OBC,1,2022
60000,No,Yes,Factory Worker,Farmer,Postgraduate,Rural,74.5,Merit,0,2024
12000,Yes,No,Teacher,Homemaker,Postgraduate,Urban,64.3,Merit,0,2022
35000,Yes,Yes,Daily Wage Worker,Farmer,HighSchool,Rural,89.0,Management,1,2022
8000,Yes,No,Farmer,Government Job,Postgraduate,Rural,70.4,OBC,1,2024
60000,Yes,No,Farmer,Daily Wage Worker,Graduate,Urban,55.1,Merit,0,2022
75000,Yes,No,Driver,Farmer,HighSchool,Semi-Urban,70.9,Merit,0,2024
8000,Yes,No,Government Job,Nurse,Graduate,Rural,90.9,OBC,0,2023
35000,No,No,Doctor,Homemaker,HighSchool,Semi-Urban,54.0,Management,1,2024
25000,Yes,Yes,Engineer,Teacher,Graduate,Rural,47.1,Sports,0,2022
25000,Yes,Yes,Shopkeeper,Government Job,Postgraduate,Urban,91.5,Merit,0,2024
35000,Yes,No,Farmer,Nurse,Graduate,Urban,90.8,Merit,0,2022
25000,No,No,Factory Worker,Farmer,Graduate,Semi-Urban,90.2,SC/ST,1,2022
35000,No,No,Farmer,Teacher,Graduate,Rural,56.2,Merit,1,2021
12000,Yes,Yes,Shopkeeper,Farmer,Diploma,Rural,87.0,Merit,0,2024
18000,Yes,No,Doctor,Farmer,Diploma,Urban,55.2,Management,0,2024
60000,No,No,Small Business,Government Job,Graduate,Rural,76.6,Merit,0,2022
5000,Yes,No,Engineer,Factory Worker,Graduate,Rural,47.2,Sports,0,2024
25000,No,Yes,Factory Worker,Factory Worker,Graduate,Semi-Urban,64.7,Management,1,2021
8000,No,No,Engineer,Teacher,Primary School,Urban,93.5,Sports,0,2022
60000,Yes,No,Daily Wage Worker,Shopkeeper,Primary School,Semi-Urban,41.2,Merit,1,2024
25000,Yes,No,Government Job,Farmer,Diploma,Semi-Urban,49.1,SC/ST,0,2024
18000,No,Yes,Shopkeeper,Shopkeeper,Graduate,Urban,77.7,SC/ST,1,2023
12000,No,No,Government Job,Nurse,Diploma,Rural,86.9,Management,1,2023
18000,No,Yes,Engineer,Farmer,Diploma,Rural,65.8,Sports,1,2022
75000,Yes,Yes,Farmer,Shopkeeper,Postgraduate,Rural,85.0,SC/ST,0,2022
25000,Yes,No,Daily Wage Worker,Teacher,Postgraduate,Semi-Urban,97.4,SC/ST,0,2024
18000,Yes,Yes,Small Business,Shopkeeper,Diploma,Urban,81.0,Merit,0,2021
45000,Yes,Yes,Driver,Farmer,Graduate,Semi-Urban,66.1,NRI,0,2022
18000,No,No,Doctor,Teacher,Diploma,Semi-Urban,77.2,Merit,0,2023
18000,No,Yes,Government Job,Farmer,Graduate,Semi-Urban,58.1,Management,1,2023
12000,Yes,No,Doctor,Daily Wage Worker,HighSchool,Semi-Urban,45.6,Merit,0,2022
8000,No,No,Driver,Government Job,Diploma,Rural,48.6,SC/ST,1,2021
35000,No,No,Shopkeeper,Homemaker,Graduate,Rural,65.8,Merit,1,2023
60000,No,Yes,Government Job,Farmer,Diploma,Rural,56.7,Merit,0,2021
75000,Yes,Yes,Driver,Nurse,Graduate,Rural,42.6,OBC,1,2022
60000,No,No,Driver,Homemaker,HighSchool,Rural,62.3,Management,1,2023
18000,No,Yes,Daily Wage Worker,Daily Wage Worker,No Formal Education,Rural,90.3,OBC,1,2024
12000,Yes,Yes,Driver,Shopkeeper,Postgraduate,Semi-Urban,44.8,SC/ST,1,2023
35000,No,Yes,Small Business,Government Job,HighSchool,Semi-Urban,93.2,OBC,1,2024
75000,No,No,Factory Worker,Homemaker,HighSchool,Rural,49.4,Merit,1,2022
45000,Yes,No,Driver,Factory Worker,Diploma,Rural,67.1,Merit,0,2022
25000,Yes,No,Doctor,Government Job,HighSchool,Rural,92.6,Management,0,2023
35000,No,No,Government Job,Nurse,Graduate,Urban,44.6,Sports,0,2023
45000,No,No,Driver,Farmer,HighSchool,Semi-Urban,74.5,Merit,1,2022
75000,No,No,Engineer,Daily Wage Worker,Postgraduate,Semi-Urban,84.4,Merit,0,2022
45000,No,No,Factory Worker,Teacher,HighSchool,Rural,74.0,Management,1,2023
18000,Yes,Yes,Teacher,Nurse,HighSchool,Rural,42.4,Merit,1,2024
12000,Yes,No,Government Job,Farmer,Diploma,Urban,72.2,OBC,0,2024
25000,No,No,Doctor,Daily Wage Worker,No Formal Education,Rural,48.7,Merit,1,2024
12000,Yes,Yes,Small Business,Teacher,No Formal Education,Rural,63.9,Merit,1,2024
75000,No,No,Daily Wage Worker,Farmer,HighSchool,Semi-Urban,53.2,Merit,1,2023
25000,No,Yes,Teacher,Teacher,Primary School,Semi-Urban,84.6,Sports,1,2021
18000,Yes,Yes,Small Business,Homemaker,Graduate,Semi-Urban,87.6,SC/ST,0,2021
12000,No,No,Doctor,Government Job,Postgraduate,Urban,52.2,Merit,0,2023
35000,No,No,Farmer,Daily Wage Worker,Diploma,Semi-Urban,77.8,Sports,1,2023
25000,Yes,No,Teacher,Shopkeeper,Diploma,Urban,87.6,Merit,0,2021
8000,No,No,Farmer,Factory Worker,Graduate,Rural,65.7,Sports,1,2023
60000,No,No,Small Business,Homemaker,Primary School,Semi-Urban,94.1,Management,0,2021
18000,No,No,Farmer,Teacher,Diploma,Rural,52.9,Merit,1,2024
18000,No,No,Shopkeeper,Shopkeeper,Postgraduate,Semi-Urban,47.5,Merit,0,2024
8000,No,No,Teacher,Daily Wage Worker,HighSchool,Semi-Urban,49.0,Management,1,2024
25000,No,No,Teacher,Shopkeeper,Primary School,Urban,93.9,SC/ST,0,2022
35000,No,No,Engineer,Daily Wage Worker,HighSchool,Urban,76.6,SC/ST,0,2024
60000,No,No,Driver,Nurse,Diploma,Semi-Urban,46.9,Merit,0,2022
5000,Yes,No,Daily Wage Worker,Teacher,Postgraduate,Semi-Urban,63.0,Merit,0,2021
100000,Yes,Yes,Engineer,Factory Worker,HighSchool,Urban,58.1,OBC,0,2022
35000,Yes,Yes,Daily Wage Worker,Farmer,HighSchool,Urban,91.7,NRI,0,2022
12000,Yes,Yes,Teacher,Factory Worker,HighSchool,Rural,60.9,SC/ST,1,2022
8000,Yes,No,Shopkeeper,Daily Wage Worker,Postgraduate,Semi-Urban,45.0,SC/ST,0,2024
12000,No,No,Factory Worker,Factory Worker,Diploma,Urban,40.6,Merit,1,2022
60000,No,Yes,Farmer,Homemaker,HighSchool,Rural,73.7,SC/ST,1,2022
12000,No,Yes,Factory Worker,Daily Wage Worker,HighSchool,Semi-Urban,48.9,OBC,1,2024
18000,No,Yes,Small Business,Farmer,Primary School,Rural,98.6,Sports,1,2023
35000,Yes,No,Government Job,Farmer,Postgraduate,Urban,93.5,Management,0,2024
60000,No,No,Doctor,Teacher,Diploma,Urban,70.7,Merit,0,2024
35000,Yes,No,Engineer,Farmer,Primary School,Urban,81.3,Management,0,2021
45000,No,Yes,Farmer,Homemaker,Postgraduate,Urban,51.7,Merit,0,2021
8000,No,Yes,Doctor,Teacher,Postgraduate,Semi-Urban,41.2,Merit,1,2023
60000,No,Yes,Farmer,Homemaker,HighSchool,Semi-Urban,41.6,NRI,1,2021
12000,No,Yes,Factory Worker,Shopkeeper,HighSchool,Urban,73.4,Merit,1,2023
8000,No,Yes,Daily Wage Worker,Factory Worker,Postgraduate,Urban,50.0,SC/ST,1,2024
100000,Yes,No,Driver,Shopkeeper,No Formal Education,Rural,82.2,Sports,0,2023
8000,No,Yes,Shopkeeper,Shopkeeper,HighSchool,Rural,81.4,Management,1,2024
8000,Yes,Yes,Factory Worker,Daily Wage Worker,Diploma,Urban,96.8,Merit,0,2021
35000,Yes,Yes,Teacher,Shopkeeper,Graduate,Rural,85.5,Merit,0,2022
12000,No,Yes,Engineer,Teacher,HighSchool,Semi-Urban,73.3,Sports,1,2022
8000,Yes,No,Doctor,Shopkeeper,HighSchool,Urban,60.4,NRI,0,2024
35000,No,Yes,Doctor,Daily Wage Worker,Graduate,Rural,96.5,Merit,0,2024
45000,No,No,Driver,Shopkeeper,Postgraduate,Rural,51.0,Merit,0,2023
45000,No,Yes,Farmer,Government Job,Primary School,Urban,51.8,OBC,1,2024
8000,Yes,Yes,Doctor,Farmer,Primary School,Semi-Urban,77.2,SC/ST,1,2021
25000,No,Yes,Doctor,Factory Worker,Graduate,Urban,98.2,Merit,0,2021
45000,Yes,No,Small Business,Factory Worker,HighSchool,Rural,44.9,Merit,1,2022
8000,Yes,Yes,Engineer,Teacher,Graduate,Rural,98.4,Sports,0,2024
8000,No,Yes,Engineer,Nurse,HighSchool,Rural,63.2,OBC,1,2024
3000,Yes,Yes,Daily Wage Worker,Nurse,Graduate,Semi-Urban,77.7,Management,1,2021
25000,Yes,No,Engineer,Farmer,HighSchool,Urban,80.4,Merit,0,2023
8000,No,Yes,Farmer,Farmer,HighSchool,Semi-Urban,72.9,Management,1,2023
45000,No,Yes,Government Job,Homemaker,HighSchool,Rural,94.2,Merit,0,2021
100000,No,No,Small Business,Farmer,HighSchool,Rural,59.1,Sports,0,2022
8000,No,No,Factory Worker,Government Job,Graduate,Urban,83.4,Management,1,2023
35000,Yes,Yes,Shopkeeper,Factory Worker,Graduate,Rural,72.1,Merit,0,2022
12000,No,Yes,Farmer,Shopkeeper,Graduate,Rural,85.2,Merit,1,2021
3000,No,No,Small Business,Government Job,Graduate,Urban,91.0,Merit,0,2023
45000,Yes,No,Farmer,Daily Wage Worker,Diploma,Rural,63.1,Management,1,2021
18000,Yes,Yes,Engineer,Factory Worker,Graduate,Semi-Urban,40.6,Merit,0,2023
75000,Yes,Yes,Government Job,Daily Wage Worker,No Formal Education,Semi-Urban,86.5,Merit,0,2023
25000,No,No,Engineer,Homemaker,Graduate,Rural,47.9,Merit,0,2022
8000,Yes,Yes,Daily Wage Worker,Daily Wage Worker,Diploma,Rural,56.6,Sports,1,2023
18000,No,No,Driver,Shopkeeper,HighSchool,Semi-Urban,73.9,Sports,1,2022
8000,Yes,No,Shopkeeper,Teacher,Graduate,Rural,51.1,SC/ST,1,2023
60000,No,Yes,Shopkeeper,Shopkeeper,Postgraduate,Urban,90.5,Management,0,2024
35000,No,No,Engineer,Farmer,HighSchool,Rural,56.7,Management,1,2023
12000,Yes,No,Teacher,Teacher,Graduate,Urban,59.5,SC/ST,0,2021
25000,Yes,Yes,Daily Wage Worker,Homemaker,Diploma,Rural,82.7,SC/ST,1,2022
35000,Yes,No,Teacher,Teacher,Diploma,Rural,46.8,Management,1,2023
45000,No,No,Teacher,Shopkeeper,HighSchool,Semi-Urban,78.9,OBC,0,2021
5000,Yes,No,Factory Worker,Nurse,HighSchool,Urban,41.6,SC/ST,1,2023
3000,No,No,Factory Worker,Homemaker,HighSchool,Rural,80.7,Merit,1,2023
8000,No,Yes,Daily Wage Worker,Factory Worker,Graduate,Rural,63.4,OBC,1,2022
18000,No,No,Engineer,Shopkeeper,HighSchool,Urban,85.1,SC/ST,0,2023
18000,No,No,Engineer,Government Job,Diploma,Rural,43.0,OBC,1,2024
8000,No,No,Engineer,Teacher,HighSchool,Urban,93.7,OBC,0,2023
18000,Yes,Yes,Doctor,Factory Worker,HighSchool,Rural,60.5,Management,1,2024
18000,No,Yes,Factory Worker,Daily Wage Worker,Graduate,Urban,63.0,Merit,1,2023
5000,Yes,No,Doctor,Government Job,Graduate,Semi-Urban,50.1,Management,0,2024
75000,Yes,Yes,Small Business,Government Job,Diploma,Rural,47.6,Merit,0,2021
25000,No,Yes,Teacher,Shopkeeper,Graduate,Rural,43.2,Merit,1,2024
18000,Yes,No,Doctor,Daily Wage Worker,Graduate,Urban,46.3,Merit,0,2022
25000,No,No,Farmer,Factory Worker,HighSchool,Rural,72.7,OBC,1,2021
12000,Yes,Yes,Teacher,Government Job,No Formal Education,Rural,83.0,Management,1,2023
60000,No,Yes,Doctor,Nurse,HighSchool,Rural,46.0,Merit,1,2024
25000,No,No,Driver,Nurse,Diploma,Rural,47.6,OBC,1,2022
25000,No,No,Government Job,Daily Wage Worker,HighSchool,Semi-Urban,45.4,Merit,1,2021
75000,Yes,Yes,Driver,Factory Worker,Diploma,Semi-Urban,68.9,Merit,0,2021
60000,No,Yes,Doctor,Government Job,No Formal Education,Urban,53.1,Merit,0,2023
45000,Yes,No,Shopkeeper,Shopkeeper,Diploma,Rural,48.6,Management,1,2024
12000,No,No,Farmer,Nurse,HighSchool,Urban,64.8,Merit,1,2024
8000,Yes,No,Farmer,Shopkeeper,Postgraduate,Urban,74.9,Merit,0,2023
35000,No,Yes,Small Business,Nurse,Postgraduate,Rural,50.5,Merit,0,2023
18000,No,Yes,Driver,Shopkeeper,Postgraduate,Urban,85.9,Merit,0,2021
35000,No,No,Doctor,Nurse,Graduate,Rural,75.2,Management,0,2024
45000,No,Yes,Teacher,Government Job,Postgraduate,Semi-Urban,84.8,OBC,0,2024
12000,Yes,No,Daily Wage Worker,Farmer,HighSchool,Rural,59.4,Management,1,2021
12000,Yes,Yes,Government Job,Shopkeeper,Diploma,Rural,63.2,OBC,1,2023
25000,No,No,Government Job,Factory Worker,Graduate,Rural,97.9,Sports,0,2024
12000,No,No,Shopkeeper,Shopkeeper,Diploma,Rural,75.7,Merit,1,2024
35000,No,No,Farmer,Shopkeeper,HighSchool,Rural,48.9,OBC,1,2022
45000,Yes,No,Driver,Government Job,Graduate,Urban,82.1,Merit,0,2023
18000,Yes,Yes,Government Job,Government Job,Postgraduate,Urban,83.9,Management,0,2022
45000,Yes,No,Factory Worker,Farmer,Diploma,Semi-Urban,96.9,Merit,0,2022
25000,Yes,No,Small Business,Nurse,HighSchool,Rural,72.3,Sports,0,2022
35000,No,Yes,Daily Wage Worker,Government Job,No Formal Education,Urban,74.8,OBC,1,2023
12000,No,No,Teacher,Farmer,Primary School,Urban,58.0,Sports,1,2024
45000,Yes,No,Farmer,Homemaker,Graduate,Urban,72.8,Merit,0,2022
35000,No,No,Farmer,Homemaker,Diploma,Urban,42.3,Merit,1,2021
12000,No,Yes,Shopkeeper,Nurse,HighSchool,Rural,88.6,Merit,1,2023
25000,No,Yes,Small Business,Government Job,Postgraduate,Urban,81.0,OBC,0,2021
60000,Yes,Yes,Shopkeeper,Farmer,Diploma,Semi-Urban,80.3,Merit,0,2023
12000,Yes,Yes,Government Job,Nurse,Graduate,Semi-Urban,80.2,NRI,0,2021
45000,Yes,No,Small Business,Farmer,Graduate,Rural,52.8,OBC,0,2023
75000,No,No,Engineer,Teacher,Graduate,Rural,42.6,OBC,0,2022
60000,No,Yes,Small Business,Teacher,Postgraduate,Urban,71.1,Merit,0,2024
18000,No,No,Shopkeeper,Teacher,Postgraduate,Semi-Urban,71.9,Merit,1,2023
35000,Yes,Yes,Teacher,Nurse,Primary School,Urban,90.3,NRI,0,2023
100000,No,No,Factory Worker,Nurse,HighSchool,Rural,80.0,Merit,0,2022
25000,Yes,No,Daily Wage Worker,Factory Worker,Postgraduate,Semi-Urban,59.4,Merit,0,2024
8000,No,No,Small Business,Daily Wage Worker,Graduate,Rural,70.6,Management,1,2023
5000,Yes,No,Doctor,Homemaker,Diploma,Urban,71.4,Merit,0,2024
45000,Yes,Yes,Engineer,Factory Worker,Postgraduate,Semi-Urban,81.3,Management,0,2023
18000,No,Yes,Shopkeeper,Shopkeeper,Graduate,Semi-Urban,84.5,Management,1,2021
12000,Yes,Yes,Factory Worker,Teacher,HighSchool,Rural,76.4,OBC,1,2022
12000,No,Yes,Small Business,Teacher,HighSchool,Semi-Urban,90.4,SC/ST,1,2023
45000,Yes,No,Engineer,Factory Worker,Postgraduate,Rural,58.8,Sports,0,2021
18000,Yes,No,Factory Worker,Farmer,Postgraduate,Urban,88.4,SC/ST,0,2023
60000,Yes,Yes,Engineer,Daily Wage Worker,Postgraduate,Urban,42.1,SC/ST,0,2024
45000,No,No,Doctor,Teacher,Graduate,Rural,89.3,Merit,0,2021
100000,Yes,No,Factory Worker,Farmer,HighSchool,Semi-Urban,58.3,NRI,0,2021
60000,Yes,No,Small Business,Nurse,Diploma,Urban,81.0,Management,0,2022
12000,Yes,Yes,Daily Wage Worker,Farmer,HighSchool,Rural,82.0,SC/ST,1,2024
35000,Yes,Yes,Engineer,Daily Wage Worker,HighSchool,Semi-Urban,62.2,SC/ST,1,2022
3000,No,No,Small Business,Shopkeeper,Graduate,Rural,53.5,Merit,1,2022
100000,No,No,Doctor,Homemaker,Primary School,Semi-Urban,84.5,SC/ST,0,2022
12000,No,No,Driver,Government Job,Diploma,Rural,58.1,SC/ST,1,2021
35000,No,No,Factory Worker,Homemaker,Postgraduate,Rural,59.1,Merit,1,2024
60000,No,No,Factory Worker,Teacher,Graduate,Rural,78.0,Merit,1,2023
8000,Yes,Yes,Doctor,Teacher,HighSchool,Semi-Urban,80.8,Merit,0,2022
60000,No,Yes,Driver,Daily Wage Worker,No Formal Education,Rural,40.3,OBC,1,2023
3000,No,Yes,Shopkeeper,Farmer,Diploma,Urban,69.6,Sports,1,2024
18000,Yes,Yes,Factory Worker,Teacher,Graduate,Semi-Urban,88.6,SC/ST,0,2024
18000,Yes,Yes,Farmer,Daily Wage Worker,Postgraduate,Rural,63.8,SC/ST,1,2024
18000,Yes,Yes,Small Business,Factory Worker,Diploma,Semi-Urban,60.7,OBC,1,2022
25000,No,No,Shopkeeper,Homemaker,HighSchool,Rural,76.6,SC/ST,1,2023
75000,Yes,Yes,Daily Wage Worker,Daily Wage Worker,Graduate,Rural,51.3,Merit,1,2021
12000,No,No,Doctor,Farmer,Diploma,Rural,94.6,Merit,0,2024
25000,No,No,Teacher,Government Job,Graduate,Urban,53.8,OBC,0,2023
60000,Yes,No,Government Job,Teacher,No Formal Education,Semi-Urban,81.0,OBC,0,2021
45000,No,Yes,Factory Worker,Teacher,Diploma,Rural,79.9,Merit,1,2024
5000,Yes,Yes,Daily Wage Worker,Shopkeeper,Diploma,Semi-Urban,82.1,Merit,1,2022
75000,No,Yes,Small Business,Teacher,Graduate,Rural,89.5,Sports,0,2021
5000,No,No,Small Business,Homemaker,HighSchool,Urban,70.8,Merit,0,2021
25000,No,Yes,Farmer,Factory Worker,Diploma,Urban,93.3,SC/ST,1,2021
25000,No,Yes,Engineer,Factory Worker,Graduate,Rural,76.1,Management,0,2021
45000,No,Yes,Engineer,Daily Wage Worker,HighSchool,Rural,96.8,Merit,0,2022
8000,No,No,Shopkeeper,Shopkeeper,HighSchool,Urban,45.4,Merit,1,2024
8000,No,No,Engineer,Government Job,Primary School,Semi-Urban,89.8,Merit,0,2023
45000,Yes,No,Factory Worker,Homemaker,HighSchool,Urban,77.0,Merit,0,2023
8000,No,Yes,Daily Wage Worker,Government Job,Diploma,Semi-Urban,92.4,OBC,1,2022
18000,Yes,No,Daily Wage Worker,Nurse,HighSchool,Rural,60.7,Management,1,2024
45000,Yes,Yes,Government Job,Homemaker,Primary School,Urban,78.5,SC/ST,0,2024
35000,No,No,Government Job,Teacher,Postgraduate,Rural,70.3,Merit,0,2022
12000,No,Yes,Shopkeeper,Teacher,Diploma,Rural,84.9,Merit,1,2024
12000,Yes,No,Engineer,Teacher,Graduate,Urban,78.8,OBC,0,2024
100000,Yes,Yes,Engineer,Nurse,Graduate,Semi-Urban,92.7,SC/ST,0,2024
18000,No,Yes,Driver,Government Job,HighSchool,Rural,65.3,NRI,1,2023
5000,Yes,Yes,Driver,Farmer,Diploma,Rural,74.3,Merit,1,2022
12000,No,Yes,Factory Worker,Shopkeeper,Graduate,Rural,90.2,OBC,1,2022
12000,No,No,Engineer,Nurse,Primary School,Semi-Urban,72.9,Sports,1,2023
100000,No,No,Small Business,Shopkeeper,Primary School,Urban,65.2,SC/ST,0,2023
12000,No,No,Daily Wage Worker,Farmer,HighSchool,Semi-Urban,67.6,Merit,1,2021
3000,No,Yes,Daily Wage Worker,Daily Wage Worker,HighSchool,Urban,85.6,Sports,1,2024
25000,No,Yes,Driver,Factory Worker,HighSchool,Semi-Urban,95.4,Management,1,2021
5000,No,No,Farmer,Farmer,HighSchool,Rural,52.0,OBC,1,2021
12000,Yes,Yes,Engineer,Daily Wage Worker,Diploma,Semi-Urban,54.7,Merit,0,2024
100000,No,No,Doctor,Homemaker,HighSchool,Rural,51.4,Merit,0,2022
35000,Yes,No,Doctor,Homemaker,Graduate,Rural,51.1,Management,0,2024
5000,Yes,No,Daily Wage Worker,Nurse,No Formal Education,Rural,43.7,Merit,1,2021
18000,No,Yes,Doctor,Government Job,Graduate,Urban,87.1,Merit,0,2024
8000,No,No,Small Business,Daily Wage Worker,Graduate,Rural,60.0,Merit,1,2023
8000,No,Yes,Government Job,Teacher,Diploma,Semi-Urban,65.1,Merit,0,2021
25000,Yes,Yes,Driver,Government Job,HighSchool,Urban,91.1,Sports,0,2021
25000,No,No,Engineer,Homemaker,HighSchool,Semi-Urban,94.0,Merit,0,2022
45000,No,No,Engineer,Shopkeeper,HighSchool,Rural,72.2,Merit,0,2023
60000,Yes,Yes,Daily Wage Worker,Homemaker,Primary School,Semi-Urban,45.7,Merit,1,2021
12000,No,Yes,Shopkeeper,Nurse,Graduate,Urban,66.9,Merit,0,2021
75000,No,No,Doctor,Homemaker,Graduate,Semi-Urban,93.9,Merit,0,2021
25000,Yes,No,Factory Worker,Farmer,Diploma,Rural,93.2,Merit,0,2021
12000,Yes,No,Engineer,Teacher,Postgraduate,Semi-Urban,59.2,SC/ST,0,2022
60000,No,No,Small Business,Shopkeeper,Postgraduate,Semi-Urban,97.3,Management,0,2023
3000,No,No,Small Business,Government Job,HighSchool,Semi-Urban,59.1,Merit,1,2023
25000,No,Yes,Daily Wage Worker,Factory Worker,Graduate,Rural,88.0,Management,1,2021
45000,No,No,Driver,Farmer,Primary School,Urban,95.2,SC/ST,1,2022
12000,No,Yes,Doctor,Factory Worker,Graduate,Urban,47.7,Management,1,2021
60000,No,No,Government Job,Nurse,Graduate,Rural,57.2,SC/ST,0,2024
12000,Yes,Yes,Factory Worker,Factory Worker,HighSchool,Rural,73.1,Management,1,2022
60000,Yes,Yes,Farmer,Daily Wage Worker,Diploma,Rural,61.8,SC/ST,1,2024
5000,Yes,No,Engineer,Teacher,Graduate,Semi-Urban,97.8,Management,0,2022
8000,Yes,No,Engineer,Farmer,HighSchool,Rural,63.8,Merit,0,2022
18000,No,No,Shopkeeper,Homemaker,Graduate,Semi-Urban,89.4,SC/ST,1,2022
60000,No,No,Factory Worker,Daily Wage Worker,Postgraduate,Urban,51.7,NRI,0,2024
8000,No,Yes,Factory Worker,Nurse,Diploma,Rural,98.0,Merit,1,2023
60000,No,Yes,Small Business,Government Job,HighSchool,Rural,83.1,Merit,1,2023
12000,No,Yes,Doctor,Teacher,Diploma,Rural,40.8,Merit,1,2022
18000,Yes,Yes,Shopkeeper,Teacher,Graduate,Rural,50.2,Management,1,2021
18000,No,No,Daily Wage Worker,Farmer,Diploma,Urban,46.0,Merit,1,2022
8000,No,No,Teacher,Government Job,No Formal Education,Rural,74.9,Sports,1,2023
75000,No,No,Government Job,Homemaker,Graduate,Semi-Urban,89.2,Merit,0,2023
18000,Yes,Yes,Factory Worker,Shopkeeper,No Formal Education,Semi-Urban,86.3,Merit,1,2024
35000,Yes,No,Engineer,Farmer,Diploma,Rural,74.1,Merit,0,2021
25000,No,No,Factory Worker,Daily Wage Worker,Diploma,Rural,76.4,SC/ST,1,2022
25000,No,Yes,Small Business,Homemaker,Postgraduate,Urban,95.6,Management,0,2021
35000,Yes,No,Driver,Nurse,Postgraduate,Urban,66.7,Merit,0,2021
60000,No,No,Driver,Factory Worker,Graduate,Rural,84.3,Management,1,2024
35000,Yes,No,Teacher,Homemaker,Graduate,Semi-Urban,45.7,SC/ST,1,2022
25000,Yes,No,Engineer,Nurse,HighSchool,Semi-Urban,45.0,Sports,0,2023
35000,Yes,No,Farmer,Farmer,Graduate,Rural,50.1,Merit,1,2021
35000,No,No,Small Business,Daily Wage Worker,Graduate,Rural,96.5,Merit,0,2022
18000,Yes,No,Government Job,Teacher,Graduate,Rural,84.8,Merit,0,2022
35000,No,Yes,Factory Worker,Shopkeeper,Graduate,Urban,93.8,Merit,0,2022
18000,No,No,Shopkeeper,Shopkeeper,HighSchool,Semi-Urban,60.1,Merit,1,2023
45000,No,Yes,Teacher,Shopkeeper,HighSchool,Urban,49.9,SC/ST,1,2022
100000,No,Yes,Shopkeeper,Daily Wage Worker,Graduate,Urban,43.5,Merit,0,2021
75000,No,Yes,Farmer,Factory Worker,Primary School,Semi-Urban,65.8,Merit,1,2024
60000,Yes,Yes,Factory Worker,Government Job,Primary School,Semi-Urban,97.3,Management,0,2023
35000,Yes,No,Doctor,Shopkeeper,Postgraduate,Urban,42.5,Management,0,2024
45000,No,No,Farmer,Shopkeeper,Postgraduate,Rural,94.7,OBC,1,2024
8000,Yes,No,Teacher,Shopkeeper,HighSchool,Rural,56.3,OBC,1,2022
18000,Yes,No,Shopkeeper,Teacher,No Formal Education,Semi-Urban,43.4,Management,1,2024
12000,No,Yes,Engineer,Teacher,Diploma,Semi-Urban,50.2,OBC,1,2023
3000,Yes,No,Small Business,Daily Wage Worker,No Formal Education,Urban,45.8,Sports,1,2022
100000,Yes,No,Government Job,Nurse,Primary School,Semi-Urban,80.1,SC/ST,0,2021
60000,Yes,No,Teacher,Teacher,HighSchool,Semi-Urban,96.4,Merit,0,2021
25000,No,Yes,Teacher,Homemaker,Graduate,Semi-Urban,98.3,Merit,0,2023
12000,Yes,No,Small Business,Homemaker,HighSchool,Semi-Urban,44.2,OBC,1,2021
35000,Yes,No,Teacher,Factory Worker,No Formal Education,Urban,72.3,Merit,0,2024
18000,No,Yes,Factory Worker,Government Job,Graduate,Semi-Urban,65.7,Merit,1,2022
45000,No,Yes,Daily Wage Worker,Shopkeeper,Primary School,Urban,56.5,Merit,1,2021
100000,No,No,Government Job,Shopkeeper,Postgraduate,Rural,71.8,OBC,0,2024
12000,No,No,Small Business,Farmer,HighSchool,Urban,54.5,OBC,1,2021
12000,No,Yes,Factory Worker,Factory Worker,HighSchool,Urban,54.2,SC/ST,1,2022
12000,No,No,Teacher,Farmer,Diploma,Urban,96.4,Merit,0,2024
5000,Yes,Yes,Doctor,Factory Worker,Primary School,Urban,84.2,SC/ST,1,2022
18000,Yes,Yes,Small Business,Daily Wage Worker,No Formal Education,Urban,85.2,OBC,1,2022
3000,No,Yes,Engineer,Government Job,Postgraduate,Semi-Urban,70.2,OBC,1,2023
8000,No,Yes,Shopkeeper,Teacher,Postgraduate,Rural,65.1,NRI,1,2023
12000,No,Yes,Shopkeeper,Farmer,Postgraduate,Rural,62.6,Merit,1,2021
8000,No,No,Farmer,Teacher,Graduate,Urban,48.1,OBC,1,2022
45000,Yes,No,Engineer,Farmer,No Formal Education,Rural,97.4,Merit,0,2022
5000,No,Yes,Factory Worker,Daily Wage Worker,Postgraduate,Semi-Urban,79.9,Merit,1,2021
60000,Yes,No,Small Business,Nurse,Graduate,Semi-Urban,70.0,Merit,0,2024
12000,No,Yes,Shopkeeper,Homemaker,Diploma,Semi-Urban,77.2,OBC,1,2022
5000,No,No,Engineer,Farmer,Graduate,Rural,98.8,Management,0,2022
3000,Yes,No,Government Job,Farmer,Graduate,Urban,54.8,Merit,0,2021
35000,No,No,Shopkeeper,Shopkeeper,Graduate,Rural,91.8,OBC,1,2022
12000,No,Yes,Teacher,Shopkeeper,Graduate,Urban,45.9,Merit,0,2022
25000,No,No,Daily Wage Worker,Government Job,Postgraduate,Rural,40.3,Merit,1,2021
8000,Yes,No,Farmer,Shopkeeper,Graduate,Urban,93.8,SC/ST,1,2021
100000,No,No,Shopkeeper,Shopkeeper,Postgraduate,Urban,45.1,NRI,0,2024
8000,Yes,No,Teacher,Government Job,Graduate,Urban,80.5,Merit,0,2024
18000,Yes,Yes,Driver,Shopkeeper,HighSchool,Rural,68.2,Merit,0,2023
60000,Yes,Yes,Shopkeeper,Homemaker,Graduate,Urban,64.2,OBC,0,2022
12000,Yes,Yes,Factory Worker,Government Job,Diploma,Rural,98.4,Management,1,2021
12000,Yes,Yes,Shopkeeper,Government Job,No Formal Education,Rural,59.1,SC/ST,1,2023
45000,Yes,No,Shopkeeper,Factory Worker,Graduate,Rural,45.5,SC/ST,0,2021
12000,No,Yes,Engineer,Teacher,Diploma,Urban,54.4,Management,1,2024
3000,Yes,Yes,Teacher,Factory Worker,HighSchool,Urban,96.9,Management,0,2023
18000,Yes,Yes,Driver,Factory Worker,Graduate,Semi-Urban,95.2,Merit,0,2024
3000,No,No,Shopkeeper,Farmer,Postgraduate,Rural,57.2,Management,1,2023
75000,Yes,No,Driver,Nurse,HighSchool,Semi-Urban,72.2,Sports,0,2023
35000,No,No,Driver,Teacher,Graduate,Rural,74.9,OBC,0,2022
25000,No,No,Government Job,Daily Wage Worker,HighSchool,Rural,97.8,Sports,0,2022
8000,No,No,Engineer,Farmer,Graduate,Urban,76.8,Sports,0,2021
35000,No,Yes,Driver,Nurse,Postgraduate,Rural,90.1,Merit,0,2023
35000,No,No,Farmer,Farmer,Postgraduate,Semi-Urban,48.5,SC/ST,1,2024
5000,No,No,Farmer,Shopkeeper,HighSchool,Semi-Urban,69.1,Merit,1,2023
60000,No,Yes,Factory Worker,Factory Worker,Graduate,Rural,85.1,Management,1,2023
25000,No,Yes,Shopkeeper,Homemaker,Postgraduate,Rural,42.5,Merit,1,2024
45000,Yes,No,Engineer,Homemaker,HighSchool,Rural,65.5,Management,0,2022
12000,No,No,Driver,Homemaker,Diploma,Semi-Urban,95.8,Sports,1,2023
8000,Yes,Yes,Government Job,Teacher,Graduate,Semi-Urban,86.0,OBC,0,2023
35000,Yes,Yes,Doctor,Daily Wage Worker,No Formal Education,Urban,48.2,OBC,1,2024
45000,No,Yes,Shopkeeper,Homemaker,Graduate,Rural,68.9,Management,1,2023
18000,No,No,Government Job,Farmer,Diploma,Rural,67.1,Management,1,2021
3000,No,Yes,Driver,Daily Wage Worker,Diploma,Semi-Urban,47.1,Merit,1,2021
45000,No,Yes,Shopkeeper,Farmer,Diploma,Urban,58.2,OBC,1,2024
8000,No,No,Factory Worker,Nurse,HighSchool,Semi-Urban,50.7,Merit,1,2022
12000,Yes,No,Daily Wage Worker,Shopkeeper,HighSchool,Urban,98.3,SC/ST,1,2023
35000,Yes,Yes,Shopkeeper,Homemaker,Postgraduate,Rural,69.8,Management,0,2024
5000,No,Yes,Engineer,Homemaker,Graduate,Urban,49.1,Merit,0,2024
5000,Yes,No,Small Business,Daily Wage Worker,Diploma,Semi-Urban,67.6,Merit,0,2023
3000,No,Yes,Engineer,Teacher,Graduate,Rural,45.3,Sports,1,2024
75000,Yes,Yes,Engineer,Factory Worker,HighSchool,Rural,89.7,SC/ST,0,2024
12000,Yes,No,Government Job,Government Job,Primary School,Semi-Urban,77.7,Management,1,2023
35000,No,No,Teacher,Daily Wage Worker,Diploma,Rural,70.7,Merit,1,2024
100000,Yes,No,Farmer,Teacher,No Formal Education,Rural,83.1,SC/ST,0,2021
35000,Yes,Yes,Teacher,Teacher,Primary School,Urban,58.2,SC/ST,1,2022
25000,No,No,Small Business,Shopkeeper,Graduate,Rural,64.0,Merit,0,2021
25000,No,Yes,Factory Worker,Farmer,Postgraduate,Urban,45.3,OBC,1,2024
18000,Yes,No,Shopkeeper,Homemaker,HighSchool,Semi-Urban,54.2,Merit,0,2021
25000,No,Yes,Engineer,Farmer,Diploma,Rural,41.9,Management,1,2021
75000,No,Yes,Driver,Homemaker,Graduate,Semi-Urban,46.2,OBC,1,2022
45000,Yes,Yes,Government Job,Teacher,Graduate,Rural,78.6,Sports,0,2021
18000,No,Yes,Driver,Shopkeeper,HighSchool,Rural,53.3,Merit,1,2024
12000,No,No,Doctor,Homemaker,Graduate,Semi-Urban,40.4,SC/ST,1,2022
60000,Yes,No,Doctor,Teacher,Postgraduate,Rural,51.5,Merit,0,2021
8000,No,No,Farmer,Nurse,Primary School,Rural,58.1,Merit,1,2023
60000,No,Yes,Teacher,Nurse,HighSchool,Semi-Urban,48.3,OBC,0,2024
12000,Yes,No,Factory Worker,Homemaker,Graduate,Semi-Urban,52.6,Sports,0,2023
35000,No,No,Doctor,Farmer,No Formal Education,Urban,97.6,Management,0,2023
45000,Yes,No,Farmer,Government Job,HighSchool,Semi-Urban,41.4,SC/ST,1,2023
18000,Yes,Yes,Teacher,Shopkeeper,Postgraduate,Semi-Urban,73.3,Management,0,2023
8000,No,No,Teacher,Daily Wage Worker,Graduate,Semi-Urban,86.2,Merit,1,2023
60000,No,No,Driver,Factory Worker,Graduate,Urban,97.9,SC/ST,0,2024
18000,Yes,No,Shopkeeper,Farmer,Graduate,Rural,61.2,Merit,0,2022
12000,Yes,No,Small Business,Nurse,Diploma,Semi-Urban,58.0,Merit,0,2023
25000,No,Yes,Small Business,Daily Wage Worker,Graduate,Rural,65.0,Sports,1,2023
18000,No,Yes,Shopkeeper,Farmer,Postgraduate,Rural,77.0,Merit,1,2021
35000,No,Yes,Farmer,Government Job,Graduate,Urban,66.0,Management,1,2022
8000,Yes,No,Shopkeeper,Nurse,Diploma,Rural,59.5,Merit,0,2022
18000,Yes,No,Farmer,Nurse,Graduate,Rural,93.8,Merit,0,2022
60000,No,Yes,Engineer,Farmer,Graduate,Semi-Urban,64.3,SC/ST,1,2023
3000,Yes,No,Farmer,Farmer,Diploma,Semi-Urban,51.0,Merit,1,2023
18000,No,Yes,Shopkeeper,Government Job,HighSchool,Urban,98.8,Management,1,2024
35000,No,Yes,Doctor,Homemaker,Diploma,Urban,73.4,SC/ST,0,2022
60000,Yes,No,Driver,Government Job,Diploma,Rural,90.2,Merit,0,2021
25000,No,Yes,Daily Wage Worker,Government Job,Primary School,Urban,58.9,Management,1,2024
60000,Yes,No,Daily Wage Worker,Teacher,HighSchool,Semi-Urban,53.7,OBC,0,2022
12000,No,No,Doctor,Government Job,Primary School,Semi-Urban,51.2,Sports,1,2022
18000,Yes,No,Daily Wage Worker,Shopkeeper,Primary School,Rural,84.6,Sports,1,2023
75000,Yes,Yes,Doctor,Shopkeeper,Graduate,Urban,97.0,NRI,0,2022
60000,No,Yes,Factory Worker,Teacher,Graduate,Semi-Urban,95.5,Merit,0,2023
25000,No,No,Engineer,Shopkeeper,Graduate,Urban,81.7,OBC,0,2021
18000,Yes,Yes,Factory Worker,Factory Worker,Graduate,Urban,82.7,Management,0,2024
18000,No,No,Farmer,Nurse,Diploma,Semi-Urban,55.6,SC/ST,1,2023
5000,Yes,No,Small Business,Shopkeeper,Graduate,Urban,62.1,OBC,0,2024
60000,Yes,Yes,Farmer,Teacher,Graduate,Rural,43.9,OBC,1,2023
45000,No,Yes,Engineer,Teacher,Graduate,Urban,73.2,Merit,0,2023
18000,Yes,Yes,Government Job,Homemaker,Graduate,Rural,96.6,Sports,0,2022
12000,No,Yes,Doctor,Shopkeeper,HighSchool,Rural,79.2,Management,1,2024
12000,No,No,Farmer,Homemaker,Graduate,Urban,65.5,Management,1,2021
8000,No,No,Engineer,Farmer,Graduate,Rural,58.0,SC/ST,1,2024
45000,Yes,No,Factory Worker,Factory Worker,Primary School,Urban,69.1,Sports,0,2022
25000,Yes,Yes,Daily Wage Worker,Farmer,HighSchool,Rural,60.4,Management,1,2021
12000,No,No,Factory Worker,Daily Wage Worker,Diploma,Semi-Urban,94.6,Merit,0,2021
35000,No,No,Small Business,Nurse,Diploma,Semi-Urban,81.9,Sports,1,2023
100000,No,Yes,Driver,Government Job,Postgraduate,Rural,55.4,OBC,0,2024
8000,Yes,No,Driver,Homemaker,Graduate,Urban,65.7,Merit,0,2022
18000,No,Yes,Engineer,Nurse,No Formal Education,Rural,40.8,OBC,1,2021
25000,No,Yes,Daily Wage Worker,Farmer,Diploma,Urban,41.3,Merit,1,2024
8000,No,No,Government Job,Government Job,Graduate,Urban,66.3,Merit,0,2022
25000,No,No,Teacher,Factory Worker,Graduate,Semi-Urban,65.8,NRI,0,2021
35000,Yes,Yes,Government Job,Homemaker,Diploma,Urban,40.7,Merit,0,2023
8000,No,Yes,Teacher,Farmer,Primary School,Semi-Urban,61.7,SC/ST,1,2024
8000,No,No,Driver,Nurse,Postgraduate,Urban,56.0,Merit,0,2024
60000,No,Yes,Shopkeeper,Nurse,Diploma,Urban,56.5,Merit,0,2022
12000,No,No,Government Job,Shopkeeper,Primary School,Semi-Urban,59.9,SC/ST,1,2024
35000,No,Yes,Shopkeeper,Homemaker,Primary School,Urban,75.3,OBC,1,2022
35000,No,No,Small Business,Government Job,Graduate,Semi-Urban,82.7,Management,0,2022
60000,No,No,Shopkeeper,Factory Worker,Graduate,Semi-Urban,63.1,SC/ST,1,2023
45000,No,Yes,Farmer,Government Job,HighSchool,Urban,97.9,OBC,1,2024
60000,No,No,Doctor,Homemaker,Diploma,Semi-Urban,74.3,SC/ST,0,2022
35000,Yes,Yes,Teacher,Government Job,Postgraduate,Rural,80.9,Merit,0,2021
18000,No,Yes,Daily Wage Worker,Daily Wage Worker,Diploma,Rural,66.7,SC/ST,1,2024
18000,No,Yes,Engineer,Government Job,Diploma,Semi-Urban,95.4,SC/ST,0,2021
18000,Yes,No,Small Business,Nurse,HighSchool,Rural,71.8,Management,1,2024
18000,No,No,Driver,Homemaker,HighSchool,Semi-Urban,83.9,OBC,1,2022
8000,No,No,Engineer,Government Job,Postgraduate,Rural,70.7,Merit,0,2021
18000,Yes,No,Farmer,Shopkeeper,HighSchool,Rural,91.2,Sports,1,2023
18000,No,No,Daily Wage Worker,Farmer,No Formal Education,Urban,85.1,Merit,1,2021
3000,Yes,No,Daily Wage Worker,Homemaker,Primary School,Rural,88.7,Management,1,2022
12000,No,No,Daily Wage Worker,Nurse,HighSchool,Urban,43.7,SC/ST,1,2023
45000,Yes,Yes,Engineer,Shopkeeper,Diploma,Semi-Urban,73.8,Merit,0,2022
25000,Yes,No,Government Job,Homemaker,Postgraduate,Urban,70.8,SC/ST,0,2023
45000,No,No,Small Business,Homemaker,Primary School,Urban,63.0,Merit,1,2021
25000,No,Yes,Government Job,Nurse,Primary School,Semi-Urban,56.4,Management,1,2021
60000,Yes,No,Engineer,Farmer,Diploma,Rural,88.2,Management,0,2021
45000,No,Yes,Doctor,Farmer,Postgraduate,Urban,57.1,Merit,0,2022
5000,No,Yes,Engineer,Farmer,Postgraduate,Urban,73.5,Management,0,2022
100000,Yes,Yes,Shopkeeper,Farmer,Postgraduate,Rural,69.3,SC/ST,0,2021
3000,Yes,Yes,Government Job,Shopkeeper,Primary School,Urban,70.1,Merit,0,2022
25000,Yes,Yes,Government Job,Daily Wage Worker,Graduate,Semi-Urban,95.1,Merit,0,2022
45000,Yes,Yes,Engineer,Shopkeeper,Graduate,Rural,92.7,SC/ST,0,2024
12000,Yes,No,Daily Wage Worker,Teacher,No Formal Education,Rural,74.8,SC/ST,1,2021
25000,Yes,No,Factory Worker,Teacher,Graduate,Urban,52.0,Merit,0,2023
18000,Yes,Yes,Doctor,Homemaker,Graduate,Semi-Urban,50.9,SC/ST,0,2024
5000,Yes,No,Government Job,Homemaker,Graduate,Urban,46.4,NRI,0,2022
3000,Yes,No,Government Job,Farmer,HighSchool,Semi-Urban,67.3,Management,0,2024
5000,No,Yes,Doctor,Daily Wage Worker,HighSchool,Rural,51.2,Merit,1,2023
5000,Yes,No,Shopkeeper,Nurse,Diploma,Rural,66.2,Merit,1,2024
35000,No,No,Government Job,Teacher,Primary School,Urban,60.6,SC/ST,1,2022
25000,Yes,Yes,Engineer,Government Job,Primary School,Rural,41.9,SC/ST,1,2021
18000,Yes,No,Farmer,Government Job,Graduate,Urban,86.6,NRI,0,2023
35000,Yes,No,Government Job,Teacher,HighSchool,Rural,96.1,Merit,0,2023
3000,No,Yes,Factory Worker,Government Job,No Formal Education,Urban,64.0,Merit,1,2024
12000,No,Yes,Factory Worker,Farmer,HighSchool,Rural,58.5,SC/ST,1,2023
45000,No,No,Driver,Shopkeeper,Primary School,Semi-Urban,42.9,SC/ST,1,2023
75000,Yes,No,Engineer,Farmer,HighSchool,Rural,41.1,Merit,0,2023
18000,Yes,No,Shopkeeper,Factory Worker,Graduate,Rural,77.4,Merit,0,2023
5000,No,Yes,Doctor,Government Job,Graduate,Urban,71.8,Sports,0,2021
45000,No,No,Farmer,Farmer,Primary School,Rural,86.3,SC/ST,1,2023
60000,No,Yes,Farmer,Homemaker,Graduate,Urban,72.1,Management,1,2021
18000,No,Yes,Engineer,Shopkeeper,Primary School,Semi-Urban,51.4,Merit,1,2023
12000,Yes,No,Government Job,Government Job,HighSchool,Urban,90.9,OBC,0,2021
5000,Yes,Yes,Farmer,Homemaker,Graduate,Rural,92.4,SC/ST,1,2022
25000,Yes,Yes,Daily Wage Worker,Factory Worker,Postgraduate,Urban,86.1,Merit,0,2021
75000,No,Yes,Teacher,Nurse,HighSchool,Urban,96.1,Merit,0,2024
35000,No,Yes,Factory Worker,Shopkeeper,Graduate,Urban,91.7,Merit,0,2023
12000,Yes,No,Small Business,Nurse,HighSchool,Rural,67.6,NRI,1,2021
35000,Yes,Yes,Small Business,Farmer,Graduate,Rural,89.7,Management,0,2022
60000,No,Yes,Doctor,Farmer,Graduate,Urban,83.1,Merit,0,2021
18000,Yes,No,Farmer,Teacher,Diploma,Semi-Urban,69.1,Management,1,2022
45000,No,No,Driver,Government Job,Graduate,Semi-Urban,64.2,OBC,1,2021
18000,No,Yes,Doctor,Teacher,Graduate,Semi-Urban,81.1,Management,1,2023
12000,Yes,No,Government Job,Factory Worker,Postgraduate,Semi-Urban,44.2,Merit,0,2024
25000,Yes,No,Doctor,Homemaker,HighSchool,Semi-Urban,80.0,Management,0,2023
18000,Yes,No,Farmer,Factory Worker,Postgraduate,Semi-Urban,64.8,Management,0,2021
100000,No,No,Government Job,Teacher,Graduate,Semi-Urban,62.5,Management,0,2022
25000,No,No,Doctor,Farmer,Diploma,Rural,67.7,Management,1,2024
18000,Yes,No,Shopkeeper,Daily Wage Worker,Diploma,Semi-Urban,95.2,Merit,0,2024
18000,Yes,No,Driver,Farmer,Postgraduate,Rural,97.7,Merit,0,2023
25000,No,No,Teacher,Shopkeeper,Graduate,Rural,97.6,Merit,0,2023
18000,No,No,Government Job,Factory Worker,HighSchool,Urban,78.1,Sports,0,2022
45000,No,No,Shopkeeper,Government Job,No Formal Education,Urban,87.7,Merit,0,2023
18000,Yes,No,Farmer,Factory Worker,HighSchool,Rural,49.8,SC/ST,1,2024
18000,Yes,No,Government Job,Farmer,HighSchool,Urban,71.2,Merit,0,2021
35000,No,No,Engineer,Homemaker,Primary School,Semi-Urban,58.4,Merit,0,2024
5000,No,Yes,Doctor,Government Job,Graduate,Urban,50.1,Management,0,2023
35000,No,No,Teacher,Government Job,Diploma,Semi-Urban,81.5,Management,1,2021
25000,Yes,Yes,Engineer,Daily Wage Worker,Primary School,Urban,40.5,SC/ST,1,2023
18000,No,No,Shopkeeper,Factory Worker,HighSchool,Semi-Urban,91.1,SC/ST,1,2021
35000,No,No,Engineer,Homemaker,Primary School,Urban,98.5,Management,0,2024
45000,Yes,No,Teacher,Teacher,Graduate,Rural,58.9,Sports,0,2024
60000,No,No,Daily Wage Worker,Teacher,Diploma,Rural,47.8,OBC,1,2023
18000,Yes,Yes,Farmer,Government Job,Postgraduate,Urban,86.6,Merit,0,2021
12000,Yes,Yes,Small Business,Nurse,Graduate,Rural,87.2,Merit,0,2024
35000,No,No,Daily Wage Worker,Homemaker,Graduate,Urban,86.1,Sports,1,2024
25000,Yes,No,Driver,Nurse,HighSchool,Rural,81.6,Sports,1,2023
35000,Yes,No,Teacher,Government Job,Graduate,Rural,86.6,Merit,0,2023
25000,Yes,Yes,Driver,Shopkeeper,Graduate,Rural,90.9,OBC,0,2022
45000,Yes,No,Government Job,Homemaker,Postgraduate,Urban,42.0,OBC,0,2023
8000,No,No,Farmer,Farmer,Graduate,Semi-Urban,98.5,OBC,1,2023
25000,No,No,Government Job,Shopkeeper,Postgraduate,Urban,85.1,SC/ST,0,2021
8000,No,Yes,Daily Wage Worker,Teacher,Postgraduate,Semi-Urban,72.2,Merit,1,2024
18000,No,Yes,Government Job,Farmer,Postgraduate,Semi-Urban,63.6,Merit,0,2023
35000,No,No,Farmer,Government Job,Graduate,Semi-Urban,98.3,SC/ST,1,2022
25000,No,No,Small Business,Government Job,HighSchool,Semi-Urban,45.5,Merit,1,2021
18000,Yes,Yes,Teacher,Daily Wage Worker,Graduate,Semi-Urban,85.3,SC/ST,0,2021
60000,No,No,Shopkeeper,Government Job,Postgraduate,Urban,48.0,Merit,0,2023
45000,Yes,No,Small Business,Daily Wage Worker,Postgraduate,Urban,73.0,NRI,0,2022
25000,Yes,No,Shopkeeper,Nurse,Postgraduate,Rural,67.5,OBC,0,2021
75000,No,No,Factory Worker,Teacher,Diploma,Semi-Urban,46.3,Sports,1,2024
18000,Yes,No,Farmer,Homemaker,Graduate,Semi-Urban,50.5,Merit,0,2024
45000,No,Yes,Daily Wage Worker,Nurse,Diploma,Urban,61.3,SC/ST,1,2021
8000,Yes,Yes,Farmer,Farmer,Graduate,Rural,59.2,NRI,1,2022
12000,Yes,No,Factory Worker,Farmer,Diploma,Urban,53.9,Merit,0,2024
12000,Yes,No,Teacher,Government Job,HighSchool,Semi-Urban,68.7,SC/ST,0,2021
5000,Yes,No,Driver,Teacher,Diploma,Rural,75.1,SC/ST,1,2023
25000,Yes,Yes,Doctor,Daily Wage Worker,HighSchool,Urban,82.2,OBC,0,2022
8000,Yes,No,Daily Wage Worker,Government Job,Diploma,Semi-Urban,59.1,Merit,1,2023
35000,Yes,No,Shopkeeper,Homemaker,Graduate,Urban,78.3,OBC,0,2023
8000,No,No,Driver,Factory Worker,HighSchool,Rural,75.9,Merit,1,2021
8000,Yes,No,Factory Worker,Daily Wage Worker,Graduate,Rural,81.5,Merit,1,2023
100000,Yes,No,Shopkeeper,Farmer,Primary School,Urban,96.4,NRI,0,2023
35000,No,No,Small Business,Government Job,No Formal Education,Semi-Urban,93.2,NRI,0,2022
75000,Yes,Yes,Doctor,Nurse,HighSchool,Rural,89.4,Management,0,2021
25000,Yes,No,Doctor,Factory Worker,HighSchool,Urban,81.9,Merit,0,2024
3000,Yes,Yes,Small Business,Government Job,Graduate,Urban,56.6,Merit,0,2023
25000,No,Yes,Shopkeeper,Factory Worker,Graduate,Urban,48.7,Sports,1,2022
25000,Yes,No,Doctor,Teacher,Graduate,Urban,81.0,Sports,0,2022
3000,Yes,Yes,Shopkeeper,Teacher,Graduate,Rural,74.8,Merit,0,2022
60000,No,Yes,Government Job,Nurse,Graduate,Urban,73.5,SC/ST,1,2023
35000,Yes,No,Engineer,Daily Wage Worker,Graduate,Rural,81.8,Merit,0,2024
45000,Yes,Yes,Shopkeeper,Homemaker,Diploma,Rural,77.1,Merit,0,2022
25000,No,Yes,Farmer,Teacher,No Formal Education,Rural,53.6,SC/ST,1,2024
35000,Yes,Yes,Doctor,Shopkeeper,Postgraduate,Rural,93.9,Sports,0,2022
12000,No,No,Factory Worker,Government Job,Diploma,Rural,92.0,Merit,1,2023
100000,Yes,No,Factory Worker,Homemaker,Postgraduate,Urban,47.4,Management,0,2023
18000,Yes,No,Factory Worker,Shopkeeper,Postgraduate,Urban,75.2,Sports,0,2024
8000,No,No,Teacher,Shopkeeper,Diploma,Rural,93.7,SC/ST,1,2024
5000,No,No,Daily Wage Worker,Teacher,Postgraduate,Rural,79.4,Merit,1,2023
35000,No,Yes,Small Business,Shopkeeper,No Formal Education,Rural,70.9,Management,1,2024
100000,No,No,Factory Worker,Teacher,Graduate,Semi-Urban,93.9,SC/ST,0,2022
60000,Yes,No,Doctor,Homemaker,Graduate,Urban,85.5,NRI,0,2023
35000,No,No,Government Job,Nurse,Postgraduate,Urban,78.8,Merit,0,2024
100000,No,No,Driver,Government Job,Diploma,Semi-Urban,65.5,SC/ST,0,2021
45000,No,Yes,Government Job,Factory Worker,HighSchool,Urban,85.8,Management,0,2024
12000,Yes,Yes,Government Job,Daily Wage Worker,No Formal Education,Semi-Urban,91.4,Merit,1,2021
35000,Yes,No,Engineer,Homemaker,Diploma,Urban,49.7,Merit,0,2021
5000,No,No,Government Job,Farmer,Diploma,Semi-Urban,81.1,OBC,1,2024
12000,No,No,Doctor,Farmer,HighSchool,Semi-Urban,81.2,Merit,0,2021
18000,No,Yes,Shopkeeper,Factory Worker,Graduate,Rural,48.7,Merit,1,2023
8000,No,No,Shopkeeper,Factory Worker,Diploma,Rural,90.0,SC/ST,1,2023
75000,No,No,Government Job,Teacher,Primary School,Semi-Urban,91.1,Management,0,2023
100000,Yes,No,Government Job,Nurse,No Formal Education,Rural,48.0,SC/ST,0,2021
18000,No,No,Driver,Homemaker,Postgraduate,Semi-Urban,83.2,Management,1,2021
35000,No,No,Doctor,Government Job,Graduate,Semi-Urban,53.9,Management,0,2021
18000,Yes,Yes,Farmer,Factory Worker,Diploma,Semi-Urban,53.6,Merit,1,2024
8000,Yes,No,Doctor,Nurse,Diploma,Rural,47.5,Sports,1,2023
12000,No,No,Factory Worker,Farmer,Primary School,Urban,80.5,Management,1,2021
12000,No,No,Engineer,Factory Worker,HighSchool,Rural,93.5,Merit,0,2022
12000,Yes,No,Teacher,Farmer,Graduate,Rural,73.9,SC/ST,1,2023
12000,No,Yes,Factory Worker,Nurse,Primary School,Rural,55.2,OBC,1,2022
8000,Yes,Yes,Farmer,Teacher,Primary School,Rural,51.2,Merit,1,2022
12000,Yes,Yes,Shopkeeper,Shopkeeper,Diploma,Rural,49.9,Merit,0,2021
75000,Yes,Yes,Daily Wage Worker,Homemaker,Postgraduate,Urban,52.1,Merit,0,2022
5000,No,Yes,Farmer,Shopkeeper,HighSchool,Urban,72.6,Merit,1,2021
12000,No,No,Small Business,Factory Worker,Graduate,Semi-Urban,98.7,Management,1,2022
25000,Yes,No,Daily Wage Worker,Daily Wage Worker,Postgraduate,Rural,95.1,Management,1,2023
18000,No,Yes,Teacher,Government Job,Postgraduate,Urban,45.5,SC/ST,0,2022
25000,No,Yes,Doctor,Factory Worker,Diploma,Urban,51.9,Merit,1,2024
5000,Yes,No,Government Job,Teacher,HighSchool,Rural,80.2,SC/ST,1,2022
35000,No,No,Shopkeeper,Shopkeeper,Graduate,Semi-Urban,80.7,SC/ST,1,2024
25000,Yes,Yes,Small Business,Farmer,Postgraduate,Urban,52.4,Management,0,2021
35000,Yes,No,Driver,Farmer,Graduate,Urban,96.4,Merit,0,2023
25000,Yes,No,Doctor,Nurse,Postgraduate,Semi-Urban,74.6,Merit,0,2021
18000,No,No,Teacher,Homemaker,Graduate,Semi-Urban,71.2,Management,0,2022
18000,Yes,No,Shopkeeper,Homemaker,No Formal Education,Semi-Urban,88.5,Sports,0,2022
12000,Yes,No,Small Business,Farmer,Diploma,Urban,62.1,SC/ST,1,2021
25000,No,Yes,Farmer,Factory Worker,Postgraduate,Urban,82.2,OBC,1,2021
3000,Yes,Yes,Factory Worker,Teacher,No Formal Education,Semi-Urban,94.2,NRI,1,2023
12000,No,No,Teacher,Shopkeeper,Graduate,Rural,96.0,OBC,0,2022
35000,No,No,Farmer,Homemaker,HighSchool,Urban,42.3,Merit,1,2021
5000,Yes,No,Shopkeeper,Daily Wage Worker,Diploma,Urban,44.3,OBC,1,2021
5000,No,No,Factory Worker,Government Job,Graduate,Urban,81.8,OBC,1,2022
35000,No,No,Doctor,Homemaker,Diploma,Rural,40.3,Management,1,2022
18000,Yes,Yes,Farmer,Shopkeeper,Postgraduate,Urban,79.1,SC/ST,1,2024
45000,No,Yes,Shopkeeper,Shopkeeper,HighSchool,Rural,88.5,Management,1,2023
75000,No,No,Doctor,Homemaker,Graduate,Urban,45.3,SC/ST,0,2023
75000,No,Yes,Doctor,Shopkeeper,Primary School,Urban,41.4,OBC,0,2022
18000,Yes,No,Daily Wage Worker,Government Job,HighSchool,Rural,70.0,Merit,1,2024
12000,Yes,Yes,Teacher,Homemaker,Primary School,Rural,98.3,Merit,0,2022
35000,No,No,Driver,Daily Wage Worker,HighSchool,Rural,71.6,Management,1,2024
35000,Yes,Yes,Factory Worker,Shopkeeper,Graduate,Rural,97.5,SC/ST,1,2024
35000,No,No,Government Job,Farmer,HighSchool,Rural,81.4,Management,1,2023
12000,No,No,Farmer,Government Job,No Formal Education,Urban,57.8,Sports,1,2022
5000,No,No,Engineer,Nurse,Postgraduate,Rural,54.3,Merit,1,2024
12000,No,Yes,Doctor,Government Job,Graduate,Urban,75.7,Merit,0,2022
8000,No,Yes,Small Business,Farmer,Postgraduate,Rural,59.6,Sports,1,2021
8000,Yes,Yes,Teacher,Factory Worker,Graduate,Semi-Urban,54.1,SC/ST,0,2023
75000,Yes,Yes,Shopkeeper,Government Job,Diploma,Urban,63.3,Merit,0,2023
3000,Yes,No,Farmer,Teacher,Diploma,Rural,71.4,SC/ST,1,2021
35000,Yes,Yes,Small Business,Shopkeeper,Postgraduate,Semi-Urban,94.5,OBC,0,2024
75000,No,Yes,Engineer,Factory Worker,Diploma,Urban,96.4,SC/ST,0,2022
18000,No,No,Farmer,Shopkeeper,Diploma,Rural,83.1,Merit,1,2024
25000,No,No,Factory Worker,Teacher,HighSchool,Rural,54.3,Merit,1,2021
35000,No,No,Daily Wage Worker,Farmer,HighSchool,Urban,67.2,Merit,1,2022
12000,Yes,No,Daily Wage Worker,Daily Wage Worker,Postgraduate,Rural,45.8,NRI,1,2022
18000,No,No,Government Job,Teacher,HighSchool,Rural,73.7,Merit,1,2024
45000,No,Yes,Engineer,Daily Wage Worker,Primary School,Rural,77.8,Management,1,2024
45000,No,Yes,Factory Worker,Factory Worker,Graduate,Semi-Urban,63.5,Merit,1,2021
45000,Yes,No,Farmer,Factory Worker,Postgraduate,Urban,52.9,OBC,0,2021
100000,No,Yes,Factory Worker,Factory Worker,Postgraduate,Rural,98.2,Merit,0,2021
18000,Yes,Yes,Farmer,Homemaker,Graduate,Semi-Urban,42.3,Merit,1,2022
45000,No,No,Shopkeeper,Factory Worker,HighSchool,Rural,83.2,Merit,0,2023
35000,No,Yes,Doctor,Daily Wage Worker,Diploma,Urban,80.6,NRI,0,2023
35000,No,Yes,Factory Worker,Factory Worker,HighSchool,Urban,73.1,Sports,1,2021
45000,Yes,No,Daily Wage Worker,Teacher,HighSchool,Semi-Urban,51.0,Merit,0,2024
45000,Yes,Yes,Factory Worker,Teacher,Postgraduate,Rural,90.4,SC/ST,1,2024
60000,No,No,Engineer,Nurse,Postgraduate,Semi-Urban,76.0,SC/ST,0,2023
12000,No,No,Doctor,Farmer,HighSchool,Semi-Urban,80.0,Sports,0,2024
35000,No,No,Daily Wage Worker,Government Job,Diploma,Semi-Urban,81.8,Management,1,2024
12000,No,Yes,Teacher,Farmer,Postgraduate,Rural,47.1,OBC,1,2024
25000,No,Yes,Shopkeeper,Homemaker,Diploma,Rural,67.5,SC/ST,1,2021
45000,No,No,Shopkeeper,Factory Worker,HighSchool,Rural,86.6,OBC,1,2023
45000,Yes,No,Driver,Shopkeeper,HighSchool,Urban,63.5,SC/ST,0,2021
18000,Yes,No,Factory Worker,Shopkeeper,Diploma,Semi-Urban,83.2,Merit,0,2021
25000,Yes,Yes,Small Business,Factory Worker,HighSchool,Rural,62.2,Merit,0,2022
12000,Yes,No,Government Job,Homemaker,Graduate,Urban,87.4,Management,0,2024
8000,Yes,No,Daily Wage Worker,Factory Worker,HighSchool,Urban,89.9,Management,1,2023
12000,Yes,No,Small Business,Daily Wage Worker,Diploma,Urban,89.2,Sports,0,2024
75000,No,No,Small Business,Factory Worker,HighSchool,Semi-Urban,78.5,OBC,0,2022
12000,No,Yes,Teacher,Nurse,HighSchool,Semi-Urban,69.8,Management,1,2023
100000,No,Yes,Daily Wage Worker,Teacher,HighSchool,Semi-Urban,90.4,Merit,0,2023
12000,Yes,No,Shopkeeper,Homemaker,Diploma,Rural,62.4,Merit,0,2021
45000,No,Yes,Factory Worker,Homemaker,Diploma,Urban,96.8,Merit,0,2023
25000,No,Yes,Teacher,Homemaker,No Formal Education,Semi-Urban,89.0,OBC,1,2024
35000,No,No,Doctor,Homemaker,Postgraduate,Semi-Urban,55.9,Sports,0,2023
35000,Yes,No,Small Business,Shopkeeper,HighSchool,Urban,62.2,Merit,0,2024
35000,Yes,Yes,Doctor,Farmer,Graduate,Rural,92.9,OBC,0,2024
75000,Yes,No,Teacher,Farmer,Postgraduate,Urban,54.9,Management,0,2024
25000,Yes,Yes,Driver,Nurse,No Formal Education,Rural,44.8,SC/ST,1,2021
5000,Yes,No,Teacher,Factory Worker,Primary School,Urban,44.6,Management,1,2023
12000,No,Yes,Driver,Nurse,HighSchool,Urban,91.1,Merit,1,2022
35000,Yes,No,Engineer,Homemaker,Postgraduate,Semi-Urban,61.9,Merit,0,2021
25000,Yes,No,Engineer,Government Job,Diploma,Semi-Urban,52.5,Management,0,2024
25000,No,No,Factory Worker,Farmer,HighSchool,Rural,55.8,Management,1,2024
25000,Yes,No,Teacher,Government Job,No Formal Education,Urban,75.0,Merit,0,2022
18000,Yes,Yes,Government Job,Teacher,No Formal Education,Rural,64.7,Merit,1,2022
45000,Yes,Yes,Engineer,Government Job,Graduate,Urban,48.4,Merit,0,2024
45000,Yes,No,Doctor,Farmer,Graduate,Semi-Urban,69.0,Merit,0,2021
35000,No,Yes,Teacher,Teacher,Diploma,Urban,78.6,Management,1,2021
35000,No,No,Government Job,Teacher,HighSchool,Semi-Urban,63.3,Management,1,2023
60000,No,No,Farmer,Government Job,Graduate,Semi-Urban,76.4,Merit,0,2022
25000,Yes,Yes,Driver,Government Job,Postgraduate,Rural,81.4,Merit,0,2021
100000,Yes,No,Government Job,Daily Wage Worker,Diploma,Urban,78.4,SC/ST,0,2024
8000,Yes,Yes,Farmer,Teacher,Graduate,Semi-Urban,48.4,Merit,1,2024
35000,Yes,No,Small Business,Homemaker,Postgraduate,Semi-Urban,65.7,Merit,0,2023
35000,Yes,No,Driver,Farmer,Diploma,Rural,93.6,Merit,0,2023
18000,No,Yes,Farmer,Daily Wage Worker,HighSchool,Urban,49.4,Management,1,2021
12000,No,Yes,Teacher,Factory Worker,HighSchool,Semi-Urban,91.6,Management,1,2021
25000,No,No,Engineer,Factory Worker,Primary School,Semi-Urban,66.3,SC/ST,1,2023
18000,Yes,Yes,Teacher,Nurse,No Formal Education,Semi-Urban,75.6,Management,1,2022
75000,No,Yes,Factory Worker,Factory Worker,Graduate,Semi-Urban,58.6,NRI,0,2023
18000,Yes,Yes,Small Business,Farmer,Postgraduate,Urban,82.9,Merit,0,2024
8000,Yes,No,Government Job,Farmer,Graduate,Rural,50.6,Merit,0,2024
25000,No,No,Factory Worker,Teacher,Postgraduate,Urban,85.0,Management,0,2021
18000,Yes,Yes,Shopkeeper,Farmer,Postgraduate,Rural,48.4,Merit,1,2023
5000,Yes,Yes,Driver,Teacher,Graduate,Semi-Urban,50.2,Merit,1,2024
25000,Yes,No,Government Job,Homemaker,Postgraduate,Semi-Urban,40.5,NRI,0,2022
25000,No,No,Small Business,Shopkeeper,Postgraduate,Urban,90.9,Merit,0,2023
8000,No,No,Shopkeeper,Homemaker,HighSchool,Semi-Urban,89.8,Merit,0,2023
25000,No,No,Teacher,Homemaker,Postgraduate,Semi-Urban,63.1,Merit,0,2024
25000,No,No,Farmer,Homemaker,Postgraduate,Urban,40.2,Management,1,2021
45000,Yes,Yes,Teacher,Factory Worker,HighSchool,Urban,95.1,Merit,0,2022
18000,Yes,Yes,Government Job,Homemaker,Graduate,Urban,50.1,OBC,0,2023
12000,Yes,Yes,Farmer,Government Job,HighSchool,Rural,48.8,NRI,1,2022
75000,No,Yes,Farmer,Nurse,Diploma,Urban,52.5,Management,1,2024
25000,Yes,No,Government Job,Farmer,Graduate,Urban,55.2,Merit,0,2022
3000,No,Yes,Small Business,Homemaker,No Formal Education,Semi-Urban,94.9,Merit,1,2023
60000,No,Yes,Factory Worker,Factory Worker,Graduate,Urban,77.1,OBC,0,2024
8000,Yes,Yes,Farmer,Factory Worker,Diploma,Rural,60.1,Management,1,2023
45000,Yes,No,Farmer,Factory Worker,Primary School,Rural,85.1,Management,1,2023
35000,Yes,Yes,Teacher,Nurse,Graduate,Rural,85.6,Merit,0,2021
100000,Yes,No,Engineer,Shopkeeper,Postgraduate,Rural,54.5,Merit,0,2022
100000,No,No,Small Business,Daily Wage Worker,No Formal Education,Semi-Urban,50.3,Sports,1,2021
12000,No,No,Daily Wage Worker,Homemaker,Diploma,Urban,49.0,Merit,1,2024
45000,No,No,Daily Wage Worker,Farmer,Primary School,Rural,61.0,Management,1,2024
12000,Yes,Yes,Small Business,Farmer,HighSchool,Rural,41.7,SC/ST,1,2024
35000,No,No,Small Business,Farmer,Diploma,Rural,66.0,Merit,0,2022
25000,No,No,Doctor,Shopkeeper,HighSchool,Urban,51.9,OBC,0,2021
5000,No,Yes,Teacher,Shopkeeper,Graduate,Semi-Urban,85.3,Merit,1,2024
3000,Yes,Yes,Farmer,Daily Wage Worker,HighSchool,Urban,59.5,OBC,1,2022
5000,Yes,No,Engineer,Homemaker,Graduate,Rural,78.4,Management,0,2024
8000,No,No,Engineer,Daily Wage Worker,HighSchool,Semi-Urban,80.3,NRI,1,2022
12000,No,No,Farmer,Government Job,Postgraduate,Urban,86.9,SC/ST,1,2021
75000,Yes,Yes,Engineer,Teacher,Diploma,Urban,68.0,Management,0,2022
25000,Yes,Yes,Daily Wage Worker,Shopkeeper,No Formal Education,Urban,63.6,Merit,1,2024
45000,No,No,Government Job,Farmer,Primary School,Urban,55.2,SC/ST,1,2022
60000,No,Yes,Factory Worker,Nurse,Diploma,Rural,40.6,NRI,1,2021
45000,Yes,Yes,Small Business,Farmer,Postgraduate,Semi-Urban,49.3,Management,0,2023
18000,Yes,Yes,Factory Worker,Teacher,Diploma,Semi-Urban,53.1,Management,1,2024
60000,No,No,Farmer,Factory Worker,Diploma,Urban,78.8,Merit,0,2023
45000,Yes,Yes,Engineer,Farmer,Graduate,Semi-Urban,86.7,Merit,0,2022
45000,Yes,No,Shopkeeper,Teacher,HighSchool,Urban,67.1,NRI,0,2024
75000,No,No,Doctor,Teacher,Graduate,Urban,88.5,Management,0,2024
25000,No,No,Driver,Factory Worker,HighSchool,Rural,62.1,Merit,1,2023
25000,Yes,No,Small Business,Factory Worker,Postgraduate,Rural,78.6,Merit,0,2022
60000,No,No,Farmer,Government Job,Postgraduate,Rural,72.9,OBC,1,2024
18000,No,No,Engineer,Homemaker,HighSchool,Rural,48.9,Merit,1,2022
45000,Yes,No,Small Business,Shopkeeper,Primary School,Semi-Urban,67.3,SC/ST,1,2023
5000,No,No,Factory Worker,Farmer,Graduate,Rural,97.1,OBC,1,2023
3000,Yes,Yes,Government Job,Government Job,Graduate,Rural,48.8,SC/ST,1,2023
25000,No,Yes,Factory Worker,Daily Wage Worker,Graduate,Rural,63.9,Management,1,2024
5000,No,No,Daily Wage Worker,Nurse,Diploma,Rural,59.6,SC/ST,1,2022
100000,No,No,Government Job,Farmer,Primary School,Semi-Urban,84.0,OBC,0,2022
3000,Yes,No,Small Business,Farmer,Graduate,Semi-Urban,42.3,Merit,0,2023
35000,Yes,Yes,Teacher,Farmer,HighSchool,Rural,66.7,OBC,1,2024
12000,Yes,Yes,Small Business,Government Job,Diploma,Urban,55.6,SC/ST,1,2022
100000,No,No,Engineer,Teacher,HighSchool,Rural,57.6,SC/ST,0,2024
18000,Yes,Yes,Government Job,Daily Wage Worker,HighSchool,Rural,64.0,Merit,0,2024
3000,No,Yes,Factory Worker,Homemaker,Graduate,Rural,57.2,Merit,1,2022
3000,Yes,Yes,Government Job,Farmer,Diploma,Rural,73.5,Merit,0,2023
25000,No,Yes,Teacher,Factory Worker,Diploma,Urban,56.9,SC/ST,1,2021
100000,Yes,No,Daily Wage Worker,Nurse,Postgraduate,Urban,94.1,OBC,0,2022
100000,No,Yes,Factory Worker,Factory Worker,Diploma,Rural,66.4,Merit,1,2021
12000,No,Yes,Teacher,Teacher,Graduate,Urban,49.1,SC/ST,1,2021
25000,Yes,Yes,Farmer,Farmer,Postgraduate,Semi-Urban,57.1,SC/ST,1,2023
5000,No,Yes,Farmer,Government Job,Graduate,Urban,87.0,Merit,1,2023
25000,No,Yes,Government Job,Government Job,Primary School,Rural,46.4,SC/ST,1,2024
25000,Yes,Yes,Shopkeeper,Nurse,Primary School,Rural,62.4,Merit,1,2023
12000,No,No,Small Business,Daily Wage Worker,Diploma,Semi-Urban,96.0,Merit,0,2024
35000,Yes,No,Engineer,Government Job,Primary School,Semi-Urban,40.1,Merit,0,2021
60000,Yes,Yes,Engineer,Government Job,HighSchool,Urban,97.3,Merit,0,2022
3000,Yes,Yes,Small Business,Government Job,HighSchool,Rural,61.2,Merit,1,2024
12000,No,No,Engineer,Nurse,No Formal Education,Rural,52.5,Merit,1,2021
8000,Yes,No,Farmer,Teacher,Diploma,Semi-Urban,88.7,SC/ST,1,2023
8000,No,Yes,Teacher,Daily Wage Worker,HighSchool,Semi-Urban,67.7,OBC,1,2023
8000,No,No,Farmer,Shopkeeper,Primary School,Semi-Urban,46.2,SC/ST,1,2022
35000,Yes,No,Doctor,Homemaker,Graduate,Semi-Urban,79.3,Merit,0,2022
5000,Yes,Yes,Government Job,Factory Worker,Postgraduate,Rural,85.9,SC/ST,1,2023
45000,No,No,Doctor,Factory Worker,Graduate,Rural,66.6,OBC,0,2023
60000,No,No,Doctor,Government Job,Postgraduate,Urban,82.2,NRI,0,2021
75000,Yes,Yes,Teacher,Nurse,HighSchool,Semi-Urban,46.3,Management,0,2022
35000,No,Yes,Teacher,Shopkeeper,Graduate,Urban,41.9,Merit,0,2024
8000,Yes,No,Small Business,Nurse,Diploma,Semi-Urban,52.9,Merit,0,2023
5000,No,No,Doctor,Daily Wage Worker,Diploma,Urban,97.9,Sports,0,2021
12000,No,No,Small Business,Factory Worker,Graduate,Urban,50.4,SC/ST,1,2021
100000,Yes,Yes,Government Job,Factory Worker,Graduate,Semi-Urban,94.3,Merit,0,2021
100000,Yes,No,Small Business,Shopkeeper,No Formal Education,Urban,57.5,Merit,0,2021
18000,No,No,Doctor,Factory Worker,Diploma,Rural,69.0,Sports,1,2021
12000,Yes,Yes,Factory Worker,Teacher,Graduate,Rural,81.5,SC/ST,1,2021
25000,No,Yes,Teacher,Farmer,Diploma,Urban,50.0,Merit,0,2024
12000,No,No,Daily Wage Worker,Factory Worker,HighSchool,Rural,51.8,Merit,1,2024
100000,No,No,Daily Wage Worker,Nurse,No Formal Education,Urban,54.9,Merit,0,2024
12000,No,Yes,Government Job,Factory Worker,No Formal Education,Rural,68.1,Sports,1,2024
18000,Yes,No,Doctor,Daily Wage Worker,Diploma,Rural,60.4,Merit,0,2021
18000,No,Yes,Small Business,Homemaker,Diploma,Rural,45.1,Management,1,2024
8000,No,No,Shopkeeper,Shopkeeper,HighSchool,Urban,55.8,Merit,0,2023
18000,No,No,Doctor,Teacher,Graduate,Urban,88.8,Merit,0,2023
60000,Yes,No,Driver,Nurse,Graduate,Urban,70.5,Merit,0,2021
8000,Yes,No,Shopkeeper,Teacher,HighSchool,Urban,95.9,Merit,0,2022
25000,No,Yes,Daily Wage Worker,Farmer,HighSchool,Urban,56.4,SC/ST,1,2022
18000,No,Yes,Driver,Homemaker,Postgraduate,Rural,55.5,Merit,1,2021
8000,Yes,Yes,Daily Wage Worker,Factory Worker,Postgraduate,Urban,65.1,Sports,1,2023
3000,No,Yes,Farmer,Daily Wage Worker,Postgraduate,Semi-Urban,44.7,OBC,1,2023
12000,Yes,No,Doctor,Teacher,Graduate,Semi-Urban,58.7,Merit,0,2021
5000,Yes,Yes,Doctor,Homemaker,Postgraduate,Urban,61.3,Merit,0,2022
18000,Yes,Yes,Teacher,Nurse,Primary School,Urban,76.7,Management,1,2023
45000,No,No,Daily Wage Worker,Nurse,Primary School,Semi-Urban,48.4,Management,1,2023
35000,No,Yes,Farmer,Factory Worker,No Formal Education,Semi-Urban,92.4,SC/ST,1,2022
75000,No,Yes,Factory Worker,Homemaker,Diploma,Semi-Urban,91.7,OBC,0,2022
18000,No,No,Doctor,Government Job,HighSchool,Rural,71.3,Merit,0,2022
35000,No,No,Government Job,Factory Worker,Graduate,Semi-Urban,64.8,OBC,0,2021
35000,Yes,No,Farmer,Homemaker,No Formal Education,Semi-Urban,81.2,Sports,0,2023
12000,No,Yes,Small Business,Shopkeeper,Diploma,Semi-Urban,52.0,NRI,1,2023
12000,No,Yes,Government Job,Daily Wage Worker,Postgraduate,Rural,73.3,Merit,0,2024
25000,No,Yes,Engineer,Teacher,Graduate,Semi-Urban,56.9,OBC,0,2024
45000,No,Yes,Driver,Farmer,HighSchool,Rural,94.4,Merit,1,2023
18000,No,No,Engineer,Farmer,Primary School,Semi-Urban,68.3,OBC,0,2022
12000,No,Yes,Engineer,Homemaker,HighSchool,Urban,69.9,Merit,1,2021
100000,Yes,No,Shopkeeper,Nurse,Diploma,Rural,85.0,Merit,0,2021
8000,Yes,Yes,Daily Wage Worker,Government Job,HighSchool,Urban,86.3,Management,1,2021
75000,No,No,Daily Wage Worker,Farmer,Graduate,Urban,53.9,Merit,0,2023
45000,Yes,No,Shopkeeper,Farmer,Postgraduate,Rural,76.0,Merit,0,2022
60000,No,No,Shopkeeper,Factory Worker,HighSchool,Rural,91.1,Merit,0,2023
45000,No,No,Engineer,Homemaker,No Formal Education,Rural,64.4,NRI,0,2024
8000,Yes,No,Small Business,Farmer,Primary School,Urban,46.6,Merit,1,2023
35000,Yes,No,Farmer,Factory Worker,Graduate,Rural,91.2,Merit,0,2023
45000,No,Yes,Farmer,Farmer,No Formal Education,Semi-Urban,92.9,NRI,1,2024
45000,No,Yes,Driver,Government Job,Graduate,Urban,49.0,OBC,1,2023
12000,No,No,Factory Worker,Nurse,Diploma,Rural,52.7,OBC,1,2022
8000,No,No,Driver,Homemaker,Diploma,Semi-Urban,54.1,Merit,1,2024
12000,Yes,No,Doctor,Government Job,Graduate,Rural,89.3,Merit,0,2022
18000,No,Yes,Teacher,Farmer,HighSchool,Urban,96.4,Management,0,2021
25000,Yes,Yes,Driver,Nurse,Graduate,Urban,63.3,Merit,0,2022
60000,Yes,Yes,Government Job,Teacher,Primary School,Urban,95.1,Merit,0,2024
45000,No,No,Doctor,Shopkeeper,Graduate,Rural,41.2,Sports,1,2021
35000,Yes,No,Small Business,Homemaker,Postgraduate,Semi-Urban,63.4,SC/ST,0,2024
12000,Yes,Yes,Doctor,Factory Worker,HighSchool,Semi-Urban,46.9,OBC,1,2021
18000,No,Yes,Small Business,Shopkeeper,Diploma,Urban,98.1,Merit,0,2024
12000,No,No,Small Business,Shopkeeper,Graduate,Semi-Urban,51.6,OBC,1,2023
12000,Yes,Yes,Government Job,Teacher,Primary School,Semi-Urban,95.1,SC/ST,1,2023
3000,Yes,No,Shopkeeper,Daily Wage Worker,Diploma,Semi-Urban,85.8,Management,0,2022
12000,No,No,Small Business,Teacher,HighSchool,Urban,92.6,Merit,0,2024
12000,Yes,No,Teacher,Government Job,Graduate,Semi-Urban,70.0,SC/ST,0,2022
25000,Yes,Yes,Doctor,Government Job,Graduate,Rural,70.2,Merit,0,2023
5000,Yes,Yes,Teacher,Government Job,Diploma,Urban,48.7,Merit,0,2023
12000,No,No,Farmer,Shopkeeper,Graduate,Semi-Urban,47.4,Sports,1,2021
5000,No,No,Factory Worker,Government Job,Graduate,Rural,79.0,Merit,1,2024
35000,Yes,No,Factory Worker,Teacher,HighSchool,Semi-Urban,56.2,Merit,1,2021
25000,No,No,Farmer,Shopkeeper,No Formal Education,Rural,68.0,Merit,1,2024
12000,No,Yes,Government Job,Daily Wage Worker,HighSchool,Semi-Urban,47.2,NRI,1,2023
8000,Yes,No,Driver,Factory Worker,Postgraduate,Semi-Urban,74.8,SC/ST,0,2022
75000,No,Yes,Small Business,Nurse,Diploma,Urban,44.6,OBC,0,2024
25000,Yes,Yes,Doctor,Teacher,HighSchool,Rural,50.3,SC/ST,1,2023
35000,No,No,Driver,Nurse,HighSchool,Semi-Urban,48.7,Sports,1,2022
25000,Yes,Yes,Driver,Factory Worker,Diploma,Rural,48.1,Merit,1,2022
45000,No,Yes,Government Job,Farmer,Diploma,Rural,76.9,Merit,0,2021
60000,Yes,No,Factory Worker,Farmer,Diploma,Urban,42.2,SC/ST,0,2023
18000,No,No,Shopkeeper,Daily Wage Worker,HighSchool,Urban,79.7,Merit,1,2022
35000,No,Yes,Engineer,Daily Wage Worker,HighSchool,Urban,79.8,SC/ST,1,2023
12000,Yes,Yes,Shopkeeper,Shopkeeper,Graduate,Semi-Urban,51.8,Merit,0,2021
35000,Yes,Yes,Factory Worker,Teacher,Graduate,Rural,67.9,Management,1,2021
18000,No,No,Teacher,Homemaker,Graduate,Rural,50.4,Merit,1,2021
3000,No,Yes,Factory Worker,Factory Worker,HighSchool,Semi-Urban,57.6,SC/ST,1,2023
75000,Yes,Yes,Farmer,Teacher,Postgraduate,Semi-Urban,85.9,Sports,0,2023
60000,Yes,No,Daily Wage Worker,Farmer,Primary School,Rural,69.9,Merit,1,2024
12000,No,No,Driver,Nurse,Graduate,Urban,96.9,Merit,0,2022
100000,Yes,No,Factory Worker,Daily Wage Worker,Graduate,Urban,95.4,OBC,0,2022
12000,No,Yes,Shopkeeper,Daily Wage Worker,HighSchool,Urban,52.8,Merit,1,2023
18000,Yes,No,Doctor,Shopkeeper,Primary School,Rural,88.0,Management,0,2024
60000,No,Yes,Government Job,Shopkeeper,Graduate,Rural,60.2,Merit,0,2023
12000,No,No,Driver,Teacher,Graduate,Urban,62.6,Management,1,2022
18000,Yes,Yes,Shopkeeper,Daily Wage Worker,Postgraduate,Rural,75.1,Merit,0,2022
35000,No,No,Driver,Nurse,Graduate,Semi-Urban,69.8,Merit,0,2023
8000,Yes,Yes,Driver,Daily Wage Worker,Postgraduate,Semi-Urban,95.2,Merit,1,2024
18000,No,No,Farmer,Daily Wage Worker,Graduate,Rural,93.4,Merit,1,2022
12000,No,Yes,Driver,Government Job,Diploma,Rural,66.4,Merit,1,2023
35000,Yes,Yes,Daily Wage Worker,Teacher,Postgraduate,Rural,88.8,Merit,0,2023
8000,Yes,No,Factory Worker,Government Job,Graduate,Rural,93.9,Management,1,2021
12000,No,No,Farmer,Government Job,No Formal Education,Semi-Urban,82.7,NRI,1,2024
35000,Yes,No,Daily Wage Worker,Shopkeeper,Graduate,Urban,81.2,SC/ST,0,2022
8000,No,No,Factory Worker,Shopkeeper,Primary School,Rural,73.3,SC/ST,1,2021
18000,Yes,Yes,Government Job,Homemaker,Postgraduate,Rural,80.8,Merit,0,2024
35000,No,No,Driver,Daily Wage Worker,Graduate,Rural,48.7,Merit,1,2023
45000,No,Yes,Small Business,Shopkeeper,Diploma,Semi-Urban,52.2,NRI,0,2024
5000,No,No,Factory Worker,Nurse,Postgraduate,Rural,61.7,Merit,1,2021
60000,Yes,Yes,Teacher,Homemaker,HighSchool,Rural,95.7,Management,0,2022
45000,Yes,No,Driver,Farmer,Diploma,Urban,57.6,Merit,0,2024
12000,Yes,Yes,Driver,Homemaker,Diploma,Urban,47.6,OBC,1,2022
45000,No,No,Doctor,Nurse,Primary School,Rural,67.3,Merit,0,2023
45000,No,Yes,Government Job,Daily Wage Worker,Primary School,Rural,60.0,Merit,1,2022
35000,No,Yes,Doctor,Factory Worker,Graduate,Urban,98.4,Merit,0,2022
25000,Yes,No,Teacher,Nurse,Primary School,Urban,62.8,Management,0,2024
45000,No,Yes,Shopkeeper,Farmer,Postgraduate,Rural,73.2,OBC,0,2023
100000,Yes,No,Farmer,Farmer,HighSchool,Urban,97.0,Merit,0,2023
25000,No,No,Daily Wage Worker,Homemaker,HighSchool,Semi-Urban,92.6,OBC,1,2023
45000,Yes,No,Engineer,Farmer,Primary School,Urban,93.3,Sports,0,2022
45000,No,Yes,Engineer,Homemaker,HighSchool,Urban,86.7,Merit,0,2022
60000,No,Yes,Shopkeeper,Shopkeeper,Graduate,Urban,61.4,Merit,0,2023
75000,Yes,No,Small Business,Nurse,Postgraduate,Rural,85.7,Merit,0,2024
8000,Yes,Yes,Farmer,Factory Worker,HighSchool,Rural,75.3,SC/ST,1,2023
8000,Yes,No,Farmer,Nurse,HighSchool,Rural,61.4,Merit,1,2024
25000,Yes,No,Driver,Nurse,Primary School,Urban,71.3,Merit,0,2024
18000,Yes,No,Teacher,Factory Worker,Graduate,Rural,91.0,Merit,0,2022
25000,No,No,Shopkeeper,Homemaker,Primary School,Rural,43.9,Merit,1,2021
45000,No,Yes,Small Business,Homemaker,Primary School,Rural,93.0,Management,1,2023
75000,Yes,No,Daily Wage Worker,Daily Wage Worker,Graduate,Rural,81.9,Merit,0,2022
18000,Yes,No,Engineer,Daily Wage Worker,Graduate,Urban,59.3,Management,0,2021
35000,No,No,Farmer,Government Job,HighSchool,Urban,63.7,SC/ST,1,2021
8000,No,Yes,Farmer,Farmer,Graduate,Rural,65.5,Merit,1,2022
25000,Yes,Yes,Driver,Government Job,Graduate,Rural,65.6,SC/ST,0,2022
3000,No,No,Government Job,Factory Worker,No Formal Education,Urban,41.2,Management,1,2024
25000,Yes,Yes,Daily Wage Worker,Nurse,Graduate,Semi-Urban,50.7,Merit,1,2023
25000,Yes,No,Small Business,Government Job,HighSchool,Semi-Urban,65.7,Merit,0,2021
45000,No,Yes,Government Job,Farmer,Diploma,Rural,45.4,Merit,1,2023
35000,No,No,Driver,Government Job,HighSchool,Semi-Urban,48.3,Merit,1,2021
18000,No,No,Teacher,Homemaker,Graduate,Rural,94.8,SC/ST,1,2022
3000,No,No,Doctor,Farmer,Diploma,Semi-Urban,73.4,Management,1,2023
8000,Yes,No,Doctor,Daily Wage Worker,Graduate,Urban,93.3,OBC,0,2022
100000,Yes,No,Factory Worker,Government Job,HighSchool,Urban,78.3,Merit,0,2022
75000,Yes,Yes,Farmer,Daily Wage Worker,Diploma,Urban,61.0,SC/ST,1,2024
12000,No,No,Engineer,Farmer,Postgraduate,Semi-Urban,87.9,Merit,0,2024
12000,Yes,No,Government Job,Nurse,Diploma,Urban,74.1,SC/ST,0,2023
18000,No,Yes,Daily Wage Worker,Factory Worker,Graduate,Semi-Urban,71.1,Sports,1,2024
35000,Yes,Yes,Doctor,Farmer,Graduate,Semi-Urban,45.4,Sports,0,2023
18000,No,Yes,Teacher,Teacher,Postgraduate,Rural,52.1,SC/ST,1,2022
5000,Yes,No,Teacher,Teacher,Graduate,Urban,42.4,Merit,0,2021
18000,No,Yes,Daily Wage Worker,Teacher,Graduate,Urban,45.0,Merit,1,2024
12000,No,Yes,Government Job,Daily Wage Worker,Graduate,Semi-Urban,92.6,Merit,0,2021
12000,Yes,No,Government Job,Factory Worker,Postgraduate,Rural,86.7,SC/ST,0,2023
8000,No,No,Farmer,Homemaker,Postgraduate,Semi-Urban,53.1,Merit,1,2023
35000,No,No,Doctor,Government Job,Primary School,Semi-Urban,54.3,Merit,0,2022
25000,Yes,No,Doctor,Teacher,Graduate,Rural,68.9,Merit,0,2024
12000,No,Yes,Factory Worker,Homemaker,HighSchool,Semi-Urban,59.5,Merit,1,2023
25000,No,Yes,Factory Worker,Farmer,Diploma,Rural,72.7,Merit,1,2022
25000,No,No,Driver,Shopkeeper,Graduate,Urban,52.8,SC/ST,1,2024
45000,No,No,Engineer,Factory Worker,Primary School,Semi-Urban,64.0,Merit,0,2021
75000,Yes,Yes,Small Business,Shopkeeper,Graduate,Semi-Urban,94.0,Merit,0,2021
8000,Yes,No,Doctor,Government Job,HighSchool,Urban,67.1,OBC,0,2021
60000,No,No,Teacher,Daily Wage Worker,Graduate,Semi-Urban,91.6,Merit,0,2022
35000,No,Yes,Government Job,Shopkeeper,HighSchool,Semi-Urban,71.4,NRI,1,2024
35000,Yes,No,Engineer,Nurse,No Formal Education,Rural,65.2,Merit,0,2022
18000,Yes,Yes,Shopkeeper,Homemaker,Graduate,Urban,70.1,Merit,0,2021
12000,No,Yes,Factory Worker,Daily Wage Worker,Graduate,Semi-Urban,83.7,OBC,1,2022
3000,Yes,No,Teacher,Teacher,Graduate,Semi-Urban,98.9,Management,0,2021
100000,No,No,Shopkeeper,Homemaker,Graduate,Semi-Urban,41.7,SC/ST,0,2023
35000,No,Yes,Daily Wage Worker,Homemaker,Graduate,Semi-Urban,70.5,Merit,1,2022
18000,Yes,No,Doctor,Daily Wage Worker,No Formal Education,Semi-Urban,79.7,OBC,0,2021
25000,Yes,No,Small Business,Teacher,No Formal Education,Semi-Urban,63.9,Merit,1,2023
5000,No,No,Small Business,Shopkeeper,HighSchool,Semi-Urban,73.7,Merit,1,2023
8000,Yes,Yes,Factory Worker,Farmer,HighSchool,Semi-Urban,43.2,Merit,1,2024
35000,Yes,No,Factory Worker,Farmer,Graduate,Urban,56.5,Sports,0,2024
25000,Yes,No,Engineer,Government Job,HighSchool,Semi-Urban,62.3,Management,0,2022
45000,Yes,No,Doctor,Shopkeeper,HighSchool,Urban,64.0,OBC,0,2022
35000,No,No,Doctor,Homemaker,Diploma,Semi-Urban,80.2,NRI,0,2023
35000,Yes,Yes,Driver,Farmer,Graduate,Urban,93.2,OBC,0,2022
45000,No,Yes,Daily Wage Worker,Daily Wage Worker,Postgraduate,Semi-Urban,43.6,OBC,1,2023
5000,No,No,Doctor,Homemaker,Graduate,Rural,66.5,Management,1,2021
35000,No,Yes,Daily Wage Worker,Shopkeeper,HighSchool,Semi-Urban,63.5,Merit,1,2022
35000,Yes,Yes,Shopkeeper,Teacher,HighSchool,Semi-Urban,96.9,Merit,0,2023
12000,No,Yes,Small Business,Government Job,No Formal Education,Rural,81.7,OBC,1,2024
8000,No,No,Daily Wage Worker,Government Job,Diploma,Urban,96.3,Merit,0,2023
12000,Yes,No,Driver,Nurse,Graduate,Semi-Urban,69.7,Sports,1,2021
8000,No,Yes,Factory Worker,Farmer,Postgraduate,Semi-Urban,77.0,Management,1,2023
25000,No,Yes,Shopkeeper,Shopkeeper,HighSchool,Rural,90.4,Merit,1,2021
8000,No,Yes,Government Job,Shopkeeper,HighSchool,Semi-Urban,42.2,SC/ST,1,2024
35000,Yes,No,Small Business,Farmer,No Formal Education,Rural,94.6,Merit,0,2022
5000,No,No,Teacher,Farmer,Graduate,Semi-Urban,68.1,Management,0,2022
3000,No,No,Shopkeeper,Daily Wage Worker,Postgraduate,Semi-Urban,96.7,Merit,0,2023
12000,No,No,Shopkeeper,Teacher,HighSchool,Rural,40.6,Merit,1,2023
8000,Yes,No,Government Job,Government Job,Diploma,Rural,45.5,Merit,1,2022
100000,Yes,No,Teacher,Factory Worker,No Formal Education,Rural,44.4,Merit,0,2024
12000,No,No,Driver,Shopkeeper,Graduate,Rural,43.3,OBC,1,2023
12000,Yes,No,Factory Worker,Farmer,HighSchool,Rural,47.9,Management,1,2023
8000,Yes,Yes,Teacher,Farmer,No Formal Education,Urban,59.7,Merit,1,2022
18000,Yes,No,Farmer,Factory Worker,Graduate,Rural,47.9,OBC,1,2023
35000,No,No,Teacher,Shopkeeper,Primary School,Semi-Urban,48.6,SC/ST,1,2024
45000,No,Yes,Farmer,Teacher,Primary School,Semi-Urban,66.5,Management,1,2023
18000,Yes,No,Engineer,Government Job,HighSchool,Rural,77.0,SC/ST,0,2022
35000,No,No,Doctor,Homemaker,Primary School,Rural,42.7,Merit,0,2022
25000,No,No,Daily Wage Worker,Nurse,Graduate,Rural,73.9,Merit,1,2024
60000,No,No,Engineer,Shopkeeper,HighSchool,Rural,74.3,NRI,0,2021
25000,No,No,Government Job,Daily Wage Worker,Graduate,Rural,58.9,Management,1,2023
12000,Yes,No,Farmer,Government Job,Diploma,Urban,51.1,SC/ST,1,2021
35000,No,No,Teacher,Nurse,HighSchool,Semi-Urban,77.3,SC/ST,1,2021
60000,Yes,No,Factory Worker,Farmer,HighSchool,Semi-Urban,86.1,SC/ST,0,2023
18000,Yes,No,Driver,Farmer,Graduate,Rural,56.8,SC/ST,1,2022
100000,No,Yes,Teacher,Homemaker,Diploma,Urban,70.1,Merit,0,2022
60000,No,No,Farmer,Teacher,Graduate,Rural,45.8,Merit,0,2023
8000,No,No,Daily Wage Worker,Shopkeeper,Diploma,Rural,86.1,Merit,1,2024
45000,No,No,Driver,Homemaker,Graduate,Rural,79.1,Merit,0,2023
35000,Yes,Yes,Daily Wage Worker,Daily Wage Worker,Diploma,Urban,65.3,Merit,0,2021
25000,Yes,No,Government Job,Factory Worker,Graduate,Semi-Urban,75.7,Merit,0,2022
25000,Yes,Yes,Government Job,Shopkeeper,Diploma,Rural,96.3,Sports,0,2023
60000,Yes,No,Farmer,Shopkeeper,Postgraduate,Rural,73.2,Management,0,2022
35000,No,Yes,Teacher,Daily Wage Worker,Postgraduate,Urban,65.2,OBC,0,2021
25000,Yes,No,Factory Worker,Nurse,HighSchool,Urban,66.7,Merit,0,2024
5000,No,Yes,Driver,Factory Worker,Graduate,Rural,50.7,NRI,1,2022
18000,No,No,Engineer,Factory Worker,Primary School,Rural,93.7,Merit,0,2024
75000,No,No,Engineer,Daily Wage Worker,Postgraduate,Rural,72.5,OBC,0,2024
35000,No,Yes,Small Business,Daily Wage Worker,HighSchool,Rural,63.3,Management,1,2022
5000,Yes,Yes,Daily Wage Worker,Shopkeeper,Diploma,Rural,95.2,Merit,1,2022
60000,Yes,Yes,Driver,Factory Worker,No Formal Education,Semi-Urban,72.5,Sports,0,2023
60000,No,No,Driver,Homemaker,Postgraduate,Rural,48.6,Merit,1,2023
25000,No,No,Shopkeeper,Daily Wage Worker,Postgraduate,Urban,80.9,Merit,0,2024
3000,Yes,No,Farmer,Daily Wage Worker,Diploma,Semi-Urban,97.1,Merit,0,2024
25000,Yes,Yes,Engineer,Farmer,HighSchool,Semi-Urban,88.8,Management,0,2021
5000,Yes,No,Teacher,Government Job,Graduate,Urban,62.4,Merit,0,2021
12000,No,No,Driver,Nurse,HighSchool,Rural,87.7,Merit,1,2023
35000,No,No,Engineer,Homemaker,Postgraduate,Rural,68.4,Merit,0,2021
75000,Yes,Yes,Farmer,Daily Wage Worker,HighSchool,Semi-Urban,63.9,Management,0,2024
18000,Yes,No,Shopkeeper,Shopkeeper,Graduate,Semi-Urban,72.8,NRI,0,2024
60000,No,No,Daily Wage Worker,Government Job,No Formal Education,Semi-Urban,44.5,SC/ST,1,2023
75000,No,No,Factory Worker,Daily Wage Worker,Postgraduate,Semi-Urban,55.6,SC/ST,0,2022
3000,No,No,Government Job,Teacher,Graduate,Rural,74.2,Management,1,2022
12000,Yes,No,Daily Wage Worker,Nurse,Postgraduate,Semi-Urban,46.9,SC/ST,1,2024
35000,No,Yes,Doctor,Homemaker,HighSchool,Urban,64.2,OBC,0,2024
45000,Yes,No,Government Job,Farmer,Diploma,Rural,88.8,Sports,0,2024
18000,Yes,No,Engineer,Daily Wage Worker,No Formal Education,Semi-Urban,92.7,OBC,0,2022
35000,No,No,Farmer,Farmer,Graduate,Urban,50.8,Management,0,2024
35000,No,No,Teacher,Nurse,HighSchool,Semi-Urban,95.7,Sports,0,2021
45000,No,Yes,Small Business,Homemaker,Diploma,Rural,67.6,Merit,0,2024
35000,No,No,Farmer,Farmer,Graduate,Semi-Urban,49.0,Management,1,2021
5000,Yes,Yes,Government Job,Government Job,Primary School,Semi-Urban,84.3,Merit,0,2023
8000,Yes,No,Farmer,Teacher,Graduate,Urban,45.0,Merit,1,2024
8000,No,No,Doctor,Homemaker,Graduate,Urban,83.2,SC/ST,0,2021
75000,Yes,No,Doctor,Homemaker,Diploma,Urban,81.2,Sports,0,2024
75000,No,No,Factory Worker,Government Job,Graduate,Semi-Urban,77.6,SC/ST,0,2022
45000,Yes,No,Shopkeeper,Teacher,Primary School,Rural,88.8,SC/ST,1,2022
8000,Yes,No,Daily Wage Worker,Farmer,Diploma,Semi-Urban,88.6,Management,1,2024
25000,No,Yes,Daily Wage Worker,Shopkeeper,Postgraduate,Rural,66.0,SC/ST,1,2024
8000,No,No,Engineer,Homemaker,Primary School,Urban,70.5,Merit,0,2023
18000,Yes,No,Daily Wage Worker,Factory Worker,Postgraduate,Rural,64.6,Merit,0,2021
12000,No,No,Driver,Teacher,Diploma,Semi-Urban,76.2,Merit,1,2023
60000,Yes,No,Driver,Shopkeeper,No Formal Education,Semi-Urban,70.8,OBC,1,2023
8000,No,No,Engineer,Farmer,HighSchool,Urban,57.5,Merit,0,2021
35000,No,No,Shopkeeper,Nurse,Diploma,Semi-Urban,65.0,OBC,1,2023
100000,Yes,No,Doctor,Government Job,Postgraduate,Rural,73.3,Merit,0,2023
35000,No,Yes,Doctor,Homemaker,Graduate,Semi-Urban,87.2,Management,0,2022
5000,No,No,Factory Worker,Daily Wage Worker,Graduate,Semi-Urban,48.0,SC/ST,1,2023
75000,No,No,Doctor,Shopkeeper,Postgraduate,Semi-Urban,73.2,SC/ST,0,2021
35000,No,Yes,Factory Worker,Factory Worker,HighSchool,Rural,95.4,Sports,1,2024
18000,No,No,Small Business,Homemaker,HighSchool,Semi-Urban,64.1,Merit,1,2024
35000,No,Yes,Doctor,Daily Wage Worker,Graduate,Semi-Urban,44.0,Management,1,2024
60000,No,No,Driver,Teacher,Graduate,Rural,90.1,Merit,0,2024
18000,No,No,Shopkeeper,Farmer,HighSchool,Semi-Urban,52.5,Merit,1,2022
25000,Yes,No,Farmer,Factory Worker,Graduate,Urban,81.1,Merit,0,2024
18000,Yes,Yes,Daily Wage Worker,Daily Wage Worker,HighSchool,Rural,67.2,Merit,1,2021
5000,No,No,Doctor,Shopkeeper,Diploma,Rural,95.5,Merit,0,2023
45000,Yes,No,Daily Wage Worker,Factory Worker,Postgraduate,Rural,85.7,Sports,0,2022
8000,Yes,No,Teacher,Factory Worker,HighSchool,Semi-Urban,87.3,Management,0,2021
18000,Yes,No,Engineer,Farmer,Graduate,Urban,75.5,Merit,0,2022
18000,Yes,No,Driver,Farmer,Postgraduate,Semi-Urban,48.2,Merit,1,2021
12000,No,No,Farmer,Teacher,HighSchool,Semi-Urban,50.0,Merit,1,2024
18000,No,Yes,Daily Wage Worker,Teacher,HighSchool,Urban,42.6,Merit,1,2022
35000,Yes,Yes,Small Business,Factory Worker,Postgraduate,Rural,77.1,SC/ST,0,2022
12000,No,Yes,Daily Wage Worker,Shopkeeper,Diploma,Urban,80.7,Management,1,2024
8000,Yes,No,Farmer,Homemaker,HighSchool,Urban,52.1,Sports,1,2021
60000,Yes,No,Factory Worker,Homemaker,No Formal Education,Rural,90.7,Management,1,2022
100000,No,Yes,Teacher,Farmer,HighSchool,Rural,60.9,SC/ST,1,2024
18000,No,Yes,Teacher,Daily Wage Worker,Diploma,Urban,52.9,Merit,0,2024
12000,Yes,No,Engineer,Nurse,Graduate,Rural,84.3,Merit,0,2023
5000,No,Yes,Small Business,Teacher,Diploma,Semi-Urban,77.0,Merit,1,2022
3000,Yes,No,Driver,Daily Wage Worker,HighSchool,Rural,51.8,Merit,1,2022
18000,Yes,Yes,Driver,Homemaker,Postgraduate,Urban,89.1,Management,0,2021
75000,No,Yes,Small Business,Shopkeeper,HighSchool,Rural,46.2,Merit,1,2021
45000,No,Yes,Driver,Farmer,HighSchool,Semi-Urban,51.2,Merit,1,2021
12000,No,No,Teacher,Homemaker,Postgraduate,Rural,85.3,Merit,0,2021
100000,Yes,No,Government Job,Nurse,Diploma,Rural,71.9,Merit,0,2023
18000,No,Yes,Small Business,Shopkeeper,Diploma,Urban,65.5,Sports,1,2022
12000,No,Yes,Doctor,Farmer,Graduate,Semi-Urban,49.0,OBC,1,2022
18000,No,No,Daily Wage Worker,Shopkeeper,HighSchool,Urban,45.3,SC/ST,1,2024
12000,No,No,Government Job,Daily Wage Worker,Diploma,Rural,65.7,Sports,1,2021
60000,No,No,Teacher,Government Job,Postgraduate,Rural,98.0,Merit,0,2023
18000,No,No,Engineer,Factory Worker,HighSchool,Urban,76.7,Merit,0,2021
35000,Yes,Yes,Farmer,Farmer,Postgraduate,Semi-Urban,58.8,Merit,0,2021
18000,No,Yes,Farmer,Teacher,HighSchool,Semi-Urban,98.9,SC/ST,1,2023
75000,Yes,No,Teacher,Factory Worker,Postgraduate,Rural,98.9,SC/ST,0,2021
35000,Yes,No,Driver,Homemaker,Diploma,Semi-Urban,59.9,SC/ST,1,2022
25000,Yes,No,Teacher,Shopkeeper,Diploma,Urban,52.8,Merit,0,2023
8000,Yes,No,Farmer,Farmer,Diploma,Rural,51.5,Merit,1,2023
75000,No,No,Teacher,Nurse,HighSchool,Rural,74.7,Merit,0,2022
25000,Yes,Yes,Small Business,Daily Wage Worker,HighSchool,Rural,58.5,Merit,1,2021
12000,No,Yes,Doctor,Daily Wage Worker,Graduate,Urban,86.0,Merit,0,2023
60000,No,No,Doctor,Nurse,Graduate,Urban,60.9,SC/ST,0,2022
5000,Yes,Yes,Driver,Factory Worker,Primary School,Rural,75.9,SC/ST,1,2024
12000,No,Yes,Driver,Farmer,Graduate,Urban,54.7,Merit,1,2024
25000,No,Yes,Daily Wage Worker,Farmer,HighSchool,Semi-Urban,68.4,SC/ST,1,2023
12000,Yes,Yes,Daily Wage Worker,Factory Worker,Graduate,Urban,78.8,Merit,1,2023
18000,No,No,Shopkeeper,Factory Worker,Diploma,Semi-Urban,98.4,Management,1,2023
12000,No,Yes,Government Job,Farmer,Graduate,Rural,57.9,SC/ST,1,2023
8000,No,Yes,Daily Wage Worker,Farmer,Diploma,Urban,84.5,SC/ST,1,2024
3000,No,Yes,Farmer,Farmer,Primary School,Urban,75.7,SC/ST,1,2024
8000,No,No,Engineer,Teacher,HighSchool,Semi-Urban,84.5,Merit,0,2022
75000,No,No,Driver,Shopkeeper,Diploma,Semi-Urban,76.1,Merit,0,2023
25000,No,No,Shopkeeper,Daily Wage Worker,Graduate,Urban,46.4,SC/ST,1,2023
25000,Yes,Yes,Teacher,Shopkeeper,HighSchool,Rural,54.0,Management,0,2023
18000,Yes,No,Small Business,Shopkeeper,HighSchool,Urban,82.0,Sports,0,2024
35000,Yes,Yes,Factory Worker,Homemaker,Primary School,Urban,83.8,Management,1,2023
8000,No,Yes,Driver,Homemaker,HighSchool,Rural,77.1,Merit,1,2024
12000,Yes,No,Engineer,Factory Worker,Diploma,Rural,51.7,NRI,1,2023
35000,Yes,No,Doctor,Shopkeeper,Postgraduate,Rural,46.3,Merit,0,2022
18000,Yes,Yes,Engineer,Homemaker,HighSchool,Urban,83.4,NRI,0,2021
45000,No,No,Driver,Teacher,No Formal Education,Urban,77.6,Merit,0,2022
60000,No,Yes,Teacher,Factory Worker,HighSchool,Rural,72.9,OBC,1,2024
60000,No,Yes,Daily Wage Worker,Nurse,Graduate,Urban,41.1,Sports,1,2021
8000,Yes,No,Driver,Farmer,Graduate,Urban,76.5,SC/ST,0,2021
5000,No,No,Doctor,Nurse,HighSchool,Urban,86.0,NRI,0,2024
8000,Yes,Yes,Engineer,Nurse,No Formal Education,Semi-Urban,67.4,Merit,1,2023
45000,No,Yes,Farmer,Daily Wage Worker,Postgraduate,Urban,43.0,SC/ST,1,2023
75000,Yes,No,Teacher,Farmer,Diploma,Rural,57.1,SC/ST,0,2024
75000,No,Yes,Daily Wage Worker,Nurse,Graduate,Rural,50.3,SC/ST,1,2023
12000,No,No,Farmer,Daily Wage Worker,Diploma,Semi-Urban,76.5,Management,1,2022
60000,No,No,Teacher,Teacher,Graduate,Rural,47.2,SC/ST,0,2021
25000,Yes,No,Small Business,Farmer,Graduate,Rural,42.4,Merit,1,2022
60000,No,Yes,Factory Worker,Daily Wage Worker,Primary School,Rural,88.3,Merit,0,2022
25000,No,Yes,Small Business,Nurse,No Formal Education,Semi-Urban,94.4,SC/ST,1,2021
8000,Yes,No,Factory Worker,Government Job,Primary School,Semi-Urban,89.8,Sports,0,2021
5000,Yes,No,Teacher,Teacher,Graduate,Urban,74.4,Management,0,2021
75000,Yes,No,Factory Worker,Daily Wage Worker,HighSchool,Semi-Urban,61.0,Merit,0,2022
18000,Yes,Yes,Factory Worker,Nurse,Diploma,Semi-Urban,44.7,Management,1,2023
18000,No,Yes,Factory Worker,Teacher,Graduate,Urban,63.0,SC/ST,1,2024
18000,Yes,No,Government Job,Shopkeeper,Graduate,Urban,50.8,Management,0,2021
18000,No,Yes,Engineer,Teacher,Diploma,Rural,87.7,Management,1,2023
75000,Yes,Yes,Daily Wage Worker,Daily Wage Worker,Diploma,Urban,89.2,Management,0,2024
5000,Yes,Yes,Government Job,Homemaker,HighSchool,Urban,67.7,SC/ST,1,2023
8000,No,Yes,Engineer,Factory Worker,Primary School,Urban,58.1,Management,1,2023
45000,No,No,Factory Worker,Teacher,Primary School,Rural,81.3,Merit,1,2023
25000,Yes,Yes,Shopkeeper,Shopkeeper,Postgraduate,Urban,77.0,Management,0,2024
8000,Yes,No,Teacher,Government Job,Postgraduate,Urban,74.3,SC/ST,0,2023
3000,Yes,Yes,Farmer,Teacher,Graduate,Rural,94.6,Management,1,2024
12000,Yes,No,Small Business,Farmer,HighSchool,Semi-Urban,56.5,Merit,0,2024
12000,No,Yes,Doctor,Factory Worker,HighSchool,Rural,59.5,OBC,1,2024
3000,No,No,Engineer,Daily Wage Worker,Diploma,Rural,43.2,Management,1,2024
12000,Yes,No,Shopkeeper,Homemaker,Primary School,Rural,53.0,Management,1,2022
45000,No,Yes,Farmer,Teacher,Postgraduate,Rural,67.7,SC/ST,1,2021
60000,Yes,No,Doctor,Homemaker,Graduate,Rural,88.4,Merit,0,2021
60000,Yes,No,Factory Worker,Homemaker,Postgraduate,Urban,51.2,Merit,0,2022
18000,No,Yes,Engineer,Farmer,Postgraduate,Rural,70.9,Management,0,2023
12000,Yes,No,Small Business,Homemaker,Diploma,Rural,58.2,Merit,0,2021
100000,Yes,No,Farmer,Homemaker,HighSchool,Urban,86.3,Merit,0,2024
45000,No,Yes,Teacher,Teacher,Graduate,Semi-Urban,77.6,OBC,1,2024
25000,Yes,No,Teacher,Shopkeeper,Graduate,Semi-Urban,43.2,Management,0,2022
12000,Yes,No,Factory Worker,Government Job,Postgraduate,Urban,49.6,Sports,0,2024
12000,No,Yes,Driver,Nurse,HighSchool,Semi-Urban,85.1,Management,1,2022
25000,No,Yes,Shopkeeper,Nurse,Diploma,Semi-Urban,80.0,Merit,0,2024
25000,No,No,Farmer,Homemaker,Diploma,Semi-Urban,46.9,Management,1,2022
3000,Yes,No,Engineer,Farmer,HighSchool,Semi-Urban,57.8,SC/ST,0,2021
75000,No,No,Government Job,Homemaker,Diploma,Urban,56.0,Merit,0,2021
25000,No,No,Driver,Factory Worker,Primary School,Rural,67.8,Management,1,2023
25000,Yes,No,Farmer,Teacher,HighSchool,Rural,41.5,Merit,1,2023
12000,Yes,Yes,Teacher,Factory Worker,Diploma,Semi-Urban,71.3,Merit,0,2021
45000,Yes,No,Government Job,Factory Worker,Primary School,Rural,49.8,NRI,0,2024
45000,Yes,No,Daily Wage Worker,Homemaker,Graduate,Rural,83.3,Merit,1,2021
5000,No,Yes,Doctor,Government Job,HighSchool,Urban,72.3,Management,1,2024
25000,No,No,Government Job,Homemaker,Graduate,Urban,86.4,OBC,0,2024
35000,Yes,Yes,Teacher,Factory Worker,No Formal Education,Rural,77.2,Merit,1,2023
60000,No,Yes,Government Job,Government Job,Graduate,Semi-Urban,93.7,Management,0,2023
8000,No,No,Farmer,Farmer,Diploma,Rural,96.3,NRI,1,2023
60000,Yes,No,Farmer,Shopkeeper,Graduate,Semi-Urban,76.7,OBC,0,2023
18000,No,No,Farmer,Farmer,Graduate,Rural,77.0,Merit,1,2021
5000,No,No,Engineer,Shopkeeper,Diploma,Urban,61.0,OBC,0,2021
5000,Yes,No,Small Business,Homemaker,Graduate,Rural,95.1,Management,1,2024
8000,Yes,No,Farmer,Government Job,Diploma,Urban,88.1,Merit,0,2022
12000,No,No,Government Job,Nurse,HighSchool,Rural,54.7,SC/ST,1,2024
25000,No,Yes,Driver,Factory Worker,Diploma,Urban,55.6,SC/ST,1,2022
45000,Yes,No,Driver,Farmer,Graduate,Rural,83.8,Management,1,2023
8000,Yes,No,Government Job,Shopkeeper,Graduate,Urban,60.7,NRI,0,2022
100000,No,No,Doctor,Farmer,Postgraduate,Urban,88.5,SC/ST,0,2022
8000,No,No,Farmer,Factory Worker,No Formal Education,Urban,94.1,Management,1,2021
25000,Yes,Yes,Engineer,Factory Worker,HighSchool,Urban,46.8,Management,0,2021
75000,No,Yes,Teacher,Factory Worker,Diploma,Semi-Urban,70.7,Merit,0,2021
60000,No,No,Daily Wage Worker,Teacher,Graduate,Semi-Urban,92.4,Merit,0,2022
35000,No,No,Driver,Government Job,Primary School,Urban,72.5,Merit,0,2023
35000,No,No,Shopkeeper,Homemaker,HighSchool,Urban,48.6,OBC,1,2024
8000,No,Yes,Shopkeeper,Daily Wage Worker,Postgraduate,Semi-Urban,86.7,Management,0,2023
3000,No,No,Small Business,Farmer,HighSchool,Semi-Urban,52.1,SC/ST,1,2024
18000,Yes,Yes,Driver,Teacher,Diploma,Rural,69.2,OBC,1,2022
5000,No,No,Farmer,Government Job,HighSchool,Rural,97.1,Merit,1,2023
18000,No,No,Driver,Teacher,No Formal Education,Semi-Urban,92.5,SC/ST,1,2022
12000,No,No,Farmer,Factory Worker,HighSchool,Urban,76.0,NRI,1,2021
75000,Yes,No,Government Job,Factory Worker,HighSchool,Rural,49.3,Merit,0,2024
60000,No,No,Shopkeeper,Nurse,Diploma,Rural,62.8,Merit,0,2024
45000,No,No,Doctor,Factory Worker,HighSchool,Rural,54.0,Management,1,2022
35000,Yes,No,Small Business,Shopkeeper,Diploma,Rural,79.9,SC/ST,1,2022
8000,Yes,Yes,Government Job,Daily Wage Worker,HighSchool,Urban,84.9,Management,0,2021
5000,Yes,No,Government Job,Nurse,Postgraduate,Rural,76.8,Merit,0,2021
35000,No,Yes,Shopkeeper,Homemaker,HighSchool,Urban,75.9,Merit,0,2022
35000,No,No,Engineer,Government Job,HighSchool,Rural,58.5,Merit,0,2023
18000,No,No,Daily Wage Worker,Farmer,Graduate,Urban,66.7,Merit,1,2021
18000,Yes,No,Farmer,Daily Wage Worker,Graduate,Rural,98.0,NRI,0,2024
25000,No,Yes,Doctor,Shopkeeper,Graduate,Semi-Urban,93.6,OBC,0,2022
12000,No,Yes,Daily Wage Worker,Farmer,HighSchool,Urban,82.1,Merit,1,2024
12000,No,Yes,Small Business,Farmer,Graduate,Rural,91.2,SC/ST,1,2022
18000,Yes,No,Teacher,Shopkeeper,Graduate,Semi-Urban,81.8,Management,0,2023
35000,No,No,Driver,Teacher,Diploma,Urban,77.7,OBC,1,2021
75000,No,Yes,Daily Wage Worker,Daily Wage Worker,Diploma,Rural,84.7,Merit,1,2024
25000,Yes,Yes,Government Job,Daily Wage Worker,No Formal Education,Semi-Urban,54.6,NRI,1,2022
45000,Yes,No,Government Job,Nurse,No Formal Education,Semi-Urban,96.9,Sports,0,2021
45000,Yes,Yes,Driver,Teacher,Primary School,Urban,65.6,SC/ST,1,2023
8000,Yes,Yes,Factory Worker,Nurse,HighSchool,Rural,42.6,Merit,1,2022
35000,No,No,Shopkeeper,Homemaker,Postgraduate,Semi-Urban,51.1,Merit,0,2023
25000,Yes,Yes,Teacher,Teacher,Graduate,Urban,79.1,Management,0,2024
25000,No,No,Farmer,Government Job,No Formal Education,Urban,79.2,SC/ST,1,2021
3000,Yes,No,Shopkeeper,Farmer,No Formal Education,Rural,72.0,Merit,1,2024
75000,No,Yes,Factory Worker,Homemaker,Graduate,Rural,69.6,NRI,0,2022
75000,Yes,Yes,Teacher,Government Job,HighSchool,Semi-Urban,77.4,Merit,0,2022
3000,No,No,Government Job,Government Job,Graduate,Semi-Urban,82.6,SC/ST,1,2022
12000,No,No,Factory Worker,Teacher,Postgraduate,Rural,51.9,Merit,1,2022
8000,No,No,Engineer,Farmer,Diploma,Semi-Urban,52.1,Merit,0,2021
45000,Yes,No,Government Job,Factory Worker,HighSchool,Urban,42.1,Management,0,2024
25000,No,Yes,Small Business,Homemaker,Postgraduate,Urban,75.6,SC/ST,1,2024
8000,Yes,No,Teacher,Factory Worker,Diploma,Rural,62.0,Management,0,2022
45000,No,No,Teacher,Factory Worker,Diploma,Semi-Urban,95.3,NRI,0,2021
18000,Yes,Yes,Small Business,Farmer,Graduate,Urban,59.8,OBC,0,2021
18000,Yes,No,Government Job,Homemaker,HighSchool,Rural,73.3,NRI,0,2023
18000,No,No,Small Business,Government Job,HighSchool,Rural,60.4,NRI,1,2022
25000,Yes,Yes,Factory Worker,Nurse,Graduate,Urban,61.0,OBC,0,2021
25000,Yes,No,Government Job,Daily Wage Worker,HighSchool,Urban,61.4,Sports,0,2024
12000,Yes,No,Factory Worker,Daily Wage Worker,No Formal Education,Urban,76.0,Merit,1,2022
18000,Yes,No,Small Business,Shopkeeper,Diploma,Urban,61.6,Merit,0,2024
75000,Yes,No,Government Job,Farmer,No Formal Education,Semi-Urban,48.7,Merit,0,2021
25000,No,Yes,Daily Wage Worker,Daily Wage Worker,Graduate,Urban,49.7,Management,1,2023
75000,No,Yes,Daily Wage Worker,Homemaker,Postgraduate,Semi-Urban,71.1,Merit,1,2021
25000,No,No,Daily Wage Worker,Factory Worker,Postgraduate,Rural,65.6,SC/ST,1,2021
45000,Yes,No,Daily Wage Worker,Government Job,Primary School,Rural,91.5,OBC,0,2021
12000,Yes,No,Shopkeeper,Homemaker,Postgraduate,Semi-Urban,42.5,OBC,0,2022
45000,No,Yes,Small Business,Factory Worker,Primary School,Rural,55.6,Management,1,2023
12000,No,Yes,Doctor,Teacher,HighSchool,Urban,80.8,Merit,0,2024
3000,No,Yes,Shopkeeper,Homemaker,Primary School,Semi-Urban,80.4,Sports,1,2021
8000,Yes,No,Engineer,Nurse,Graduate,Urban,44.5,Merit,0,2023
3000,Yes,Yes,Government Job,Farmer,HighSchool,Semi-Urban,54.6,Sports,1,2022
75000,Yes,Yes,Factory Worker,Daily Wage Worker,Graduate,Semi-Urban,53.4,Merit,0,2021
100000,Yes,No,Factory Worker,Nurse,Graduate,Rural,96.6,Merit,0,2021
45000,Yes,No,Farmer,Government Job,Diploma,Rural,94.3,Merit,0,2024
5000,No,No,Shopkeeper,Teacher,Graduate,Semi-Urban,97.9,OBC,1,2023
60000,No,No,Farmer,Nurse,HighSchool,Rural,48.6,Merit,1,2023
45000,No,No,Government Job,Homemaker,Primary School,Urban,81.0,Merit,0,2021
12000,Yes,No,Shopkeeper,Daily Wage Worker,Diploma,Rural,70.8,SC/ST,1,2024
25000,Yes,Yes,Doctor,Farmer,Graduate,Urban,84.3,Merit,0,2023
35000,No,Yes,Doctor,Factory Worker,No Formal Education,Semi-Urban,52.5,Merit,1,2023
3000,No,No,Driver,Factory Worker,Graduate,Semi-Urban,41.8,OBC,1,2023
25000,No,No,Engineer,Farmer,HighSchool,Urban,46.7,Merit,0,2023
45000,Yes,No,Teacher,Daily Wage Worker,Graduate,Urban,69.8,Merit,0,2021
8000,No,No,Doctor,Teacher,Primary School,Rural,97.8,Management,1,2024
18000,Yes,Yes,Farmer,Farmer,Diploma,Rural,42.1,Sports,1,2023
25000,No,No,Government Job,Nurse,Diploma,Rural,74.6,SC/ST,1,2021
45000,Yes,Yes,Factory Worker,Farmer,Diploma,Semi-Urban,51.7,Sports,1,2021
100000,Yes,Yes,Government Job,Government Job,HighSchool,Semi-Urban,44.3,OBC,0,2023
60000,No,Yes,Shopkeeper,Shopkeeper,Diploma,Urban,76.8,SC/ST,0,2021
35000,Yes,No,Shopkeeper,Nurse,HighSchool,Rural,62.1,Management,1,2024
25000,No,No,Factory Worker,Farmer,HighSchool,Rural,83.8,Merit,1,2021
35000,Yes,Yes,Daily Wage Worker,Nurse,Primary School,Rural,61.8,Management,1,2024
25000,No,Yes,Factory Worker,Homemaker,Postgraduate,Urban,45.9,Merit,1,2024
5000,Yes,Yes,Shopkeeper,Daily Wage Worker,Primary School,Urban,83.2,Sports,0,2022
35000,No,Yes,Factory Worker,Government Job,Diploma,Rural,78.5,Merit,1,2022
35000,Yes,No,Teacher,Nurse,HighSchool,Semi-Urban,93.3,Merit,0,2024
25000,No,No,Teacher,Factory Worker,Graduate,Urban,81.1,Merit,0,2024
60000,Yes,No,Engineer,Teacher,HighSchool,Semi-Urban,40.8,Merit,0,2021
35000,No,No,Small Business,Farmer,HighSchool,Urban,88.9,OBC,0,2023
18000,No,Yes,Engineer,Nurse,Postgraduate,Urban,72.6,NRI,0,2022
3000,Yes,Yes,Shopkeeper,Teacher,Postgraduate,Urban,40.7,SC/ST,1,2024
5000,No,No,Daily Wage Worker,Daily Wage Worker,Primary School,Semi-Urban,87.3,Merit,1,2024
18000,No,No,Farmer,Shopkeeper,Graduate,Rural,85.5,Merit,1,2024
18000,Yes,No,Driver,Teacher,Postgraduate,Rural,99.0,Merit,0,2022
8000,No,No,Driver,Daily Wage Worker,Postgraduate,Urban,68.5,Management,1,2022
8000,Yes,Yes,Doctor,Daily Wage Worker,HighSchool,Rural,85.9,OBC,1,2022
12000,No,Yes,Government Job,Daily Wage Worker,Graduate,Rural,82.1,SC/ST,1,2022
45000,Yes,No,Farmer,Homemaker,HighSchool,Urban,69.2,Management,1,2024
45000,Yes,Yes,Teacher,Daily Wage Worker,Graduate,Rural,50.3,Merit,0,2021
18000,No,No,Doctor,Factory Worker,Diploma,Urban,66.2,NRI,0,2023
8000,No,Yes,Driver,Daily Wage Worker,Graduate,Semi-Urban,49.2,OBC,1,2022
8000,Yes,Yes,Government Job,Government Job,Postgraduate,Rural,58.0,Management,0,2024
5000,Yes,No,Factory Worker,Government Job,Primary School,Rural,91.5,Management,1,2024
18000,No,Yes,Shopkeeper,Nurse,HighSchool,Rural,55.0,Merit,1,2021
5000,No,No,Farmer,Teacher,Graduate,Rural,88.8,Merit,1,2022
12000,No,Yes,Factory Worker,Farmer,HighSchool,Rural,41.9,Management,1,2024
100000,Yes,No,Teacher,Farmer,Diploma,Urban,68.8,OBC,0,2021
25000,Yes,No,Engineer,Shopkeeper,Graduate,Urban,83.7,Sports,0,2021
60000,No,Yes,Small Business,Factory Worker,Graduate,Rural,91.1,SC/ST,1,2023
8000,No,No,Farmer,Teacher,Graduate,Semi-Urban,41.5,SC/ST,1,2023
12000,Yes,No,Farmer,Government Job,HighSchool,Semi-Urban,87.0,Merit,0,2023
75000,Yes,Yes,Small Business,Shopkeeper,No Formal Education,Rural,92.6,NRI,0,2024
18000,No,No,Doctor,Daily Wage Worker,Postgraduate,Urban,49.1,OBC,0,2022
35000,No,Yes,Doctor,Homemaker,Diploma,Rural,43.1,OBC,1,2022
100000,No,Yes,Shopkeeper,Factory Worker,Graduate,Urban,52.1,Merit,0,2022
25000,Yes,No,Factory Worker,Homemaker,Primary School,Rural,54.0,SC/ST,1,2024
12000,No,Yes,Shopkeeper,Homemaker,Graduate,Semi-Urban,51.2,Management,1,2024
25000,No,No,Factory Worker,Homemaker,Primary School,Urban,74.9,Management,1,2021
5000,Yes,No,Doctor,Shopkeeper,Graduate,Semi-Urban,54.9,Merit,0,2022
8000,No,No,Driver,Teacher,Primary School,Urban,82.6,Merit,1,2024
3000,No,Yes,Factory Worker,Daily Wage Worker,Primary School,Rural,70.4,Merit,1,2024
60000,No,No,Driver,Farmer,HighSchool,Semi-Urban,66.9,OBC,1,2023
35000,No,No,Small Business,Factory Worker,HighSchool,Rural,91.2,Merit,1,2024
12000,No,No,Factory Worker,Factory Worker,Postgraduate,Semi-Urban,75.2,Merit,1,2022
12000,No,Yes,Small Business,Teacher,Diploma,Rural,55.6,SC/ST,1,2024
35000,No,No,Government Job,Homemaker,Diploma,Semi-Urban,45.3,SC/ST,1,2023
75000,No,No,Factory Worker,Factory Worker,No Formal Education,Semi-Urban,71.8,SC/ST,1,2024
12000,Yes,No,Doctor,Shopkeeper,Diploma,Rural,84.1,Merit,0,2021
12000,Yes,No,Factory Worker,Factory Worker,Primary School,Urban,79.8,Merit,1,2023
60000,No,Yes,Factory Worker,Daily Wage Worker,Graduate,Rural,87.5,Merit,1,2023
60000,Yes,No,Factory Worker,Factory Worker,Postgraduate,Semi-Urban,85.9,SC/ST,0,2022
75000,No,No,Farmer,Teacher,HighSchool,Urban,70.7,Merit,0,2022
12000,Yes,No,Farmer,Farmer,Graduate,Semi-Urban,55.6,Management,1,2024
8000,Yes,Yes,Small Business,Homemaker,Postgraduate,Semi-Urban,88.7,Merit,0,2024
18000,Yes,No,Government Job,Nurse,Postgraduate,Urban,65.9,Merit,0,2023
12000,Yes,No,Driver,Government Job,Graduate,Semi-Urban,48.2,Merit,0,2023
60000,No,Yes,Daily Wage Worker,Factory Worker,Postgraduate,Urban,92.7,Merit,0,2022
3000,No,Yes,Doctor,Daily Wage Worker,HighSchool,Rural,52.1,Merit,1,2021
35000,No,No,Factory Worker,Daily Wage Worker,Graduate,Rural,49.8,OBC,1,2021
75000,No,No,Government Job,Nurse,Graduate,Urban,51.3,Merit,0,2021
100000,Yes,No,Government Job,Farmer,HighSchool,Semi-Urban,52.3,Merit,0,2022
35000,No,Yes,Small Business,Factory Worker,HighSchool,Rural,56.3,SC/ST,1,2024
75000,No,No,Engineer,Homemaker,HighSchool,Rural,73.4,SC/ST,0,2024
5000,Yes,No,Teacher,Homemaker,Primary School,Urban,52.6,Management,1,2022
18000,Yes,No,Doctor,Teacher,Diploma,Urban,91.0,Merit,0,2021
3000,Yes,No,Driver,Homemaker,Graduate,Semi-Urban,65.4,OBC,1,2024
100000,No,Yes,Daily Wage Worker,Government Job,Graduate,Urban,67.9,OBC,1,2023
75000,Yes,No,Small Business,Government Job,Graduate,Semi-Urban,80.7,Management,0,2024
3000,No,No,Government Job,Factory Worker,Graduate,Urban,43.3,Merit,0,2022
3000,Yes,Yes,Government Job,Homemaker,No Formal Education,Rural,58.6,Merit,1,2023
18000,No,Yes,Factory Worker,Teacher,No Formal Education,Urban,80.5,OBC,1,2021
12000,No,Yes,Farmer,Teacher,HighSchool,Urban,62.6,Sports,1,2021
60000,Yes,Yes,Small Business,Shopkeeper,Postgraduate,Urban,45.5,Merit,0,2023
8000,No,No,Daily Wage Worker,Teacher,Postgraduate,Urban,69.0,SC/ST,1,2023
45000,No,No,Doctor,Nurse,Graduate,Urban,52.8,Management,0,2024
25000,No,Yes,Shopkeeper,Farmer,Diploma,Rural,92.0,SC/ST,1,2024
18000,Yes,Yes,Shopkeeper,Nurse,Postgraduate,Urban,47.0,Management,0,2021
8000,Yes,No,Daily Wage Worker,Nurse,Primary School,Rural,44.5,Management,1,2024
100000,No,No,Farmer,Homemaker,Primary School,Urban,73.0,Merit,0,2023
35000,Yes,No,Doctor,Factory Worker,Graduate,Semi-Urban,51.8,OBC,0,2021
18000,No,No,Small Business,Shopkeeper,Diploma,Rural,90.7,Management,1,2021
18000,Yes,Yes,Small Business,Daily Wage Worker,Postgraduate,Rural,50.5,Merit,1,2024
75000,No,Yes,Teacher,Nurse,Graduate,Rural,68.0,SC/ST,0,2021
60000,No,No,Government Job,Government Job,Postgraduate,Urban,84.4,Merit,0,2023
45000,Yes,Yes,Doctor,Factory Worker,Graduate,Urban,43.0,Management,0,2021
35000,Yes,Yes,Daily Wage Worker,Nurse,Postgraduate,Semi-Urban,99.0,Merit,0,2024
60000,No,No,Shopkeeper,Factory Worker,Graduate,Semi-Urban,85.3,Management,0,2021
12000,No,No,Daily Wage Worker,Factory Worker,Diploma,Rural,59.8,Merit,1,2023
35000,Yes,Yes,Daily Wage Worker,Daily Wage Worker,Graduate,Semi-Urban,67.8,OBC,1,2022
18000,No,No,Engineer,Teacher,Postgraduate,Semi-Urban,49.2,NRI,0,2022
25000,No,Yes,Driver,Daily Wage Worker,Primary School,Semi-Urban,63.2,SC/ST,1,2023
100000,No,No,Teacher,Daily Wage Worker,Graduate,Rural,58.6,Management,0,2022
100000,No,Yes,Engineer,Nurse,Diploma,Urban,58.1,SC/ST,0,2024
25000,No,No,Small Business,Factory Worker,Graduate,Urban,85.5,Management,0,2022
25000,No,No,Small Business,Government Job,Graduate,Urban,87.3,OBC,0,2021
60000,No,Yes,Teacher,Farmer,Diploma,Rural,61.6,SC/ST,0,2023
100000,No,No,Doctor,Nurse,Graduate,Urban,46.8,SC/ST,0,2021
45000,Yes,No,Teacher,Teacher,Diploma,Rural,42.6,Merit,0,2024
5000,No,No,Engineer,Farmer,HighSchool,Rural,96.1,Merit,0,2021
12000,Yes,No,Government Job,Government Job,Graduate,Rural,46.1,Management,1,2021
60000,No,No,Farmer,Homemaker,No Formal Education,Semi-Urban,78.6,Merit,1,2022
45000,No,No,Small Business,Nurse,Graduate,Urban,45.3,Management,0,2022
45000,No,No,Small Business,Factory Worker,Postgraduate,Urban,86.8,Management,0,2022
35000,No,No,Engineer,Daily Wage Worker,Primary School,Rural,61.3,Merit,0,2021
18000,Yes,No,Small Business,Teacher,HighSchool,Semi-Urban,59.4,SC/ST,0,2024
18000,No,Yes,Factory Worker,Nurse,Primary School,Rural,41.5,Merit,1,2021
45000,Yes,No,Doctor,Factory Worker,Graduate,Urban,96.9,OBC,0,2021
12000,Yes,Yes,Government Job,Teacher,Primary School,Rural,68.6,Merit,1,2024
35000,No,No,Daily Wage Worker,Government Job,Diploma,Rural,48.8,Merit,1,2022
45000,Yes,No,Farmer,Nurse,Diploma,Urban,47.5,Merit,0,2024
60000,No,No,Daily Wage Worker,Farmer,Graduate,Rural,80.2,Merit,0,2024
12000,No,No,Government Job,Homemaker,Graduate,Rural,52.2,Merit,1,2022
45000,No,No,Government Job,Daily Wage Worker,Diploma,Urban,69.2,Merit,0,2023
5000,Yes,Yes,Daily Wage Worker,Factory Worker,Diploma,Rural,51.4,Management,1,2021
8000,Yes,No,Factory Worker,Shopkeeper,Graduate,Rural,62.6,Merit,1,2023
18000,Yes,No,Doctor,Farmer,Diploma,Semi-Urban,85.2,Merit,0,2022
5000,Yes,Yes,Shopkeeper,Homemaker,Diploma,Rural,41.6,Management,1,2023
75000,No,No,Driver,Homemaker,No Formal Education,Urban,53.5,NRI,1,2021
75000,Yes,Yes,Daily Wage Worker,Nurse,HighSchool,Urban,94.4,SC/ST,0,2024
5000,Yes,No,Teacher,Government Job,HighSchool,Semi-Urban,78.9,Merit,0,2022
60000,Yes,No,Shopkeeper,Factory Worker,Graduate,Rural,92.1,Merit,0,2022
25000,Yes,No,Driver,Government Job,Graduate,Rural,41.4,OBC,1,2024
35000,Yes,No,Teacher,Farmer,Postgraduate,Urban,91.8,OBC,0,2022
60000,No,No,Farmer,Shopkeeper,HighSchool,Rural,86.1,Merit,1,2023
25000,Yes,Yes,Shopkeeper,Nurse,Diploma,Rural,47.4,Merit,1,2021
8000,Yes,No,Driver,Nurse,Graduate,Rural,66.1,Merit,0,2023
3000,Yes,Yes,Doctor,Homemaker,HighSchool,Urban,62.9,NRI,0,2024
25000,No,No,Shopkeeper,Farmer,Diploma,Urban,91.0,OBC,0,2023
75000,No,No,Engineer,Factory Worker,Diploma,Rural,79.1,Merit,0,2024
25000,Yes,No,Doctor,Government Job,Diploma,Rural,83.6,SC/ST,0,2024
18000,Yes,Yes,Factory Worker,Teacher,Primary School,Urban,93.9,SC/ST,1,2023
3000,Yes,No,Factory Worker,Shopkeeper,No Formal Education,Rural,58.5,Management,1,2024
75000,Yes,Yes,Doctor,Nurse,HighSchool,Rural,44.0,Management,0,2023
12000,No,No,Factory Worker,Government Job,Postgraduate,Semi-Urban,65.7,Management,1,2022
35000,Yes,Yes,Driver,Teacher,HighSchool,Semi-Urban,95.4,Merit,0,2023
35000,No,Yes,Teacher,Factory Worker,Primary School,Rural,79.9,Merit,1,2024
12000,No,Yes,Driver,Farmer,Graduate,Urban,42.1,Merit,1,2021
5000,No,Yes,Engineer,Shopkeeper,Postgraduate,Rural,98.1,Sports,0,2023
18000,No,No,Doctor,Government Job,No Formal Education,Rural,71.9,Merit,1,2023
12000,No,Yes,Teacher,Teacher,Graduate,Semi-Urban,63.4,Merit,1,2023
35000,Yes,No,Doctor,Government Job,Primary School,Urban,69.2,SC/ST,0,2023
45000,No,No,Farmer,Shopkeeper,Primary School,Semi-Urban,71.7,Sports,1,2023
12000,Yes,Yes,Engineer,Homemaker,Postgraduate,Rural,94.3,SC/ST,0,2023
25000,No,Yes,Farmer,Nurse,Graduate,Rural,61.5,SC/ST,1,2024
5000,Yes,No,Teacher,Shopkeeper,Diploma,Semi-Urban,79.0,Merit,0,2021
12000,No,Yes,Factory Worker,Daily Wage Worker,HighSchool,Semi-Urban,46.8,Merit,1,2022
45000,Yes,No,Teacher,Teacher,Diploma,Rural,65.0,Sports,0,2021
45000,Yes,No,Driver,Teacher,Primary School,Semi-Urban,94.8,Sports,0,2024
45000,No,No,Teacher,Factory Worker,Diploma,Urban,85.0,Merit,0,2021
8000,No,Yes,Government Job,Factory Worker,Graduate,Rural,94.8,SC/ST,1,2024
25000,No,Yes,Daily Wage Worker,Farmer,Graduate,Urban,47.6,Merit,1,2023
18000,No,Yes,Daily Wage Worker,Nurse,Graduate,Semi-Urban,67.5,Management,1,2022
100000,No,No,Shopkeeper,Factory Worker,Primary School,Rural,71.0,SC/ST,1,2022
35000,No,Yes,Factory Worker,Nurse,Graduate,Urban,45.6,Merit,1,2021
75000,Yes,No,Government Job,Government Job,Postgraduate,Urban,70.7,Management,0,2024
8000,No,No,Shopkeeper,Teacher,Postgraduate,Urban,62.4,Merit,0,2023
18000,No,Yes,Small Business,Nurse,Primary School,Semi-Urban,40.5,NRI,1,2024
45000,No,Yes,Factory Worker,Government Job,Primary School,Semi-Urban,46.4,Merit,1,2023
18000,No,Yes,Small Business,Government Job,Diploma,Semi-Urban,68.8,Management,1,2023
35000,No,Yes,Factory Worker,Factory Worker,Diploma,Rural,46.4,Sports,1,2024
25000,Yes,No,Daily Wage Worker,Factory Worker,Postgraduate,Rural,63.6,OBC,1,2022
100000,Yes,No,Teacher,Shopkeeper,HighSchool,Urban,98.3,OBC,0,2024
8000,No,Yes,Engineer,Teacher,Diploma,Rural,65.9,SC/ST,1,2023
75000,No,No,Doctor,Government Job,HighSchool,Semi-Urban,73.3,OBC,0,2024
18000,No,Yes,Daily Wage Worker,Teacher,Postgraduate,Semi-Urban,64.6,OBC,1,2022
18000,Yes,No,Government Job,Government Job,Primary School,Urban,46.3,Merit,0,2022
25000,No,No,Farmer,Teacher,Postgraduate,Semi-Urban,87.7,Merit,0,2022
12000,Yes,Yes,Teacher,Government Job,Postgraduate,Rural,83.3,NRI,0,2024
100000,Yes,Yes,Daily Wage Worker,Government Job,No Formal Education,Rural,66.2,Merit,1,2021
75000,Yes,No,Shopkeeper,Nurse,Graduate,Semi-Urban,51.3,Management,0,2024
100000,No,No,Farmer,Factory Worker,HighSchool,Semi-Urban,83.1,OBC,0,2022
100000,Yes,No,Doctor,Shopkeeper,HighSchool,Semi-Urban,59.4,Merit,0,2022
35000,No,No,Shopkeeper,Daily Wage Worker,Diploma,Urban,68.8,Management,0,2024
18000,No,Yes,Engineer,Daily Wage Worker,Postgraduate,Rural,55.1,Sports,1,2021
60000,Yes,No,Doctor,Nurse,Diploma,Urban,64.9,SC/ST,0,2023
3000,Yes,No,Shopkeeper,Factory Worker,HighSchool,Rural,93.8,SC/ST,1,2021
60000,No,Yes,Daily Wage Worker,Teacher,Diploma,Urban,57.6,Sports,1,2024
25000,No,Yes,Doctor,Homemaker,Diploma,Rural,62.9,OBC,1,2022
35000,No,No,Doctor,Homemaker,No Formal Education,Urban,69.9,Management,0,2022
18000,Yes,Yes,Factory Worker,Teacher,HighSchool,Rural,56.8,SC/ST,1,2024
18000,No,No,Teacher,Factory Worker,No Formal Education,Semi-Urban,97.2,Management,1,2021
3000,No,No,Engineer,Farmer,Diploma,Semi-Urban,46.2,SC/ST,1,2021
18000,No,Yes,Doctor,Farmer,Graduate,Semi-Urban,47.2,Merit,0,2021
18000,Yes,No,Small Business,Teacher,Graduate,Urban,77.1,Merit,0,2024
12000,Yes,Yes,Government Job,Factory Worker,HighSchool,Semi-Urban,75.9,OBC,1,2023
12000,No,Yes,Shopkeeper,Government Job,Graduate,Rural,56.8,Management,1,2024
25000,Yes,Yes,Teacher,Government Job,Diploma,Semi-Urban,44.5,Sports,0,2024
12000,No,No,Teacher,Factory Worker,No Formal Education,Rural,47.8,Management,1,2022
60000,Yes,No,Farmer,Farmer,Postgraduate,Rural,53.1,Management,1,2024
8000,Yes,Yes,Government Job,Teacher,Graduate,Rural,63.6,Management,1,2024
25000,No,Yes,Small Business,Nurse,Graduate,Semi-Urban,73.0,SC/ST,1,2021
8000,Yes,Yes,Shopkeeper,Teacher,No Formal Education,Urban,76.6,Merit,0,2021
25000,Yes,No,Shopkeeper,Shopkeeper,No Formal Education,Rural,81.0,Merit,0,2021
25000,No,Yes,Government Job,Daily Wage Worker,Graduate,Urban,42.9,OBC,0,2021
35000,No,No,Engineer,Homemaker,Postgraduate,Urban,72.3,Merit,0,2022
18000,Yes,No,Teacher,Factory Worker,Graduate,Semi-Urban,42.6,Sports,0,2022
25000,No,No,Farmer,Homemaker,No Formal Education,Urban,78.4,Management,1,2022
8000,No,Yes,Doctor,Government Job,Graduate,Urban,58.8,Management,1,2021
18000,No,No,Small Business,Daily Wage Worker,HighSchool,Rural,75.9,SC/ST,1,2023
18000,Yes,No,Doctor,Homemaker,Primary School,Urban,68.1,OBC,0,2021
35000,Yes,Yes,Factory Worker,Nurse,Graduate,Semi-Urban,88.1,SC/ST,0,2023
18000,Yes,Yes,Factory Worker,Teacher,Graduate,Rural,45.8,Merit,1,2021
45000,No,No,Farmer,Farmer,Graduate,Urban,71.5,OBC,0,2023
18000,Yes,Yes,Small Business,Shopkeeper,HighSchool,Rural,58.4,Merit,1,2022
12000,No,Yes,Government Job,Nurse,Primary School,Rural,40.7,Merit,1,2024
12000,Yes,No,Factory Worker,Nurse,Diploma,Rural,71.7,SC/ST,1,2021
5000,Yes,Yes,Government Job,Daily Wage Worker,Diploma,Rural,86.1,Merit,0,2024
25000,No,Yes,Engineer,Government Job,Graduate,Rural,76.2,OBC,0,2023
60000,Yes,Yes,Small Business,Farmer,Graduate,Rural,42.8,NRI,0,2022
45000,No,No,Government Job,Daily Wage Worker,Graduate,Rural,78.2,OBC,1,2024
18000,No,Yes,Engineer,Homemaker,Graduate,Semi-Urban,82.3,Merit,0,2021
8000,Yes,Yes,Small Business,Government Job,HighSchool,Rural,44.3,SC/ST,1,2024
60000,No,Yes,Farmer,Factory Worker,Diploma,Urban,62.8,SC/ST,0,2024
5000,Yes,No,Farmer,Teacher,Graduate,Urban,57.6,Merit,1,2024
18000,No,No,Engineer,Government Job,Diploma,Urban,84.2,Merit,0,2021
60000,No,Yes,Farmer,Daily Wage Worker,HighSchool,Rural,61.7,OBC,1,2023
18000,Yes,No,Daily Wage Worker,Nurse,Postgraduate,Semi-Urban,52.3,Merit,1,2022
8000,No,Yes,Driver,Teacher,Primary School,Rural,71.3,Management,1,2021
12000,Yes,No,Shopkeeper,Daily Wage Worker,Postgraduate,Urban,84.8,Merit,0,2022
35000,Yes,Yes,Doctor,Homemaker,Graduate,Rural,63.2,OBC,0,2023
8000,No,No,Teacher,Teacher,Graduate,Rural,92.9,Sports,1,2021
35000,No,Yes,Farmer,Daily Wage Worker,Primary School,Rural,78.4,OBC,1,2023
18000,No,Yes,Daily Wage Worker,Government Job,Graduate,Urban,46.9,SC/ST,1,2022
12000,Yes,No,Daily Wage Worker,Government Job,Primary School,Rural,97.6,Management,1,2023
12000,No,No,Farmer,Government Job,Postgraduate,Rural,82.7,NRI,1,2021
60000,Yes,Yes,Farmer,Teacher,HighSchool,Rural,53.9,SC/ST,1,2023
18000,Yes,Yes,Factory Worker,Homemaker,Diploma,Urban,58.3,Merit,0,2023
45000,No,No,Factory Worker,Farmer,Graduate,Semi-Urban,67.8,OBC,1,2021
18000,Yes,No,Factory Worker,Shopkeeper,No Formal Education,Urban,41.3,Sports,1,2022
5000,No,Yes,Small Business,Daily Wage Worker,Diploma,Urban,92.8,Sports,0,2022
18000,No,Yes,Government Job,Homemaker,Graduate,Urban,44.7,Management,1,2024
25000,No,No,Government Job,Factory Worker,HighSchool,Rural,50.1,Management,1,2023
18000,Yes,No,Farmer,Factory Worker,Primary School,Urban,71.6,Management,1,2023
45000,No,No,Engineer,Daily Wage Worker,Diploma,Semi-Urban,87.0,Merit,0,2021
75000,Yes,Yes,Doctor,Government Job,Diploma,Semi-Urban,95.4,SC/ST,0,2021
45000,No,Yes,Small Business,Shopkeeper,Diploma,Semi-Urban,46.8,Merit,1,2024
25000,Yes,No,Small Business,Government Job,HighSchool,Urban,40.9,Merit,1,2024
25000,Yes,No,Engineer,Farmer,Diploma,Urban,81.2,SC/ST,0,2024
35000,Yes,No,Daily Wage Worker,Shopkeeper,HighSchool,Urban,56.0,Merit,0,2024
12000,No,No,Doctor,Teacher,HighSchool,Semi-Urban,47.8,Sports,1,2024
45000,No,Yes,Government Job,Farmer,Diploma,Rural,40.3,Merit,1,2021
60000,No,Yes,Factory Worker,Farmer,Diploma,Urban,96.9,Merit,0,2022
12000,No,No,Factory Worker,Homemaker,Diploma,Rural,83.3,OBC,1,2022
75000,Yes,No,Government Job,Farmer,No Formal Education,Semi-Urban,60.3,SC/ST,0,2021
60000,No,No,Government Job,Nurse,Graduate,Rural,75.3,Management,0,2024
18000,No,Yes,Doctor,Factory Worker,No Formal Education,Rural,92.5,Management,1,2024
75000,Yes,No,Daily Wage Worker,Factory Worker,HighSchool,Semi-Urban,93.8,SC/ST,0,2021
8000,No,No,Farmer,Homemaker,Graduate,Urban,71.6,SC/ST,1,2024
3000,Yes,Yes,Farmer,Government Job,Postgraduate,Urban,95.4,OBC,0,2024
12000,No,No,Small Business,Homemaker,Postgraduate,Urban,84.7,Management,1,2021
25000,No,Yes,Doctor,Homemaker,Graduate,Semi-Urban,72.3,OBC,0,2021
18000,Yes,No,Small Business,Factory Worker,HighSchool,Rural,62.5,Merit,0,2024
75000,No,No,Doctor,Daily Wage Worker,Graduate,Semi-Urban,95.3,Merit,0,2022
12000,Yes,Yes,Teacher,Homemaker,Graduate,Rural,51.5,SC/ST,1,2024
12000,No,Yes,Teacher,Factory Worker,Postgraduate,Semi-Urban,72.1,OBC,0,2023
35000,No,Yes,Doctor,Government Job,Diploma,Urban,47.8,Merit,0,2023
3000,No,No,Doctor,Homemaker,Diploma,Semi-Urban,47.9,Management,1,2021
45000,No,No,Engineer,Teacher,No Formal Education,Rural,43.5,SC/ST,1,2023
18000,Yes,No,Engineer,Homemaker,HighSchool,Urban,58.3,Merit,0,2024
100000,No,No,Factory Worker,Nurse,Graduate,Rural,87.1,Sports,0,2022
35000,Yes,No,Engineer,Factory Worker,Postgraduate,Rural,50.9,Merit,0,2023
5000,Yes,No,Government Job,Government Job,Diploma,Urban,89.1,SC/ST,0,2022
5000,No,No,Shopkeeper,Farmer,No Formal Education,Rural,98.6,OBC,1,2024
5000,Yes,No,Shopkeeper,Teacher,Diploma,Semi-Urban,71.0,Merit,0,2023
75000,No,No,Driver,Government Job,Primary School,Urban,86.5,Management,0,2021
35000,Yes,No,Driver,Daily Wage Worker,Postgraduate,Rural,79.4,SC/ST,1,2021
18000,No,Yes,Government Job,Homemaker,Primary School,Semi-Urban,67.1,SC/ST,1,2021
8000,Yes,Yes,Shopkeeper,Daily Wage Worker,Primary School,Semi-Urban,56.8,OBC,1,2022
60000,No,No,Teacher,Shopkeeper,Diploma,Semi-Urban,79.6,Merit,0,2022
8000,No,No,Driver,Homemaker,Diploma,Urban,53.6,Merit,1,2023
35000,No,Yes,Daily Wage Worker,Farmer,Graduate,Urban,61.7,Management,1,2023
45000,No,No,Farmer,Factory Worker,HighSchool,Rural,49.1,SC/ST,1,2023
12000,Yes,Yes,Daily Wage Worker,Teacher,Postgraduate,Semi-Urban,74.1,Merit,0,2022
25000,No,No,Shopkeeper,Teacher,Graduate,Rural,49.7,Merit,1,2023
12000,Yes,Yes,Government Job,Daily Wage Worker,No Formal Education,Rural,87.3,Merit,0,2021
18000,No,No,Daily Wage Worker,Government Job,No Formal Education,Rural,68.1,Merit,1,2024
100000,No,Yes,Factory Worker,Factory Worker,Diploma,Rural,82.1,Management,1,2021
35000,No,No,Factory Worker,Government Job,Diploma,Semi-Urban,66.8,NRI,1,2024
60000,No,No,Shopkeeper,Farmer,Diploma,Semi-Urban,85.7,Merit,0,2022
25000,Yes,No,Doctor,Teacher,No Formal Education,Semi-Urban,92.2,Merit,0,2022
12000,No,No,Teacher,Government Job,No Formal Education,Urban,67.6,SC/ST,1,2021
35000,Yes,Yes,Teacher,Government Job,Primary School,Urban,61.8,Sports,0,2022
25000,No,No,Factory Worker,Factory Worker,Graduate,Urban,82.4,Sports,1,2021
8000,No,No,Doctor,Government Job,Graduate,Rural,97.0,OBC,0,2022
18000,No,No,Daily Wage Worker,Shopkeeper,Primary School,Rural,50.4,SC/ST,1,2022
35000,Yes,No,Farmer,Farmer,Diploma,Rural,84.0,SC/ST,1,2023
45000,No,Yes,Shopkeeper,Factory Worker,Postgraduate,Rural,40.2,SC/ST,1,2023
12000,Yes,Yes,Daily Wage Worker,Factory Worker,Primary School,Urban,97.9,Merit,1,2024
60000,No,No,Daily Wage Worker,Homemaker,HighSchool,Semi-Urban,87.0,Merit,1,2024
18000,No,No,Driver,Homemaker,Diploma,Semi-Urban,95.8,SC/ST,1,2024
12000,Yes,Yes,Shopkeeper,Government Job,HighSchool,Semi-Urban,46.3,NRI,1,2021
8000,Yes,No,Engineer,Teacher,Primary School,Semi-Urban,43.0,SC/ST,1,2022
45000,Yes,Yes,Farmer,Nurse,Postgraduate,Urban,65.8,Sports,0,2022
18000,No,No,Doctor,Government Job,Graduate,Rural,43.5,Merit,0,2022
25000,Yes,No,Daily Wage Worker,Government Job,Graduate,Urban,43.2,OBC,1,2023
12000,No,No,Government Job,Homemaker,Postgraduate,Semi-Urban,45.4,Management,0,2021
35000,Yes,No,Doctor,Teacher,HighSchool,Rural,43.6,Merit,0,2024
45000,No,Yes,Driver,Shopkeeper,Postgraduate,Semi-Urban,45.8,Merit,1,2023
12000,Yes,No,Farmer,Nurse,Postgraduate,Semi-Urban,61.6,Sports,0,2021
75000,No,Yes,Teacher,Daily Wage Worker,Graduate,Rural,69.6,Sports,0,2022
3000,Yes,No,Daily Wage Worker,Shopkeeper,Postgraduate,Rural,46.1,Merit,1,2024
8000,Yes,Yes,Engineer,Shopkeeper,Graduate,Semi-Urban,77.8,NRI,0,2023
25000,Yes,No,Teacher,Teacher,HighSchool,Urban,75.9,Merit,0,2022
35000,No,No,Daily Wage Worker,Factory Worker,HighSchool,Semi-Urban,57.4,OBC,1,2024
12000,No,No,Factory Worker,Government Job,Graduate,Rural,57.9,OBC,1,2023
25000,Yes,No,Shopkeeper,Teacher,Diploma,Semi-Urban,98.1,Merit,0,2021
12000,Yes,No,Small Business,Nurse,Diploma,Urban,57.7,Management,0,2022
25000,Yes,No,Factory Worker,Daily Wage Worker,No Formal Education,Urban,93.4,Management,1,2024
35000,No,No,Doctor,Nurse,No Formal Education,Rural,52.0,OBC,1,2023
100000,No,No,Shopkeeper,Nurse,Primary School,Rural,50.6,SC/ST,1,2023
18000,No,No,Doctor,Government Job,Diploma,Semi-Urban,90.8,Management,0,2023
35000,Yes,Yes,Driver,Daily Wage Worker,No Formal Education,Rural,75.8,SC/ST,1,2022
25000,No,Yes,Farmer,Teacher,Primary School,Urban,85.2,Merit,1,2023
12000,No,Yes,Small Business,Daily Wage Worker,Postgraduate,Rural,74.0,NRI,1,2021
12000,Yes,Yes,Engineer,Homemaker,Diploma,Rural,97.4,NRI,0,2024
100000,No,Yes,Shopkeeper,Factory Worker,Postgraduate,Urban,41.7,SC/ST,0,2021
8000,Yes,No,Teacher,Farmer,HighSchool,Rural,48.9,Merit,0,2024
45000,No,No,Small Business,Shopkeeper,HighSchool,Rural,46.6,OBC,1,2024
8000,No,No,Driver,Farmer,Graduate,Urban,79.6,OBC,1,2022
45000,No,No,Teacher,Nurse,Postgraduate,Rural,58.5,Management,0,2024
8000,No,Yes,Engineer,Shopkeeper,Graduate,Semi-Urban,86.4,SC/ST,1,2021
100000,Yes,Yes,Government Job,Nurse,Postgraduate,Semi-Urban,47.3,Merit,0,2021
35000,No,Yes,Teacher,Shopkeeper,No Formal Education,Rural,53.6,Merit,1,2021
5000,No,Yes,Driver,Shopkeeper,HighSchool,Rural,43.9,Management,1,2024
35000,No,Yes,Doctor,Daily Wage Worker,Postgraduate,Rural,98.6,Merit,0,2022
35000,Yes,No,Driver,Shopkeeper,Diploma,Semi-Urban,82.3,SC/ST,0,2024
12000,Yes,No,Factory Worker,Government Job,HighSchool,Urban,46.4,Management,1,2023
12000,No,Yes,Daily Wage Worker,Daily Wage Worker,HighSchool,Urban,78.2,Merit,1,2022
35000,No,Yes,Factory Worker,Government Job,Graduate,Urban,65.9,NRI,0,2021
45000,No,No,Doctor,Farmer,Primary School,Semi-Urban,94.1,Management,0,2023
12000,Yes,No,Doctor,Government Job,Diploma,Urban,47.9,Sports,0,2023
60000,No,Yes,Teacher,Government Job,HighSchool,Semi-Urban,41.6,SC/ST,1,2021
12000,No,Yes,Daily Wage Worker,Daily Wage Worker,HighSchool,Urban,49.1,SC/ST,1,2023
5000,Yes,No,Shopkeeper,Farmer,Diploma,Semi-Urban,95.3,Merit,0,2024
25000,No,Yes,Driver,Homemaker,Primary School,Semi-Urban,94.8,Management,1,2021
5000,Yes,No,Shopkeeper,Farmer,Graduate,Rural,44.0,OBC,0,2023
12000,No,Yes,Teacher,Factory Worker,HighSchool,Urban,70.9,Management,1,2022
25000,Yes,Yes,Small Business,Daily Wage Worker,Graduate,Rural,80.4,SC/ST,0,2021
12000,No,Yes,Teacher,Shopkeeper,Diploma,Urban,40.3,Management,1,2021
12000,No,Yes,Small Business,Shopkeeper,HighSchool,Urban,41.0,SC/ST,1,2024
35000,No,Yes,Doctor,Farmer,Graduate,Rural,43.9,Merit,1,2021
25000,No,No,Driver,Teacher,Diploma,Semi-Urban,81.6,Merit,0,2022
60000,Yes,Yes,Farmer,Nurse,Primary School,Urban,95.5,Sports,0,2022
25000,No,No,Engineer,Homemaker,HighSchool,Rural,44.0,Sports,1,2024
25000,No,No,Engineer,Farmer,Diploma,Urban,48.5,Management,1,2022
12000,Yes,Yes,Shopkeeper,Farmer,Primary School,Rural,67.6,OBC,1,2024
45000,No,No,Doctor,Daily Wage Worker,Graduate,Semi-Urban,66.1,Management,1,2021
8000,Yes,No,Government Job,Daily Wage Worker,HighSchool,Urban,52.5,NRI,1,2024
12000,Yes,No,Government Job,Homemaker,HighSchool,Semi-Urban,51.8,OBC,0,2022
60000,No,No,Government Job,Farmer,No Formal Education,Semi-Urban,48.2,Merit,0,2021
45000,Yes,No,Farmer,Shopkeeper,Primary School,Urban,54.8,SC/ST,1,2021
35000,Yes,Yes,Factory Worker,Teacher,HighSchool,Rural,89.6,NRI,1,2023
3000,Yes,No,Factory Worker,Shopkeeper,HighSchool,Rural,67.0,Merit,1,2023
8000,No,Yes,Farmer,Shopkeeper,Primary School,Semi-Urban,94.1,OBC,1,2023
25000,No,No,Engineer,Homemaker,Diploma,Urban,89.7,SC/ST,0,2023
45000,Yes,No,Factory Worker,Government Job,HighSchool,Urban,71.2,SC/ST,0,2023
18000,Yes,No,Factory Worker,Shopkeeper,Postgraduate,Semi-Urban,88.6,Management,0,2022
3000,No,No,Daily Wage Worker,Shopkeeper,Graduate,Rural,49.7,Merit,1,2024
8000,No,Yes,Daily Wage Worker,Daily Wage Worker,Graduate,Rural,77.8,NRI,1,2021
25000,Yes,Yes,Daily Wage Worker,Factory Worker,Diploma,Rural,95.5,OBC,1,2021
35000,Yes,No,Doctor,Homemaker,HighSchool,Urban,76.6,SC/ST,0,2021
3000,Yes,No,Shopkeeper,Farmer,Diploma,Semi-Urban,69.0,Merit,0,2023
5000,Yes,Yes,Daily Wage Worker,Factory Worker,Diploma,Urban,78.7,OBC,0,2023
12000,No,No,Factory Worker,Farmer,Graduate,Rural,48.1,OBC,1,2024
5000,Yes,No,Factory Worker,Shopkeeper,Postgraduate,Semi-Urban,57.4,NRI,0,2021
25000,No,No,Shopkeeper,Daily Wage Worker,HighSchool,Rural,54.9,Management,1,2023
8000,No,Yes,Doctor,Teacher,Primary School,Urban,47.0,NRI,1,2022
35000,No,No,Shopkeeper,Shopkeeper,Graduate,Rural,81.8,Merit,0,2024
45000,Yes,Yes,Engineer,Homemaker,No Formal Education,Rural,77.4,Merit,0,2023
100000,No,No,Small Business,Nurse,Graduate,Rural,91.5,OBC,0,2023
75000,No,No,Shopkeeper,Factory Worker,Graduate,Rural,81.2,Sports,0,2022
12000,No,Yes,Doctor,Nurse,Graduate,Rural,87.9,SC/ST,1,2023
3000,No,No,Government Job,Factory Worker,Primary School,Urban,48.2,Merit,1,2021
12000,No,No,Teacher,Government Job,HighSchool,Urban,43.9,Merit,1,2024
35000,No,No,Engineer,Teacher,Diploma,Semi-Urban,61.9,Management,0,2023
5000,No,Yes,Factory Worker,Homemaker,HighSchool,Urban,47.7,Management,1,2023
18000,No,No,Factory Worker,Government Job,Postgraduate,Semi-Urban,85.3,Management,1,2024
12000,Yes,No,Daily Wage Worker,Homemaker,Diploma,Urban,65.6,SC/ST,1,2021
12000,Yes,No,Doctor,Nurse,Diploma,Rural,95.4,Merit,0,2021
35000,Yes,No,Driver,Farmer,HighSchool,Semi-Urban,45.2,Management,1,2023
35000,No,No,Teacher,Homemaker,Graduate,Rural,95.8,Sports,1,2022
25000,No,No,Factory Worker,Shopkeeper,HighSchool,Urban,82.9,SC/ST,1,2023
75000,No,No,Shopkeeper,Shopkeeper,Diploma,Rural,87.4,NRI,0,2022
5000,Yes,No,Government Job,Teacher,HighSchool,Rural,69.1,Merit,0,2022
8000,No,Yes,Teacher,Daily Wage Worker,Graduate,Rural,61.5,Sports,1,2021
18000,No,Yes,Daily Wage Worker,Nurse,Graduate,Semi-Urban,82.7,NRI,1,2023
35000,Yes,Yes,Farmer,Daily Wage Worker,No Formal Education,Semi-Urban,97.8,Management,1,2023
25000,Yes,No,Teacher,Homemaker,HighSchool,Semi-Urban,41.5,NRI,0,2023
5000,No,No,Small Business,Shopkeeper,Graduate,Urban,75.2,Merit,0,2022
75000,Yes,Yes,Factory Worker,Homemaker,Graduate,Urban,54.6,Sports,0,2022
12000,No,No,Driver,Teacher,HighSchool,Semi-Urban,63.6,Merit,1,2022
18000,No,Yes,Driver,Homemaker,HighSchool,Semi-Urban,73.9,SC/ST,1,2023
35000,No,No,Daily Wage Worker,Shopkeeper,Graduate,Urban,52.8,OBC,1,2021
75000,Yes,No,Government Job,Daily Wage Worker,Diploma,Semi-Urban,40.6,Management,0,2021
35000,No,Yes,Doctor,Teacher,Diploma,Rural,44.1,Sports,1,2022
75000,Yes,No,Daily Wage Worker,Government Job,No Formal Education,Semi-Urban,41.5,Merit,1,2023
8000,No,No,Shopkeeper,Government Job,Graduate,Semi-Urban,42.7,OBC,1,2024
35000,Yes,Yes,Shopkeeper,Nurse,HighSchool,Urban,49.7,SC/ST,1,2021
60000,Yes,No,Factory Worker,Factory Worker,Graduate,Rural,66.2,Merit,1,2024
25000,Yes,No,Small Business,Shopkeeper,Graduate,Semi-Urban,66.7,Merit,0,2021
18000,Yes,No,Farmer,Government Job,Diploma,Semi-Urban,40.7,Merit,1,2021
100000,Yes,No,Driver,Shopkeeper,HighSchool,Urban,41.6,SC/ST,0,2021
8000,Yes,No,Factory Worker,Shopkeeper,HighSchool,Rural,54.9,Management,1,2023
18000,No,Yes,Shopkeeper,Homemaker,Graduate,Urban,42.9,Merit,1,2022
60000,Yes,Yes,Government Job,Government Job,Postgraduate,Rural,52.1,Merit,0,2022
75000,No,No,Farmer,Nurse,Postgraduate,Rural,42.1,Merit,0,2022
100000,No,Yes,Shopkeeper,Farmer,Graduate,Urban,45.1,Merit,0,2023
60000,No,Yes,Farmer,Homemaker,Graduate,Rural,79.0,Merit,1,2023
5000,No,No,Doctor,Nurse,Postgraduate,Rural,47.9,Merit,0,2024
75000,Yes,No,Engineer,Homemaker,Diploma,Urban,66.3,SC/ST,0,2022
18000,No,No,Doctor,Homemaker,Postgraduate,Semi-Urban,87.7,Merit,0,2021
35000,No,No,Engineer,Homemaker,Diploma,Urban,43.4,Merit,0,2024
18000,Yes,Yes,Daily Wage Worker,Homemaker,Graduate,Rural,55.9,Management,1,2023
45000,Yes,Yes,Teacher,Homemaker,HighSchool,Rural,76.9,Merit,0,2022
25000,No,Yes,Small Business,Shopkeeper,Diploma,Rural,50.2,Management,1,2021
60000,Yes,No,Farmer,Factory Worker,HighSchool,Rural,70.7,SC/ST,1,2022
8000,No,No,Engineer,Farmer,HighSchool,Semi-Urban,80.9,Merit,0,2022
8000,No,No,Small Business,Nurse,Graduate,Urban,96.0,Management,0,2021
18000,Yes,No,Factory Worker,Homemaker,Postgraduate,Rural,97.5,Merit,0,2022
3000,Yes,No,Government Job,Factory Worker,Graduate,Urban,49.6,OBC,0,2023
35000,Yes,No,Doctor,Shopkeeper,HighSchool,Semi-Urban,91.7,Merit,0,2021
12000,No,Yes,Engineer,Homemaker,Graduate,Rural,43.1,Sports,1,2021
25000,No,No,Driver,Nurse,Diploma,Rural,66.6,Management,1,2021
5000,No,No,Farmer,Nurse,HighSchool,Semi-Urban,67.7,NRI,1,2024
8000,Yes,No,Daily Wage Worker,Government Job,Postgraduate,Rural,45.0,Merit,1,2023
35000,No,Yes,Driver,Nurse,HighSchool,Semi-Urban,58.6,NRI,1,2022
12000,No,No,Government Job,Nurse,Graduate,Semi-Urban,85.9,Merit,0,2021
12000,No,No,Factory Worker,Shopkeeper,HighSchool,Rural,52.6,Merit,1,2023
12000,Yes,No,Doctor,Teacher,Postgraduate,Rural,76.8,OBC,0,2023
12000,No,No,Factory Worker,Factory Worker,Graduate,Urban,96.8,Merit,0,2022
35000,Yes,No,Teacher,Shopkeeper,Diploma,Semi-Urban,43.1,SC/ST,0,2023
8000,No,Yes,Small Business,Government Job,Primary School,Semi-Urban,40.9,Merit,1,2021
18000,No,No,Doctor,Farmer,HighSchool,Rural,55.7,Merit,1,2022
35000,No,No,Government Job,Daily Wage Worker,HighSchool,Urban,45.7,Merit,0,2023
25000,No,No,Government Job,Factory Worker,Graduate,Semi-Urban,45.0,SC/ST,1,2023
25000,Yes,No,Doctor,Nurse,Graduate,Urban,64.3,OBC,0,2024
12000,Yes,Yes,Daily Wage Worker,Nurse,HighSchool,Urban,78.5,SC/ST,1,2022
75000,No,Yes,Daily Wage Worker,Teacher,HighSchool,Semi-Urban,83.8,SC/ST,1,2021
18000,No,No,Teacher,Teacher,HighSchool,Semi-Urban,46.4,Merit,1,2023
12000,No,No,Daily Wage Worker,Factory Worker,Graduate,Rural,73.7,Merit,1,2024
75000,Yes,No,Shopkeeper,Nurse,HighSchool,Semi-Urban,82.3,SC/ST,0,2022
35000,Yes,No,Teacher,Homemaker,Graduate,Semi-Urban,76.3,Merit,0,2024
35000,Yes,No,Driver,Farmer,Graduate,Semi-Urban,67.4,OBC,0,2024
60000,No,Yes,Engineer,Homemaker,HighSchool,Urban,66.0,OBC,0,2021
5000,No,Yes,Factory Worker,Government Job,HighSchool,Semi-Urban,86.0,Management,1,2021
60000,Yes,No,Farmer,Government Job,Diploma,Rural,53.6,Management,1,2022
35000,No,Yes,Teacher,Teacher,Postgraduate,Rural,51.0,Merit,0,2021
18000,Yes,No,Government Job,Government Job,Primary School,Rural,43.5,Merit,1,2024
12000,Yes,No,Factory Worker,Daily Wage Worker,HighSchool,Urban,63.7,Merit,1,2022
5000,Yes,No,Government Job,Nurse,Graduate,Rural,79.2,Merit,0,2024
75000,Yes,No,Factory Worker,Nurse,HighSchool,Urban,70.9,SC/ST,0,2024
8000,No,No,Driver,Farmer,HighSchool,Semi-Urban,45.0,Management,1,2024
12000,Yes,Yes,Daily Wage Worker,Government Job,Diploma,Urban,98.6,Sports,1,2022
35000,No,No,Daily Wage Worker,Shopkeeper,HighSchool,Semi-Urban,61.9,NRI,1,2023
35000,Yes,No,Government Job,Daily Wage Worker,Graduate,Urban,40.2,SC/ST,0,2023
8000,No,No,Doctor,Teacher,Postgraduate,Semi-Urban,75.7,Management,0,2022
45000,Yes,No,Driver,Shopkeeper,Postgraduate,Rural,40.4,Management,1,2022
25000,Yes,No,Engineer,Government Job,Diploma,Semi-Urban,93.2,Merit,0,2021
60000,Yes,No,Driver,Factory Worker,HighSchool,Rural,75.4,OBC,0,2022
5000,No,No,Factory Worker,Teacher,Diploma,Rural,59.4,OBC,1,2022
5000,No,No,Factory Worker,Homemaker,HighSchool,Rural,59.8,Merit,1,2023
35000,Yes,No,Shopkeeper,Farmer,Graduate,Rural,46.1,Merit,0,2021
8000,Yes,Yes,Government Job,Shopkeeper,Primary School,Semi-Urban,64.8,Merit,0,2023
25000,No,Yes,Teacher,Homemaker,HighSchool,Semi-Urban,69.6,Merit,1,2023
3000,Yes,No,Factory Worker,Factory Worker,HighSchool,Urban,49.0,Sports,0,2023
45000,Yes,Yes,Shopkeeper,Daily Wage Worker,HighSchool,Semi-Urban,80.0,SC/ST,0,2024
60000,Yes,Yes,Small Business,Factory Worker,Graduate,Urban,58.8,Merit,0,2023
60000,Yes,No,Factory Worker,Teacher,Postgraduate,Semi-Urban,44.0,Management,0,2023
75000,Yes,Yes,Small Business,Teacher,Graduate,Semi-Urban,54.6,Management,0,2024
75000,Yes,No,Shopkeeper,Daily Wage Worker,HighSchool,Semi-Urban,42.1,Merit,0,2023
18000,No,Yes,Doctor,Daily Wage Worker,Diploma,Urban,93.7,SC/ST,0,2021
18000,Yes,No,Driver,Farmer,Graduate,Rural,67.2,NRI,1,2023
60000,No,No,Doctor,Government Job,Postgraduate,Rural,96.6,OBC,0,2021
75000,Yes,Yes,Daily Wage Worker,Shopkeeper,Graduate,Urban,76.3,SC/ST,0,2021
100000,Yes,Yes,Government Job,Teacher,Primary School,Rural,42.5,SC/ST,0,2023
45000,Yes,No,Teacher,Government Job,Graduate,Rural,50.2,NRI,0,2022
8000,No,Yes,Teacher,Government Job,HighSchool,Rural,71.4,OBC,1,2024
75000,No,Yes,Doctor,Teacher,HighSchool,Rural,40.5,Merit,0,2022
75000,No,Yes,Factory Worker,Shopkeeper,Postgraduate,Rural,76.1,Management,0,2024
35000,Yes,Yes,Doctor,Government Job,Postgraduate,Rural,91.6,SC/ST,0,2024
60000,Yes,Yes,Farmer,Farmer,HighSchool,Urban,58.8,Merit,0,2023
25000,No,No,Daily Wage Worker,Farmer,Graduate,Urban,89.5,Merit,0,2022
75000,No,Yes,Small Business,Nurse,HighSchool,Rural,94.5,Merit,0,2022
5000,Yes,No,Farmer,Homemaker,No Formal Education,Rural,55.0,Merit,1,2021
60000,No,Yes,Teacher,Factory Worker,Postgraduate,Urban,67.8,Management,0,2021
5000,No,Yes,Shopkeeper,Nurse,Graduate,Semi-Urban,58.5,NRI,1,2021
12000,No,Yes,Shopkeeper,Nurse,HighSchool,Semi-Urban,56.8,Merit,1,2024
8000,Yes,No,Doctor,Nurse,Graduate,Semi-Urban,40.5,Management,0,2021
18000,Yes,No,Driver,Shopkeeper,No Formal Education,Rural,53.6,Sports,1,2023
12000,Yes,No,Teacher,Shopkeeper,Diploma,Rural,86.8,Merit,0,2024
75000,No,No,Farmer,Homemaker,Postgraduate,Semi-Urban,93.1,Merit,0,2022
25000,No,Yes,Doctor,Factory Worker,Graduate,Semi-Urban,57.3,Management,0,2021
60000,Yes,Yes,Doctor,Farmer,Graduate,Urban,42.1,Sports,0,2023
12000,Yes,Yes,Doctor,Factory Worker,HighSchool,Rural,84.3,Management,1,2023
3000,No,No,Driver,Nurse,Graduate,Rural,81.4,Management,1,2021
45000,Yes,Yes,Shopkeeper,Teacher,Postgraduate,Urban,56.7,Merit,0,2022
35000,Yes,Yes,Small Business,Teacher,HighSchool,Urban,88.0,Management,0,2024
25000,Yes,Yes,Daily Wage Worker,Farmer,No Formal Education,Rural,84.7,Merit,1,2022
45000,No,No,Teacher,Daily Wage Worker,HighSchool,Rural,45.5,Merit,0,2022
60000,No,Yes,Farmer,Shopkeeper,Diploma,Semi-Urban,68.7,Merit,1,2022
25000,No,No,Engineer,Nurse,HighSchool,Rural,49.9,OBC,1,2024
100000,Yes,No,Shopkeeper,Daily Wage Worker,Graduate,Urban,49.9,Merit,0,2024
35000,Yes,Yes,Teacher,Homemaker,HighSchool,Rural,62.1,SC/ST,1,2023
35000,No,Yes,Shopkeeper,Homemaker,Postgraduate,Rural,49.3,Sports,1,2021
18000,No,No,Daily Wage Worker,Farmer,HighSchool,Semi-Urban,89.0,OBC,1,2023
3000,No,Yes,Factory Worker,Teacher,Graduate,Urban,66.2,OBC,1,2021
12000,Yes,Yes,Government Job,Daily Wage Worker,Postgraduate,Urban,91.4,SC/ST,0,2024
45000,Yes,No,Daily Wage Worker,Factory Worker,Diploma,Semi-Urban,72.3,Management,0,2024
35000,No,No,Government Job,Shopkeeper,HighSchool,Rural,75.4,Management,1,2021
12000,Yes,No,Shopkeeper,Homemaker,Postgraduate,Semi-Urban,73.6,Merit,0,2022
35000,No,Yes,Engineer,Teacher,Diploma,Rural,50.9,SC/ST,1,2021
8000,Yes,Yes,Shopkeeper,Government Job,Diploma,Rural,48.0,Merit,1,2023
12000,Yes,No,Farmer,Government Job,No Formal Education,Rural,57.7,Merit,1,2023
75000,No,No,Teacher,Farmer,HighSchool,Rural,79.6,OBC,0,2023
18000,Yes,No,Engineer,Farmer,Diploma,Rural,91.0,Management,0,2024
12000,Yes,No,Small Business,Homemaker,Graduate,Urban,49.1,OBC,0,2024
25000,Yes,Yes,Doctor,Teacher,Postgraduate,Rural,44.9,Merit,0,2021
18000,Yes,No,Teacher,Shopkeeper,Graduate,Semi-Urban,90.0,NRI,0,2023
45000,No,No,Daily Wage Worker,Homemaker,HighSchool,Rural,61.2,Merit,1,2021
100000,Yes,No,Teacher,Shopkeeper,Diploma,Semi-Urban,54.9,Management,0,2024
25000,Yes,Yes,Government Job,Homemaker,Primary School,Semi-Urban,40.5,Merit,1,2022
25000,No,No,Driver,Shopkeeper,Primary School,Rural,51.8,OBC,1,2023
18000,Yes,No,Farmer,Homemaker,HighSchool,Urban,42.5,SC/ST,1,2024
25000,No,No,Small Business,Nurse,No Formal Education,Semi-Urban,80.9,SC/ST,1,2024
12000,Yes,Yes,Shopkeeper,Government Job,Primary School,Urban,44.1,Merit,0,2024
3000,No,No,Small Business,Factory Worker,No Formal Education,Urban,84.3,NRI,1,2022
60000,No,No,Farmer,Homemaker,HighSchool,Rural,80.5,Merit,1,2024
18000,No,No,Doctor,Farmer,Graduate,Urban,42.0,Management,0,2021
25000,Yes,No,Teacher,Government Job,HighSchool,Urban,98.6,Merit,0,2024
5000,Yes,Yes,Doctor,Government Job,Postgraduate,Semi-Urban,97.8,Management,0,2021
60000,No,Yes,Engineer,Nurse,Postgraduate,Urban,95.9,SC/ST,0,2022
8000,No,No,Farmer,Shopkeeper,Postgraduate,Semi-Urban,54.5,OBC,1,2024
18000,Yes,Yes,Small Business,Factory Worker,HighSchool,Semi-Urban,79.4,OBC,0,2021
60000,Yes,Yes,Daily Wage Worker,Farmer,HighSchool,Rural,66.4,Merit,1,2021
18000,No,No,Driver,Daily Wage Worker,Diploma,Urban,59.7,NRI,0,2023
75000,Yes,No,Small Business,Teacher,Diploma,Urban,65.1,SC/ST,0,2024
8000,No,Yes,Teacher,Factory Worker,Primary School,Rural,81.1,SC/ST,1,2024
35000,No,Yes,Small Business,Farmer,HighSchool,Semi-Urban,46.4,Management,1,2023
100000,No,No,Teacher,Factory Worker,Graduate,Rural,66.2,Merit,0,2022
25000,Yes,No,Daily Wage Worker,Factory Worker,Graduate,Urban,95.3,Merit,0,2022
35000,No,Yes,Daily Wage Worker,Nurse,HighSchool,Rural,76.1,SC/ST,1,2022
18000,Yes,No,Government Job,Factory Worker,HighSchool,Rural,94.1,SC/ST,1,2024
45000,No,No,Small Business,Nurse,Graduate,Urban,41.5,SC/ST,1,2024
75000,Yes,No,Government Job,Factory Worker,Graduate,Semi-Urban,73.5,Management,0,2022
35000,No,Yes,Small Business,Government Job,Graduate,Semi-Urban,81.1,Merit,0,2022
75000,No,Yes,Teacher,Factory Worker,Graduate,Semi-Urban,60.0,OBC,0,2024
25000,No,No,Engineer,Homemaker,Graduate,Urban,47.3,Management,0,2023
25000,No,No,Farmer,Factory Worker,HighSchool,Rural,45.3,OBC,1,2023
12000,No,No,Shopkeeper,Factory Worker,HighSchool,Rural,71.9,Management,1,2021
35000,Yes,Yes,Teacher,Farmer,No Formal Education,Semi-Urban,51.4,Sports,1,2021
60000,Yes,No,Engineer,Factory Worker,Diploma,Semi-Urban,43.0,Sports,0,2023
35000,Yes,No,Doctor,Government Job,Postgraduate,Semi-Urban,89.0,Sports,0,2023
12000,No,No,Government Job,Teacher,Graduate,Semi-Urban,87.5,Merit,0,2023
25000,Yes,No,Government Job,Daily Wage Worker,Graduate,Semi-Urban,84.1,OBC,0,2023
45000,No,No,Daily Wage Worker,Daily Wage Worker,HighSchool,Rural,72.3,Merit,1,2022
75000,Yes,Yes,Driver,Farmer,Graduate,Rural,70.5,Management,0,2024
8000,Yes,Yes,Government Job,Homemaker,HighSchool,Semi-Urban,72.4,Merit,0,2022
8000,No,No,Teacher,Daily Wage Worker,HighSchool,Rural,85.6,SC/ST,1,2023
18000,No,Yes,Daily Wage Worker,Government Job,Graduate,Urban,79.0,Management,1,2023
8000,Yes,Yes,Daily Wage Worker,Teacher,No Formal Education,Urban,48.5,Merit,1,2021
100000,No,Yes,Government Job,Factory Worker,HighSchool,Rural,60.5,NRI,0,2024
18000,Yes,Yes,Daily Wage Worker,Homemaker,Primary School,Rural,80.3,OBC,1,2023
25000,Yes,Yes,Shopkeeper,Homemaker,HighSchool,Rural,72.5,Merit,0,2022
12000,No,No,Daily Wage Worker,Teacher,HighSchool,Semi-Urban,95.0,Management,1,2022
18000,No,No,Doctor,Shopkeeper,Graduate,Urban,56.4,Merit,0,2021
100000,No,No,Government Job,Teacher,HighSchool,Rural,82.6,NRI,0,2022
25000,Yes,No,Small Business,Farmer,No Formal Education,Rural,81.9,NRI,0,2024
3000,No,Yes,Farmer,Homemaker,Diploma,Semi-Urban,84.6,Merit,1,2022
12000,No,No,Small Business,Government Job,HighSchool,Semi-Urban,77.9,Merit,1,2021
100000,No,Yes,Daily Wage Worker,Nurse,Graduate,Semi-Urban,92.4,Merit,0,2022
100000,Yes,Yes,Doctor,Shopkeeper,Graduate,Urban,86.1,Management,0,2021
12000,Yes,No,Small Business,Shopkeeper,Graduate,Urban,88.1,Management,0,2024
35000,Yes,Yes,Daily Wage Worker,Government Job,Graduate,Semi-Urban,66.3,Merit,0,2021
5000,Yes,Yes,Farmer,Homemaker,Graduate,Rural,44.1,OBC,1,2022
25000,Yes,No,Driver,Homemaker,HighSchool,Semi-Urban,72.3,Merit,0,2023
8000,Yes,Yes,Small Business,Homemaker,Graduate,Semi-Urban,68.3,Merit,0,2022
45000,No,No,Doctor,Shopkeeper,Diploma,Rural,94.8,SC/ST,1,2021
75000,No,No,Engineer,Factory Worker,Diploma,Urban,80.0,Merit,0,2024
8000,Yes,No,Engineer,Homemaker,Graduate,Urban,86.7,Management,0,2022
18000,No,No,Driver,Homemaker,Graduate,Semi-Urban,81.2,Merit,1,2021
5000,No,No,Factory Worker,Nurse,Diploma,Urban,77.5,Management,1,2021
12000,Yes,Yes,Doctor,Shopkeeper,Postgraduate,Semi-Urban,93.9,OBC,0,2024
5000,Yes,Yes,Small Business,Teacher,Diploma,Urban,44.0,Sports,0,2023
12000,No,No,Driver,Homemaker,Diploma,Urban,91.6,Merit,0,2022
100000,No,No,Daily Wage Worker,Farmer,Diploma,Urban,87.4,Merit,0,2022
5000,No,No,Doctor,Nurse,Graduate,Rural,98.6,Management,0,2024
60000,No,No,Teacher,Shopkeeper,Postgraduate,Semi-Urban,48.0,Merit,0,2022
5000,No,No,Shopkeeper,Daily Wage Worker,Graduate,Semi-Urban,89.7,Management,1,2021
25000,No,No,Farmer,Factory Worker,HighSchool,Urban,54.4,Management,1,2023
18000,Yes,Yes,Small Business,Homemaker,Diploma,Urban,43.6,SC/ST,1,2024
75000,No,Yes,Daily Wage Worker,Nurse,HighSchool,Rural,54.8,Merit,1,2022
8000,No,No,Small Business,Nurse,Graduate,Urban,48.8,SC/ST,1,2021
8000,Yes,Yes,Shopkeeper,Nurse,Postgraduate,Rural,56.9,Sports,1,2024
45000,No,Yes,Daily Wage Worker,Shopkeeper,Postgraduate,Urban,94.0,OBC,0,2024
45000,No,No,Factory Worker,Teacher,Diploma,Rural,78.7,Management,0,2024
35000,No,No,Shopkeeper,Government Job,HighSchool,Semi-Urban,73.7,Merit,0,2022
3000,Yes,No,Farmer,Government Job,Diploma,Semi-Urban,91.5,Sports,1,2023
12000,No,No,Government Job,Farmer,HighSchool,Urban,93.0,Sports,1,2022
60000,No,No,Driver,Nurse,Postgraduate,Semi-Urban,96.8,SC/ST,0,2021
35000,Yes,No,Factory Worker,Government Job,HighSchool,Rural,91.7,Merit,1,2023
35000,Yes,No,Daily Wage Worker,Nurse,Graduate,Semi-Urban,88.3,Merit,0,2022
12000,Yes,No,Driver,Factory Worker,Diploma,Semi-Urban,41.9,Merit,1,2024
12000,Yes,No,Driver,Nurse,Graduate,Rural,72.9,Merit,0,2024
75000,Yes,No,Government Job,Teacher,Postgraduate,Rural,63.1,Merit,0,2021
45000,No,No,Engineer,Homemaker,Graduate,Urban,43.7,SC/ST,0,2021
8000,No,No,Government Job,Factory Worker,Graduate,Rural,45.4,SC/ST,1,2021
75000,No,No,Doctor,Homemaker,No Formal Education,Rural,65.3,Merit,0,2021
25000,No,No,Factory Worker,Shopkeeper,Primary School,Semi-Urban,95.8,Sports,1,2022
12000,No,Yes,Teacher,Homemaker,Diploma,Rural,66.8,SC/ST,1,2024
18000,No,No,Shopkeeper,Factory Worker,HighSchool,Semi-Urban,85.6,Merit,0,2023
45000,Yes,Yes,Daily Wage Worker,Homemaker,Graduate,Rural,52.5,OBC,1,2023
18000,Yes,Yes,Shopkeeper,Nurse,Diploma,Rural,53.9,Merit,1,2022
25000,No,No,Shopkeeper,Farmer,HighSchool,Semi-Urban,89.7,Merit,0,2022
35000,No,No,Government Job,Nurse,Graduate,Semi-Urban,57.1,Management,0,2022
8000,No,Yes,Farmer,Shopkeeper,Postgraduate,Rural,78.3,OBC,1,2024
75000,No,No,Small Business,Shopkeeper,Postgraduate,Semi-Urban,40.1,Merit,0,2021
18000,No,Yes,Shopkeeper,Shopkeeper,HighSchool,Urban,41.7,Management,1,2023
18000,No,Yes,Daily Wage Worker,Farmer,HighSchool,Urban,68.0,SC/ST,1,2023
35000,No,No,Daily Wage Worker,Homemaker,HighSchool,Rural,74.8,Sports,1,2022
35000,Yes,No,Daily Wage Worker,Factory Worker,Postgraduate,Semi-Urban,44.6,OBC,1,2022
18000,No,Yes,Farmer,Farmer,Graduate,Semi-Urban,86.5,Merit,1,2022
35000,Yes,No,Factory Worker,Factory Worker,Postgraduate,Rural,43.9,Sports,1,2022
75000,No,No,Daily Wage Worker,Homemaker,Postgraduate,Semi-Urban,78.9,Merit,0,2023
45000,No,Yes,Shopkeeper,Daily Wage Worker,HighSchool,Semi-Urban,79.8,Merit,1,2022
60000,No,No,Government Job,Daily Wage Worker,Diploma,Urban,65.9,Merit,0,2023
12000,Yes,Yes,Doctor,Government Job,Diploma,Rural,67.3,Management,0,2024
18000,No,Yes,Doctor,Farmer,Diploma,Semi-Urban,40.1,NRI,1,2021
25000,No,No,Driver,Farmer,Postgraduate,Urban,71.5,SC/ST,1,2023
5000,Yes,No,Teacher,Nurse,HighSchool,Semi-Urban,57.8,NRI,0,2024
45000,No,No,Daily Wage Worker,Government Job,Graduate,Urban,53.4,Merit,1,2024
12000,No,Yes,Driver,Homemaker,HighSchool,Urban,46.4,SC/ST,1,2022
12000,Yes,No,Daily Wage Worker,Nurse,Graduate,Urban,76.2,OBC,1,2022
12000,No,No,Doctor,Homemaker,HighSchool,Urban,90.5,Merit,0,2022
12000,Yes,Yes,Driver,Daily Wage Worker,Diploma,Rural,47.4,Merit,1,2024
12000,No,No,Doctor,Government Job,Graduate,Urban,83.0,OBC,0,2024
35000,Yes,No,Engineer,Farmer,Diploma,Rural,68.3,Merit,0,2023
25000,No,Yes,Government Job,Shopkeeper,Postgraduate,Urban,40.6,Management,1,2021
12000,Yes,No,Factory Worker,Homemaker,Graduate,Semi-Urban,68.9,Merit,0,2021
8000,Yes,No,Teacher,Daily Wage Worker,Primary School,Urban,89.9,SC/ST,0,2022
60000,Yes,No,Driver,Farmer,HighSchool,Rural,96.5,Management,0,2023
5000,Yes,No,Shopkeeper,Shopkeeper,HighSchool,Rural,67.5,Merit,1,2022
25000,Yes,No,Doctor,Nurse,HighSchool,Rural,66.5,Merit,0,2024
25000,No,No,Government Job,Teacher,HighSchool,Rural,60.3,Merit,1,2023
25000,No,Yes,Doctor,Farmer,HighSchool,Rural,62.3,OBC,1,2023
60000,No,No,Government Job,Shopkeeper,Postgraduate,Rural,68.1,Merit,0,2021
35000,No,No,Small Business,Homemaker,Postgraduate,Urban,44.7,OBC,0,2023
100000,No,Yes,Government Job,Nurse,HighSchool,Urban,78.2,Merit,0,2021
60000,Yes,No,Engineer,Teacher,Graduate,Semi-Urban,61.1,NRI,0,2024
12000,Yes,Yes,Small Business,Farmer,HighSchool,Urban,79.0,Merit,1,2021
12000,Yes,No,Government Job,Nurse,Diploma,Rural,77.3,Management,0,2021
12000,No,No,Doctor,Daily Wage Worker,HighSchool,Urban,92.3,Management,0,2024
18000,Yes,No,Farmer,Homemaker,HighSchool,Semi-Urban,56.6,Merit,1,2024
25000,Yes,No,Farmer,Homemaker,Diploma,Rural,95.2,Management,1,2021
12000,Yes,Yes,Factory Worker,Daily Wage Worker,Graduate,Semi-Urban,78.9,SC/ST,1,2021
12000,Yes,Yes,Driver,Homemaker,Diploma,Urban,76.7,OBC,0,2023
18000,No,No,Government Job,Nurse,Graduate,Rural,72.7,Merit,0,2024
35000,No,No,Farmer,Daily Wage Worker,Primary School,Rural,52.0,Management,1,2021
35000,Yes,No,Engineer,Government Job,Graduate,Urban,40.4,Management,0,2022
100000,Yes,No,Farmer,Teacher,Primary School,Rural,72.9,Merit,0,2023
8000,Yes,No,Driver,Nurse,Primary School,Semi-Urban,94.0,Merit,0,2023
18000,Yes,No,Daily Wage Worker,Homemaker,HighSchool,Rural,90.0,Sports,1,2021
100000,Yes,No,Doctor,Government Job,Primary School,Rural,44.6,OBC,0,2021
35000,Yes,No,Government Job,Farmer,Graduate,Urban,58.3,Sports,0,2023
25000,Yes,Yes,Engineer,Daily Wage Worker,Diploma,Urban,68.2,SC/ST,0,2024
25000,Yes,No,Factory Worker,Farmer,Graduate,Semi-Urban,68.8,OBC,0,2024
5000,No,No,Small Business,Daily Wage Worker,No Formal Education,Urban,50.9,SC/ST,1,2024
60000,No,No,Shopkeeper,Nurse,HighSchool,Rural,80.3,Merit,0,2024
35000,No,Yes,Shopkeeper,Teacher,Diploma,Rural,68.6,NRI,1,2023
25000,No,Yes,Engineer,Teacher,Primary School,Rural,90.7,Merit,0,2023
25000,Yes,No,Government Job,Shopkeeper,HighSchool,Rural,54.8,Merit,0,2021
18000,Yes,Yes,Small Business,Nurse,No Formal Education,Semi-Urban,93.7,Merit,0,2024
12000,No,Yes,Driver,Shopkeeper,Postgraduate,Urban,88.7,Merit,0,2023
45000,No,No,Factory Worker,Shopkeeper,Diploma,Rural,64.5,SC/ST,1,2024
25000,No,No,Engineer,Teacher,No Formal Education,Urban,87.8,Management,1,2024
3000,Yes,Yes,Teacher,Nurse,Diploma,Semi-Urban,77.4,Merit,0,2022
18000,Yes,No,Government Job,Homemaker,Postgraduate,Rural,66.8,OBC,1,2024
75000,No,No,Teacher,Homemaker,HighSchool,Semi-Urban,70.2,OBC,0,2022
18000,No,No,Driver,Daily Wage Worker,HighSchool,Semi-Urban,72.4,Sports,1,2021
18000,Yes,No,Engineer,Farmer,Postgraduate,Urban,53.4,Sports,0,2022
35000,No,Yes,Teacher,Shopkeeper,Postgraduate,Urban,49.0,Management,0,2022
45000,Yes,Yes,Doctor,Teacher,Diploma,Semi-Urban,86.4,Merit,0,2022
35000,Yes,Yes,Daily Wage Worker,Nurse,HighSchool,Semi-Urban,45.1,Management,1,2022
60000,No,Yes,Daily Wage Worker,Teacher,HighSchool,Semi-Urban,80.6,Merit,1,2023
8000,No,Yes,Small Business,Nurse,Postgraduate,Rural,91.9,SC/ST,1,2023
75000,No,No,Small Business,Government Job,Graduate,Urban,65.7,Sports,0,2022
75000,No,Yes,Farmer,Shopkeeper,HighSchool,Rural,85.7,Sports,1,2023
25000,No,No,Shopkeeper,Daily Wage Worker,No Formal Education,Semi-Urban,91.0,Merit,1,2024
35000,No,No,Teacher,Homemaker,Primary School,Urban,56.7,Merit,0,2024
12000,No,Yes,Daily Wage Worker,Factory Worker,Graduate,Rural,54.8,Merit,1,2023
18000,Yes,Yes,Shopkeeper,Nurse,Graduate,Semi-Urban,71.4,Merit,0,2024
8000,No,No,Government Job,Nurse,HighSchool,Rural,93.6,Management,1,2022
3000,Yes,No,Shopkeeper,Shopkeeper,Graduate,Rural,81.0,Merit,0,2021
100000,No,No,Small Business,Factory Worker,Graduate,Semi-Urban,50.8,Management,0,2024
12000,No,Yes,Daily Wage Worker,Homemaker,Graduate,Urban,63.6,Management,1,2023
25000,No,No,Farmer,Factory Worker,HighSchool,Rural,74.2,Sports,1,2023
12000,No,No,Government Job,Government Job,Postgraduate,Urban,61.9,Merit,0,2024
18000,No,No,Shopkeeper,Shopkeeper,No Formal Education,Semi-Urban,51.4,Merit,1,2022
18000,Yes,Yes,Doctor,Factory Worker,Diploma,Urban,87.9,SC/ST,0,2022
12000,Yes,Yes,Farmer,Farmer,HighSchool,Urban,80.7,Merit,0,2024
35000,No,Yes,Government Job,Teacher,Graduate,Semi-Urban,86.4,OBC,0,2024
100000,No,Yes,Engineer,Factory Worker,Graduate,Semi-Urban,49.6,OBC,0,2022
18000,No,No,Doctor,Homemaker,HighSchool,Semi-Urban,49.0,Merit,0,2022
100000,Yes,No,Driver,Daily Wage Worker,Diploma,Urban,45.6,Merit,0,2021
35000,No,No,Daily Wage Worker,Daily Wage Worker,Diploma,Urban,78.7,Merit,0,2021
35000,No,No,Daily Wage Worker,Teacher,Diploma,Semi-Urban,93.3,Sports,1,2024
12000,Yes,Yes,Factory Worker,Nurse,No Formal Education,Urban,90.4,Management,1,2022
5000,Yes,No,Farmer,Government Job,HighSchool,Semi-Urban,55.3,SC/ST,1,2023
60000,Yes,Yes,Teacher,Farmer,Postgraduate,Urban,59.9,OBC,0,2024
25000,No,No,Government Job,Shopkeeper,HighSchool,Semi-Urban,68.3,OBC,0,2021
18000,No,No,Government Job,Shopkeeper,Diploma,Rural,41.1,SC/ST,1,2022
45000,No,Yes,Farmer,Farmer,HighSchool,Semi-Urban,79.7,Merit,1,2021
12000,Yes,No,Factory Worker,Government Job,Graduate,Urban,52.8,NRI,0,2023
45000,Yes,No,Farmer,Teacher,Graduate,Semi-Urban,88.0,Merit,0,2024
12000,No,Yes,Daily Wage Worker,Homemaker,Graduate,Semi-Urban,70.4,Management,1,2021
75000,Yes,No,Doctor,Farmer,Graduate,Urban,49.2,SC/ST,0,2021
12000,No,No,Farmer,Daily Wage Worker,Diploma,Urban,84.2,Merit,1,2023
8000,Yes,No,Farmer,Nurse,Postgraduate,Rural,87.7,Sports,0,2023
35000,No,Yes,Small Business,Farmer,Graduate,Rural,90.5,Merit,1,2023
8000,No,No,Teacher,Teacher,Graduate,Urban,46.2,Merit,0,2021
75000,No,No,Factory Worker,Daily Wage Worker,Graduate,Rural,67.7,Merit,1,2021
35000,Yes,No,Shopkeeper,Nurse,Diploma,Urban,43.1,Management,0,2024
12000,No,No,Shopkeeper,Teacher,Graduate,Semi-Urban,96.5,SC/ST,1,2022
8000,No,Yes,Small Business,Farmer,Graduate,Semi-Urban,67.6,Management,1,2021
75000,Yes,No,Small Business,Government Job,Postgraduate,Urban,85.0,Merit,0,2024
35000,Yes,Yes,Small Business,Teacher,Postgraduate,Urban,54.8,Management,0,2023
60000,Yes,Yes,Farmer,Nurse,Diploma,Rural,52.4,Merit,1,2024
8000,Yes,No,Daily Wage Worker,Government Job,Graduate,Rural,68.4,Merit,1,2024
75000,Yes,Yes,Doctor,Farmer,HighSchool,Urban,75.9,Merit,0,2021
25000,Yes,Yes,Daily Wage Worker,Nurse,Postgraduate,Urban,56.1,Sports,1,2023
35000,No,Yes,Daily Wage Worker,Factory Worker,Graduate,Rural,60.6,SC/ST,1,2023
18000,No,Yes,Government Job,Government Job,Postgraduate,Rural,64.5,Merit,1,2022
5000,No,No,Driver,Homemaker,Graduate,Semi-Urban,40.6,SC/ST,1,2024
75000,No,No,Engineer,Daily Wage Worker,Graduate,Semi-Urban,54.2,SC/ST,0,2022
100000,No,No,Government Job,Homemaker,Primary School,Urban,85.6,Sports,0,2021
18000,No,Yes,Farmer,Farmer,Graduate,Urban,88.0,Management,1,2024
75000,No,No,Teacher,Daily Wage Worker,HighSchool,Semi-Urban,83.4,SC/ST,0,2023
8000,Yes,Yes,Government Job,Daily Wage Worker,Diploma,Semi-Urban,48.2,Management,1,2023
8000,Yes,Yes,Shopkeeper,Shopkeeper,HighSchool,Semi-Urban,48.4,Management,1,2023
5000,Yes,No,Farmer,Daily Wage Worker,HighSchool,Semi-Urban,58.3,SC/ST,1,2024
18000,Yes,Yes,Factory Worker,Factory Worker,Graduate,Urban,52.6,Merit,0,2023
5000,No,No,Teacher,Farmer,Diploma,Rural,41.3,SC/ST,1,2021
18000,No,No,Government Job,Government Job,HighSchool,Semi-Urban,53.1,Merit,0,2022
8000,No,Yes,Government Job,Nurse,Graduate,Rural,68.6,Management,1,2024
45000,No,No,Shopkeeper,Government Job,Primary School,Urban,75.9,SC/ST,1,2024
60000,No,No,Factory Worker,Government Job,HighSchool,Urban,45.3,Merit,0,2021
35000,Yes,Yes,Daily Wage Worker,Government Job,HighSchool,Rural,62.2,Merit,1,2021
8000,No,Yes,Doctor,Government Job,HighSchool,Urban,62.2,Merit,0,2022
45000,No,Yes,Factory Worker,Government Job,Postgraduate,Semi-Urban,47.8,Merit,1,2024
12000,No,No,Government Job,Daily Wage Worker,Graduate,Urban,95.9,Merit,0,2023
45000,No,No,Teacher,Nurse,Graduate,Urban,98.6,SC/ST,0,2023
25000,Yes,No,Teacher,Homemaker,Graduate,Urban,46.7,NRI,0,2024
18000,Yes,No,Government Job,Factory Worker,HighSchool,Rural,56.1,Management,1,2022
5000,Yes,Yes,Daily Wage Worker,Factory Worker,Graduate,Urban,40.7,Merit,1,2023
60000,Yes,No,Daily Wage Worker,Daily Wage Worker,Graduate,Urban,86.6,Merit,0,2023
75000,No,Yes,Teacher,Homemaker,Diploma,Urban,64.7,OBC,0,2021
35000,No,No,Factory Worker,Government Job,Diploma,Urban,97.9,Merit,0,2022
100000,Yes,No,Government Job,Homemaker,HighSchool,Urban,69.2,Management,0,2021
75000,No,No,Engineer,Government Job,Primary School,Semi-Urban,44.0,SC/ST,1,2022
8000,No,No,Doctor,Farmer,No Formal Education,Rural,88.4,Merit,1,2024
45000,No,No,Driver,Teacher,Graduate,Semi-Urban,86.2,Sports,0,2021
12000,Yes,Yes,Doctor,Factory Worker,HighSchool,Rural,51.9,Management,1,2022
25000,No,Yes,Doctor,Homemaker,Graduate,Rural,50.7,Management,1,2023
8000,Yes,Yes,Doctor,Nurse,Diploma,Rural,95.1,Sports,0,2023
100000,No,No,Farmer,Shopkeeper,Diploma,Semi-Urban,98.7,Sports,0,2021
45000,No,Yes,Factory Worker,Daily Wage Worker,Graduate,Urban,82.3,Management,1,2024
12000,No,Yes,Shopkeeper,Government Job,HighSchool,Urban,50.1,Merit,1,2022
18000,No,No,Farmer,Teacher,Postgraduate,Urban,51.7,Sports,1,2023
18000,No,Yes,Daily Wage Worker,Shopkeeper,HighSchool,Rural,79.3,Merit,1,2023
45000,Yes,Yes,Engineer,Factory Worker,Graduate,Urban,45.1,OBC,0,2021
75000,No,Yes,Factory Worker,Shopkeeper,HighSchool,Urban,51.8,Merit,0,2022
12000,No,Yes,Daily Wage Worker,Nurse,Diploma,Urban,40.5,SC/ST,1,2024
18000,No,No,Factory Worker,Shopkeeper,Diploma,Rural,71.9,SC/ST,1,2022
25000,No,No,Small Business,Farmer,HighSchool,Urban,76.4,SC/ST,1,2024
18000,Yes,No,Farmer,Shopkeeper,HighSchool,Semi-Urban,97.2,Merit,1,2023
25000,No,No,Farmer,Government Job,Diploma,Semi-Urban,45.7,Sports,1,2024
5000,Yes,No,Doctor,Homemaker,Graduate,Rural,94.1,Merit,0,2023
8000,No,No,Doctor,Farmer,Diploma,Urban,58.0,Management,1,2023
18000,No,Yes,Engineer,Factory Worker,Primary School,Urban,92.0,SC/ST,1,2023
75000,Yes,No,Teacher,Factory Worker,HighSchool,Urban,80.0,Merit,0,2021
12000,No,Yes,Driver,Nurse,Postgraduate,Rural,59.5,Management,1,2023
12000,Yes,Yes,Driver,Teacher,Primary School,Rural,92.2,SC/ST,1,2023
45000,No,No,Factory Worker,Nurse,Graduate,Urban,75.2,SC/ST,1,2021
75000,No,No,Doctor,Teacher,HighSchool,Urban,78.6,SC/ST,0,2023
18000,Yes,Yes,Small Business,Factory Worker,Diploma,Urban,92.6,Merit,0,2022
3000,No,No,Factory Worker,Homemaker,HighSchool,Urban,66.8,Merit,1,2022
35000,Yes,No,Teacher,Factory Worker,Postgraduate,Rural,46.6,Merit,0,2023
18000,Yes,Yes,Driver,Nurse,Diploma,Semi-Urban,44.8,SC/ST,1,2023
35000,No,No,Factory Worker,Factory Worker,HighSchool,Rural,59.1,Management,1,2021
12000,No,No,Farmer,Daily Wage Worker,Graduate,Semi-Urban,90.6,OBC,1,2024
3000,Yes,Yes,Doctor,Shopkeeper,Primary School,Rural,96.1,Sports,0,2024
12000,No,No,Factory Worker,Teacher,Postgraduate,Semi-Urban,73.3,OBC,1,2022
35000,Yes,No,Shopkeeper,Nurse,HighSchool,Semi-Urban,73.7,Merit,0,2021
18000,No,No,Government Job,Nurse,Postgraduate,Urban,54.6,Merit,0,2023
12000,No,No,Driver,Nurse,Graduate,Rural,92.1,Merit,0,2024
18000,No,No,Small Business,Nurse,HighSchool,Urban,63.0,NRI,1,2023
45000,Yes,No,Government Job,Homemaker,Postgraduate,Rural,68.5,OBC,0,2022
8000,Yes,No,Shopkeeper,Government Job,Postgraduate,Urban,96.6,OBC,0,2023
35000,Yes,Yes,Farmer,Teacher,Graduate,Semi-Urban,87.0,Merit,0,2024
35000,No,Yes,Small Business,Factory Worker,Diploma,Rural,85.1,Management,1,2023
18000,No,No,Driver,Shopkeeper,Graduate,Urban,66.6,Merit,0,2021
100000,No,Yes,Shopkeeper,Daily Wage Worker,Primary School,Rural,48.5,Management,0,2023
60000,No,No,Farmer,Government Job,Postgraduate,Semi-Urban,60.6,SC/ST,0,2021
12000,No,Yes,Driver,Shopkeeper,HighSchool,Urban,65.5,SC/ST,1,2023
3000,Yes,No,Doctor,Teacher,Graduate,Semi-Urban,87.1,SC/ST,0,2021
12000,No,Yes,Driver,Shopkeeper,Graduate,Urban,85.4,Merit,0,2024
8000,No,Yes,Engineer,Farmer,Postgraduate,Semi-Urban,94.3,SC/ST,1,2022
25000,Yes,No,Doctor,Shopkeeper,Graduate,Rural,44.2,Merit,1,2024
75000,No,No,Small Business,Shopkeeper,Graduate,Urban,66.0,Merit,0,2024
60000,Yes,No,Doctor,Nurse,Graduate,Urban,89.0,SC/ST,0,2022
12000,No,No,Engineer,Teacher,Graduate,Rural,67.6,Merit,0,2024
18000,No,No,Engineer,Nurse,No Formal Education,Rural,53.7,OBC,1,2023
3000,Yes,Yes,Small Business,Homemaker,Postgraduate,Rural,87.1,Merit,0,2022
25000,Yes,No,Engineer,Farmer,Diploma,Semi-Urban,43.0,OBC,0,2022
5000,Yes,No,Farmer,Government Job,Graduate,Urban,61.4,Sports,0,2024
75000,No,Yes,Driver,Farmer,HighSchool,Urban,80.5,Merit,0,2024
60000,No,Yes,Engineer,Teacher,Diploma,Urban,49.5,Management,0,2024
12000,Yes,No,Government Job,Factory Worker,Diploma,Rural,89.5,Merit,0,2024
35000,No,Yes,Shopkeeper,Shopkeeper,Postgraduate,Semi-Urban,63.4,SC/ST,1,2024
25000,Yes,Yes,Engineer,Factory Worker,HighSchool,Semi-Urban,62.5,Management,1,2024
45000,No,Yes,Factory Worker,Teacher,Diploma,Rural,96.0,OBC,1,2022
18000,No,No,Shopkeeper,Shopkeeper,Primary School,Semi-Urban,48.7,NRI,1,2022
8000,No,No,Driver,Nurse,Diploma,Semi-Urban,65.7,SC/ST,1,2021
35000,Yes,No,Government Job,Nurse,Diploma,Urban,70.2,SC/ST,0,2023
5000,No,Yes,Doctor,Teacher,Primary School,Urban,45.7,SC/ST,1,2021
25000,Yes,Yes,Driver,Government Job,Graduate,Semi-Urban,58.6,Management,0,2024
12000,No,Yes,Doctor,Daily Wage Worker,Graduate,Semi-Urban,71.4,SC/ST,1,2024
35000,No,No,Small Business,Nurse,Graduate,Urban,94.4,SC/ST,1,2021
60000,No,No,Doctor,Government Job,Graduate,Rural,67.7,NRI,0,2023
5000,Yes,Yes,Daily Wage Worker,Homemaker,Primary School,Rural,73.0,OBC,1,2023
18000,Yes,No,Driver,Teacher,Graduate,Urban,79.8,Merit,0,2023
45000,No,No,Doctor,Teacher,Graduate,Urban,48.6,Merit,0,2021
8000,No,Yes,Small Business,Shopkeeper,Graduate,Urban,48.7,Merit,1,2021
25000,Yes,Yes,Engineer,Factory Worker,Graduate,Urban,68.2,SC/ST,0,2023
35000,No,No,Daily Wage Worker,Factory Worker,Graduate,Urban,76.8,Sports,0,2021
18000,Yes,Yes,Factory Worker,Nurse,Graduate,Rural,58.7,NRI,1,2022
60000,Yes,No,Doctor,Factory Worker,Postgraduate,Semi-Urban,44.8,Merit,0,2024
25000,No,No,Daily Wage Worker,Homemaker,Graduate,Semi-Urban,84.6,Merit,1,2023
35000,Yes,No,Engineer,Farmer,Primary School,Semi-Urban,81.3,Sports,0,2024
8000,Yes,No,Daily Wage Worker,Shopkeeper,Graduate,Urban,93.6,Merit,0,2021
3000,No,No,Government Job,Teacher,Graduate,Semi-Urban,86.7,OBC,0,2021
5000,No,No,Driver,Teacher,Graduate,Rural,83.7,OBC,1,2024
75000,No,No,Teacher,Teacher,HighSchool,Rural,70.8,Merit,0,2024
60000,Yes,No,Engineer,Farmer,Primary School,Urban,95.3,OBC,0,2023
45000,Yes,No,Doctor,Government Job,Graduate,Semi-Urban,80.6,SC/ST,0,2024
8000,No,Yes,Doctor,Homemaker,No Formal Education,Rural,46.6,Sports,1,2022
25000,No,No,Daily Wage Worker,Factory Worker,Diploma,Semi-Urban,85.9,Merit,1,2024
45000,No,No,Small Business,Shopkeeper,Diploma,Rural,53.3,SC/ST,1,2024
35000,No,No,Driver,Government Job,No Formal Education,Rural,87.6,Merit,1,2022
8000,No,No,Shopkeeper,Nurse,Graduate,Rural,98.4,Merit,1,2023
60000,No,Yes,Farmer,Teacher,Primary School,Urban,47.7,Merit,1,2021
8000,No,Yes,Shopkeeper,Shopkeeper,HighSchool,Rural,44.7,Merit,1,2022
8000,Yes,No,Daily Wage Worker,Homemaker,Postgraduate,Rural,86.1,Management,1,2022
75000,Yes,No,Doctor,Teacher,Graduate,Rural,87.1,OBC,0,2022
25000,No,No,Driver,Teacher,Postgraduate,Urban,79.8,Merit,0,2022
18000,Yes,No,Small Business,Farmer,Diploma,Rural,67.5,NRI,0,2022
25000,No,Yes,Shopkeeper,Farmer,Graduate,Semi-Urban,90.6,Sports,0,2023
100000,No,No,Shopkeeper,Farmer,No Formal Education,Rural,79.1,Merit,0,2021
8000,Yes,Yes,Engineer,Government Job,HighSchool,Urban,91.0,Management,1,2022
45000,No,Yes,Driver,Teacher,HighSchool,Rural,59.7,Merit,1,2022
12000,No,No,Daily Wage Worker,Shopkeeper,Primary School,Semi-Urban,60.1,Sports,1,2024
8000,No,No,Doctor,Teacher,Postgraduate,Rural,76.0,Sports,0,2023
18000,Yes,Yes,Small Business,Shopkeeper,Diploma,Semi-Urban,80.6,SC/ST,1,2023
25000,No,Yes,Teacher,Nurse,Graduate,Rural,47.9,SC/ST,1,2024
8000,Yes,No,Small Business,Factory Worker,Diploma,Rural,49.4,Merit,1,2024
18000,No,Yes,Engineer,Teacher,HighSchool,Semi-Urban,89.1,Merit,0,2023
35000,No,No,Factory Worker,Homemaker,Postgraduate,Urban,73.9,Merit,0,2023
25000,No,No,Small Business,Teacher,Graduate,Urban,53.5,Merit,0,2021
45000,Yes,Yes,Driver,Farmer,Primary School,Urban,59.7,OBC,1,2021
60000,No,No,Teacher,Government Job,Diploma,Semi-Urban,88.2,OBC,0,2024
18000,Yes,No,Small Business,Government Job,No Formal Education,Semi-Urban,52.5,OBC,1,2022
18000,Yes,No,Teacher,Government Job,Graduate,Urban,75.7,Merit,0,2021
25000,No,Yes,Government Job,Teacher,Diploma,Rural,70.0,Merit,1,2022
25000,No,Yes,Doctor,Farmer,Postgraduate,Rural,96.4,Sports,0,2023
5000,No,Yes,Teacher,Nurse,Postgraduate,Rural,85.0,Management,0,2021
12000,Yes,Yes,Driver,Factory Worker,Primary School,Urban,82.3,Merit,0,2022
8000,Yes,No,Government Job,Homemaker,Primary School,Urban,84.4,Management,0,2023
18000,No,No,Engineer,Nurse,Postgraduate,Rural,95.9,Merit,0,2021
100000,Yes,No,Engineer,Homemaker,Diploma,Urban,55.1,Merit,0,2022
25000,No,No,Driver,Homemaker,Diploma,Urban,42.0,Management,1,2024
18000,Yes,Yes,Driver,Farmer,Graduate,Semi-Urban,57.1,Merit,0,2022
25000,Yes,No,Small Business,Teacher,Diploma,Rural,93.8,Merit,0,2023
35000,No,Yes,Farmer,Teacher,Graduate,Urban,81.2,Merit,0,2024
18000,No,No,Shopkeeper,Daily Wage Worker,Postgraduate,Rural,49.2,SC/ST,1,2023
18000,No,Yes,Farmer,Homemaker,Graduate,Rural,60.0,Merit,1,2022
35000,Yes,No,Small Business,Nurse,HighSchool,Semi-Urban,75.5,Management,0,2022
5000,No,Yes,Farmer,Shopkeeper,HighSchool,Rural,49.6,SC/ST,1,2024
25000,Yes,No,Farmer,Shopkeeper,Postgraduate,Urban,75.3,SC/ST,0,2024
25000,No,No,Daily Wage Worker,Daily Wage Worker,Graduate,Rural,44.4,Merit,1,2024
45000,No,Yes,Teacher,Factory Worker,Graduate,Urban,82.9,Management,0,2024
100000,Yes,Yes,Doctor,Homemaker,No Formal Education,Semi-Urban,57.7,Sports,0,2022
45000,No,No,Daily Wage Worker,Government Job,Postgraduate,Semi-Urban,65.2,Merit,1,2024
25000,Yes,Yes,Teacher,Shopkeeper,Diploma,Rural,40.8,Merit,1,2021
8000,No,No,Farmer,Homemaker,Postgraduate,Rural,78.0,Merit,1,2021
25000,No,Yes,Doctor,Shopkeeper,HighSchool,Rural,80.5,SC/ST,1,2022
60000,No,No,Factory Worker,Shopkeeper,HighSchool,Rural,91.6,NRI,0,2021
75000,No,Yes,Engineer,Shopkeeper,HighSchool,Rural,82.9,OBC,0,2024
60000,Yes,No,Government Job,Teacher,HighSchool,Semi-Urban,79.9,NRI,0,2021
8000,No,Yes,Driver,Factory Worker,Postgraduate,Semi-Urban,64.8,Merit,0,2022
35000,No,Yes,Driver,Daily Wage Worker,Diploma,Urban,44.3,SC/ST,1,2022
60000,No,Yes,Driver,Nurse,Graduate,Semi-Urban,78.0,Merit,0,2022
35000,Yes,Yes,Farmer,Teacher,Graduate,Rural,41.3,OBC,1,2021
35000,Yes,Yes,Small Business,Government Job,HighSchool,Urban,78.8,Management,0,2024
25000,Yes,No,Government Job,Daily Wage Worker,Graduate,Semi-Urban,44.4,Merit,0,2021
35000,Yes,No,Farmer,Nurse,Postgraduate,Rural,43.5,Sports,1,2023
12000,No,No,Government Job,Daily Wage Worker,Graduate,Rural,73.5,SC/ST,1,2023
5000,No,No,Small Business,Teacher,HighSchool,Rural,94.3,Merit,1,2021
60000,No,No,Engineer,Government Job,Postgraduate,Urban,82.7,SC/ST,0,2023
75000,No,Yes,Factory Worker,Homemaker,Diploma,Rural,81.3,Management,1,2021
60000,Yes,No,Engineer,Farmer,Postgraduate,Rural,86.9,Management,0,2022
12000,Yes,No,Factory Worker,Teacher,Graduate,Rural,67.2,Merit,0,2024
5000,No,No,Government Job,Factory Worker,Diploma,Rural,83.1,Sports,1,2024
12000,Yes,Yes,Engineer,Nurse,Diploma,Semi-Urban,68.2,Merit,0,2022
60000,No,No,Government Job,Teacher,Postgraduate,Rural,96.0,Management,0,2023
35000,Yes,No,Daily Wage Worker,Nurse,Postgraduate,Rural,82.0,Merit,1,2021
100000,No,No,Daily Wage Worker,Government Job,Diploma,Urban,57.8,OBC,1,2022
12000,Yes,No,Farmer,Government Job,HighSchool,Urban,61.5,Merit,1,2021
25000,No,No,Teacher,Farmer,No Formal Education,Urban,77.7,Merit,1,2021
45000,Yes,Yes,Daily Wage Worker,Nurse,HighSchool,Rural,68.0,Sports,1,2024
12000,Yes,Yes,Engineer,Factory Worker,HighSchool,Semi-Urban,49.2,Sports,0,2023
100000,No,Yes,Farmer,Factory Worker,Diploma,Rural,77.4,Merit,0,2021
25000,No,No,Government Job,Farmer,Primary School,Semi-Urban,76.5,OBC,1,2024
3000,Yes,No,Small Business,Government Job,Diploma,Urban,41.0,Merit,0,2022
3000,Yes,No,Small Business,Government Job,Postgraduate,Rural,62.5,Merit,0,2021
60000,No,Yes,Doctor,Factory Worker,HighSchool,Semi-Urban,83.2,Merit,0,2024
35000,Yes,Yes,Driver,Farmer,Graduate,Rural,50.7,OBC,1,2021
45000,Yes,No,Teacher,Teacher,No Formal Education,Rural,90.3,SC/ST,0,2023
45000,Yes,No,Small Business,Nurse,Graduate,Urban,73.5,Sports,0,2022
18000,No,Yes,Driver,Shopkeeper,Postgraduate,Rural,64.0,SC/ST,1,2024
45000,Yes,No,Shopkeeper,Homemaker,HighSchool,Semi-Urban,98.2,SC/ST,0,2023
75000,No,Yes,Factory Worker,Homemaker,Graduate,Urban,77.6,OBC,0,2023
8000,No,No,Small Business,Homemaker,Primary School,Semi-Urban,94.6,Management,1,2024
45000,Yes,Yes,Farmer,Teacher,HighSchool,Rural,98.9,SC/ST,1,2021
12000,No,No,Shopkeeper,Factory Worker,No Formal Education,Rural,67.1,Management,1,2022
12000,No,Yes,Driver,Teacher,HighSchool,Semi-Urban,61.3,Merit,1,2022
18000,Yes,Yes,Engineer,Factory Worker,HighSchool,Urban,91.2,Merit,0,2024
60000,Yes,No,Engineer,Government Job,Graduate,Urban,40.6,SC/ST,0,2023
3000,No,Yes,Doctor,Government Job,HighSchool,Semi-Urban,67.3,Sports,1,2024
18000,No,No,Driver,Teacher,Graduate,Semi-Urban,78.0,Management,1,2022
35000,No,No,Small Business,Nurse,HighSchool,Semi-Urban,87.8,Sports,1,2024
8000,No,No,Teacher,Shopkeeper,HighSchool,Urban,80.4,SC/ST,1,2021
45000,No,Yes,Shopkeeper,Teacher,Diploma,Semi-Urban,41.2,NRI,1,2023
75000,No,No,Small Business,Farmer,Graduate,Urban,79.8,SC/ST,0,2024
5000,Yes,No,Small Business,Nurse,Postgraduate,Rural,78.5,Merit,0,2024
8000,Yes,No,Farmer,Nurse,Graduate,Urban,40.5,Management,0,2021
100000,Yes,No,Factory Worker,Government Job,Diploma,Semi-Urban,57.6,Merit,0,2024
8000,Yes,No,Small Business,Nurse,Postgraduate,Semi-Urban,67.7,Merit,0,2024
5000,Yes,No,Daily Wage Worker,Teacher,HighSchool,Rural,77.3,Merit,1,2021
75000,Yes,Yes,Doctor,Factory Worker,Postgraduate,Rural,80.1,Management,0,2024
60000,No,No,Doctor,Government Job,Diploma,Rural,72.1,SC/ST,1,2023
35000,Yes,Yes,Daily Wage Worker,Teacher,HighSchool,Urban,98.6,Merit,0,2022
25000,No,No,Factory Worker,Government Job,Diploma,Semi-Urban,80.5,SC/ST,1,2022
75000,No,No,Doctor,Factory Worker,Graduate,Semi-Urban,49.7,Management,0,2021
35000,No,No,Engineer,Factory Worker,Diploma,Rural,83.0,Merit,0,2024
35000,No,No,Government Job,Teacher,No Formal Education,Rural,52.7,OBC,1,2024
60000,No,Yes,Teacher,Factory Worker,HighSchool,Semi-Urban,49.9,OBC,1,2022
35000,Yes,No,Factory Worker,Teacher,Diploma,Urban,77.2,SC/ST,1,2024
25000,No,No,Factory Worker,Daily Wage Worker,Graduate,Semi-Urban,70.4,NRI,1,2024
18000,No,No,Government Job,Daily Wage Worker,Postgraduate,Rural,95.8,OBC,0,2022
25000,No,Yes,Doctor,Teacher,Postgraduate,Rural,74.4,Management,0,2024
25000,Yes,No,Small Business,Teacher,Diploma,Semi-Urban,70.8,Management,0,2024
18000,No,No,Small Business,Teacher,Graduate,Urban,48.0,SC/ST,1,2022
18000,No,No,Driver,Government Job,Graduate,Semi-Urban,90.8,Merit,0,2021
45000,Yes,No,Government Job,Homemaker,Graduate,Urban,58.7,Management,0,2023
18000,Yes,Yes,Small Business,Government Job,Graduate,Semi-Urban,64.6,Sports,1,2023
3000,No,No,Factory Worker,Shopkeeper,Graduate,Rural,69.7,Management,1,2021
12000,Yes,No,Teacher,Government Job,Diploma,Rural,96.4,SC/ST,0,2022
12000,No,No,Small Business,Government Job,Postgraduate,Semi-Urban,55.3,Merit,1,2022
45000,Yes,Yes,Farmer,Daily Wage Worker,Graduate,Urban,80.4,Merit,0,2024
18000,Yes,No,Teacher,Homemaker,Primary School,Semi-Urban,81.6,Merit,0,2023
12000,Yes,Yes,Shopkeeper,Factory Worker,Graduate,Urban,41.5,Merit,0,2021
45000,No,Yes,Farmer,Factory Worker,HighSchool,Rural,63.2,Management,1,2021
3000,Yes,No,Small Business,Government Job,HighSchool,Rural,42.4,SC/ST,1,2024
8000,No,Yes,Shopkeeper,Farmer,Graduate,Rural,48.6,Merit,1,2021
60000,No,No,Factory Worker,Daily Wage Worker,Graduate,Rural,44.6,Merit,1,2024
25000,Yes,No,Teacher,Daily Wage Worker,Postgraduate,Semi-Urban,54.9,Merit,0,2024
45000,Yes,No,Government Job,Shopkeeper,Postgraduate,Urban,80.9,Merit,0,2023
60000,No,No,Engineer,Nurse,Diploma,Semi-Urban,48.7,Merit,0,2023
75000,Yes,No,Farmer,Nurse,HighSchool,Rural,63.3,Management,1,2024
5000,No,Yes,Driver,Teacher,Primary School,Semi-Urban,73.8,SC/ST,1,2023
45000,Yes,Yes,Doctor,Factory Worker,Postgraduate,Urban,52.1,SC/ST,0,2023
35000,No,Yes,Factory Worker,Nurse,Diploma,Rural,55.2,Merit,1,2024
8000,No,No,Driver,Teacher,HighSchool,Urban,72.8,Management,1,2021
75000,Yes,No,Daily Wage Worker,Government Job,Graduate,Semi-Urban,81.3,Merit,0,2023
18000,No,No,Driver,Teacher,No Formal Education,Semi-Urban,68.1,SC/ST,1,2024
60000,Yes,Yes,Government Job,Daily Wage Worker,Graduate,Urban,61.4,NRI,0,2023
35000,No,No,Government Job,Homemaker,Postgraduate,Urban,90.1,Merit,0,2022
25000,Yes,No,Engineer,Government Job,Graduate,Urban,89.2,SC/ST,0,2022
8000,No,Yes,Small Business,Homemaker,Diploma,Urban,56.0,Merit,1,2023
75000,Yes,Yes,Government Job,Factory Worker,Primary School,Semi-Urban,82.3,Merit,0,2022
25000,Yes,No,Teacher,Factory Worker,HighSchool,Rural,76.8,Merit,0,2022
3000,Yes,Yes,Government Job,Nurse,HighSchool,Rural,44.2,Merit,1,2022
3000,No,No,Teacher,Farmer,Diploma,Urban,43.7,Merit,1,2021
45000,Yes,Yes,Government Job,Nurse,Primary School,Rural,40.0,Merit,1,2023
8000,Yes,Yes,Government Job,Nurse,Graduate,Urban,48.6,Management,1,2022
25000,No,Yes,Farmer,Farmer,HighSchool,Rural,47.0,Merit,1,2023
35000,Yes,No,Driver,Shopkeeper,Diploma,Semi-Urban,46.0,Merit,0,2024
12000,Yes,No,Farmer,Farmer,HighSchool,Rural,63.8,SC/ST,1,2021
25000,Yes,No,Doctor,Daily Wage Worker,Diploma,Urban,82.6,Merit,0,2024
12000,No,No,Small Business,Factory Worker,Graduate,Semi-Urban,67.0,SC/ST,1,2024
75000,No,Yes,Shopkeeper,Nurse,Primary School,Semi-Urban,72.6,Sports,0,2021
60000,Yes,No,Daily Wage Worker,Homemaker,Diploma,Rural,59.8,SC/ST,1,2021
12000,Yes,No,Engineer,Daily Wage Worker,Graduate,Semi-Urban,78.8,SC/ST,0,2022
25000,No,No,Doctor,Daily Wage Worker,Graduate,Rural,59.6,SC/ST,1,2023
25000,Yes,No,Shopkeeper,Daily Wage Worker,Postgraduate,Rural,58.3,OBC,0,2023
100000,No,No,Farmer,Farmer,Graduate,Rural,95.7,Management,0,2021
18000,No,No,Driver,Farmer,Graduate,Urban,65.9,Merit,0,2021
25000,Yes,Yes,Daily Wage Worker,Factory Worker,Postgraduate,Rural,66.4,Merit,1,2024
75000,Yes,Yes,Small Business,Daily Wage Worker,Postgraduate,Rural,44.3,Merit,0,2021
8000,Yes,Yes,Driver,Shopkeeper,Graduate,Rural,94.4,Merit,0,2021
25000,Yes,Yes,Government Job,Farmer,Graduate,Semi-Urban,61.7,OBC,0,2022
5000,No,No,Doctor,Factory Worker,Postgraduate,Rural,80.1,SC/ST,1,2021
35000,No,Yes,Government Job,Homemaker,HighSchool,Rural,79.6,Merit,1,2023
18000,No,No,Driver,Nurse,Postgraduate,Rural,92.3,Merit,1,2021
100000,Yes,No,Daily Wage Worker,Homemaker,HighSchool,Rural,91.8,SC/ST,0,2021
18000,No,No,Shopkeeper,Homemaker,HighSchool,Urban,49.1,Merit,0,2022
8000,No,No,Small Business,Farmer,Primary School,Urban,46.4,Merit,1,2023
60000,No,Yes,Doctor,Factory Worker,Graduate,Urban,92.5,OBC,0,2023
60000,No,No,Small Business,Daily Wage Worker,Diploma,Semi-Urban,56.2,Sports,0,2021
35000,No,No,Factory Worker,Farmer,Graduate,Semi-Urban,89.4,Merit,1,2021
45000,Yes,No,Factory Worker,Factory Worker,Diploma,Rural,64.0,SC/ST,1,2023
12000,No,No,Farmer,Shopkeeper,Diploma,Urban,60.6,Merit,1,2024
35000,Yes,Yes,Small Business,Daily Wage Worker,Postgraduate,Urban,50.5,Sports,0,2022
3000,Yes,No,Teacher,Nurse,Diploma,Urban,97.4,Merit,0,2021
8000,No,No,Doctor,Shopkeeper,Graduate,Urban,43.8,Merit,0,2022
75000,Yes,Yes,Doctor,Teacher,Postgraduate,Urban,70.9,Merit,0,2024
45000,No,Yes,Government Job,Farmer,HighSchool,Rural,82.4,Merit,0,2024
12000,No,No,Teacher,Shopkeeper,Diploma,Urban,64.7,Merit,0,2022
8000,No,No,Shopkeeper,Teacher,Primary School,Rural,57.4,Management,1,2024
75000,Yes,Yes,Farmer,Government Job,Diploma,Rural,49.3,NRI,1,2023
8000,Yes,No,Teacher,Teacher,Graduate,Urban,51.5,SC/ST,0,2023
12000,No,No,Shopkeeper,Shopkeeper,No Formal Education,Semi-Urban,95.7,Merit,1,2024
8000,Yes,No,Small Business,Teacher,Primary School,Rural,64.4,Merit,1,2023
3000,Yes,No,Engineer,Nurse,Graduate,Semi-Urban,41.9,Merit,0,2024
12000,Yes,Yes,Doctor,Government Job,Graduate,Urban,63.1,Merit,0,2024
100000,No,Yes,Factory Worker,Homemaker,Diploma,Rural,76.0,Management,0,2024
12000,Yes,No,Teacher,Homemaker,HighSchool,Semi-Urban,76.5,Merit,0,2022
25000,Yes,Yes,Shopkeeper,Homemaker,HighSchool,Rural,45.6,SC/ST,1,2022
45000,No,Yes,Doctor,Daily Wage Worker,Primary School,Semi-Urban,55.4,Sports,0,2021
25000,Yes,No,Driver,Homemaker,Diploma,Rural,83.4,Sports,0,2023
45000,No,Yes,Doctor,Nurse,Graduate,Urban,98.2,Merit,0,2023
35000,Yes,Yes,Government Job,Shopkeeper,Postgraduate,Rural,70.2,SC/ST,0,2021
35000,Yes,No,Teacher,Homemaker,Diploma,Semi-Urban,45.1,SC/ST,0,2023
35000,No,No,Engineer,Government Job,Primary School,Urban,91.6,OBC,0,2023
45000,No,Yes,Teacher,Teacher,HighSchool,Rural,65.8,Management,1,2023
35000,Yes,Yes,Teacher,Shopkeeper,Graduate,Semi-Urban,83.3,Management,0,2022
45000,Yes,No,Daily Wage Worker,Shopkeeper,Graduate,Rural,54.5,Merit,1,2024
8000,Yes,No,Doctor,Shopkeeper,Graduate,Semi-Urban,91.5,Merit,0,2021
35000,Yes,Yes,Daily Wage Worker,Government Job,Diploma,Urban,55.7,SC/ST,1,2021
45000,No,No,Engineer,Homemaker,Primary School,Urban,80.9,OBC,0,2024
12000,No,Yes,Teacher,Farmer,Postgraduate,Urban,63.6,Merit,0,2024
60000,Yes,Yes,Teacher,Farmer,HighSchool,Urban,61.6,Merit,0,2024
12000,No,No,Farmer,Farmer,Primary School,Rural,51.3,Merit,1,2024
12000,Yes,Yes,Shopkeeper,Nurse,Graduate,Semi-Urban,89.5,Management,1,2021
60000,No,Yes,Factory Worker,Teacher,Graduate,Urban,66.0,Merit,0,2021
12000,No,No,Government Job,Nurse,Diploma,Urban,64.6,Management,1,2021
18000,Yes,No,Engineer,Factory Worker,Graduate,Semi-Urban,46.5,Management,0,2023
18000,Yes,No,Farmer,Homemaker,Diploma,Rural,48.4,SC/ST,1,2021
60000,Yes,Yes,Government Job,Shopkeeper,Graduate,Semi-Urban,61.8,Merit,0,2024
18000,No,Yes,Teacher,Nurse,Graduate,Urban,42.5,Merit,0,2024
35000,Yes,No,Driver,Factory Worker,Graduate,Urban,75.3,SC/ST,0,2024
45000,No,Yes,Doctor,Shopkeeper,No Formal Education,Rural,51.0,NRI,1,2021
35000,Yes,Yes,Small Business,Factory Worker,Diploma,Rural,82.9,Merit,0,2022
75000,Yes,No,Shopkeeper,Farmer,Graduate,Urban,78.2,SC/ST,0,2023
45000,No,No,Doctor,Farmer,HighSchool,Semi-Urban,67.8,Merit,0,2022
18000,Yes,Yes,Factory Worker,Homemaker,HighSchool,Urban,51.9,Management,1,2021
75000,Yes,No,Factory Worker,Shopkeeper,Postgraduate,Urban,85.7,Sports,0,2022
25000,No,Yes,Government Job,Nurse,Postgraduate,Urban,98.5,OBC,0,2023
3000,Yes,No,Daily Wage Worker,Homemaker,Postgraduate,Rural,82.0,Merit,0,2022
12000,No,No,Teacher,Factory Worker,Diploma,Semi-Urban,82.8,Management,0,2024
35000,Yes,No,Driver,Nurse,Primary School,Semi-Urban,51.6,Merit,1,2024
8000,No,No,Driver,Farmer,No Formal Education,Rural,63.8,Merit,1,2021
25000,No,Yes,Driver,Nurse,Graduate,Semi-Urban,44.9,Merit,1,2024
18000,Yes,No,Government Job,Factory Worker,Graduate,Semi-Urban,44.9,Merit,0,2023
25000,No,No,Shopkeeper,Factory Worker,Diploma,Rural,66.4,Merit,1,2022
3000,Yes,No,Daily Wage Worker,Homemaker,Diploma,Rural,54.8,OBC,1,2023
60000,No,Yes,Government Job,Factory Worker,Postgraduate,Semi-Urban,78.1,Merit,0,2024
18000,No,No,Teacher,Shopkeeper,HighSchool,Urban,95.0,OBC,1,2022
8000,No,Yes,Government Job,Government Job,Primary School,Urban,65.3,Merit,0,2022
18000,No,No,Daily Wage Worker,Daily Wage Worker,Postgraduate,Urban,47.5,Merit,1,2024
25000,No,No,Farmer,Government Job,Diploma,Urban,52.2,OBC,1,2023
35000,No,Yes,Shopkeeper,Shopkeeper,Graduate,Rural,67.0,Management,1,2023
25000,No,No,Engineer,Shopkeeper,Postgraduate,Semi-Urban,67.3,SC/ST,0,2024
5000,No,Yes,Farmer,Nurse,Graduate,Rural,72.2,Merit,1,2021
60000,No,Yes,Teacher,Nurse,Diploma,Semi-Urban,93.2,Management,0,2024
18000,No,Yes,Government Job,Nurse,Graduate,Urban,93.8,SC/ST,0,2021
5000,No,No,Government Job,Shopkeeper,Graduate,Urban,77.8,Merit,0,2021
45000,No,Yes,Shopkeeper,Factory Worker,Postgraduate,Rural,49.1,SC/ST,1,2024
35000,No,No,Doctor,Factory Worker,Primary School,Semi-Urban,49.9,Merit,1,2022
35000,No,No,Daily Wage Worker,Factory Worker,Graduate,Rural,57.7,SC/ST,1,2021
18000,No,No,Shopkeeper,Nurse,Postgraduate,Urban,82.8,Management,0,2022
18000,No,No,Daily Wage Worker,Daily Wage Worker,HighSchool,Rural,89.6,Merit,1,2024
25000,Yes,No,Teacher,Factory Worker,Graduate,Semi-Urban,78.6,Merit,0,2022
5000,No,Yes,Farmer,Factory Worker,HighSchool,Rural,89.8,OBC,1,2021
12000,No,No,Small Business,Teacher,Primary School,Rural,54.1,OBC,1,2023
100000,Yes,No,Shopkeeper,Factory Worker,No Formal Education,Urban,80.2,Merit,0,2024
35000,No,No,Farmer,Shopkeeper,Diploma,Semi-Urban,56.1,Merit,1,2023
18000,No,Yes,Shopkeeper,Nurse,No Formal Education,Urban,78.7,Merit,1,2022
12000,Yes,No,Small Business,Teacher,Graduate,Urban,41.7,SC/ST,0,2022
45000,Yes,Yes,Government Job,Teacher,HighSchool,Semi-Urban,76.0,Management,0,2024
12000,Yes,No,Shopkeeper,Government Job,No Formal Education,Urban,92.5,Sports,0,2021
8000,Yes,Yes,Factory Worker,Daily Wage Worker,HighSchool,Rural,55.5,SC/ST,1,2024
8000,Yes,No,Small Business,Daily Wage Worker,Graduate,Semi-Urban,91.0,Merit,0,2022
45000,Yes,Yes,Factory Worker,Government Job,HighSchool,Urban,43.2,NRI,1,2022
35000,No,No,Engineer,Factory Worker,Graduate,Urban,78.7,OBC,0,2024
5000,Yes,No,Daily Wage Worker,Homemaker,Graduate,Rural,64.8,Merit,1,2024
8000,Yes,Yes,Small Business,Teacher,Graduate,Urban,41.6,Merit,0,2022
35000,No,Yes,Small Business,Teacher,Graduate,Urban,77.9,SC/ST,1,2024
25000,No,No,Engineer,Daily Wage Worker,Graduate,Rural,49.4,Management,1,2021
35000,Yes,No,Driver,Homemaker,Graduate,Semi-Urban,69.3,Merit,0,2024
8000,No,Yes,Doctor,Daily Wage Worker,Diploma,Semi-Urban,54.5,Merit,1,2024
45000,Yes,No,Farmer,Shopkeeper,Primary School,Rural,47.3,SC/ST,1,2022
75000,No,Yes,Teacher,Government Job,Postgraduate,Semi-Urban,46.6,OBC,0,2022
35000,Yes,No,Doctor,Shopkeeper,Postgraduate,Urban,77.1,SC/ST,0,2024
8000,No,No,Government Job,Farmer,Graduate,Urban,51.7,Management,0,2023
35000,Yes,No,Small Business,Homemaker,Graduate,Rural,58.2,Management,1,2024
12000,No,No,Factory Worker,Teacher,Graduate,Rural,51.9,Sports,1,2021
5000,No,No,Doctor,Farmer,Primary School,Rural,47.5,NRI,1,2021
12000,No,No,Engineer,Daily Wage Worker,HighSchool,Rural,40.2,Merit,1,2021
75000,No,Yes,Farmer,Homemaker,HighSchool,Rural,68.4,NRI,1,2024
18000,No,No,Farmer,Daily Wage Worker,Graduate,Urban,85.4,SC/ST,1,2021
60000,Yes,Yes,Small Business,Government Job,Graduate,Semi-Urban,44.1,SC/ST,1,2021
25000,No,No,Teacher,Teacher,Diploma,Urban,50.2,Merit,0,2022
25000,Yes,Yes,Daily Wage Worker,Shopkeeper,HighSchool,Urban,92.5,NRI,0,2021
3000,Yes,No,Daily Wage Worker,Daily Wage Worker,Postgraduate,Rural,93.9,Management,1,2023
35000,No,Yes,Shopkeeper,Shopkeeper,Graduate,Urban,96.7,OBC,0,2022
5000,Yes,Yes,Small Business,Farmer,Graduate,Urban,77.1,SC/ST,1,2022
18000,Yes,Yes,Farmer,Teacher,Diploma,Rural,40.9,OBC,1,2024
12000,Yes,Yes,Shopkeeper,Shopkeeper,Diploma,Rural,47.5,Merit,1,2023
18000,Yes,No,Engineer,Nurse,Graduate,Urban,53.0,Merit,0,2023
25000,Yes,No,Daily Wage Worker,Homemaker,HighSchool,Semi-Urban,60.8,Merit,1,2023
3000,Yes,No,Engineer,Teacher,HighSchool,Urban,60.7,Merit,0,2024
12000,No,Yes,Daily Wage Worker,Nurse,Diploma,Rural,50.5,Merit,1,2024
100000,No,No,Government Job,Teacher,Graduate,Urban,50.4,SC/ST,0,2022
5000,Yes,Yes,Shopkeeper,Government Job,Diploma,Semi-Urban,96.3,Management,0,2022
12000,No,Yes,Factory Worker,Government Job,Primary School,Semi-Urban,45.3,Management,1,2023
12000,Yes,No,Engineer,Factory Worker,Diploma,Rural,41.1,OBC,1,2023
18000,No,No,Government Job,Homemaker,Diploma,Semi-Urban,41.5,Merit,0,2023
35000,No,No,Doctor,Nurse,Graduate,Semi-Urban,72.9,OBC,0,2023
12000,Yes,No,Teacher,Factory Worker,Postgraduate,Rural,53.1,Merit,0,2021
18000,No,No,Factory Worker,Factory Worker,HighSchool,Urban,68.3,NRI,1,2022
35000,No,No,Doctor,Shopkeeper,Diploma,Rural,67.4,Management,0,2021
12000,Yes,Yes,Daily Wage Worker,Government Job,Diploma,Rural,93.3,Merit,1,2023
75000,Yes,Yes,Driver,Daily Wage Worker,Graduate,Rural,49.5,OBC,0,2021
100000,Yes,No,Government Job,Teacher,Postgraduate,Semi-Urban,58.4,SC/ST,0,2024
8000,No,No,Driver,Farmer,Diploma,Rural,80.1,Merit,1,2022
12000,Yes,Yes,Driver,Homemaker,Postgraduate,Urban,71.2,Management,0,2022
8000,Yes,No,Small Business,Nurse,No Formal Education,Urban,74.4,Management,0,2023
8000,Yes,Yes,Doctor,Factory Worker,Postgraduate,Urban,67.5,SC/ST,0,2022
25000,No,No,Factory Worker,Government Job,Graduate,Rural,88.4,Merit,1,2021
25000,No,Yes,Government Job,Farmer,Primary School,Semi-Urban,47.1,Merit,1,2024
18000,No,Yes,Factory Worker,Factory Worker,Graduate,Urban,96.2,OBC,1,2021
12000,Yes,Yes,Doctor,Farmer,Diploma,Urban,50.7,Merit,0,2023
12000,No,Yes,Shopkeeper,Shopkeeper,Postgraduate,Semi-Urban,51.0,Merit,1,2024
100000,No,No,Driver,Shopkeeper,HighSchool,Urban,53.6,Management,0,2021
75000,Yes,No,Shopkeeper,Daily Wage Worker,Graduate,Rural,83.7,SC/ST,0,2021
5000,No,Yes,Small Business,Daily Wage Worker,Diploma,Rural,75.3,Merit,1,2021
35000,No,No,Factory Worker,Farmer,HighSchool,Semi-Urban,46.1,Sports,1,2023
18000,No,No,Factory Worker,Shopkeeper,Graduate,Rural,91.5,Merit,1,2024
35000,Yes,No,Engineer,Factory Worker,Graduate,Urban,98.4,Merit,0,2022
25000,Yes,No,Farmer,Nurse,Diploma,Rural,69.4,Management,1,2024
60000,Yes,No,Small Business,Teacher,Postgraduate,Rural,41.3,SC/ST,0,2021
5000,Yes,No,Doctor,Factory Worker,Postgraduate,Rural,70.2,Merit,0,2022
12000,Yes,No,Driver,Homemaker,Graduate,Urban,74.2,Merit,0,2023
100000,No,No,Shopkeeper,Homemaker,Primary School,Rural,51.6,Merit,0,2024
8000,Yes,Yes,Shopkeeper,Shopkeeper,Postgraduate,Urban,42.0,Merit,0,2024
8000,Yes,No,Shopkeeper,Shopkeeper,HighSchool,Urban,68.7,Merit,0,2021
45000,No,Yes,Daily Wage Worker,Nurse,Graduate,Semi-Urban,91.5,Merit,1,2023
45000,Yes,Yes,Shopkeeper,Nurse,Postgraduate,Rural,54.6,Merit,0,2023
35000,No,No,Doctor,Teacher,HighSchool,Rural,61.8,OBC,1,2023
45000,Yes,No,Daily Wage Worker,Daily Wage Worker,HighSchool,Rural,93.4,Merit,1,2022
35000,Yes,No,Farmer,Factory Worker,Postgraduate,Rural,76.0,SC/ST,1,2021
8000,Yes,Yes,Small Business,Teacher,No Formal Education,Semi-Urban,73.6,Merit,1,2023
35000,Yes,No,Small Business,Daily Wage Worker,HighSchool,Semi-Urban,59.4,Merit,0,2024
45000,No,No,Farmer,Homemaker,HighSchool,Rural,96.8,Sports,1,2021
60000,No,No,Government Job,Farmer,Graduate,Urban,81.2,Merit,0,2024
12000,Yes,Yes,Doctor,Farmer,Diploma,Semi-Urban,46.0,Sports,0,2024
8000,No,No,Government Job,Factory Worker,Diploma,Semi-Urban,42.8,Sports,1,2024
45000,No,No,Teacher,Farmer,Postgraduate,Urban,76.4,Merit,0,2022
12000,Yes,Yes,Factory Worker,Daily Wage Worker,Graduate,Urban,55.9,Management,1,2023
3000,No,No,Government Job,Homemaker,Graduate,Semi-Urban,46.4,Merit,1,2021
60000,No,Yes,Daily Wage Worker,Shopkeeper,HighSchool,Rural,83.2,NRI,1,2023
25000,No,Yes,Government Job,Shopkeeper,Postgraduate,Semi-Urban,91.1,Merit,0,2021
12000,No,No,Teacher,Homemaker,HighSchool,Semi-Urban,66.5,OBC,1,2024
3000,Yes,No,Government Job,Factory Worker,Postgraduate,Rural,57.9,Sports,1,2022
3000,No,No,Doctor,Nurse,HighSchool,Urban,48.0,Merit,1,2024
45000,No,Yes,Driver,Nurse,Graduate,Rural,80.0,Management,1,2024
25000,Yes,Yes,Factory Worker,Shopkeeper,Postgraduate,Urban,40.8,Sports,1,2024
8000,No,No,Teacher,Factory Worker,HighSchool,Urban,80.2,Merit,0,2023
18000,Yes,Yes,Daily Wage Worker,Farmer,HighSchool,Rural,96.4,Merit,0,2021
8000,No,No,Factory Worker,Shopkeeper,Primary School,Semi-Urban,63.0,NRI,1,2024
8000,No,No,Government Job,Shopkeeper,HighSchool,Rural,82.9,SC/ST,1,2024
12000,Yes,No,Engineer,Farmer,Diploma,Urban,43.3,Merit,0,2022
25000,Yes,Yes,Teacher,Teacher,Primary School,Urban,60.1,Management,1,2022
12000,Yes,No,Driver,Farmer,Primary School,Urban,67.0,NRI,1,2024
12000,No,Yes,Factory Worker,Daily Wage Worker,Diploma,Rural,78.1,Merit,1,2024
18000,No,No,Government Job,Homemaker,HighSchool,Urban,57.7,Merit,0,2021
18000,No,Yes,Engineer,Homemaker,Graduate,Semi-Urban,78.2,Merit,0,2021
8000,No,Yes,Government Job,Teacher,HighSchool,Semi-Urban,82.7,Management,1,2023
3000,No,No,Engineer,Shopkeeper,No Formal Education,Urban,49.2,Management,1,2023
3000,Yes,No,Factory Worker,Factory Worker,Primary School,Urban,89.7,NRI,1,2023
18000,Yes,Yes,Shopkeeper,Factory Worker,HighSchool,Urban,80.4,SC/ST,1,2024
35000,No,No,Government Job,Homemaker,Primary School,Rural,98.4,Management,0,2023
8000,No,No,Government Job,Farmer,HighSchool,Rural,85.8,Merit,1,2023
45000,No,Yes,Driver,Daily Wage Worker,HighSchool,Rural,84.9,NRI,1,2021
35000,No,No,Farmer,Government Job,Diploma,Rural,41.1,Merit,1,2021
3000,Yes,Yes,Government Job,Farmer,Diploma,Urban,64.9,SC/ST,0,2024
3000,Yes,No,Shopkeeper,Factory Worker,Graduate,Rural,58.2,Sports,0,2024
8000,No,No,Driver,Farmer,Postgraduate,Rural,85.6,Merit,1,2024
5000,No,Yes,Driver,Daily Wage Worker,Graduate,Rural,78.8,SC/ST,1,2022
25000,No,Yes,Driver,Homemaker,HighSchool,Rural,70.1,Merit,1,2024
3000,No,No,Small Business,Factory Worker,Diploma,Rural,61.4,Merit,1,2024
45000,Yes,No,Daily Wage Worker,Daily Wage Worker,Graduate,Rural,45.9,OBC,1,2021
25000,Yes,No,Driver,Daily Wage Worker,Diploma,Semi-Urban,58.5,OBC,1,2021
45000,Yes,No,Engineer,Shopkeeper,HighSchool,Rural,75.6,Merit,0,2021
45000,Yes,Yes,Small Business,Daily Wage Worker,Graduate,Rural,57.4,OBC,0,2022
25000,No,No,Engineer,Nurse,HighSchool,Semi-Urban,46.8,Merit,0,2024
75000,Yes,No,Driver,Farmer,HighSchool,Semi-Urban,40.9,SC/ST,0,2021
100000,Yes,No,Engineer,Teacher,Graduate,Rural,93.6,Merit,0,2022
18000,No,No,Teacher,Government Job,Postgraduate,Urban,53.2,Merit,0,2024
8000,No,Yes,Doctor,Factory Worker,Postgraduate,Rural,95.0,Management,1,2021
18000,Yes,No,Engineer,Factory Worker,Postgraduate,Urban,41.3,OBC,0,2023
12000,Yes,No,Shopkeeper,Homemaker,Diploma,Urban,65.2,Merit,0,2022
25000,No,No,Shopkeeper,Nurse,Diploma,Urban,69.2,Management,0,2021
18000,Yes,No,Engineer,Homemaker,HighSchool,Urban,63.3,Merit,0,2022
25000,Yes,No,Driver,Daily Wage Worker,Diploma,Urban,45.8,Management,0,2024
45000,Yes,Yes,Factory Worker,Nurse,Graduate,Rural,91.7,Management,0,2023
12000,No,No,Farmer,Homemaker,Primary School,Rural,94.2,Merit,1,2024
25000,No,No,Driver,Daily Wage Worker,HighSchool,Semi-Urban,84.5,Merit,1,2022
12000,Yes,No,Factory Worker,Government Job,Postgraduate,Semi-Urban,46.4,OBC,1,2024
45000,No,Yes,Driver,Government Job,HighSchool,Urban,54.9,Merit,1,2021
35000,No,No,Factory Worker,Shopkeeper,HighSchool,Rural,57.4,SC/ST,1,2021
3000,Yes,No,Shopkeeper,Factory Worker,Postgraduate,Rural,95.7,NRI,0,2024
35000,No,No,Doctor,Government Job,HighSchool,Semi-Urban,87.2,Merit,0,2024
8000,No,No,Daily Wage Worker,Teacher,Graduate,Semi-Urban,65.7,Management,1,2024
45000,Yes,No,Small Business,Daily Wage Worker,HighSchool,Rural,69.7,OBC,1,2024
25000,No,Yes,Farmer,Factory Worker,HighSchool,Rural,87.1,NRI,1,2023
18000,Yes,No,Small Business,Daily Wage Worker,HighSchool,Urban,43.7,Merit,0,2024
35000,No,Yes,Doctor,Homemaker,Primary School,Urban,63.2,Merit,1,2021
60000,No,No,Shopkeeper,Shopkeeper,Diploma,Rural,43.0,SC/ST,1,2024
45000,No,Yes,Factory Worker,Nurse,Graduate,Urban,93.9,OBC,0,2023
25000,No,No,Engineer,Homemaker,Diploma,Rural,66.1,SC/ST,1,2024
45000,No,No,Engineer,Nurse,Diploma,Semi-Urban,50.6,Merit,0,2023
18000,Yes,Yes,Doctor,Government Job,HighSchool,Semi-Urban,97.8,Management,0,2024
45000,Yes,No,Engineer,Farmer,Graduate,Semi-Urban,91.8,Merit,0,2023
60000,No,No,Doctor,Homemaker,HighSchool,Rural,70.0,Merit,0,2021
8000,No,Yes,Shopkeeper,Factory Worker,No Formal Education,Semi-Urban,94.5,Merit,1,2023
12000,Yes,Yes,Farmer,Farmer,Postgraduate,Urban,50.8,Merit,0,2024
12000,No,Yes,Government Job,Nurse,Postgraduate,Rural,85.1,SC/ST,1,2023
8000,No,No,Daily Wage Worker,Shopkeeper,HighSchool,Semi-Urban,85.6,Merit,1,2024
18000,No,Yes,Driver,Nurse,HighSchool,Rural,75.0,Merit,1,2023
8000,No,Yes,Farmer,Daily Wage Worker,Graduate,Urban,63.4,Management,1,2022
25000,No,Yes,Teacher,Factory Worker,Diploma,Urban,56.6,Merit,0,2022
5000,No,No,Daily Wage Worker,Farmer,Postgraduate,Urban,78.0,Merit,1,2022
12000,Yes,Yes,Engineer,Farmer,Diploma,Semi-Urban,59.0,Merit,0,2023
35000,No,Yes,Driver,Government Job,Primary School,Rural,47.7,Merit,1,2022
18000,No,No,Shopkeeper,Daily Wage Worker,Diploma,Rural,90.3,Merit,0,2022
18000,No,No,Farmer,Shopkeeper,Primary School,Urban,87.2,Merit,1,2023
45000,No,No,Teacher,Shopkeeper,Diploma,Urban,57.6,Merit,0,2021
100000,Yes,No,Small Business,Teacher,Graduate,Urban,40.5,Merit,0,2021
25000,Yes,Yes,Factory Worker,Factory Worker,Postgraduate,Semi-Urban,54.0,NRI,0,2021
5000,Yes,No,Doctor,Government Job,HighSchool,Rural,73.4,SC/ST,1,2022
5000,No,No,Factory Worker,Factory Worker,Graduate,Semi-Urban,80.6,Merit,1,2023
100000,No,Yes,Driver,Factory Worker,No Formal Education,Rural,63.8,Sports,1,2023
35000,No,Yes,Government Job,Homemaker,Postgraduate,Semi-Urban,90.6,Merit,0,2022
45000,No,No,Daily Wage Worker,Daily Wage Worker,HighSchool,Semi-Urban,55.4,Merit,1,2024
35000,Yes,No,Government Job,Government Job,HighSchool,Semi-Urban,95.7,OBC,0,2021
8000,No,No,Small Business,Shopkeeper,Primary School,Semi-Urban,78.2,Merit,1,2022
18000,No,No,Farmer,Homemaker,Graduate,Rural,84.2,Merit,1,2024
45000,No,No,Factory Worker,Daily Wage Worker,No Formal Education,Semi-Urban,71.9,Merit,1,2023
60000,No,No,Shopkeeper,Farmer,Graduate,Rural,99.0,Management,0,2021
12000,No,Yes,Doctor,Government Job,HighSchool,Semi-Urban,49.7,OBC,1,2023
25000,Yes,No,Doctor,Shopkeeper,Graduate,Rural,66.8,OBC,0,2024
8000,Yes,No,Doctor,Shopkeeper,Postgraduate,Rural,55.6,OBC,0,2022
75000,No,Yes,Driver,Factory Worker,HighSchool,Urban,56.0,Merit,0,2023
12000,No,No,Daily Wage Worker,Homemaker,Graduate,Rural,87.9,Merit,1,2023
45000,No,No,Doctor,Shopkeeper,HighSchool,Semi-Urban,73.8,Management,0,2022
12000,No,No,Driver,Homemaker,Diploma,Semi-Urban,46.1,SC/ST,1,2021
35000,Yes,No,Farmer,Homemaker,Primary School,Semi-Urban,94.8,Merit,0,2023
35000,No,No,Doctor,Government Job,HighSchool,Urban,48.5,Merit,0,2024
12000,Yes,No,Daily Wage Worker,Factory Worker,Graduate,Semi-Urban,81.9,Management,1,2022
45000,Yes,No,Driver,Government Job,HighSchool,Urban,80.0,Sports,0,2021
60000,No,Yes,Teacher,Nurse,No Formal Education,Rural,88.8,OBC,1,2021
60000,Yes,Yes,Shopkeeper,Factory Worker,HighSchool,Rural,77.6,SC/ST,0,2022
12000,Yes,No,Small Business,Homemaker,Graduate,Semi-Urban,62.5,SC/ST,0,2021
45000,Yes,Yes,Factory Worker,Nurse,Postgraduate,Semi-Urban,52.0,OBC,0,2024
25000,No,No,Factory Worker,Factory Worker,Postgraduate,Rural,71.8,Merit,1,2024
25000,Yes,No,Daily Wage Worker,Factory Worker,Graduate,Rural,41.9,Merit,1,2022
18000,No,No,Factory Worker,Nurse,Postgraduate,Semi-Urban,70.9,Merit,0,2022
35000,No,No,Factory Worker,Factory Worker,Graduate,Urban,50.2,Management,1,2021
8000,Yes,No,Teacher,Shopkeeper,Diploma,Rural,78.1,NRI,0,2023
18000,No,Yes,Doctor,Homemaker,Diploma,Rural,64.3,Management,0,2024
8000,No,No,Driver,Factory Worker,Postgraduate,Rural,84.8,Merit,0,2024
12000,No,No,Farmer,Factory Worker,No Formal Education,Urban,74.8,SC/ST,1,2021
8000,No,No,Government Job,Daily Wage Worker,Diploma,Rural,69.4,Management,1,2022
12000,No,Yes,Small Business,Factory Worker,Graduate,Rural,78.8,Management,1,2024
45000,No,No,Driver,Nurse,No Formal Education,Semi-Urban,53.1,OBC,1,2022
25000,No,Yes,Farmer,Government Job,Graduate,Rural,94.5,SC/ST,1,2021
3000,Yes,No,Daily Wage Worker,Farmer,Postgraduate,Urban,44.2,SC/ST,1,2023
45000,No,Yes,Shopkeeper,Nurse,Diploma,Rural,60.3,Management,1,2021
75000,Yes,No,Government Job,Farmer,Graduate,Semi-Urban,43.4,SC/ST,0,2022
60000,Yes,No,Factory Worker,Teacher,Primary School,Rural,74.6,Management,1,2021
60000,Yes,No,Small Business,Government Job,Postgraduate,Semi-Urban,62.5,Merit,0,2022
100000,Yes,No,Factory Worker,Homemaker,No Formal Education,Rural,43.4,Management,0,2022
25000,Yes,No,Shopkeeper,Factory Worker,No Formal Education,Rural,79.3,Merit,1,2023
100000,No,No,Factory Worker,Teacher,Diploma,Urban,96.5,Sports,0,2022
75000,Yes,No,Small Business,Daily Wage Worker,Graduate,Urban,46.3,SC/ST,0,2022
12000,Yes,No,Teacher,Homemaker,Graduate,Rural,53.0,Management,0,2024
60000,Yes,No,Driver,Government Job,Diploma,Semi-Urban,56.1,SC/ST,0,2021
45000,No,Yes,Driver,Government Job,Graduate,Semi-Urban,80.1,Merit,1,2024
45000,Yes,Yes,Small Business,Farmer,Graduate,Urban,62.8,Merit,0,2023
60000,Yes,Yes,Small Business,Nurse,Postgraduate,Semi-Urban,84.5,Merit,0,2022
18000,No,No,Engineer,Farmer,Primary School,Semi-Urban,67.3,Merit,0,2022
18000,Yes,No,Small Business,Homemaker,Postgraduate,Urban,41.4,Merit,0,2021
35000,Yes,Yes,Factory Worker,Homemaker,Postgraduate,Semi-Urban,50.3,OBC,0,2021
45000,No,Yes,Doctor,Daily Wage Worker,Postgraduate,Semi-Urban,58.9,SC/ST,1,2022
60000,No,Yes,Engineer,Government Job,HighSchool,Rural,77.4,OBC,1,2022
60000,No,Yes,Driver,Homemaker,Postgraduate,Urban,80.2,Management,0,2024
45000,Yes,Yes,Small Business,Farmer,Primary School,Semi-Urban,77.8,Management,1,2023
75000,No,Yes,Driver,Factory Worker,Primary School,Semi-Urban,43.6,NRI,1,2024
8000,Yes,No,Doctor,Government Job,Diploma,Semi-Urban,61.8,NRI,0,2021
75000,No,No,Shopkeeper,Farmer,Postgraduate,Semi-Urban,77.5,SC/ST,0,2022
5000,Yes,Yes,Doctor,Daily Wage Worker,Postgraduate,Semi-Urban,77.7,Merit,0,2023
25000,Yes,Yes,Factory Worker,Homemaker,Diploma,Semi-Urban,74.2,Management,0,2021
5000,Yes,No,Farmer,Factory Worker,Graduate,Rural,65.1,SC/ST,1,2021
25000,No,No,Small Business,Farmer,Diploma,Urban,40.5,OBC,1,2024
18000,No,Yes,Doctor,Farmer,Primary School,Rural,73.0,SC/ST,1,2024
5000,Yes,No,Small Business,Farmer,Graduate,Urban,55.4,OBC,0,2022
35000,No,Yes,Daily Wage Worker,Nurse,Primary School,Urban,60.8,Merit,1,2021
45000,No,No,Engineer,Farmer,Graduate,Urban,75.2,Management,0,2023
8000,No,No,Small Business,Factory Worker,HighSchool,Rural,68.2,OBC,1,2022
35000,No,Yes,Teacher,Factory Worker,HighSchool,Rural,65.5,SC/ST,1,2021
8000,Yes,Yes,Doctor,Factory Worker,Graduate,Semi-Urban,63.9,Merit,0,2022
8000,No,No,Doctor,Government Job,Diploma,Rural,85.1,Management,1,2022
8000,No,No,Driver,Farmer,Graduate,Urban,69.2,Management,1,2022
25000,No,No,Daily Wage Worker,Daily Wage Worker,Graduate,Semi-Urban,76.6,Merit,1,2022
45000,No,No,Factory Worker,Teacher,HighSchool,Urban,45.5,Management,1,2023
25000,No,Yes,Engineer,Farmer,Graduate,Urban,76.0,OBC,0,2023
45000,Yes,No,Teacher,Teacher,Primary School,Urban,43.4,Merit,0,2024
25000,Yes,Yes,Driver,Farmer,Graduate,Rural,85.5,Merit,0,2023
45000,Yes,Yes,Government Job,Government Job,Diploma,Urban,40.6,Merit,0,2024
100000,No,No,Small Business,Teacher,HighSchool,Rural,83.9,Merit,0,2022
18000,No,No,Factory Worker,Government Job,Diploma,Urban,71.2,Merit,1,2022
8000,No,Yes,Teacher,Shopkeeper,Postgraduate,Urban,81.7,Merit,0,2024
8000,Yes,No,Farmer,Homemaker,HighSchool,Rural,54.4,OBC,1,2021
25000,Yes,Yes,Small Business,Shopkeeper,Postgraduate,Semi-Urban,71.0,Management,0,2024
25000,Yes,No,Driver,Homemaker,Graduate,Semi-Urban,89.8,OBC,0,2022
8000,No,No,Doctor,Government Job,HighSchool,Semi-Urban,52.5,Merit,0,2021
60000,Yes,No,Shopkeeper,Teacher,Graduate,Urban,41.5,Sports,0,2024
75000,Yes,No,Factory Worker,Shopkeeper,Graduate,Rural,84.4,SC/ST,0,2022
12000,No,Yes,Small Business,Farmer,Diploma,Semi-Urban,81.5,OBC,1,2024
8000,Yes,No,Small Business,Homemaker,Primary School,Urban,48.9,OBC,0,2022
12000,Yes,No,Shopkeeper,Homemaker,Graduate,Rural,60.2,Merit,0,2024
18000,No,No,Factory Worker,Government Job,Graduate,Semi-Urban,64.6,Merit,0,2022
60000,Yes,No,Doctor,Farmer,Graduate,Semi-Urban,42.3,Management,0,2021
25000,Yes,Yes,Teacher,Teacher,Graduate,Urban,62.5,Merit,0,2021
5000,Yes,Yes,Engineer,Farmer,Diploma,Urban,45.5,Merit,0,2022
18000,No,Yes,Government Job,Homemaker,Diploma,Urban,98.6,Merit,0,2023
5000,No,Yes,Driver,Teacher,Graduate,Semi-Urban,97.9,Management,1,2023
18000,Yes,No,Driver,Shopkeeper,HighSchool,Semi-Urban,73.4,Merit,0,2022
18000,No,No,Shopkeeper,Nurse,Graduate,Semi-Urban,68.3,SC/ST,1,2023
35000,No,No,Factory Worker,Teacher,Primary School,Urban,97.0,SC/ST,1,2021
25000,No,Yes,Driver,Factory Worker,Postgraduate,Rural,79.4,OBC,1,2023
60000,No,No,Doctor,Government Job,Primary School,Rural,47.8,Management,1,2023
3000,Yes,Yes,Government Job,Nurse,Graduate,Semi-Urban,52.5,Sports,1,2021
45000,No,No,Daily Wage Worker,Homemaker,HighSchool,Rural,78.7,Merit,1,2024
3000,No,No,Government Job,Factory Worker,Postgraduate,Urban,95.9,Merit,0,2023
12000,No,No,Engineer,Shopkeeper,Graduate,Rural,59.6,Management,1,2021
60000,No,No,Daily Wage Worker,Government Job,Diploma,Semi-Urban,46.9,Management,1,2021
35000,No,No,Government Job,Teacher,No Formal Education,Rural,84.8,Merit,0,2024
8000,No,Yes,Shopkeeper,Shopkeeper,Graduate,Semi-Urban,52.1,Sports,1,2024
25000,No,Yes,Small Business,Homemaker,HighSchool,Rural,45.7,SC/ST,1,2023
45000,No,No,Government Job,Government Job,Graduate,Semi-Urban,80.7,Merit,0,2022
75000,Yes,Yes,Teacher,Farmer,Graduate,Urban,72.2,Merit,0,2022
35000,No,No,Driver,Farmer,Graduate,Urban,65.9,NRI,1,2022
3000,Yes,Yes,Shopkeeper,Nurse,HighSchool,Rural,43.1,Merit,1,2023
25000,No,No,Driver,Teacher,HighSchool,Semi-Urban,40.8,OBC,1,2023
8000,Yes,Yes,Farmer,Shopkeeper,Diploma,Semi-Urban,64.6,Merit,1,2023
5000,Yes,No,Farmer,Daily Wage Worker,Diploma,Semi-Urban,75.6,Merit,1,2022
25000,No,No,Factory Worker,Shopkeeper,Graduate,Urban,91.7,Merit,0,2023
45000,Yes,Yes,Driver,Daily Wage Worker,Diploma,Urban,75.2,SC/ST,0,2024
3000,Yes,No,Teacher,Teacher,Diploma,Urban,68.8,Merit,0,2023
45000,No,Yes,Shopkeeper,Nurse,Diploma,Semi-Urban,50.4,SC/ST,1,2022
35000,Yes,No,Teacher,Homemaker,Diploma,Urban,49.3,Merit,0,2022
45000,Yes,No,Government Job,Teacher,Postgraduate,Rural,76.1,Merit,0,2024
12000,No,No,Driver,Teacher,HighSchool,Rural,60.9,Merit,1,2021
18000,Yes,Yes,Factory Worker,Factory Worker,No Formal Education,Semi-Urban,49.2,SC/ST,1,2021
8000,No,No,Government Job,Farmer,HighSchool,Semi-Urban,63.5,Merit,1,2022
12000,Yes,No,Doctor,Teacher,HighSchool,Urban,83.4,Management,0,2022
12000,Yes,No,Doctor,Shopkeeper,Graduate,Urban,44.6,Merit,0,2022
12000,Yes,No,Daily Wage Worker,Daily Wage Worker,Postgraduate,Urban,47.8,Management,0,2022
8000,Yes,Yes,Small Business,Farmer,Graduate,Urban,74.5,Merit,0,2021
8000,Yes,Yes,Small Business,Teacher,Postgraduate,Semi-Urban,72.5,Merit,0,2024
75000,No,No,Small Business,Factory Worker,No Formal Education,Rural,49.1,Merit,0,2022
45000,No,No,Doctor,Factory Worker,HighSchool,Rural,75.5,Merit,1,2021
12000,Yes,No,Doctor,Daily Wage Worker,Primary School,Rural,77.3,Management,0,2024
75000,No,Yes,Driver,Government Job,Graduate,Rural,44.9,Management,1,2024
12000,Yes,Yes,Daily Wage Worker,Factory Worker,Diploma,Urban,82.8,Merit,1,2021
18000,No,No,Driver,Homemaker,HighSchool,Urban,46.6,NRI,1,2022
45000,No,Yes,Small Business,Nurse,HighSchool,Semi-Urban,84.7,Management,1,2021
18000,No,No,Government Job,Shopkeeper,Postgraduate,Rural,54.3,Management,1,2022
12000,No,No,Farmer,Shopkeeper,Primary School,Semi-Urban,53.3,Management,1,2024
18000,No,No,Daily Wage Worker,Shopkeeper,HighSchool,Urban,79.5,Merit,1,2021
25000,No,No,Farmer,Shopkeeper,Diploma,Rural,79.1,Merit,1,2023
35000,Yes,No,Small Business,Teacher,Diploma,Rural,55.9,Merit,0,2023
18000,Yes,No,Government Job,Government Job,Graduate,Urban,97.0,Merit,0,2024
18000,Yes,No,Government Job,Factory Worker,Graduate,Rural,62.9,SC/ST,1,2021
12000,No,No,Farmer,Homemaker,Graduate,Semi-Urban,63.9,Merit,1,2021
25000,No,No,Government Job,Daily Wage Worker,Postgraduate,Urban,51.8,Merit,0,2023
12000,Yes,No,Farmer,Homemaker,Diploma,Rural,43.4,SC/ST,1,2023
60000,No,Yes,Teacher,Nurse,Postgraduate,Rural,88.3,Sports,0,2021
45000,No,No,Teacher,Teacher,Graduate,Semi-Urban,59.7,Merit,0,2022
18000,Yes,No,Daily Wage Worker,Homemaker,Postgraduate,Rural,68.9,Management,1,2022
45000,No,No,Teacher,Daily Wage Worker,Diploma,Urban,86.3,SC/ST,0,2022
3000,Yes,No,Shopkeeper,Teacher,No Formal Education,Rural,46.3,Merit,1,2024
12000,No,No,Shopkeeper,Homemaker,Graduate,Rural,76.5,SC/ST,1,2023
18000,No,No,Daily Wage Worker,Farmer,Postgraduate,Semi-Urban,61.4,NRI,1,2023
18000,No,No,Shopkeeper,Homemaker,Postgraduate,Urban,89.3,Merit,0,2023
45000,Yes,No,Engineer,Factory Worker,Primary School,Rural,63.0,Merit,0,2023
100000,Yes,Yes,Driver,Factory Worker,Diploma,Rural,96.3,Merit,0,2022
18000,Yes,No,Small Business,Factory Worker,Postgraduate,Rural,62.0,Merit,0,2023
18000,No,No,Teacher,Daily Wage Worker,Diploma,Rural,41.9,Management,1,2021
35000,Yes,No,Driver,Daily Wage Worker,Diploma,Rural,72.3,SC/ST,0,2021
12000,Yes,Yes,Small Business,Factory Worker,Postgraduate,Semi-Urban,47.6,Management,1,2024
8000,Yes,Yes,Factory Worker,Shopkeeper,Diploma,Urban,48.2,SC/ST,1,2023
100000,Yes,Yes,Farmer,Shopkeeper,HighSchool,Urban,68.4,SC/ST,0,2021
45000,Yes,Yes,Factory Worker,Farmer,No Formal Education,Urban,57.0,NRI,1,2024
75000,Yes,No,Shopkeeper,Daily Wage Worker,Diploma,Urban,72.0,OBC,0,2023
12000,No,No,Small Business,Government Job,Diploma,Semi-Urban,78.9,Merit,0,2022
3000,Yes,Yes,Shopkeeper,Daily Wage Worker,Postgraduate,Urban,93.1,Merit,0,2021
18000,No,No,Teacher,Farmer,Graduate,Urban,57.0,Merit,0,2023
75000,Yes,Yes,Doctor,Daily Wage Worker,Primary School,Semi-Urban,70.1,SC/ST,0,2022
8000,No,No,Government Job,Daily Wage Worker,Graduate,Rural,84.9,Merit,0,2024
8000,No,No,Doctor,Teacher,Primary School,Urban,74.4,Management,0,2021
5000,No,No,Shopkeeper,Shopkeeper,No Formal Education,Urban,61.3,Merit,1,2023
45000,Yes,No,Daily Wage Worker,Daily Wage Worker,Diploma,Semi-Urban,45.1,Management,0,2021
45000,No,No,Driver,Factory Worker,Diploma,Rural,51.2,Merit,1,2023
35000,Yes,No,Farmer,Farmer,HighSchool,Rural,42.2,Management,1,2024
5000,Yes,No,Driver,Factory Worker,Diploma,Urban,76.3,Merit,0,2023
45000,No,No,Doctor,Teacher,Postgraduate,Urban,69.8,Merit,0,2021
18000,No,Yes,Driver,Government Job,Graduate,Semi-Urban,57.7,Merit,1,2023
8000,Yes,Yes,Farmer,Shopkeeper,HighSchool,Rural,96.0,Merit,1,2022
12000,Yes,Yes,Daily Wage Worker,Factory Worker,Postgraduate,Rural,69.6,SC/ST,1,2023
25000,No,No,Engineer,Shopkeeper,HighSchool,Urban,98.4,Sports,0,2021
12000,Yes,No,Factory Worker,Government Job,HighSchool,Rural,61.7,Merit,1,2024
100000,No,No,Factory Worker,Nurse,HighSchool,Urban,76.7,OBC,0,2024
18000,Yes,No,Factory Worker,Daily Wage Worker,HighSchool,Rural,58.3,Merit,1,2021
18000,Yes,No,Driver,Factory Worker,Primary School,Rural,95.0,Management,1,2023
35000,No,Yes,Factory Worker,Nurse,HighSchool,Rural,55.1,NRI,1,2023
35000,No,No,Driver,Government Job,Diploma,Rural,51.6,Merit,1,2024
3000,Yes,No,Farmer,Homemaker,HighSchool,Urban,77.6,Merit,0,2022
35000,No,No,Small Business,Teacher,Primary School,Rural,59.2,NRI,1,2022
12000,No,No,Daily Wage Worker,Shopkeeper,Graduate,Urban,91.4,SC/ST,1,2022
18000,No,No,Engineer,Factory Worker,Diploma,Urban,47.2,Merit,0,2023
35000,Yes,Yes,Small Business,Government Job,Graduate,Urban,43.6,Merit,0,2022
25000,No,Yes,Teacher,Factory Worker,HighSchool,Urban,41.6,SC/ST,1,2023
18000,No,Yes,Doctor,Shopkeeper,Graduate,Rural,57.9,SC/ST,1,2021
8000,Yes,Yes,Doctor,Farmer,Postgraduate,Urban,87.6,NRI,0,2024
25000,Yes,No,Teacher,Homemaker,HighSchool,Semi-Urban,94.4,OBC,0,2021
12000,No,Yes,Shopkeeper,Farmer,Graduate,Urban,93.3,Sports,0,2022
75000,No,Yes,Farmer,Daily Wage Worker,Graduate,Urban,94.9,Management,0,2023
25000,No,No,Small Business,Government Job,Diploma,Urban,57.6,Merit,0,2021
60000,No,Yes,Engineer,Teacher,HighSchool,Semi-Urban,72.6,OBC,0,2023
18000,No,Yes,Daily Wage Worker,Shopkeeper,HighSchool,Semi-Urban,60.7,Management,1,2021
60000,No,Yes,Driver,Shopkeeper,Graduate,Urban,81.6,Management,0,2024
5000,No,No,Government Job,Teacher,Diploma,Rural,93.6,Merit,0,2023
12000,Yes,No,Farmer,Homemaker,Graduate,Rural,49.7,SC/ST,1,2023
5000,No,Yes,Doctor,Shopkeeper,Primary School,Rural,68.4,Merit,1,2022
3000,No,Yes,Farmer,Government Job,No Formal Education,Urban,66.5,Merit,1,2024
75000,Yes,No,Government Job,Farmer,HighSchool,Semi-Urban,93.6,Management,0,2021
35000,No,No,Teacher,Nurse,Diploma,Rural,92.3,Merit,0,2023
35000,Yes,No,Government Job,Teacher,Graduate,Urban,90.8,Merit,0,2024
25000,No,No,Driver,Homemaker,Primary School,Rural,84.0,NRI,1,2023
25000,Yes,Yes,Small Business,Shopkeeper,Graduate,Urban,94.1,SC/ST,0,2022
35000,No,No,Farmer,Farmer,Graduate,Urban,98.8,Management,0,2024
60000,No,No,Engineer,Farmer,Postgraduate,Semi-Urban,47.7,Merit,0,2021
25000,Yes,Yes,Farmer,Teacher,Postgraduate,Rural,93.8,Merit,1,2021
45000,No,No,Teacher,Daily Wage Worker,Diploma,Semi-Urban,72.6,SC/ST,0,2023
12000,No,Yes,Doctor,Homemaker,Postgraduate,Rural,55.9,Merit,0,2022
100000,No,No,Farmer,Shopkeeper,Diploma,Rural,73.6,Merit,0,2023
3000,No,No,Government Job,Teacher,Primary School,Semi-Urban,69.3,Management,1,2021
18000,No,Yes,Driver,Farmer,Postgraduate,Rural,71.9,Management,1,2021
60000,No,No,Driver,Shopkeeper,No Formal Education,Urban,62.0,OBC,1,2024
8000,No,No,Teacher,Homemaker,HighSchool,Semi-Urban,78.1,Merit,0,2022
8000,Yes,No,Shopkeeper,Nurse,No Formal Education,Rural,80.0,Merit,1,2024
18000,Yes,Yes,Farmer,Teacher,Diploma,Semi-Urban,43.7,Merit,1,2021
18000,No,No,Factory Worker,Farmer,Graduate,Semi-Urban,85.4,Sports,0,2022
75000,Yes,No,Daily Wage Worker,Homemaker,Graduate,Rural,72.2,Merit,0,2021
60000,No,No,Doctor,Teacher,Primary School,Rural,91.6,Merit,0,2024
18000,No,Yes,Daily Wage Worker,Homemaker,No Formal Education,Rural,78.4,Management,1,2022
100000,Yes,No,Government Job,Nurse,HighSchool,Semi-Urban,98.6,SC/ST,0,2023
35000,Yes,Yes,Daily Wage Worker,Government Job,No Formal Education,Rural,83.8,Sports,1,2024
60000,No,Yes,Small Business,Shopkeeper,No Formal Education,Rural,66.1,OBC,1,2023
12000,Yes,Yes,Teacher,Nurse,HighSchool,Urban,54.1,Management,1,2021
25000,Yes,No,Factory Worker,Factory Worker,Postgraduate,Rural,77.4,SC/ST,1,2021
3000,No,No,Shopkeeper,Government Job,Graduate,Rural,69.3,Merit,1,2021
3000,Yes,Yes,Shopkeeper,Shopkeeper,HighSchool,Semi-Urban,65.5,Merit,0,2024
35000,Yes,Yes,Farmer,Shopkeeper,HighSchool,Urban,88.9,OBC,1,2022
8000,Yes,Yes,Shopkeeper,Factory Worker,Postgraduate,Semi-Urban,94.1,OBC,0,2021
25000,Yes,Yes,Small Business,Daily Wage Worker,Graduate,Rural,67.0,Management,1,2024
35000,No,No,Driver,Shopkeeper,Graduate,Semi-Urban,41.8,Management,1,2021
3000,Yes,No,Driver,Farmer,Postgraduate,Urban,91.9,Merit,0,2023
18000,No,Yes,Shopkeeper,Teacher,HighSchool,Rural,42.6,SC/ST,1,2023
35000,Yes,No,Doctor,Teacher,No Formal Education,Rural,66.5,OBC,0,2023
60000,Yes,Yes,Factory Worker,Government Job,HighSchool,Urban,59.6,SC/ST,1,2023
12000,Yes,Yes,Engineer,Nurse,Graduate,Semi-Urban,61.3,Management,0,2024
100000,No,No,Daily Wage Worker,Nurse,Postgraduate,Rural,77.7,Merit,0,2021
60000,No,No,Engineer,Daily Wage Worker,HighSchool,Semi-Urban,90.5,Merit,0,2022
35000,Yes,Yes,Small Business,Daily Wage Worker,Postgraduate,Rural,82.5,SC/ST,0,2024
18000,No,Yes,Farmer,Farmer,Graduate,Semi-Urban,65.7,SC/ST,1,2023
35000,No,No,Farmer,Nurse,Graduate,Urban,85.5,Merit,0,2022
45000,No,No,Small Business,Shopkeeper,Graduate,Rural,78.1,Merit,0,2021
12000,Yes,Yes,Factory Worker,Government Job,Diploma,Semi-Urban,69.0,Merit,1,2022
100000,No,Yes,Shopkeeper,Factory Worker,Graduate,Rural,59.7,Merit,0,2022
75000,Yes,Yes,Driver,Factory Worker,Graduate,Urban,68.8,Management,0,2021
25000,No,No,Teacher,Government Job,Graduate,Semi-Urban,86.4,NRI,0,2022
45000,Yes,No,Driver,Teacher,No Formal Education,Rural,80.4,Merit,1,2021
25000,No,No,Small Business,Farmer,Diploma,Semi-Urban,87.7,Merit,0,2022
45000,No,Yes,Shopkeeper,Teacher,Graduate,Semi-Urban,98.1,OBC,0,2022
60000,No,No,Shopkeeper,Government Job,Postgraduate,Urban,97.3,Merit,0,2021
3000,No,No,Farmer,Factory Worker,No Formal Education,Urban,94.2,SC/ST,1,2021
5000,Yes,No,Government Job,Homemaker,No Formal Education,Urban,84.5,Sports,0,2022
12000,Yes,No,Small Business,Nurse,HighSchool,Urban,98.6,Management,0,2021
75000,Yes,No,Farmer,Nurse,Graduate,Rural,68.0,Management,0,2022
18000,Yes,Yes,Farmer,Government Job,Diploma,Semi-Urban,48.5,Merit,1,2022
60000,Yes,No,Shopkeeper,Daily Wage Worker,HighSchool,Urban,87.6,SC/ST,0,2022
18000,Yes,Yes,Farmer,Farmer,Graduate,Urban,50.2,SC/ST,1,2021
12000,Yes,No,Teacher,Farmer,Diploma,Rural,70.3,NRI,0,2024
75000,No,Yes,Driver,Farmer,Graduate,Semi-Urban,93.2,SC/ST,0,2022
25000,No,No,Factory Worker,Teacher,Diploma,Rural,86.3,Merit,1,2021
18000,Yes,No,Engineer,Factory Worker,Graduate,Urban,58.6,Merit,0,2024
5000,Yes,No,Daily Wage Worker,Farmer,No Formal Education,Semi-Urban,53.8,Merit,1,2023
8000,Yes,Yes,Engineer,Daily Wage Worker,No Formal Education,Semi-Urban,75.9,Sports,1,2022
8000,No,Yes,Small Business,Government Job,Graduate,Urban,84.6,Merit,0,2022
18000,Yes,Yes,Driver,Teacher,No Formal Education,Rural,85.1,Merit,1,2021
35000,No,No,Shopkeeper,Shopkeeper,HighSchool,Urban,85.2,SC/ST,1,2022
12000,No,No,Small Business,Daily Wage Worker,HighSchool,Semi-Urban,40.2,SC/ST,1,2024
5000,Yes,Yes,Farmer,Nurse,Graduate,Rural,81.4,Merit,1,2022
12000,Yes,No,Driver,Government Job,Graduate,Urban,78.8,Merit,0,2023
18000,No,Yes,Driver,Nurse,Graduate,Urban,63.7,Sports,1,2021
100000,No,Yes,Shopkeeper,Nurse,HighSchool,Urban,98.9,Merit,0,2022
18000,Yes,Yes,Factory Worker,Nurse,HighSchool,Urban,66.5,OBC,1,2023
5000,No,No,Engineer,Farmer,Postgraduate,Rural,44.1,Sports,1,2021
25000,No,No,Government Job,Nurse,No Formal Education,Rural,43.5,Management,1,2022
75000,Yes,No,Daily Wage Worker,Shopkeeper,Graduate,Rural,65.1,SC/ST,0,2022
45000,Yes,Yes,Driver,Shopkeeper,No Formal Education,Rural,76.3,Sports,1,2024
60000,No,Yes,Shopkeeper,Nurse,Diploma,Urban,98.9,Merit,0,2022
75000,No,No,Shopkeeper,Farmer,Graduate,Semi-Urban,65.7,Merit,0,2021
35000,Yes,Yes,Doctor,Government Job,Diploma,Rural,73.8,Merit,0,2024
100000,No,No,Driver,Teacher,Graduate,Urban,89.7,SC/ST,0,2023
3000,No,No,Daily Wage Worker,Teacher,No Formal Education,Semi-Urban,81.9,SC/ST,1,2022
60000,No,No,Engineer,Daily Wage Worker,Primary School,Rural,93.8,Merit,0,2021
60000,No,Yes,Farmer,Shopkeeper,Diploma,Urban,77.7,NRI,1,2021
75000,Yes,No,Doctor,Nurse,Graduate,Semi-Urban,95.3,NRI,0,2022
18000,No,No,Daily Wage Worker,Teacher,Diploma,Semi-Urban,77.8,Merit,1,2021
45000,Yes,No,Government Job,Shopkeeper,Diploma,Rural,47.6,Management,0,2022
8000,No,No,Engineer,Teacher,Postgraduate,Semi-Urban,60.3,Management,0,2022
35000,Yes,No,Farmer,Factory Worker,Diploma,Semi-Urban,67.3,Merit,0,2021
18000,No,No,Daily Wage Worker,Factory Worker,Diploma,Urban,87.3,SC/ST,1,2021
25000,Yes,Yes,Shopkeeper,Factory Worker,Primary School,Rural,57.5,OBC,1,2024
35000,Yes,Yes,Small Business,Farmer,Graduate,Semi-Urban,69.1,OBC,1,2024
12000,No,No,Shopkeeper,Farmer,Primary School,Rural,53.2,Merit,1,2023
12000,No,Yes,Government Job,Shopkeeper,Primary School,Urban,62.1,Merit,1,2024
12000,Yes,Yes,Daily Wage Worker,Shopkeeper,No Formal Education,Semi-Urban,56.5,Merit,1,2024
35000,Yes,Yes,Farmer,Teacher,HighSchool,Rural,95.4,Merit,0,2021
35000,Yes,No,Teacher,Farmer,Diploma,Urban,93.4,Merit,0,2023
45000,No,Yes,Daily Wage Worker,Teacher,No Formal Education,Urban,83.1,OBC,1,2023
8000,No,No,Shopkeeper,Teacher,Diploma,Urban,47.2,Management,1,2024
45000,No,No,Small Business,Factory Worker,Diploma,Urban,95.6,Management,0,2024
35000,Yes,Yes,Teacher,Homemaker,Primary School,Urban,49.2,Merit,0,2024
3000,No,No,Engineer,Homemaker,No Formal Education,Urban,43.2,Merit,1,2023
12000,No,Yes,Daily Wage Worker,Farmer,HighSchool,Rural,42.6,Management,1,2021
18000,Yes,Yes,Factory Worker,Nurse,Graduate,Rural,56.5,Merit,0,2021
18000,No,No,Daily Wage Worker,Farmer,Graduate,Rural,49.5,OBC,1,2022
8000,Yes,No,Factory Worker,Government Job,Primary School,Urban,50.1,Merit,0,2024
8000,No,Yes,Doctor,Homemaker,Primary School,Urban,56.8,NRI,0,2024
3000,Yes,No,Government Job,Teacher,HighSchool,Rural,92.0,Sports,0,2021
5000,No,Yes,Shopkeeper,Farmer,Postgraduate,Semi-Urban,93.4,SC/ST,1,2022
12000,Yes,Yes,Small Business,Nurse,Postgraduate,Rural,93.5,SC/ST,1,2021
45000,No,No,Small Business,Factory Worker,Diploma,Urban,86.2,Sports,0,2022
25000,No,No,Teacher,Homemaker,Postgraduate,Rural,78.9,Management,1,2024
18000,No,Yes,Government Job,Teacher,Primary School,Urban,74.8,Sports,1,2021
35000,Yes,Yes,Engineer,Nurse,Graduate,Semi-Urban,98.6,Management,0,2024
25000,No,No,Factory Worker,Homemaker,Graduate,Rural,58.4,Management,1,2024
8000,No,No,Shopkeeper,Government Job,Diploma,Urban,83.3,Merit,0,2024
12000,Yes,No,Driver,Factory Worker,Graduate,Semi-Urban,43.8,OBC,1,2022
12000,No,Yes,Daily Wage Worker,Daily Wage Worker,Diploma,Semi-Urban,45.2,Merit,1,2022
25000,No,No,Shopkeeper,Homemaker,Postgraduate,Rural,74.5,Management,1,2023
18000,No,No,Engineer,Nurse,Primary School,Semi-Urban,90.6,Management,1,2022
18000,No,No,Driver,Daily Wage Worker,No Formal Education,Rural,93.2,Merit,1,2022
25000,No,Yes,Small Business,Daily Wage Worker,HighSchool,Semi-Urban,41.6,Sports,1,2023
100000,No,No,Doctor,Shopkeeper,Primary School,Semi-Urban,56.8,SC/ST,0,2023
12000,No,Yes,Shopkeeper,Shopkeeper,HighSchool,Rural,90.5,Merit,1,2023
25000,No,No,Shopkeeper,Farmer,No Formal Education,Urban,72.5,Merit,1,2023
25000,Yes,Yes,Teacher,Homemaker,Diploma,Rural,49.8,Sports,0,2022
35000,Yes,No,Teacher,Farmer,Graduate,Semi-Urban,66.9,Management,0,2021
45000,No,Yes,Daily Wage Worker,Nurse,Diploma,Urban,86.5,Management,1,2023
45000,No,Yes,Teacher,Nurse,HighSchool,Urban,85.9,Merit,1,2021
8000,Yes,No,Engineer,Daily Wage Worker,No Formal Education,Urban,90.7,Merit,0,2024
18000,No,No,Daily Wage Worker,Farmer,Diploma,Rural,41.3,OBC,1,2022
45000,Yes,No,Shopkeeper,Homemaker,HighSchool,Semi-Urban,58.2,SC/ST,0,2021
18000,No,No,Engineer,Nurse,HighSchool,Urban,57.9,Merit,0,2024
100000,No,Yes,Factory Worker,Daily Wage Worker,Diploma,Semi-Urban,55.3,SC/ST,1,2023
18000,No,No,Daily Wage Worker,Nurse,HighSchool,Semi-Urban,65.8,SC/ST,1,2022
25000,Yes,Yes,Small Business,Government Job,HighSchool,Urban,64.5,Merit,0,2024
18000,No,No,Driver,Daily Wage Worker,Postgraduate,Semi-Urban,63.6,Merit,0,2023
18000,No,Yes,Shopkeeper,Daily Wage Worker,Graduate,Urban,65.7,Merit,0,2023
60000,No,Yes,Daily Wage Worker,Government Job,Postgraduate,Urban,58.4,OBC,1,2022
8000,Yes,Yes,Driver,Teacher,Graduate,Urban,97.9,OBC,0,2024
25000,No,No,Government Job,Government Job,Primary School,Rural,73.7,OBC,1,2021
35000,Yes,Yes,Small Business,Government Job,Graduate,Urban,67.4,NRI,0,2022
60000,No,Yes,Shopkeeper,Homemaker,Postgraduate,Urban,54.1,Merit,0,2023
35000,No,No,Doctor,Government Job,Postgraduate,Semi-Urban,55.1,Merit,0,2023
100000,No,Yes,Factory Worker,Government Job,Diploma,Rural,84.8,OBC,0,2022
60000,Yes,Yes,Farmer,Government Job,Primary School,Rural,64.5,SC/ST,1,2022
12000,No,No,Factory Worker,Daily Wage Worker,Graduate,Semi-Urban,59.2,OBC,1,2024
60000,No,No,Government Job,Daily Wage Worker,Primary School,Urban,51.0,Management,0,2024
75000,Yes,No,Factory Worker,Homemaker,No Formal Education,Urban,98.7,Merit,0,2024
12000,No,No,Teacher,Shopkeeper,HighSchool,Rural,61.4,OBC,1,2022
35000,No,Yes,Daily Wage Worker,Shopkeeper,Primary School,Rural,51.4,Merit,1,2023
12000,No,Yes,Driver,Farmer,Diploma,Urban,83.5,Merit,0,2024
35000,Yes,No,Small Business,Daily Wage Worker,Postgraduate,Urban,93.3,Merit,0,2021
5000,No,No,Government Job,Government Job,Graduate,Rural,84.6,Management,1,2022
45000,Yes,No,Factory Worker,Daily Wage Worker,Graduate,Rural,62.0,OBC,0,2023
18000,Yes,No,Driver,Factory Worker,Graduate,Urban,83.2,SC/ST,0,2021
25000,No,Yes,Driver,Farmer,HighSchool,Rural,58.8,OBC,1,2022
3000,No,Yes,Engineer,Daily Wage Worker,Graduate,Semi-Urban,68.8,Management,1,2024
35000,Yes,No,Government Job,Farmer,Graduate,Urban,46.0,Merit,0,2024
25000,Yes,No,Driver,Factory Worker,HighSchool,Urban,56.8,Merit,0,2021
35000,Yes,Yes,Small Business,Nurse,Diploma,Rural,70.0,Management,1,2023
12000,No,No,Teacher,Factory Worker,Graduate,Urban,44.3,NRI,1,2022
8000,Yes,No,Small Business,Daily Wage Worker,Graduate,Urban,83.3,Merit,0,2022
18000,Yes,Yes,Small Business,Teacher,HighSchool,Urban,64.4,Management,1,2024
75000,Yes,Yes,Doctor,Nurse,Graduate,Semi-Urban,71.3,Merit,0,2023
12000,No,Yes,Driver,Shopkeeper,Graduate,Semi-Urban,67.1,Sports,1,2021
35000,Yes,No,Small Business,Nurse,Postgraduate,Semi-Urban,81.9,NRI,0,2023
5000,Yes,Yes,Factory Worker,Factory Worker,Graduate,Semi-Urban,77.5,NRI,1,2021
35000,Yes,Yes,Daily Wage Worker,Daily Wage Worker,HighSchool,Semi-Urban,81.6,SC/ST,1,2022
12000,Yes,No,Teacher,Farmer,Graduate,Semi-Urban,53.7,OBC,0,2021
18000,Yes,No,Government Job,Daily Wage Worker,Postgraduate,Semi-Urban,77.0,NRI,0,2023
18000,No,No,Daily Wage Worker,Government Job,HighSchool,Semi-Urban,70.7,Merit,1,2024
8000,No,No,Doctor,Government Job,Graduate,Rural,44.4,Management,1,2022
12000,No,Yes,Small Business,Farmer,Diploma,Urban,43.3,SC/ST,1,2021
18000,Yes,Yes,Teacher,Government Job,Diploma,Urban,74.3,Merit,0,2022
25000,No,No,Daily Wage Worker,Farmer,Graduate,Semi-Urban,74.5,Management,1,2022
100000,Yes,No,Government Job,Daily Wage Worker,Diploma,Urban,85.6,Sports,0,2024
18000,Yes,No,Small Business,Factory Worker,HighSchool,Urban,85.1,SC/ST,0,2023
75000,Yes,No,Government Job,Daily Wage Worker,Graduate,Semi-Urban,66.9,NRI,0,2023
18000,Yes,No,Daily Wage Worker,Shopkeeper,Diploma,Urban,65.3,SC/ST,1,2022
5000,Yes,Yes,Small Business,Government Job,Postgraduate,Rural,62.9,Merit,0,2022
12000,No,Yes,Daily Wage Worker,Homemaker,No Formal Education,Urban,95.6,OBC,1,2024
18000,No,Yes,Teacher,Shopkeeper,Graduate,Rural,80.7,Merit,1,2024
12000,No,No,Engineer,Farmer,Primary School,Urban,60.6,Merit,0,2024
60000,Yes,Yes,Small Business,Shopkeeper,Graduate,Semi-Urban,81.5,Merit,0,2023
35000,No,Yes,Teacher,Nurse,Postgraduate,Semi-Urban,71.9,Sports,0,2023
25000,No,No,Shopkeeper,Factory Worker,Graduate,Semi-Urban,74.0,Merit,0,2021
25000,Yes,No,Doctor,Teacher,Graduate,Semi-Urban,94.0,Management,0,2024
18000,No,No,Small Business,Homemaker,Primary School,Urban,75.8,OBC,1,2023
35000,Yes,No,Engineer,Nurse,Postgraduate,Rural,93.5,Merit,0,2021
8000,No,Yes,Factory Worker,Farmer,HighSchool,Rural,71.3,NRI,1,2022
8000,Yes,Yes,Daily Wage Worker,Daily Wage Worker,No Formal Education,Urban,85.2,Merit,1,2024
12000,No,Yes,Government Job,Teacher,No Formal Education,Rural,71.2,Management,1,2023
8000,Yes,No,Engineer,Teacher,Graduate,Rural,73.4,Management,1,2023
35000,Yes,No,Teacher,Farmer,Graduate,Rural,65.4,Merit,0,2022
3000,No,No,Doctor,Factory Worker,Graduate,Rural,78.8,OBC,1,2024
8000,No,No,Teacher,Nurse,Diploma,Urban,44.0,Sports,0,2023
75000,Yes,Yes,Shopkeeper,Teacher,Graduate,Semi-Urban,80.3,Management,0,2021
100000,No,No,Farmer,Shopkeeper,Postgraduate,Rural,70.8,SC/ST,0,2022
25000,Yes,No,Engineer,Teacher,Graduate,Semi-Urban,82.8,Sports,0,2024
25000,No,No,Government Job,Nurse,HighSchool,Semi-Urban,40.6,Merit,0,2022
45000,Yes,Yes,Daily Wage Worker,Factory Worker,Postgraduate,Urban,57.2,OBC,0,2024
3000,No,No,Farmer,Nurse,Postgraduate,Semi-Urban,73.5,Merit,1,2024
18000,Yes,No,Teacher,Farmer,Graduate,Rural,67.4,Merit,0,2021
5000,Yes,Yes,Doctor,Nurse,Graduate,Urban,46.4,OBC,0,2024
18000,No,No,Small Business,Government Job,Postgraduate,Rural,43.2,Management,1,2024
100000,No,Yes,Shopkeeper,Daily Wage Worker,Graduate,Urban,63.8,Merit,0,2024
45000,Yes,Yes,Government Job,Factory Worker,Primary School,Rural,64.6,Merit,0,2023
100000,Yes,No,Doctor,Teacher,Postgraduate,Semi-Urban,62.4,Merit,0,2023
45000,Yes,No,Shopkeeper,Factory Worker,Graduate,Rural,95.4,Merit,0,2023
35000,Yes,No,Factory Worker,Farmer,Graduate,Urban,52.1,NRI,0,2023
45000,Yes,No,Factory Worker,Nurse,Diploma,Semi-Urban,82.2,Management,0,2024
35000,Yes,Yes,Small Business,Shopkeeper,No Formal Education,Urban,50.7,SC/ST,1,2021
18000,Yes,No,Shopkeeper,Teacher,HighSchool,Urban,42.6,OBC,0,2022
12000,No,No,Engineer,Daily Wage Worker,HighSchool,Rural,76.7,OBC,1,2021
25000,No,Yes,Government Job,Farmer,Diploma,Rural,89.8,Merit,1,2023
12000,Yes,Yes,Factory Worker,Factory Worker,Graduate,Urban,59.5,SC/ST,0,2021
25000,Yes,Yes,Doctor,Nurse,Diploma,Semi-Urban,72.0,OBC,0,2022
8000,No,Yes,Farmer,Factory Worker,HighSchool,Urban,77.2,Management,1,2022
25000,No,No,Daily Wage Worker,Daily Wage Worker,HighSchool,Urban,79.5,SC/ST,1,2021
12000,Yes,No,Farmer,Shopkeeper,Graduate,Urban,75.6,Merit,0,2021
12000,Yes,No,Farmer,Daily Wage Worker,Graduate,Semi-Urban,92.9,SC/ST,1,2023
25000,No,Yes,Small Business,Shopkeeper,HighSchool,Urban,50.8,Merit,1,2022
8000,Yes,No,Government Job,Factory Worker,HighSchool,Urban,83.7,Merit,0,2022
100000,No,Yes,Small Business,Teacher,HighSchool,Urban,95.9,OBC,0,2022
18000,No,Yes,Shopkeeper,Government Job,Graduate,Urban,60.6,Management,1,2021
18000,Yes,No,Shopkeeper,Shopkeeper,Graduate,Rural,85.9,OBC,0,2023
3000,No,Yes,Shopkeeper,Government Job,Graduate,Urban,76.2,SC/ST,1,2024
60000,Yes,No,Farmer,Factory Worker,Postgraduate,Semi-Urban,56.3,Merit,0,2024
35000,No,Yes,Doctor,Government Job,Graduate,Rural,63.9,SC/ST,1,2021
18000,Yes,No,Farmer,Teacher,Diploma,Semi-Urban,91.7,OBC,1,2024
12000,No,Yes,Factory Worker,Teacher,HighSchool,Semi-Urban,68.4,Merit,1,2021
45000,Yes,Yes,Farmer,Teacher,HighSchool,Urban,57.3,SC/ST,1,2023
75000,Yes,No,Small Business,Teacher,HighSchool,Semi-Urban,98.8,Sports,0,2022
18000,No,Yes,Small Business,Factory Worker,Primary School,Rural,57.8,Merit,1,2024
8000,Yes,No,Engineer,Shopkeeper,Primary School,Urban,42.5,OBC,1,2023
5000,No,No,Government Job,Government Job,No Formal Education,Rural,51.8,Management,1,2021
3000,No,No,Doctor,Daily Wage Worker,HighSchool,Urban,97.0,SC/ST,0,2022
45000,Yes,Yes,Farmer,Factory Worker,Graduate,Semi-Urban,58.3,Management,1,2023
100000,Yes,Yes,Doctor,Daily Wage Worker,Diploma,Rural,90.8,Merit,0,2021
100000,Yes,No,Daily Wage Worker,Teacher,Diploma,Semi-Urban,91.4,Management,0,2024
45000,Yes,Yes,Daily Wage Worker,Nurse,HighSchool,Semi-Urban,41.3,Sports,1,2023
8000,No,Yes,Farmer,Homemaker,Graduate,Urban,83.3,OBC,1,2024
100000,No,No,Small Business,Teacher,Postgraduate,Urban,72.1,OBC,0,2023
12000,No,Yes,Factory Worker,Factory Worker,HighSchool,Urban,76.9,OBC,1,2024
12000,No,No,Government Job,Homemaker,Postgraduate,Rural,65.8,SC/ST,1,2023
35000,Yes,Yes,Doctor,Daily Wage Worker,Postgraduate,Rural,47.4,Merit,0,2024
5000,No,No,Teacher,Homemaker,Graduate,Rural,48.2,Sports,1,2023
60000,Yes,Yes,Factory Worker,Nurse,Graduate,Urban,41.5,Merit,0,2021
100000,No,No,Doctor,Homemaker,HighSchool,Rural,55.4,OBC,0,2023
45000,No,No,Farmer,Homemaker,No Formal Education,Urban,78.7,SC/ST,1,2024
45000,Yes,Yes,Teacher,Government Job,Graduate,Urban,56.6,SC/ST,0,2024
18000,No,Yes,Government Job,Nurse,Postgraduate,Semi-Urban,62.4,SC/ST,1,2021
5000,Yes,Yes,Doctor,Factory Worker,Graduate,Rural,74.7,Management,0,2023
45000,Yes,Yes,Shopkeeper,Daily Wage Worker,No Formal Education,Rural,77.5,Merit,0,2024
25000,Yes,Yes,Daily Wage Worker,Shopkeeper,Primary School,Urban,90.8,Management,1,2022
75000,Yes,No,Daily Wage Worker,Farmer,Diploma,Semi-Urban,61.3,Sports,0,2021
8000,Yes,No,Small Business,Nurse,Postgraduate,Semi-Urban,83.0,Merit,0,2024
12000,No,No,Engineer,Factory Worker,Primary School,Rural,60.4,OBC,1,2023
18000,Yes,No,Engineer,Homemaker,HighSchool,Urban,81.9,SC/ST,0,2022
35000,No,Yes,Small Business,Homemaker,Diploma,Urban,95.0,SC/ST,0,2024
45000,No,No,Shopkeeper,Nurse,Primary School,Semi-Urban,59.8,Merit,0,2021
100000,Yes,No,Daily Wage Worker,Teacher,Primary School,Semi-Urban,69.2,Merit,0,2021
12000,Yes,No,Doctor,Nurse,Primary School,Semi-Urban,54.7,SC/ST,0,2021
25000,Yes,Yes,Doctor,Nurse,Diploma,Rural,70.8,Merit,0,2021
3000,Yes,No,Factory Worker,Government Job,HighSchool,Urban,70.5,SC/ST,1,2023
12000,Yes,No,Doctor,Factory Worker,No Formal Education,Semi-Urban,87.9,Merit,0,2024
18000,Yes,Yes,Farmer,Factory Worker,Diploma,Rural,86.1,OBC,1,2022
25000,No,No,Government Job,Teacher,Graduate,Urban,64.4,SC/ST,0,2023
18000,No,Yes,Farmer,Homemaker,Graduate,Urban,50.1,SC/ST,1,2024
18000,No,No,Engineer,Factory Worker,Graduate,Rural,54.9,Merit,0,2022
35000,Yes,Yes,Shopkeeper,Factory Worker,Diploma,Urban,69.6,SC/ST,0,2022
60000,No,No,Government Job,Factory Worker,Graduate,Urban,97.2,Merit,0,2022
12000,No,No,Government Job,Homemaker,Primary School,Rural,80.1,Merit,0,2021
12000,No,No,Engineer,Nurse,HighSchool,Urban,55.8,Merit,0,2021
35000,Yes,Yes,Farmer,Factory Worker,Graduate,Semi-Urban,98.6,Merit,0,2022
45000,No,Yes,Driver,Government Job,HighSchool,Semi-Urban,89.3,Management,1,2024
60000,No,No,Teacher,Farmer,HighSchool,Rural,66.1,Management,1,2024
8000,No,Yes,Factory Worker,Shopkeeper,No Formal Education,Rural,80.4,SC/ST,1,2024
25000,No,No,Government Job,Government Job,Postgraduate,Semi-Urban,46.8,SC/ST,0,2022
75000,No,Yes,Small Business,Nurse,Graduate,Rural,98.0,Merit,0,2021
18000,Yes,Yes,Engineer,Shopkeeper,Primary School,Semi-Urban,49.5,Sports,1,2023
18000,No,No,Small Business,Nurse,HighSchool,Rural,90.3,Merit,1,2023
100000,No,No,Daily Wage Worker,Daily Wage Worker,HighSchool,Urban,68.1,NRI,0,2021
8000,Yes,Yes,Factory Worker,Teacher,HighSchool,Rural,84.2,OBC,1,2024
35000,Yes,Yes,Driver,Nurse,HighSchool,Urban,59.4,SC/ST,1,2023
60000,No,Yes,Small Business,Shopkeeper,HighSchool,Rural,70.0,Merit,0,2022
8000,No,No,Teacher,Government Job,Graduate,Urban,75.2,OBC,0,2021
35000,Yes,Yes,Shopkeeper,Farmer,Postgraduate,Rural,64.4,SC/ST,0,2024
18000,Yes,No,Factory Worker,Teacher,No Formal Education,Rural,67.5,Merit,1,2023
60000,No,Yes,Driver,Government Job,HighSchool,Rural,97.6,SC/ST,1,2022
75000,Yes,Yes,Driver,Teacher,Graduate,Urban,66.8,Merit,0,2023
60000,No,Yes,Small Business,Shopkeeper,HighSchool,Rural,49.5,Merit,1,2024
5000,No,Yes,Daily Wage Worker,Shopkeeper,HighSchool,Urban,68.7,Merit,1,2023
45000,No,Yes,Driver,Teacher,HighSchool,Rural,93.4,Merit,1,2021
75000,Yes,No,Factory Worker,Farmer,Graduate,Urban,54.9,Management,0,2022
35000,No,Yes,Farmer,Daily Wage Worker,Primary School,Rural,58.0,Merit,1,2021
35000,No,No,Shopkeeper,Farmer,Primary School,Rural,55.9,SC/ST,1,2022
5000,No,No,Daily Wage Worker,Homemaker,Graduate,Urban,61.9,Merit,1,2022
60000,No,No,Government Job,Teacher,HighSchool,Rural,67.9,SC/ST,1,2024
5000,No,No,Shopkeeper,Government Job,Postgraduate,Semi-Urban,59.7,SC/ST,1,2021
12000,No,No,Government Job,Government Job,Diploma,Urban,51.0,Sports,1,2024
75000,Yes,No,Factory Worker,Nurse,Primary School,Urban,60.0,Merit,0,2024
75000,No,No,Daily Wage Worker,Factory Worker,HighSchool,Rural,64.5,NRI,1,2022
100000,No,No,Engineer,Farmer,Postgraduate,Rural,68.9,SC/ST,0,2023
18000,Yes,No,Factory Worker,Shopkeeper,Primary School,Rural,78.7,SC/ST,1,2024
8000,No,Yes,Driver,Homemaker,HighSchool,Semi-Urban,83.6,Merit,1,2021
25000,No,No,Engineer,Factory Worker,HighSchool,Urban,88.7,SC/ST,0,2024
5000,Yes,Yes,Daily Wage Worker,Teacher,Postgraduate,Semi-Urban,54.8,SC/ST,1,2021
60000,Yes,Yes,Doctor,Shopkeeper,Postgraduate,Urban,76.3,SC/ST,0,2023
25000,No,Yes,Factory Worker,Farmer,Graduate,Urban,50.9,Merit,1,2022
18000,No,No,Engineer,Nurse,HighSchool,Semi-Urban,76.6,SC/ST,1,2022
5000,No,No,Shopkeeper,Homemaker,HighSchool,Semi-Urban,94.2,Merit,0,2024
18000,No,No,Government Job,Teacher,Primary School,Semi-Urban,91.4,OBC,1,2021
60000,Yes,No,Driver,Factory Worker,Primary School,Rural,75.9,Management,1,2024
35000,Yes,Yes,Factory Worker,Farmer,Postgraduate,Rural,56.3,Merit,1,2024
5000,No,No,Engineer,Nurse,Graduate,Rural,48.2,SC/ST,1,2022
8000,No,Yes,Daily Wage Worker,Government Job,HighSchool,Urban,66.3,OBC,1,2021
18000,No,No,Government Job,Factory Worker,Graduate,Urban,63.5,OBC,0,2022
5000,No,Yes,Factory Worker,Nurse,Primary School,Rural,79.8,NRI,1,2023
75000,No,No,Driver,Nurse,Diploma,Rural,46.3,SC/ST,1,2023
35000,No,Yes,Engineer,Factory Worker,HighSchool,Urban,42.7,Merit,1,2023
5000,Yes,Yes,Small Business,Factory Worker,Diploma,Semi-Urban,82.8,Management,0,2022
45000,Yes,No,Factory Worker,Farmer,HighSchool,Rural,75.5,Merit,0,2024
18000,Yes,No,Shopkeeper,Nurse,Primary School,Urban,60.9,Sports,0,2023
12000,Yes,Yes,Farmer,Daily Wage Worker,Postgraduate,Urban,83.9,Merit,0,2021
25000,Yes,No,Government Job,Teacher,Postgraduate,Rural,66.2,Merit,0,2021
3000,Yes,No,Factory Worker,Daily Wage Worker,Diploma,Urban,86.7,Sports,0,2023
18000,No,Yes,Farmer,Farmer,Graduate,Urban,89.4,Management,0,2024
60000,No,Yes,Shopkeeper,Teacher,HighSchool,Semi-Urban,84.0,Management,0,2023
75000,No,No,Small Business,Daily Wage Worker,Diploma,Urban,95.1,NRI,0,2021
12000,Yes,No,Engineer,Nurse,HighSchool,Rural,44.2,Merit,1,2024
35000,Yes,No,Doctor,Shopkeeper,Primary School,Semi-Urban,47.5,SC/ST,1,2022
12000,No,Yes,Government Job,Daily Wage Worker,Diploma,Urban,86.7,Merit,0,2023
25000,Yes,No,Farmer,Teacher,Graduate,Semi-Urban,83.0,Merit,0,2023
12000,Yes,No,Daily Wage Worker,Government Job,Graduate,Semi-Urban,65.1,Sports,1,2022
25000,Yes,No,Government Job,Farmer,Diploma,Semi-Urban,71.4,Merit,0,2021
8000,No,Yes,Small Business,Homemaker,Diploma,Semi-Urban,52.0,SC/ST,1,2023
75000,No,No,Shopkeeper,Farmer,Graduate,Urban,60.1,Sports,0,2024
60000,No,Yes,Teacher,Homemaker,Postgraduate,Urban,44.6,Merit,0,2023
12000,No,No,Daily Wage Worker,Farmer,Primary School,Urban,42.0,Management,1,2022
45000,Yes,Yes,Factory Worker,Homemaker,Diploma,Urban,78.9,SC/ST,0,2022
5000,No,No,Teacher,Daily Wage Worker,Postgraduate,Semi-Urban,75.0,SC/ST,1,2023
45000,No,Yes,Farmer,Teacher,Diploma,Semi-Urban,81.3,Merit,1,2024
12000,No,Yes,Engineer,Factory Worker,Graduate,Rural,62.7,SC/ST,1,2024
8000,Yes,No,Factory Worker,Government Job,Diploma,Rural,87.5,SC/ST,1,2024
35000,No,No,Teacher,Farmer,Postgraduate,Rural,62.2,Merit,0,2024
18000,Yes,Yes,Doctor,Teacher,Postgraduate,Rural,58.2,Merit,0,2022
25000,No,No,Engineer,Government Job,Diploma,Semi-Urban,75.3,SC/ST,1,2024
25000,Yes,Yes,Teacher,Shopkeeper,No Formal Education,Urban,72.2,Merit,0,2023
5000,No,Yes,Driver,Daily Wage Worker,Graduate,Urban,82.6,Management,1,2024
5000,No,No,Farmer,Homemaker,HighSchool,Urban,67.0,Management,1,2021
35000,Yes,No,Engineer,Teacher,HighSchool,Rural,95.9,Management,0,2023
35000,Yes,No,Driver,Farmer,Diploma,Rural,68.9,Management,0,2024
5000,Yes,No,Doctor,Homemaker,Diploma,Rural,41.0,SC/ST,1,2021
18000,Yes,No,Farmer,Farmer,Postgraduate,Semi-Urban,74.1,Sports,0,2024
35000,No,Yes,Farmer,Shopkeeper,No Formal Education,Rural,85.0,SC/ST,1,2021
35000,Yes,No,Factory Worker,Teacher,HighSchool,Rural,69.5,Merit,0,2022
60000,No,Yes,Engineer,Homemaker,Graduate,Rural,58.1,SC/ST,1,2023
18000,Yes,No,Factory Worker,Shopkeeper,Graduate,Urban,72.5,NRI,0,2021
25000,Yes,No,Farmer,Government Job,HighSchool,Urban,79.8,Merit,1,2023
25000,Yes,No,Teacher,Homemaker,HighSchool,Rural,77.0,Merit,0,2023
12000,Yes,No,Doctor,Nurse,HighSchool,Rural,64.0,Merit,1,2023
5000,Yes,No,Engineer,Farmer,Postgraduate,Rural,62.5,Merit,0,2022
3000,No,Yes,Engineer,Government Job,HighSchool,Semi-Urban,87.8,Sports,0,2021
60000,No,No,Small Business,Government Job,Diploma,Rural,55.4,Merit,1,2023
8000,Yes,No,Factory Worker,Factory Worker,Postgraduate,Rural,62.7,SC/ST,1,2022
35000,Yes,Yes,Government Job,Government Job,Primary School,Rural,79.1,Merit,0,2021
25000,No,Yes,Engineer,Daily Wage Worker,Postgraduate,Semi-Urban,64.5,Merit,0,2023
18000,Yes,No,Driver,Farmer,Graduate,Rural,63.4,SC/ST,1,2022
60000,No,No,Teacher,Shopkeeper,Diploma,Semi-Urban,47.4,SC/ST,1,2022
35000,Yes,No,Daily Wage Worker,Factory Worker,Postgraduate,Urban,70.3,Merit,0,2024
3000,Yes,No,Daily Wage Worker,Factory Worker,Primary School,Urban,98.4,Merit,1,2023
45000,No,No,Doctor,Farmer,Postgraduate,Rural,90.5,SC/ST,0,2022
25000,No,No,Factory Worker,Teacher,HighSchool,Urban,86.3,Management,1,2021
12000,Yes,Yes,Engineer,Nurse,HighSchool,Semi-Urban,68.6,SC/ST,0,2024
45000,No,Yes,Shopkeeper,Government Job,Primary School,Rural,88.5,NRI,1,2023
35000,Yes,No,Driver,Farmer,Diploma,Rural,93.9,SC/ST,1,2022
12000,No,No,Engineer,Factory Worker,HighSchool,Semi-Urban,52.9,Merit,0,2021
100000,No,Yes,Small Business,Nurse,HighSchool,Urban,69.3,Merit,0,2022
35000,No,No,Daily Wage Worker,Government Job,No Formal Education,Urban,90.5,Merit,1,2021
35000,Yes,Yes,Daily Wage Worker,Factory Worker,HighSchool,Semi-Urban,88.5,Merit,1,2022
5000,Yes,Yes,Teacher,Farmer,HighSchool,Urban,92.1,SC/ST,1,2022
12000,Yes,Yes,Government Job,Daily Wage Worker,Graduate,Rural,96.5,Management,0,2021
18000,Yes,Yes,Farmer,Factory Worker,Graduate,Urban,56.9,Merit,0,2021
35000,Yes,No,Daily Wage Worker,Government Job,Graduate,Rural,74.5,Management,0,2024
25000,No,Yes,Engineer,Teacher,Graduate,Semi-Urban,49.4,Merit,0,2022
45000,No,Yes,Doctor,Teacher,Primary School,Urban,71.0,OBC,1,2023
12000,Yes,No,Daily Wage Worker,Farmer,HighSchool,Rural,44.3,Merit,1,2022
35000,No,No,Engineer,Government Job,Graduate,Rural,64.8,Sports,0,2022
45000,Yes,No,Engineer,Nurse,Diploma,Urban,70.7,SC/ST,0,2022
45000,Yes,No,Daily Wage Worker,Government Job,Graduate,Rural,81.1,Sports,0,2021
45000,Yes,No,Driver,Factory Worker,No Formal Education,Rural,52.7,OBC,1,2021
60000,Yes,Yes,Small Business,Daily Wage Worker,Diploma,Semi-Urban,91.8,OBC,0,2022
5000,Yes,No,Farmer,Shopkeeper,Diploma,Urban,41.6,Merit,0,2022
35000,Yes,No,Farmer,Teacher,Graduate,Semi-Urban,76.3,OBC,1,2024
100000,Yes,Yes,Engineer,Farmer,Postgraduate,Urban,93.8,Merit,0,2021
25000,No,No,Factory Worker,Factory Worker,Graduate,Rural,91.1,OBC,1,2021
12000,No,No,Small Business,Teacher,Graduate,Semi-Urban,70.9,Merit,0,2022
100000,No,No,Factory Worker,Factory Worker,Graduate,Rural,48.4,Management,0,2024
8000,Yes,No,Small Business,Shopkeeper,Postgraduate,Rural,45.8,OBC,1,2021
12000,Yes,Yes,Farmer,Homemaker,Graduate,Rural,82.0,SC/ST,1,2023
8000,Yes,No,Teacher,Farmer,HighSchool,Rural,47.4,SC/ST,1,2023
18000,No,No,Factory Worker,Shopkeeper,HighSchool,Semi-Urban,43.5,OBC,1,2024
18000,Yes,Yes,Factory Worker,Factory Worker,Postgraduate,Urban,66.4,Sports,0,2021
25000,No,Yes,Doctor,Government Job,Graduate,Urban,50.9,SC/ST,1,2022
75000,Yes,No,Driver,Teacher,Diploma,Semi-Urban,87.6,Merit,0,2021
18000,No,No,Driver,Daily Wage Worker,Graduate,Semi-Urban,72.0,Management,1,2022
25000,Yes,Yes,Small Business,Homemaker,HighSchool,Rural,90.5,SC/ST,1,2024
60000,Yes,No,Teacher,Nurse,Graduate,Rural,63.0,Merit,0,2023
45000,No,No,Daily Wage Worker,Factory Worker,Diploma,Semi-Urban,94.4,Merit,1,2023
12000,No,No,Daily Wage Worker,Nurse,Postgraduate,Semi-Urban,97.7,SC/ST,1,2023
3000,No,No,Engineer,Shopkeeper,Graduate,Semi-Urban,72.6,SC/ST,1,2024
35000,No,No,Factory Worker,Homemaker,HighSchool,Urban,51.0,Merit,1,2021
60000,No,Yes,Doctor,Homemaker,Postgraduate,Rural,43.2,Merit,0,2021
25000,No,Yes,Farmer,Government Job,Diploma,Rural,94.2,Merit,1,2023
12000,No,Yes,Factory Worker,Shopkeeper,Graduate,Urban,70.0,SC/ST,1,2023
45000,No,Yes,Teacher,Government Job,HighSchool,Rural,51.9,Merit,0,2022
35000,Yes,Yes,Factory Worker,Factory Worker,Diploma,Urban,62.1,NRI,1,2023
25000,No,Yes,Teacher,Teacher,Graduate,Rural,94.9,Merit,0,2021
60000,No,Yes,Driver,Factory Worker,Graduate,Rural,96.7,OBC,1,2024
45000,Yes,Yes,Government Job,Teacher,Postgraduate,Semi-Urban,52.2,NRI,0,2021
35000,No,No,Daily Wage Worker,Teacher,Graduate,Rural,69.8,Sports,1,2023
35000,Yes,No,Doctor,Teacher,HighSchool,Urban,87.6,NRI,0,2022
35000,Yes,No,Shopkeeper,Farmer,Postgraduate,Semi-Urban,82.6,Merit,0,2021
25000,Yes,Yes,Daily Wage Worker,Teacher,Postgraduate,Semi-Urban,78.7,Management,1,2021
18000,No,Yes,Shopkeeper,Government Job,Postgraduate,Semi-Urban,88.9,Merit,0,2021
35000,No,Yes,Factory Worker,Homemaker,Postgraduate,Rural,88.1,Merit,1,2023
35000,Yes,Yes,Daily Wage Worker,Government Job,Graduate,Semi-Urban,75.7,NRI,0,2021
25000,Yes,Yes,Doctor,Daily Wage Worker,Graduate,Rural,69.0,Merit,0,2023
8000,No,No,Government Job,Farmer,Graduate,Semi-Urban,88.3,Merit,0,2023
35000,Yes,No,Teacher,Farmer,HighSchool,Semi-Urban,85.1,Sports,0,2021
35000,Yes,Yes,Factory Worker,Teacher,Graduate,Urban,51.6,Merit,0,2022
12000,Yes,No,Government Job,Factory Worker,HighSchool,Semi-Urban,69.8,OBC,0,2022
18000,No,Yes,Engineer,Government Job,Diploma,Urban,74.9,SC/ST,1,2024
12000,No,Yes,Daily Wage Worker,Farmer,HighSchool,Rural,97.0,Merit,1,2024
100000,No,No,Daily Wage Worker,Daily Wage Worker,HighSchool,Urban,68.2,Merit,0,2024
60000,No,Yes,Factory Worker,Farmer,Graduate,Semi-Urban,56.1,SC/ST,1,2022
25000,Yes,No,Government Job,Daily Wage Worker,Diploma,Rural,51.3,Merit,0,2021
18000,No,Yes,Driver,Teacher,Diploma,Rural,95.0,Management,1,2022
45000,No,Yes,Doctor,Government Job,Diploma,Urban,72.4,Merit,0,2024
25000,No,No,Government Job,Daily Wage Worker,Graduate,Rural,54.8,Merit,1,2022
100000,Yes,Yes,Driver,Factory Worker,HighSchool,Rural,64.9,Merit,0,2024
5000,Yes,No,Daily Wage Worker,Teacher,Diploma,Urban,41.7,Management,1,2021
3000,Yes,No,Driver,Government Job,HighSchool,Rural,40.2,Merit,1,2021
25000,Yes,No,Daily Wage Worker,Homemaker,Postgraduate,Rural,60.2,Sports,0,2022
8000,Yes,Yes,Shopkeeper,Nurse,Primary School,Rural,81.7,OBC,1,2024
35000,No,Yes,Doctor,Daily Wage Worker,Postgraduate,Semi-Urban,83.2,OBC,0,2024
45000,No,No,Engineer,Teacher,No Formal Education,Urban,40.3,Merit,1,2023
8000,Yes,Yes,Teacher,Factory Worker,Primary School,Urban,80.3,Merit,1,2021
18000,Yes,Yes,Factory Worker,Farmer,Postgraduate,Rural,84.8,Sports,1,2022
35000,No,Yes,Small Business,Homemaker,Graduate,Rural,53.7,OBC,1,2021
60000,Yes,No,Farmer,Shopkeeper,HighSchool,Urban,49.0,Merit,0,2021
25000,No,No,Shopkeeper,Nurse,Graduate,Urban,81.7,Merit,0,2021
8000,Yes,No,Doctor,Factory Worker,HighSchool,Rural,73.5,NRI,0,2024
25000,Yes,Yes,Small Business,Daily Wage Worker,Primary School,Urban,63.4,NRI,0,2021
18000,No,No,Shopkeeper,Teacher,No Formal Education,Urban,74.1,SC/ST,1,2021
45000,Yes,No,Daily Wage Worker,Daily Wage Worker,HighSchool,Rural,87.8,Sports,0,2022
25000,Yes,Yes,Driver,Shopkeeper,HighSchool,Urban,45.5,Management,1,2022
12000,Yes,No,Daily Wage Worker,Shopkeeper,Diploma,Semi-Urban,70.2,OBC,1,2024
45000,Yes,Yes,Teacher,Daily Wage Worker,Postgraduate,Urban,56.3,Merit,0,2024
25000,No,Yes,Daily Wage Worker,Homemaker,HighSchool,Semi-Urban,56.8,Merit,1,2024
8000,No,No,Farmer,Daily Wage Worker,Diploma,Semi-Urban,85.6,Merit,1,2024
25000,No,No,Government Job,Daily Wage Worker,Primary School,Semi-Urban,78.3,SC/ST,1,2021
75000,No,No,Farmer,Shopkeeper,Postgraduate,Rural,92.4,Merit,0,2023
35000,No,Yes,Daily Wage Worker,Daily Wage Worker,Primary School,Semi-Urban,61.6,Management,1,2024
12000,No,No,Teacher,Farmer,HighSchool,Semi-Urban,69.8,OBC,1,2022
35000,No,No,Factory Worker,Nurse,Postgraduate,Rural,48.5,Merit,1,2024
12000,Yes,No,Government Job,Daily Wage Worker,Diploma,Urban,90.3,Merit,0,2023
25000,No,No,Teacher,Factory Worker,HighSchool,Rural,76.5,Management,1,2023
25000,No,Yes,Government Job,Nurse,Graduate,Urban,93.7,Merit,0,2023
12000,Yes,No,Small Business,Farmer,No Formal Education,Semi-Urban,77.3,NRI,1,2022
12000,Yes,Yes,Driver,Nurse,HighSchool,Semi-Urban,47.9,Merit,1,2021
75000,Yes,Yes,Doctor,Nurse,Graduate,Urban,73.2,Management,0,2021
12000,No,Yes,Daily Wage Worker,Government Job,Postgraduate,Semi-Urban,96.0,OBC,1,2024
45000,Yes,Yes,Teacher,Nurse,Postgraduate,Rural,49.9,Management,0,2024
35000,No,No,Government Job,Farmer,Graduate,Rural,59.4,Sports,0,2021
25000,Yes,No,Daily Wage Worker,Factory Worker,HighSchool,Urban,78.1,Merit,1,2021
8000,Yes,No,Small Business,Shopkeeper,Diploma,Urban,73.6,Merit,0,2021
8000,No,No,Government Job,Farmer,Postgraduate,Semi-Urban,50.8,SC/ST,1,2023
8000,Yes,Yes,Daily Wage Worker,Factory Worker,Graduate,Rural,49.5,Merit,1,2021
25000,Yes,No,Factory Worker,Shopkeeper,Primary School,Urban,48.7,OBC,1,2021
100000,No,No,Small Business,Farmer,Postgraduate,Semi-Urban,71.6,SC/ST,0,2023
60000,No,Yes,Farmer,Daily Wage Worker,Postgraduate,Semi-Urban,93.8,NRI,0,2021
3000,Yes,Yes,Farmer,Factory Worker,HighSchool,Urban,69.6,Management,1,2021
12000,No,Yes,Factory Worker,Factory Worker,Graduate,Rural,64.2,SC/ST,1,2021
8000,No,No,Doctor,Teacher,Postgraduate,Urban,52.4,SC/ST,0,2024
100000,No,No,Driver,Factory Worker,HighSchool,Rural,92.3,OBC,1,2024
12000,Yes,No,Engineer,Farmer,Postgraduate,Rural,98.2,Merit,0,2023
8000,No,Yes,Teacher,Daily Wage Worker,HighSchool,Rural,81.9,Merit,1,2022
35000,Yes,Yes,Engineer,Factory Worker,HighSchool,Urban,70.4,Merit,0,2024
25000,Yes,Yes,Doctor,Shopkeeper,Postgraduate,Urban,93.9,Merit,0,2021
12000,No,No,Driver,Daily Wage Worker,Postgraduate,Rural,71.0,SC/ST,1,2021
35000,No,Yes,Teacher,Homemaker,No Formal Education,Rural,60.4,SC/ST,1,2022
5000,Yes,No,Engineer,Shopkeeper,Postgraduate,Rural,51.0,NRI,0,2021
3000,No,No,Driver,Shopkeeper,Graduate,Rural,48.1,SC/ST,1,2022
5000,No,Yes,Teacher,Farmer,Postgraduate,Semi-Urban,66.5,Merit,0,2024
18000,No,No,Shopkeeper,Shopkeeper,Diploma,Semi-Urban,63.0,Merit,0,2021
100000,Yes,No,Teacher,Government Job,Postgraduate,Rural,52.2,OBC,0,2024
25000,Yes,No,Teacher,Teacher,Graduate,Semi-Urban,70.0,Merit,0,2024
45000,No,No,Doctor,Shopkeeper,Graduate,Semi-Urban,83.0,Merit,0,2022
12000,No,No,Driver,Teacher,Diploma,Rural,76.3,Merit,1,2024
35000,No,Yes,Government Job,Nurse,Diploma,Urban,85.6,Merit,0,2023
100000,Yes,No,Doctor,Daily Wage Worker,HighSchool,Semi-Urban,87.7,Merit,0,2022
18000,No,Yes,Shopkeeper,Farmer,No Formal Education,Urban,48.0,NRI,1,2024
100000,Yes,Yes,Small Business,Daily Wage Worker,Postgraduate,Urban,98.5,Management,0,2024
35000,Yes,Yes,Engineer,Daily Wage Worker,Graduate,Urban,49.7,Merit,0,2022
45000,No,Yes,Daily Wage Worker,Factory Worker,Diploma,Semi-Urban,83.6,SC/ST,1,2023
12000,Yes,Yes,Doctor,Government Job,HighSchool,Urban,73.6,Merit,0,2022
35000,Yes,No,Government Job,Nurse,Graduate,Semi-Urban,70.6,Sports,0,2023
25000,Yes,Yes,Doctor,Government Job,Diploma,Rural,93.2,NRI,0,2022
75000,No,No,Small Business,Factory Worker,Graduate,Rural,86.6,NRI,0,2021
75000,Yes,No,Driver,Daily Wage Worker,Primary School,Semi-Urban,43.4,Merit,0,2024
18000,No,No,Shopkeeper,Government Job,HighSchool,Urban,77.0,SC/ST,0,2021
75000,Yes,No,Doctor,Homemaker,HighSchool,Semi-Urban,69.2,SC/ST,0,2022
60000,No,Yes,Teacher,Shopkeeper,No Formal Education,Rural,64.4,OBC,1,2023
25000,No,Yes,Engineer,Nurse,Graduate,Rural,42.0,Merit,1,2021
5000,Yes,Yes,Small Business,Government Job,Graduate,Semi-Urban,91.8,Merit,0,2022
8000,No,No,Engineer,Farmer,Diploma,Semi-Urban,59.3,Merit,1,2023
5000,No,No,Engineer,Farmer,Graduate,Urban,99.0,Merit,0,2022
5000,Yes,No,Factory Worker,Factory Worker,Postgraduate,Rural,88.1,Merit,0,2021
100000,No,No,Teacher,Factory Worker,Graduate,Rural,87.4,Management,0,2023
12000,Yes,No,Government Job,Factory Worker,Graduate,Semi-Urban,75.0,Merit,0,2023
35000,Yes,Yes,Teacher,Government Job,Diploma,Urban,88.9,Merit,0,2021
35000,No,Yes,Shopkeeper,Factory Worker,Diploma,Urban,54.8,SC/ST,1,2022
35000,Yes,Yes,Engineer,Nurse,HighSchool,Semi-Urban,75.0,SC/ST,0,2023
8000,Yes,No,Driver,Homemaker,HighSchool,Rural,74.4,Merit,1,2023
25000,Yes,No,Engineer,Homemaker,No Formal Education,Urban,65.4,SC/ST,0,2021
35000,No,Yes,Farmer,Government Job,Diploma,Urban,73.4,Management,1,2021
25000,Yes,No,Farmer,Shopkeeper,HighSchool,Urban,84.6,Merit,1,2022
8000,Yes,No,Government Job,Homemaker,Diploma,Semi-Urban,51.0,Merit,0,2023
45000,No,Yes,Doctor,Shopkeeper,Graduate,Urban,97.6,Management,0,2022
5000,Yes,No,Shopkeeper,Nurse,HighSchool,Urban,67.7,OBC,0,2024
25000,No,No,Government Job,Nurse,HighSchool,Urban,80.9,Merit,0,2021
18000,No,No,Small Business,Factory Worker,Diploma,Urban,93.5,Merit,0,2023
12000,No,No,Teacher,Teacher,Diploma,Semi-Urban,97.1,SC/ST,0,2024
45000,Yes,Yes,Government Job,Homemaker,HighSchool,Urban,74.6,Merit,0,2022
8000,No,No,Engineer,Factory Worker,Graduate,Urban,96.6,OBC,1,2022
75000,No,Yes,Small Business,Shopkeeper,No Formal Education,Semi-Urban,74.0,SC/ST,1,2023
60000,No,No,Small Business,Nurse,Diploma,Urban,55.0,OBC,0,2023
18000,No,No,Daily Wage Worker,Shopkeeper,Graduate,Semi-Urban,72.5,SC/ST,1,2024
12000,Yes,No,Doctor,Government Job,Diploma,Rural,47.0,SC/ST,1,2024
8000,No,Yes,Engineer,Daily Wage Worker,Postgraduate,Rural,82.8,Merit,0,2024
75000,No,No,Farmer,Shopkeeper,Primary School,Rural,53.8,Management,1,2022
35000,Yes,Yes,Factory Worker,Farmer,Diploma,Rural,64.5,Merit,1,2021
3000,No,Yes,Small Business,Homemaker,HighSchool,Urban,62.2,Merit,1,2023
25000,No,No,Teacher,Government Job,Postgraduate,Rural,53.9,Merit,1,2021
5000,Yes,No,Farmer,Factory Worker,HighSchool,Urban,82.5,Merit,0,2024
25000,Yes,Yes,Daily Wage Worker,Government Job,Diploma,Rural,58.8,Merit,1,2021
25000,No,Yes,Farmer,Daily Wage Worker,Diploma,Rural,95.6,Merit,1,2021
5000,Yes,No,Doctor,Factory Worker,Postgraduate,Rural,40.4,NRI,0,2022
45000,Yes,Yes,Farmer,Daily Wage Worker,Diploma,Semi-Urban,66.8,Merit,0,2023
12000,Yes,Yes,Government Job,Daily Wage Worker,Diploma,Urban,67.4,Management,0,2021
25000,No,Yes,Doctor,Government Job,Graduate,Rural,74.5,Merit,0,2023
35000,Yes,No,Teacher,Government Job,Graduate,Rural,47.1,Merit,0,2023
100000,Yes,No,Factory Worker,Government Job,No Formal Education,Urban,90.8,NRI,0,2021
25000,Yes,No,Engineer,Farmer,HighSchool,Semi-Urban,53.1,Merit,0,2024
75000,Yes,Yes,Farmer,Shopkeeper,HighSchool,Rural,62.6,NRI,0,2021
18000,Yes,No,Shopkeeper,Government Job,Diploma,Semi-Urban,73.3,Merit,0,2021
60000,Yes,Yes,Factory Worker,Nurse,Graduate,Urban,40.3,Merit,0,2024
12000,No,No,Driver,Shopkeeper,Postgraduate,Rural,76.7,Management,1,2023
35000,No,No,Shopkeeper,Nurse,Graduate,Semi-Urban,52.0,NRI,0,2023
5000,Yes,No,Factory Worker,Government Job,HighSchool,Urban,84.9,Management,1,2021
100000,No,Yes,Shopkeeper,Shopkeeper,Diploma,Rural,57.0,SC/ST,1,2022
75000,Yes,No,Doctor,Teacher,Diploma,Urban,75.5,OBC,0,2021
18000,Yes,Yes,Doctor,Government Job,Graduate,Urban,69.5,Merit,0,2024
25000,Yes,Yes,Doctor,Daily Wage Worker,Graduate,Rural,92.0,Management,1,2022
25000,No,Yes,Doctor,Homemaker,Graduate,Rural,61.0,Merit,0,2024
12000,Yes,Yes,Engineer,Farmer,Postgraduate,Semi-Urban,69.6,Management,0,2024
35000,Yes,Yes,Government Job,Farmer,No Formal Education,Semi-Urban,71.6,Management,0,2022
35000,No,Yes,Factory Worker,Teacher,Graduate,Semi-Urban,46.5,SC/ST,1,2022
25000,Yes,No,Government Job,Government Job,Postgraduate,Urban,72.0,SC/ST,0,2024
8000,No,No,Shopkeeper,Factory Worker,HighSchool,Rural,68.9,NRI,1,2023
75000,Yes,Yes,Factory Worker,Shopkeeper,Graduate,Rural,50.1,Management,1,2023
8000,No,No,Shopkeeper,Homemaker,Primary School,Rural,76.7,Management,1,2024
35000,Yes,No,Teacher,Shopkeeper,Diploma,Urban,70.2,Merit,0,2022
5000,No,Yes,Doctor,Factory Worker,HighSchool,Rural,48.3,Merit,1,2023
8000,No,Yes,Government Job,Daily Wage Worker,HighSchool,Semi-Urban,77.1,Merit,1,2024
3000,No,No,Teacher,Factory Worker,Graduate,Urban,67.7,OBC,0,2022
18000,No,Yes,Doctor,Farmer,Diploma,Rural,93.4,Management,1,2023
35000,Yes,No,Government Job,Homemaker,HighSchool,Rural,71.8,Merit,0,2022
25000,Yes,No,Daily Wage Worker,Factory Worker,Graduate,Urban,54.4,Sports,0,2024
35000,No,Yes,Daily Wage Worker,Nurse,Diploma,Rural,83.7,Sports,1,2022
35000,No,No,Small Business,Daily Wage Worker,No Formal Education,Semi-Urban,65.0,Merit,1,2022
8000,Yes,No,Factory Worker,Farmer,Graduate,Semi-Urban,89.2,SC/ST,1,2021
5000,No,Yes,Shopkeeper,Farmer,Postgraduate,Urban,66.6,SC/ST,1,2024
35000,No,No,Shopkeeper,Shopkeeper,HighSchool,Rural,52.4,Merit,1,2021
35000,No,No,Doctor,Factory Worker,Postgraduate,Urban,69.4,Merit,0,2021
25000,Yes,Yes,Driver,Factory Worker,Postgraduate,Urban,46.1,Sports,1,2023
12000,Yes,No,Daily Wage Worker,Teacher,Diploma,Rural,63.3,OBC,1,2021
45000,No,Yes,Driver,Daily Wage Worker,Postgraduate,Rural,73.4,OBC,1,2023
5000,Yes,Yes,Shopkeeper,Farmer,Graduate,Urban,76.4,NRI,0,2024
35000,Yes,No,Engineer,Factory Worker,Graduate,Semi-Urban,62.2,NRI,0,2021
8000,Yes,No,Daily Wage Worker,Teacher,Primary School,Semi-Urban,49.2,Merit,1,2021
35000,Yes,No,Factory Worker,Shopkeeper,Graduate,Rural,58.9,SC/ST,1,2022
18000,Yes,No,Daily Wage Worker,Shopkeeper,HighSchool,Urban,70.0,SC/ST,1,2024
35000,Yes,No,Teacher,Teacher,Graduate,Rural,72.2,Merit,0,2021
5000,Yes,Yes,Government Job,Shopkeeper,HighSchool,Rural,89.6,OBC,1,2024
25000,No,Yes,Doctor,Shopkeeper,Graduate,Urban,43.1,Merit,0,2022
8000,Yes,Yes,Shopkeeper,Factory Worker,Postgraduate,Urban,71.6,OBC,0,2023
35000,Yes,Yes,Farmer,Teacher,Diploma,Rural,50.9,NRI,1,2023
8000,No,No,Daily Wage Worker,Daily Wage Worker,Diploma,Semi-Urban,92.1,Management,1,2022
5000,No,No,Doctor,Government Job,Primary School,Rural,80.5,Merit,1,2021
35000,No,No,Teacher,Daily Wage Worker,HighSchool,Rural,56.0,SC/ST,1,2022
5000,No,Yes,Small Business,Daily Wage Worker,Postgraduate,Rural,74.3,SC/ST,1,2023
12000,No,Yes,Farmer,Nurse,Graduate,Urban,91.1,Merit,1,2021
60000,No,Yes,Factory Worker,Farmer,Graduate,Semi-Urban,48.6,Merit,1,2021
45000,No,Yes,Teacher,Homemaker,Graduate,Urban,58.7,Management,0,2023
60000,Yes,No,Shopkeeper,Government Job,Graduate,Rural,68.2,Sports,0,2021
12000,No,No,Driver,Daily Wage Worker,Diploma,Urban,54.7,Merit,1,2022
25000,No,No,Factory Worker,Government Job,HighSchool,Semi-Urban,47.9,Merit,1,2024
45000,No,No,Daily Wage Worker,Shopkeeper,No Formal Education,Urban,51.3,Management,1,2021
8000,No,No,Small Business,Factory Worker,Graduate,Urban,59.6,Merit,0,2023
45000,No,Yes,Teacher,Factory Worker,Postgraduate,Urban,84.8,Sports,0,2021
5000,Yes,No,Engineer,Factory Worker,HighSchool,Urban,98.0,Merit,0,2021
75000,No,Yes,Daily Wage Worker,Government Job,Diploma,Rural,52.7,SC/ST,1,2022
35000,No,Yes,Doctor,Farmer,Graduate,Urban,88.0,Sports,0,2021
25000,Yes,No,Factory Worker,Teacher,Graduate,Urban,66.3,OBC,0,2023
25000,Yes,Yes,Factory Worker,Homemaker,Graduate,Rural,46.9,OBC,1,2024
8000,No,Yes,Shopkeeper,Factory Worker,HighSchool,Rural,75.3,OBC,1,2021
12000,No,Yes,Farmer,Factory Worker,Graduate,Semi-Urban,63.1,NRI,1,2021
45000,Yes,No,Shopkeeper,Daily Wage Worker,Graduate,Urban,58.1,OBC,0,2023
25000,No,Yes,Doctor,Daily Wage Worker,No Formal Education,Rural,61.9,SC/ST,1,2023
25000,No,No,Government Job,Factory Worker,Graduate,Rural,70.2,Sports,1,2021
8000,Yes,No,Driver,Government Job,Diploma,Rural,69.4,OBC,1,2023
35000,Yes,No,Farmer,Farmer,Postgraduate,Semi-Urban,63.4,Merit,0,2022
18000,Yes,No,Daily Wage Worker,Factory Worker,Postgraduate,Rural,46.4,Management,1,2024
8000,No,No,Factory Worker,Shopkeeper,Graduate,Urban,70.5,Sports,1,2023
75000,Yes,Yes,Factory Worker,Homemaker,Diploma,Semi-Urban,93.0,Merit,0,2022
25000,Yes,No,Daily Wage Worker,Shopkeeper,Postgraduate,Rural,63.4,Sports,0,2023
25000,Yes,No,Driver,Daily Wage Worker,HighSchool,Urban,72.0,Merit,0,2023
100000,No,Yes,Driver,Nurse,Diploma,Rural,77.4,SC/ST,0,2022
18000,No,No,Factory Worker,Shopkeeper,HighSchool,Urban,65.3,OBC,1,2021
75000,No,No,Government Job,Government Job,Primary School,Urban,86.9,Management,0,2023
35000,Yes,No,Shopkeeper,Government Job,Postgraduate,Semi-Urban,42.0,Merit,0,2024
35000,No,No,Farmer,Factory Worker,HighSchool,Rural,46.9,OBC,1,2023
12000,No,No,Factory Worker,Government Job,Graduate,Semi-Urban,41.6,Merit,1,2022
5000,No,Yes,Driver,Farmer,Graduate,Semi-Urban,95.4,SC/ST,1,2024
18000,No,Yes,Doctor,Farmer,Graduate,Rural,45.7,Merit,1,2021
3000,Yes,No,Government Job,Factory Worker,Primary School,Urban,87.8,Merit,0,2022
5000,No,No,Engineer,Factory Worker,Diploma,Rural,45.6,Merit,1,2021
25000,No,Yes,Daily Wage Worker,Shopkeeper,Postgraduate,Urban,65.9,Sports,1,2023
45000,Yes,No,Daily Wage Worker,Factory Worker,HighSchool,Semi-Urban,72.1,SC/ST,1,2022
8000,Yes,No,Government Job,Nurse,No Formal Education,Semi-Urban,86.5,Sports,0,2024
45000,Yes,No,Daily Wage Worker,Homemaker,Graduate,Rural,49.2,OBC,1,2021
75000,Yes,Yes,Teacher,Homemaker,Graduate,Rural,78.3,Management,0,2023
45000,No,Yes,Teacher,Nurse,Graduate,Semi-Urban,91.2,OBC,0,2023
45000,No,No,Driver,Shopkeeper,HighSchool,Urban,96.0,Management,0,2022
35000,No,No,Small Business,Farmer,HighSchool,Urban,98.0,Sports,0,2023
12000,Yes,Yes,Driver,Shopkeeper,HighSchool,Rural,94.7,Merit,1,2021
18000,Yes,No,Government Job,Daily Wage Worker,Graduate,Urban,60.5,Merit,0,2021
75000,No,No,Doctor,Farmer,Postgraduate,Rural,51.6,SC/ST,0,2024
35000,Yes,Yes,Driver,Government Job,Graduate,Urban,64.9,OBC,0,2022
45000,Yes,No,Government Job,Factory Worker,Graduate,Rural,52.6,Sports,0,2021
100000,Yes,No,Farmer,Homemaker,Graduate,Semi-Urban,94.8,Merit,0,2022
12000,No,Yes,Driver,Homemaker,Graduate,Urban,67.1,SC/ST,1,2022
12000,No,Yes,Small Business,Daily Wage Worker,Diploma,Rural,58.3,Merit,1,2021
35000,Yes,No,Small Business,Factory Worker,Postgraduate,Urban,94.3,Management,0,2021
3000,Yes,No,Teacher,Daily Wage Worker,Graduate,Urban,57.6,Management,0,2023
25000,Yes,No,Doctor,Nurse,HighSchool,Rural,69.3,SC/ST,0,2024
45000,Yes,No,Daily Wage Worker,Nurse,Graduate,Rural,67.1,Management,1,2023
35000,No,No,Shopkeeper,Factory Worker,HighSchool,Rural,89.5,SC/ST,1,2023
12000,Yes,No,Doctor,Shopkeeper,Diploma,Rural,68.6,Sports,0,2023
45000,No,No,Small Business,Homemaker,Graduate,Semi-Urban,60.8,SC/ST,1,2021
8000,No,No,Daily Wage Worker,Homemaker,Graduate,Rural,47.3,Merit,1,2021
60000,No,No,Teacher,Homemaker,HighSchool,Semi-Urban,71.8,OBC,0,2023
5000,No,No,Factory Worker,Shopkeeper,Graduate,Rural,79.3,SC/ST,1,2023
60000,No,Yes,Factory Worker,Government Job,Primary School,Urban,55.3,NRI,1,2022
25000,Yes,Yes,Teacher,Homemaker,Graduate,Rural,79.2,Sports,0,2023
18000,Yes,Yes,Driver,Homemaker,HighSchool,Urban,67.3,Management,0,2022
25000,No,Yes,Teacher,Daily Wage Worker,Graduate,Semi-Urban,42.6,Management,1,2021
8000,No,No,Small Business,Government Job,Postgraduate,Rural,42.6,Merit,1,2021
18000,No,Yes,Small Business,Factory Worker,Primary School,Urban,43.5,Merit,1,2021
60000,No,No,Government Job,Farmer,Graduate,Rural,64.5,Management,0,2022
45000,No,Yes,Factory Worker,Government Job,Graduate,Urban,88.4,Merit,0,2022
8000,Yes,Yes,Daily Wage Worker,Teacher,Graduate,Rural,59.0,Management,1,2024
35000,Yes,No,Government Job,Farmer,Postgraduate,Rural,77.1,NRI,0,2023
60000,No,Yes,Engineer,Factory Worker,Diploma,Urban,89.8,Management,0,2021
45000,Yes,Yes,Doctor,Teacher,Primary School,Rural,73.0,Merit,0,2022
18000,Yes,Yes,Farmer,Government Job,Graduate,Rural,94.5,Merit,1,2024
5000,No,No,Daily Wage Worker,Homemaker,Diploma,Rural,58.1,Management,1,2024
75000,No,No,Shopkeeper,Daily Wage Worker,Graduate,Semi-Urban,70.0,Sports,0,2024
18000,No,Yes,Daily Wage Worker,Factory Worker,Graduate,Urban,72.2,Management,1,2023
18000,No,No,Daily Wage Worker,Daily Wage Worker,Graduate,Rural,50.3,Merit,1,2023
45000,Yes,No,Farmer,Daily Wage Worker,Diploma,Semi-Urban,69.5,Merit,0,2023
12000,No,No,Government Job,Teacher,Diploma,Urban,78.5,OBC,0,2023
60000,No,No,Small Business,Teacher,Postgraduate,Urban,45.9,Merit,0,2021
5000,No,Yes,Driver,Daily Wage Worker,Diploma,Urban,77.9,Merit,1,2022
45000,No,Yes,Farmer,Nurse,Graduate,Rural,71.0,Merit,1,2022
100000,Yes,Yes,Farmer,Shopkeeper,Graduate,Rural,61.9,OBC,0,2023
100000,No,Yes,Farmer,Shopkeeper,Primary School,Semi-Urban,62.5,Merit,1,2021
75000,Yes,Yes,Teacher,Factory Worker,Graduate,Semi-Urban,90.5,Merit,0,2024
60000,No,Yes,Driver,Factory Worker,No Formal Education,Urban,96.8,Merit,0,2021
12000,No,No,Farmer,Teacher,Postgraduate,Urban,60.9,OBC,1,2024
100000,No,Yes,Doctor,Factory Worker,Graduate,Urban,67.1,Merit,0,2022
75000,Yes,Yes,Government Job,Nurse,HighSchool,Semi-Urban,68.4,Merit,0,2023
25000,No,Yes,Teacher,Daily Wage Worker,Graduate,Semi-Urban,78.6,SC/ST,1,2023
18000,Yes,Yes,Teacher,Teacher,Postgraduate,Rural,54.2,Management,1,2022
5000,No,No,Small Business,Daily Wage Worker,HighSchool,Semi-Urban,61.0,Management,1,2023
25000,Yes,No,Teacher,Farmer,No Formal Education,Rural,48.2,Sports,1,2021
35000,Yes,Yes,Daily Wage Worker,Nurse,Diploma,Urban,40.5,OBC,1,2024
18000,Yes,Yes,Engineer,Farmer,Graduate,Urban,51.0,Sports,0,2022
18000,No,No,Shopkeeper,Daily Wage Worker,HighSchool,Urban,42.7,Merit,1,2023
25000,No,No,Driver,Shopkeeper,Graduate,Semi-Urban,54.3,Merit,1,2021
3000,Yes,No,Daily Wage Worker,Shopkeeper,Diploma,Rural,61.3,Merit,1,2021
75000,Yes,No,Daily Wage Worker,Nurse,Postgraduate,Rural,43.8,SC/ST,1,2022
12000,No,No,Driver,Teacher,Graduate,Urban,96.7,NRI,0,2023
8000,No,No,Small Business,Homemaker,Primary School,Rural,48.0,Merit,1,2024
3000,No,No,Teacher,Factory Worker,Graduate,Rural,90.5,Merit,0,2021
60000,No,No,Doctor,Government Job,Diploma,Rural,82.2,Merit,0,2024
60000,No,Yes,Engineer,Factory Worker,Diploma,Urban,85.4,Merit,0,2024
5000,No,No,Government Job,Government Job,HighSchool,Rural,53.1,Merit,1,2024
8000,No,Yes,Factory Worker,Teacher,Graduate,Rural,95.4,SC/ST,1,2021
18000,Yes,No,Small Business,Government Job,Postgraduate,Urban,53.6,Merit,0,2021
8000,Yes,No,Factory Worker,Homemaker,HighSchool,Semi-Urban,41.3,Merit,1,2023
45000,Yes,No,Small Business,Shopkeeper,No Formal Education,Semi-Urban,49.1,Sports,0,2022
5000,No,No,Driver,Factory Worker,Graduate,Rural,60.7,Merit,1,2024
25000,Yes,No,Factory Worker,Teacher,Postgraduate,Rural,44.8,SC/ST,1,2024
18000,No,No,Doctor,Daily Wage Worker,Graduate,Rural,87.9,Management,0,2022
18000,Yes,No,Daily Wage Worker,Daily Wage Worker,HighSchool,Urban,73.1,Merit,0,2023
18000,No,Yes,Small Business,Daily Wage Worker,Postgraduate,Rural,94.7,Merit,0,2022
8000,No,No,Teacher,Government Job,Diploma,Rural,74.7,Merit,1,2024
12000,Yes,No,Doctor,Teacher,Diploma,Rural,43.8,Merit,1,2023
5000,No,Yes,Farmer,Nurse,No Formal Education,Semi-Urban,71.6,Merit,1,2022
8000,Yes,No,Daily Wage Worker,Teacher,Primary School,Rural,44.6,Management,1,2022
100000,Yes,No,Teacher,Teacher,Graduate,Urban,95.4,Merit,0,2021
12000,No,No,Government Job,Daily Wage Worker,Graduate,Urban,78.7,Merit,0,2024
12000,No,Yes,Engineer,Shopkeeper,Graduate,Semi-Urban,60.5,Merit,0,2023
8000,Yes,No,Teacher,Teacher,Postgraduate,Urban,75.9,Merit,0,2021
45000,Yes,Yes,Driver,Nurse,Diploma,Rural,84.4,Merit,0,2022
75000,Yes,No,Small Business,Homemaker,Graduate,Semi-Urban,95.4,NRI,0,2021
45000,No,No,Teacher,Nurse,Graduate,Rural,77.0,Merit,0,2023
35000,Yes,Yes,Driver,Farmer,Diploma,Semi-Urban,79.8,Merit,0,2024
45000,No,Yes,Shopkeeper,Nurse,No Formal Education,Semi-Urban,63.7,Management,1,2023
18000,No,Yes,Shopkeeper,Teacher,Graduate,Semi-Urban,53.3,Management,1,2022
60000,Yes,Yes,Daily Wage Worker,Nurse,Primary School,Urban,60.8,Management,1,2022
45000,No,No,Daily Wage Worker,Farmer,Postgraduate,Urban,79.0,Management,1,2024
3000,No,Yes,Driver,Shopkeeper,Postgraduate,Rural,91.4,Management,1,2024
25000,No,No,Small Business,Nurse,Primary School,Urban,79.3,Merit,1,2023
12000,Yes,No,Small Business,Farmer,Primary School,Urban,96.4,Merit,0,2022
5000,Yes,No,Engineer,Government Job,Graduate,Semi-Urban,79.7,Merit,0,2024
60000,Yes,No,Teacher,Daily Wage Worker,Diploma,Semi-Urban,77.1,OBC,0,2021
3000,No,Yes,Daily Wage Worker,Factory Worker,Graduate,Urban,40.7,OBC,1,2022
45000,No,Yes,Teacher,Teacher,HighSchool,Rural,76.0,Merit,1,2022
100000,Yes,Yes,Daily Wage Worker,Government Job,Postgraduate,Semi-Urban,44.3,OBC,0,2024
25000,No,No,Government Job,Shopkeeper,Diploma,Semi-Urban,70.8,Merit,0,2024
18000,No,No,Shopkeeper,Daily Wage Worker,Graduate,Rural,74.6,SC/ST,1,2022
35000,No,No,Farmer,Teacher,Postgraduate,Urban,78.1,SC/ST,1,2024
45000,Yes,No,Daily Wage Worker,Shopkeeper,Graduate,Rural,91.4,Merit,0,2023
12000,Yes,No,Engineer,Nurse,Graduate,Urban,67.9,Merit,0,2024
12000,No,No,Small Business,Daily Wage Worker,Postgraduate,Semi-Urban,68.4,SC/ST,1,2023
35000,No,Yes,Small Business,Farmer,Postgraduate,Rural,72.4,OBC,1,2022
75000,Yes,No,Engineer,Teacher,Graduate,Rural,59.7,Merit,0,2021
12000,Yes,Yes,Farmer,Factory Worker,Graduate,Urban,56.0,Merit,0,2024
18000,No,No,Daily Wage Worker,Factory Worker,HighSchool,Rural,46.3,SC/ST,1,2024
100000,No,No,Shopkeeper,Nurse,Postgraduate,Rural,89.5,SC/ST,0,2022
8000,Yes,Yes,Driver,Factory Worker,Postgraduate,Semi-Urban,42.5,SC/ST,1,2021
5000,Yes,No,Engineer,Daily Wage Worker,Graduate,Urban,97.9,Merit,0,2023
25000,Yes,No,Driver,Government Job,Graduate,Rural,57.1,Merit,0,2024
3000,Yes,Yes,Shopkeeper,Daily Wage Worker,Graduate,Semi-Urban,81.4,Merit,0,2023
8000,Yes,No,Government Job,Government Job,Diploma,Urban,83.1,Merit,0,2022
35000,No,No,Farmer,Shopkeeper,HighSchool,Semi-Urban,63.4,Merit,1,2024
35000,No,No,Small Business,Shopkeeper,Graduate,Rural,64.2,SC/ST,1,2023
25000,No,Yes,Shopkeeper,Homemaker,HighSchool,Semi-Urban,75.3,Merit,0,2024
18000,Yes,Yes,Driver,Homemaker,Diploma,Semi-Urban,44.1,SC/ST,1,2022
25000,No,Yes,Teacher,Factory Worker,Postgraduate,Rural,41.3,Merit,0,2023
35000,No,Yes,Teacher,Teacher,Primary School,Rural,82.6,Management,1,2023
45000,No,No,Government Job,Government Job,Postgraduate,Semi-Urban,70.6,Merit,0,2021
45000,Yes,No,Doctor,Shopkeeper,Graduate,Rural,98.9,Merit,0,2023
35000,Yes,Yes,Government Job,Daily Wage Worker,Postgraduate,Urban,57.6,Merit,0,2021
60000,No,No,Government Job,Teacher,HighSchool,Semi-Urban,62.0,Merit,0,2022
60000,No,Yes,Factory Worker,Shopkeeper,No Formal Education,Rural,77.5,Merit,1,2022
8000,Yes,Yes,Doctor,Daily Wage Worker,Graduate,Urban,80.6,SC/ST,0,2024
75000,No,Yes,Engineer,Farmer,Diploma,Urban,62.8,SC/ST,0,2023
60000,Yes,No,Small Business,Nurse,Graduate,Semi-Urban,47.2,Merit,0,2024
12000,No,No,Teacher,Factory Worker,Graduate,Urban,44.0,Merit,0,2021
3000,Yes,Yes,Engineer,Shopkeeper,Diploma,Semi-Urban,40.1,NRI,0,2024
35000,No,No,Daily Wage Worker,Farmer,Postgraduate,Rural,61.9,SC/ST,1,2021
18000,Yes,No,Teacher,Teacher,HighSchool,Semi-Urban,56.4,Merit,0,2024
45000,No,No,Government Job,Nurse,HighSchool,Rural,41.3,SC/ST,1,2021
25000,No,No,Engineer,Factory Worker,Graduate,Urban,78.9,Merit,0,2021
5000,Yes,Yes,Shopkeeper,Farmer,HighSchool,Semi-Urban,60.9,SC/ST,1,2021
12000,Yes,Yes,Teacher,Farmer,Graduate,Urban,72.2,Merit,0,2024
60000,Yes,No,Daily Wage Worker,Government Job,Graduate,Rural,91.0,Merit,0,2021
3000,Yes,No,Factory Worker,Shopkeeper,HighSchool,Semi-Urban,61.5,Management,1,2023
45000,Yes,No,Small Business,Shopkeeper,HighSchool,Rural,52.8,Merit,0,2022
12000,Yes,No,Factory Worker,Daily Wage Worker,No Formal Education,Semi-Urban,56.4,Merit,1,2021
18000,No,Yes,Government Job,Teacher,HighSchool,Semi-Urban,42.3,Merit,1,2021
25000,Yes,Yes,Doctor,Nurse,HighSchool,Semi-Urban,53.3,Sports,0,2023
12000,No,No,Teacher,Nurse,No Formal Education,Semi-Urban,93.2,Merit,1,2022
35000,No,Yes,Farmer,Nurse,Graduate,Rural,47.4,Management,1,2023
35000,Yes,No,Farmer,Shopkeeper,Postgraduate,Semi-Urban,59.5,Sports,1,2023
5000,No,No,Factory Worker,Shopkeeper,HighSchool,Rural,47.6,OBC,1,2022
18000,No,Yes,Daily Wage Worker,Shopkeeper,Graduate,Urban,43.5,Merit,1,2022
45000,No,No,Driver,Nurse,Diploma,Semi-Urban,62.3,SC/ST,1,2021
45000,No,No,Engineer,Teacher,Primary School,Urban,88.5,SC/ST,0,2022
25000,Yes,Yes,Daily Wage Worker,Daily Wage Worker,No Formal Education,Urban,42.2,Merit,1,2023
45000,No,No,Factory Worker,Nurse,Graduate,Rural,80.5,NRI,1,2024
5000,No,No,Driver,Teacher,Primary School,Semi-Urban,42.9,OBC,1,2021
8000,No,Yes,Daily Wage Worker,Farmer,Postgraduate,Semi-Urban,82.8,Merit,1,2022
35000,No,No,Shopkeeper,Factory Worker,Graduate,Semi-Urban,97.0,Merit,0,2022
35000,No,No,Engineer,Government Job,Graduate,Semi-Urban,56.3,SC/ST,0,2023
45000,No,No,Teacher,Daily Wage Worker,Postgraduate,Urban,67.0,Sports,0,2024
8000,Yes,Yes,Small Business,Homemaker,Primary School,Semi-Urban,72.3,OBC,1,2024
25000,Yes,No,Farmer,Shopkeeper,Graduate,Urban,53.4,NRI,0,2023
35000,No,Yes,Shopkeeper,Factory Worker,HighSchool,Semi-Urban,42.7,Merit,1,2021
12000,No,No,Teacher,Factory Worker,Diploma,Urban,44.0,NRI,0,2021
25000,No,Yes,Small Business,Factory Worker,HighSchool,Rural,61.8,Management,1,2021
35000,No,Yes,Government Job,Homemaker,Primary School,Rural,52.2,OBC,1,2023
12000,No,Yes,Factory Worker,Homemaker,Graduate,Urban,70.3,Management,1,2021
18000,Yes,Yes,Government Job,Factory Worker,HighSchool,Urban,43.8,Management,0,2022
12000,Yes,No,Teacher,Nurse,Primary School,Semi-Urban,80.5,Management,0,2022
75000,No,No,Daily Wage Worker,Factory Worker,Postgraduate,Semi-Urban,49.0,SC/ST,1,2023
12000,No,No,Shopkeeper,Factory Worker,Primary School,Rural,42.0,Merit,1,2023
8000,Yes,No,Factory Worker,Nurse,HighSchool,Rural,54.9,Merit,1,2022
3000,Yes,No,Government Job,Government Job,No Formal Education,Rural,80.4,Merit,1,2022
5000,No,Yes,Doctor,Nurse,Diploma,Urban,46.8,OBC,1,2021
8000,Yes,No,Farmer,Nurse,Graduate,Rural,85.7,Sports,1,2021
35000,No,Yes,Engineer,Farmer,Postgraduate,Semi-Urban,77.0,Merit,0,2022
3000,Yes,Yes,Government Job,Farmer,Graduate,Urban,58.2,OBC,0,2022
12000,No,No,Government Job,Daily Wage Worker,Diploma,Semi-Urban,45.3,Merit,1,2024
5000,Yes,No,Driver,Factory Worker,Postgraduate,Urban,93.7,SC/ST,0,2022
18000,No,No,Engineer,Nurse,Graduate,Rural,53.7,Management,1,2021
5000,No,No,Daily Wage Worker,Nurse,Postgraduate,Rural,77.3,OBC,1,2023
35000,Yes,No,Engineer,Teacher,HighSchool,Semi-Urban,80.8,Merit,0,2023
35000,Yes,No,Daily Wage Worker,Government Job,Graduate,Semi-Urban,71.4,SC/ST,0,2022
45000,Yes,Yes,Engineer,Factory Worker,No Formal Education,Urban,74.5,SC/ST,0,2024
12000,No,No,Teacher,Daily Wage Worker,Diploma,Semi-Urban,57.5,SC/ST,1,2021
60000,Yes,No,Daily Wage Worker,Shopkeeper,Postgraduate,Urban,74.7,Merit,0,2022
35000,No,No,Daily Wage Worker,Factory Worker,Graduate,Urban,88.6,NRI,0,2024
5000,Yes,No,Government Job,Farmer,Graduate,Rural,85.8,NRI,1,2021
18000,No,No,Engineer,Daily Wage Worker,HighSchool,Rural,53.2,Merit,0,2021
45000,No,Yes,Daily Wage Worker,Daily Wage Worker,Diploma,Rural,86.2,Merit,1,2024
12000,No,Yes,Government Job,Shopkeeper,Postgraduate,Urban,80.1,SC/ST,0,2023
18000,Yes,No,Factory Worker,Daily Wage Worker,HighSchool,Semi-Urban,65.7,Merit,1,2022
35000,Yes,Yes,Doctor,Factory Worker,Primary School,Semi-Urban,68.7,NRI,0,2021
5000,No,Yes,Doctor,Farmer,Diploma,Semi-Urban,70.5,Sports,0,2021
100000,Yes,No,Farmer,Factory Worker,Graduate,Urban,86.0,Merit,0,2021
8000,No,Yes,Factory Worker,Government Job,Diploma,Rural,76.1,OBC,1,2022
3000,No,Yes,Doctor,Teacher,No Formal Education,Rural,90.0,Merit,1,2021
3000,No,No,Engineer,Shopkeeper,Graduate,Rural,88.4,NRI,0,2023
18000,Yes,No,Teacher,Homemaker,Graduate,Semi-Urban,93.9,Merit,0,2024
60000,Yes,Yes,Farmer,Nurse,Graduate,Semi-Urban,91.6,OBC,0,2022
45000,Yes,No,Teacher,Farmer,HighSchool,Rural,41.2,SC/ST,0,2024
75000,No,No,Small Business,Daily Wage Worker,HighSchool,Rural,61.4,SC/ST,1,2023
25000,No,Yes,Daily Wage Worker,Daily Wage Worker,Diploma,Rural,62.0,OBC,1,2024
18000,Yes,Yes,Small Business,Teacher,HighSchool,Urban,80.5,Management,0,2022
18000,No,Yes,Government Job,Farmer,Primary School,Rural,73.4,Management,1,2023
5000,Yes,No,Engineer,Teacher,Postgraduate,Semi-Urban,98.4,Management,0,2023
75000,Yes,No,Small Business,Nurse,Postgraduate,Rural,76.5,OBC,0,2024
25000,No,Yes,Factory Worker,Factory Worker,Primary School,Rural,73.5,OBC,1,2024
18000,No,Yes,Small Business,Government Job,Graduate,Semi-Urban,90.2,Merit,1,2021
25000,Yes,Yes,Farmer,Daily Wage Worker,Diploma,Urban,86.6,SC/ST,1,2024
45000,Yes,No,Small Business,Factory Worker,Diploma,Rural,49.5,OBC,0,2021
12000,Yes,Yes,Engineer,Teacher,Graduate,Urban,68.6,Merit,0,2023
35000,Yes,No,Daily Wage Worker,Shopkeeper,Diploma,Urban,98.5,Merit,0,2023
35000,No,No,Daily Wage Worker,Factory Worker,Diploma,Semi-Urban,81.8,Sports,1,2022
60000,Yes,Yes,Farmer,Factory Worker,Primary School,Urban,41.4,Merit,1,2024
3000,Yes,No,Government Job,Farmer,Graduate,Rural,43.6,Merit,0,2024
8000,Yes,Yes,Shopkeeper,Teacher,Graduate,Rural,83.2,NRI,0,2021
18000,No,No,Doctor,Nurse,No Formal Education,Semi-Urban,85.6,Merit,0,2022
60000,No,Yes,Daily Wage Worker,Teacher,HighSchool,Semi-Urban,88.3,Merit,1,2024
100000,No,No,Daily Wage Worker,Shopkeeper,HighSchool,Rural,57.3,SC/ST,1,2024
25000,No,No,Farmer,Teacher,Diploma,Urban,87.6,SC/ST,1,2021
12000,Yes,Yes,Daily Wage Worker,Farmer,Primary School,Rural,98.5,SC/ST,1,2021
8000,Yes,Yes,Doctor,Farmer,Graduate,Urban,74.0,Merit,0,2024
35000,No,Yes,Factory Worker,Factory Worker,Graduate,Semi-Urban,75.3,Merit,0,2022
12000,Yes,No,Engineer,Teacher,Graduate,Urban,54.4,Merit,0,2024
25000,No,Yes,Engineer,Factory Worker,HighSchool,Rural,52.7,Merit,1,2023
60000,Yes,No,Doctor,Daily Wage Worker,Graduate,Semi-Urban,40.5,Management,0,2022
18000,Yes,No,Government Job,Nurse,Postgraduate,Urban,52.7,Sports,0,2023
18000,Yes,No,Driver,Daily Wage Worker,Diploma,Semi-Urban,49.0,OBC,1,2023
3000,Yes,No,Teacher,Nurse,Diploma,Urban,79.1,Sports,0,2024
12000,Yes,No,Shopkeeper,Farmer,Postgraduate,Semi-Urban,42.4,Merit,0,2022
35000,Yes,No,Daily Wage Worker,Farmer,Graduate,Rural,97.1,SC/ST,1,2022
18000,No,No,Engineer,Teacher,Diploma,Urban,94.3,OBC,0,2023
8000,Yes,Yes,Driver,Farmer,Graduate,Semi-Urban,58.6,Merit,1,2022
5000,No,No,Teacher,Daily Wage Worker,HighSchool,Semi-Urban,93.8,Merit,0,2023
5000,No,Yes,Factory Worker,Nurse,No Formal Education,Rural,68.2,Management,1,2021
35000,Yes,Yes,Engineer,Government Job,Graduate,Urban,90.7,Sports,0,2024
35000,Yes,No,Government Job,Daily Wage Worker,Graduate,Urban,80.6,SC/ST,0,2023
25000,Yes,Yes,Factory Worker,Factory Worker,Diploma,Urban,45.5,Sports,0,2023
25000,No,No,Engineer,Farmer,No Formal Education,Rural,82.1,Merit,1,2024
8000,No,No,Engineer,Daily Wage Worker,Postgraduate,Rural,77.8,SC/ST,1,2022
25000,No,Yes,Government Job,Government Job,Graduate,Semi-Urban,87.5,Merit,0,2021
5000,Yes,Yes,Farmer,Nurse,Diploma,Urban,85.2,Management,1,2023
75000,Yes,No,Factory Worker,Daily Wage Worker,HighSchool,Semi-Urban,83.2,OBC,0,2023
5000,Yes,Yes,Driver,Government Job,Diploma,Urban,78.1,Management,1,2021
18000,No,Yes,Daily Wage Worker,Homemaker,No Formal Education,Urban,90.6,SC/ST,1,2022
3000,Yes,No,Engineer,Homemaker,Diploma,Urban,86.0,Merit,0,2023
45000,No,No,Teacher,Daily Wage Worker,Postgraduate,Rural,83.4,Sports,0,2023
8000,Yes,Yes,Farmer,Nurse,Graduate,Rural,47.2,Merit,1,2024
75000,Yes,Yes,Government Job,Shopkeeper,Postgraduate,Rural,97.4,SC/ST,0,2021
5000,No,Yes,Shopkeeper,Teacher,Diploma,Urban,91.7,SC/ST,1,2023
60000,Yes,Yes,Factory Worker,Daily Wage Worker,Primary School,Urban,71.6,Merit,0,2022
35000,Yes,No,Driver,Farmer,Postgraduate,Rural,93.1,Sports,0,2021
12000,No,No,Shopkeeper,Nurse,Postgraduate,Semi-Urban,71.7,Management,1,2024
8000,No,Yes,Teacher,Farmer,Graduate,Urban,72.5,Management,1,2023
18000,Yes,Yes,Small Business,Factory Worker,HighSchool,Rural,89.7,SC/ST,1,2024
60000,Yes,No,Shopkeeper,Nurse,Graduate,Semi-Urban,62.8,Merit,0,2022
60000,Yes,Yes,Engineer,Homemaker,No Formal Education,Urban,82.5,Merit,0,2023
8000,No,No,Doctor,Factory Worker,Postgraduate,Rural,87.4,SC/ST,0,2021
18000,Yes,No,Doctor,Daily Wage Worker,Graduate,Semi-Urban,93.1,SC/ST,0,2021
12000,No,Yes,Doctor,Nurse,HighSchool,Urban,77.0,OBC,1,2022
8000,No,No,Doctor,Daily Wage Worker,HighSchool,Rural,57.0,Management,1,2023
35000,No,No,Factory Worker,Farmer,No Formal Education,Semi-Urban,86.1,OBC,1,2021
12000,No,No,Farmer,Farmer,Graduate,Urban,45.4,SC/ST,1,2023
12000,No,No,Engineer,Farmer,Primary School,Semi-Urban,78.3,OBC,1,2024
60000,No,Yes,Doctor,Teacher,Diploma,Rural,81.8,NRI,0,2022
45000,No,No,Doctor,Nurse,HighSchool,Urban,91.7,OBC,0,2021
45000,Yes,No,Factory Worker,Daily Wage Worker,Diploma,Rural,63.3,SC/ST,1,2022
3000,No,Yes,Government Job,Factory Worker,Graduate,Rural,84.5,Sports,1,2023
75000,No,Yes,Shopkeeper,Daily Wage Worker,HighSchool,Rural,73.3,SC/ST,1,2021
25000,No,Yes,Daily Wage Worker,Farmer,HighSchool,Urban,77.1,Merit,1,2023
25000,Yes,Yes,Factory Worker,Daily Wage Worker,HighSchool,Urban,80.4,Merit,0,2023
3000,Yes,Yes,Farmer,Teacher,Postgraduate,Rural,49.3,Merit,1,2023
60000,No,Yes,Teacher,Nurse,Diploma,Rural,83.7,SC/ST,0,2023
25000,Yes,No,Daily Wage Worker,Factory Worker,HighSchool,Urban,45.6,Merit,1,2024
60000,Yes,No,Small Business,Nurse,Diploma,Urban,97.5,Management,0,2023
35000,Yes,No,Government Job,Teacher,HighSchool,Rural,48.4,Management,1,2021
45000,No,Yes,Daily Wage Worker,Teacher,Graduate,Urban,98.2,SC/ST,0,2023
35000,No,Yes,Government Job,Nurse,HighSchool,Rural,54.8,OBC,1,2022
75000,No,Yes,Teacher,Government Job,Postgraduate,Rural,64.0,Management,1,2023
12000,No,Yes,Farmer,Daily Wage Worker,Graduate,Urban,73.7,Merit,1,2023
8000,No,Yes,Teacher,Nurse,Graduate,Semi-Urban,68.3,Merit,0,2022
35000,Yes,No,Engineer,Government Job,HighSchool,Rural,81.7,SC/ST,0,2021
25000,No,No,Driver,Factory Worker,HighSchool,Semi-Urban,79.9,SC/ST,1,2022
25000,No,No,Teacher,Homemaker,Primary School,Semi-Urban,61.6,Sports,1,2021
35000,Yes,No,Engineer,Nurse,Postgraduate,Urban,85.2,NRI,0,2022
25000,Yes,Yes,Driver,Farmer,Postgraduate,Rural,68.8,Merit,0,2021
45000,No,No,Farmer,Farmer,HighSchool,Urban,76.5,OBC,1,2023
12000,Yes,No,Doctor,Nurse,Postgraduate,Urban,81.6,Merit,0,2023
60000,No,Yes,Small Business,Factory Worker,Graduate,Urban,76.3,Merit,0,2022
5000,No,No,Engineer,Teacher,Graduate,Urban,44.6,Merit,0,2023
35000,No,No,Engineer,Government Job,Postgraduate,Urban,84.6,Merit,0,2022
60000,No,No,Doctor,Factory Worker,Postgraduate,Semi-Urban,68.0,Merit,0,2023
12000,Yes,No,Government Job,Homemaker,Graduate,Rural,47.7,Merit,0,2023
12000,No,Yes,Teacher,Farmer,Diploma,Urban,51.3,OBC,1,2024
12000,Yes,No,Farmer,Nurse,Graduate,Rural,53.1,Sports,1,2023
25000,No,No,Farmer,Shopkeeper,HighSchool,Rural,92.3,Sports,1,2023
18000,Yes,No,Farmer,Homemaker,Diploma,Rural,75.6,SC/ST,1,2022
5000,No,No,Engineer,Shopkeeper,Graduate,Rural,43.3,SC/ST,1,2021
60000,Yes,No,Engineer,Government Job,Primary School,Rural,87.3,Management,0,2024
8000,No,No,Driver,Homemaker,Diploma,Rural,81.1,Merit,1,2023
25000,Yes,Yes,Government Job,Nurse,HighSchool,Semi-Urban,70.4,NRI,0,2022
25000,Yes,No,Doctor,Farmer,Graduate,Semi-Urban,88.7,OBC,0,2023
5000,Yes,Yes,Shopkeeper,Shopkeeper,HighSchool,Urban,85.3,Management,1,2022
5000,No,Yes,Teacher,Daily Wage Worker,Postgraduate,Semi-Urban,69.7,Merit,0,2024
100000,Yes,No,Driver,Teacher,Graduate,Urban,83.5,Merit,0,2022
35000,Yes,No,Doctor,Shopkeeper,Primary School,Rural,41.4,Management,0,2024
3000,Yes,Yes,Farmer,Shopkeeper,HighSchool,Rural,69.7,Sports,1,2023
45000,Yes,No,Engineer,Shopkeeper,No Formal Education,Rural,61.8,OBC,0,2023
25000,Yes,Yes,Factory Worker,Daily Wage Worker,Primary School,Semi-Urban,53.6,Management,1,2021
5000,Yes,No,Farmer,Farmer,Diploma,Urban,67.2,Merit,0,2024
35000,No,No,Engineer,Homemaker,HighSchool,Rural,63.2,Merit,0,2022
25000,No,Yes,Doctor,Factory Worker,Diploma,Urban,50.9,Merit,0,2021
8000,No,Yes,Shopkeeper,Government Job,HighSchool,Urban,99.0,SC/ST,1,2021
60000,Yes,No,Shopkeeper,Farmer,HighSchool,Rural,43.1,SC/ST,0,2022
12000,Yes,Yes,Teacher,Homemaker,Postgraduate,Semi-Urban,89.4,Merit,0,2024
12000,No,No,Small Business,Nurse,Postgraduate,Rural,84.5,Sports,1,2022
12000,No,No,Small Business,Factory Worker,No Formal Education,Rural,44.4,Management,1,2022
45000,No,Yes,Doctor,Factory Worker,Graduate,Urban,60.1,Merit,0,2022
35000,No,No,Farmer,Government Job,Primary School,Rural,76.3,SC/ST,1,2021
75000,Yes,No,Teacher,Teacher,Graduate,Urban,49.1,Merit,0,2022
12000,Yes,No,Shopkeeper,Factory Worker,Graduate,Urban,83.8,NRI,0,2022
45000,No,Yes,Farmer,Nurse,Graduate,Rural,60.7,Merit,1,2022
25000,No,No,Shopkeeper,Factory Worker,Graduate,Semi-Urban,48.4,OBC,1,2022
12000,No,Yes,Daily Wage Worker,Daily Wage Worker,Postgraduate,Semi-Urban,80.8,Merit,1,2024
3000,Yes,Yes,Engineer,Government Job,Primary School,Semi-Urban,54.8,Management,1,2024
45000,Yes,Yes,Government Job,Teacher,Graduate,Semi-Urban,60.7,SC/ST,0,2024
12000,No,No,Doctor,Government Job,Primary School,Rural,65.7,Merit,1,2023
35000,No,No,Engineer,Farmer,No Formal Education,Urban,65.5,NRI,0,2021
25000,Yes,Yes,Doctor,Factory Worker,Graduate,Rural,86.6,Merit,0,2022
3000,Yes,No,Farmer,Shopkeeper,HighSchool,Semi-Urban,78.2,SC/ST,1,2023
100000,Yes,No,Factory Worker,Homemaker,No Formal Education,Rural,90.3,Management,0,2024
45000,No,No,Shopkeeper,Government Job,Primary School,Semi-Urban,85.5,Merit,0,2023
25000,Yes,Yes,Engineer,Government Job,Postgraduate,Rural,95.2,Management,0,2023
35000,Yes,Yes,Driver,Nurse,HighSchool,Rural,60.6,SC/ST,1,2024
18000,Yes,No,Farmer,Teacher,Diploma,Rural,74.2,SC/ST,1,2021
45000,No,No,Factory Worker,Shopkeeper,HighSchool,Urban,89.7,Merit,0,2024
8000,No,Yes,Government Job,Farmer,Postgraduate,Rural,88.2,Management,0,2022
18000,No,No,Teacher,Shopkeeper,Primary School,Rural,87.8,Management,1,2024
12000,Yes,Yes,Doctor,Farmer,Diploma,Semi-Urban,65.4,Merit,0,2023
18000,Yes,No,Daily Wage Worker,Teacher,Diploma,Rural,68.7,Merit,1,2024
18000,No,No,Government Job,Shopkeeper,Graduate,Urban,44.7,Merit,0,2024
8000,Yes,No,Engineer,Government Job,Postgraduate,Rural,50.3,SC/ST,0,2022
100000,Yes,No,Driver,Government Job,No Formal Education,Urban,66.0,Sports,0,2023
3000,No,No,Farmer,Government Job,No Formal Education,Rural,58.4,SC/ST,1,2022
3000,Yes,Yes,Shopkeeper,Shopkeeper,HighSchool,Semi-Urban,54.2,Merit,1,2023
18000,Yes,No,Daily Wage Worker,Shopkeeper,Diploma,Urban,48.8,Management,1,2023
35000,No,Yes,Small Business,Shopkeeper,Postgraduate,Rural,84.5,Sports,0,2021
8000,Yes,No,Farmer,Factory Worker,HighSchool,Urban,87.8,SC/ST,1,2023
25000,No,No,Driver,Nurse,Postgraduate,Semi-Urban,69.0,Merit,0,2022
45000,Yes,No,Doctor,Shopkeeper,Primary School,Semi-Urban,88.7,Sports,0,2024
5000,Yes,No,Factory Worker,Factory Worker,Primary School,Rural,94.0,Management,1,2021
100000,Yes,No,Teacher,Daily Wage Worker,Graduate,Rural,49.0,Merit,0,2022
12000,Yes,Yes,Doctor,Daily Wage Worker,Graduate,Urban,89.0,Merit,0,2022
35000,No,No,Small Business,Homemaker,Primary School,Rural,41.6,Merit,1,2022
8000,No,No,Farmer,Daily Wage Worker,Postgraduate,Rural,46.7,Management,1,2024
35000,Yes,No,Engineer,Homemaker,Primary School,Rural,64.3,Management,0,2023
60000,No,Yes,Engineer,Daily Wage Worker,Postgraduate,Rural,79.6,SC/ST,0,2024
5000,Yes,No,Engineer,Nurse,HighSchool,Rural,68.9,Sports,0,2023
8000,No,No,Shopkeeper,Nurse,No Formal Education,Rural,52.3,Sports,1,2021
12000,No,No,Farmer,Nurse,Postgraduate,Rural,77.2,Merit,1,2021
3000,No,No,Teacher,Factory Worker,HighSchool,Semi-Urban,91.3,SC/ST,1,2022
100000,Yes,No,Farmer,Farmer,Diploma,Semi-Urban,86.9,Merit,0,2024
25000,No,Yes,Doctor,Teacher,Graduate,Urban,57.5,SC/ST,1,2024
35000,Yes,Yes,Teacher,Daily Wage Worker,Primary School,Semi-Urban,93.2,Merit,0,2021
75000,No,No,Daily Wage Worker,Government Job,Graduate,Semi-Urban,62.8,SC/ST,1,2021
60000,Yes,No,Engineer,Factory Worker,Diploma,Rural,93.0,Management,0,2022
45000,Yes,No,Government Job,Factory Worker,HighSchool,Urban,46.1,SC/ST,0,2021
12000,Yes,Yes,Engineer,Daily Wage Worker,No Formal Education,Semi-Urban,95.2,Merit,0,2021
12000,No,Yes,Engineer,Daily Wage Worker,HighSchool,Urban,60.5,Merit,0,2021
12000,No,No,Engineer,Nurse,Diploma,Rural,65.9,Merit,1,2022
12000,No,Yes,Teacher,Factory Worker,HighSchool,Semi-Urban,89.4,Merit,0,2023
18000,Yes,No,Small Business,Factory Worker,Graduate,Urban,80.7,Management,0,2022
8000,No,No,Driver,Factory Worker,Diploma,Rural,72.7,Merit,1,2024
18000,Yes,Yes,Driver,Teacher,Diploma,Semi-Urban,80.0,Merit,0,2024
18000,Yes,Yes,Engineer,Farmer,Graduate,Rural,70.7,SC/ST,0,2024
12000,No,No,Shopkeeper,Nurse,Diploma,Rural,41.5,Management,1,2023
8000,Yes,Yes,Small Business,Teacher,Postgraduate,Rural,67.8,Management,1,2021
18000,Yes,Yes,Small Business,Homemaker,Graduate,Rural,75.7,SC/ST,1,2024
25000,No,No,Small Business,Nurse,Postgraduate,Rural,47.8,NRI,1,2024
